clip,sampleIndex,timeUtc,latitude,longitude,speed,speedUnits,fixStatus,accelX,accelY,accelZ,accelUnits
20260713052715_000198F.MP4,45,2026-07-13T10:28:00+00:00,40.811145,-96.6894857,0.0,mph,active,-0.048,-0.14400000000000002,,g (estimated)
20260713052715_000198F.MP4,46,2026-07-13T10:28:01+00:00,40.811145,-96.6894694,0.0,mph,active,-0.048,-0.14400000000000002,,g (estimated)
20260713052715_000198F.MP4,47,2026-07-13T10:28:02+00:00,40.811145,-96.6894694,0.0,mph,active,-0.048,-0.14400000000000002,,g (estimated)
20260713052715_000198F.MP4,48,2026-07-13T10:28:03+00:00,40.811145,-96.6894694,0.0,mph,active,-0.048,-0.096,,g (estimated)
20260713052715_000198F.MP4,49,2026-07-13T10:28:04+00:00,40.8111532,-96.6894694,0.0,mph,active,-0.048,-0.14400000000000002,,g (estimated)
20260713052715_000198F.MP4,50,2026-07-13T10:28:05+00:00,40.8111532,-96.6894694,0.0,mph,active,-0.048,-0.14400000000000002,,g (estimated)
20260713052715_000198F.MP4,51,2026-07-13T10:28:06+00:00,40.8111532,-96.6894694,0.0,mph,active,-0.048,-0.14400000000000002,,g (estimated)
20260713052715_000198F.MP4,52,2026-07-13T10:28:07+00:00,40.8111532,-96.6894694,0.0,mph,active,-0.048,-0.14400000000000002,,g (estimated)
20260713052715_000198F.MP4,53,2026-07-13T10:28:08+00:00,40.8111532,-96.6894694,0.0,mph,active,-0.048,-0.14400000000000002,,g (estimated)
20260713052715_000198F.MP4,54,2026-07-13T10:28:09+00:00,40.8111532,-96.6894694,0.0,mph,active,-0.048,-0.096,,g (estimated)
20260713052715_000198F.MP4,55,2026-07-13T10:28:10+00:00,40.8111532,-96.6894694,0.0,mph,active,-0.048,-0.096,,g (estimated)
20260713052715_000198F.MP4,56,2026-07-13T10:28:11+00:00,40.8111532,-96.6894694,0.0,mph,active,-0.048,-0.14400000000000002,,g (estimated)
20260713052715_000198F.MP4,57,2026-07-13T10:28:12+00:00,40.8111491,-96.6894694,0.0,mph,active,-0.048,-0.14400000000000002,,g (estimated)
20260713052715_000198F.MP4,58,2026-07-13T10:28:13+00:00,40.8111491,-96.6894857,0.0,mph,active,-0.048,-0.14400000000000002,,g (estimated)
20260713052715_000198F.MP4,59,2026-07-13T10:28:14+00:00,40.8111491,-96.6894857,0.0,mph,active,-0.048,-0.096,,g (estimated)
20260713052815_000199F.MP4,0,2026-07-13T10:28:15+00:00,40.811145,-96.6894857,0.0,mph,active,-0.048,-0.14400000000000002,,g (estimated)
20260713052815_000199F.MP4,1,2026-07-13T10:28:16+00:00,40.811145,-96.6894694,0.0,mph,active,-0.048,-0.14400000000000002,,g (estimated)
20260713052815_000199F.MP4,2,2026-07-13T10:28:17+00:00,40.811145,-96.6894694,0.0,mph,active,-0.048,-0.14400000000000002,,g (estimated)
20260713052815_000199F.MP4,3,2026-07-13T10:28:18+00:00,40.811145,-96.6894694,0.0,mph,active,-0.048,-0.14400000000000002,,g (estimated)
20260713052815_000199F.MP4,4,2026-07-13T10:28:19+00:00,40.811145,-96.6894694,0.0,mph,active,-0.048,-0.14400000000000002,,g (estimated)
20260713052815_000199F.MP4,5,2026-07-13T10:28:20+00:00,40.811145,-96.6894694,0.0,mph,active,-0.048,-0.096,,g (estimated)
20260713052815_000199F.MP4,6,2026-07-13T10:28:21+00:00,40.811145,-96.6894694,0.0,mph,active,-0.048,-0.14400000000000002,,g (estimated)
20260713052815_000199F.MP4,7,2026-07-13T10:28:22+00:00,40.811145,-96.6894694,0.0,mph,active,-0.048,-0.14400000000000002,,g (estimated)
20260713052815_000199F.MP4,8,2026-07-13T10:28:23+00:00,40.811145,-96.6894694,0.0,mph,active,-0.048,-0.14400000000000002,,g (estimated)
20260713052815_000199F.MP4,9,2026-07-13T10:28:24+00:00,40.811145,-96.6894694,0.0,mph,active,-0.048,-0.14400000000000002,,g (estimated)
20260713052815_000199F.MP4,10,2026-07-13T10:28:25+00:00,40.811145,-96.6894694,0.0,mph,active,-0.048,-0.14400000000000002,,g (estimated)
20260713052815_000199F.MP4,11,2026-07-13T10:28:26+00:00,40.811145,-96.6894694,0.0,mph,active,-0.048,-0.14400000000000002,,g (estimated)
20260713052815_000199F.MP4,12,2026-07-13T10:28:27+00:00,40.811145,-96.6894694,0.0,mph,active,-0.048,-0.096,,g (estimated)
20260713052815_000199F.MP4,13,2026-07-13T10:28:28+00:00,40.8111491,-96.6894694,0.0,mph,active,-0.048,-0.14400000000000002,,g (estimated)
20260713052815_000199F.MP4,14,2026-07-13T10:28:29+00:00,40.8111532,-96.6894694,0.0,mph,active,-0.048,-0.14400000000000002,,g (estimated)
20260713052815_000199F.MP4,15,2026-07-13T10:28:30+00:00,40.8111532,-96.6894694,0.0,mph,active,-0.048,-0.14400000000000002,,g (estimated)
20260713052815_000199F.MP4,16,2026-07-13T10:28:31+00:00,40.8111532,-96.6894694,0.0,mph,active,-0.048,-0.14400000000000002,,g (estimated)
20260713052815_000199F.MP4,17,2026-07-13T10:28:32+00:00,40.8111572,-96.6894694,0.0,mph,active,-0.048,-0.096,,g (estimated)
20260713052815_000199F.MP4,18,2026-07-13T10:28:33+00:00,40.8111572,-96.6894694,0.0,mph,active,-0.048,-0.14400000000000002,,g (estimated)
20260713052815_000199F.MP4,19,2026-07-13T10:28:34+00:00,40.8111572,-96.6894694,0.0,mph,active,-0.048,-0.14400000000000002,,g (estimated)
20260713052815_000199F.MP4,20,2026-07-13T10:28:35+00:00,40.8111572,-96.6894694,0.0,mph,active,-0.096,-0.096,,g (estimated)
20260713052815_000199F.MP4,21,2026-07-13T10:28:36+00:00,40.8111572,-96.6894694,0.0,mph,active,-0.048,-0.096,,g (estimated)
20260713052815_000199F.MP4,22,2026-07-13T10:28:37+00:00,40.8111572,-96.6894694,0.0,mph,active,-0.048,-0.14400000000000002,,g (estimated)
20260713052815_000199F.MP4,23,2026-07-13T10:28:38+00:00,40.8111532,-96.6894694,0.0,mph,active,-0.048,-0.14400000000000002,,g (estimated)
20260713052815_000199F.MP4,24,2026-07-13T10:28:39+00:00,40.8111532,-96.6894694,0.0,mph,active,-0.048,-0.14400000000000002,,g (estimated)
20260713052815_000199F.MP4,25,2026-07-13T10:28:40+00:00,40.8111532,-96.6894694,0.0,mph,active,-0.048,-0.14400000000000002,,g (estimated)
20260713052815_000199F.MP4,26,2026-07-13T10:28:41+00:00,40.8111572,-96.6894694,0.0,mph,active,-0.048,-0.14400000000000002,,g (estimated)
20260713052815_000199F.MP4,27,2026-07-13T10:28:42+00:00,40.8111572,-96.6894694,0.0,mph,active,-0.048,-0.14400000000000002,,g (estimated)
20260713052815_000199F.MP4,28,2026-07-13T10:28:43+00:00,40.8111572,-96.6894694,0.0,mph,active,-0.048,-0.14400000000000002,,g (estimated)
20260713052815_000199F.MP4,29,2026-07-13T10:28:44+00:00,40.8111572,-96.6894694,0.0,mph,active,-0.048,-0.14400000000000002,,g (estimated)
20260713052815_000199F.MP4,30,2026-07-13T10:28:45+00:00,40.8111613,-96.6894694,0.0,mph,active,-0.048,-0.14400000000000002,,g (estimated)
20260713052815_000199F.MP4,31,2026-07-13T10:28:46+00:00,40.8111613,-96.6894694,0.0,mph,active,-0.048,-0.14400000000000002,,g (estimated)
20260713052815_000199F.MP4,32,2026-07-13T10:28:47+00:00,40.8111613,-96.6894694,0.0,mph,active,-0.048,-0.14400000000000002,,g (estimated)
20260713052815_000199F.MP4,33,2026-07-13T10:28:48+00:00,40.8111613,-96.6894694,0.0,mph,active,-0.048,-0.14400000000000002,,g (estimated)
20260713052815_000199F.MP4,34,2026-07-13T10:28:49+00:00,40.8111613,-96.6894694,0.0,mph,active,-0.048,-0.14400000000000002,,g (estimated)
20260713052815_000199F.MP4,35,2026-07-13T10:28:50+00:00,40.8111613,-96.6894694,0.0,mph,active,-0.048,-0.14400000000000002,,g (estimated)
20260713052815_000199F.MP4,36,2026-07-13T10:28:51+00:00,40.8111613,-96.6894694,0.0,mph,active,-0.048,-0.14400000000000002,,g (estimated)
20260713052815_000199F.MP4,37,2026-07-13T10:28:52+00:00,40.8111613,-96.6894694,0.0,mph,active,-0.048,-0.14400000000000002,,g (estimated)
20260713052815_000199F.MP4,38,2026-07-13T10:28:53+00:00,40.8111613,-96.6894694,0.0,mph,active,-0.048,-0.14400000000000002,,g (estimated)
20260713052815_000199F.MP4,39,2026-07-13T10:28:54+00:00,40.8111613,-96.6894694,0.0,mph,active,-0.048,-0.14400000000000002,,g (estimated)
20260713052815_000199F.MP4,40,2026-07-13T10:28:55+00:00,40.8111613,-96.6894694,0.0,mph,active,-0.048,-0.14400000000000002,,g (estimated)
20260713052815_000199F.MP4,41,2026-07-13T10:28:56+00:00,40.8111572,-96.6894694,0.0,mph,active,-0.048,-0.14400000000000002,,g (estimated)
20260713052815_000199F.MP4,42,2026-07-13T10:28:57+00:00,40.8111572,-96.6894694,0.0,mph,active,-0.048,-0.14400000000000002,,g (estimated)
20260713052815_000199F.MP4,43,2026-07-13T10:28:58+00:00,40.8111572,-96.6894694,0.0,mph,active,-0.048,-0.096,,g (estimated)
20260713052815_000199F.MP4,44,2026-07-13T10:28:59+00:00,40.8111572,-96.6894694,0.0,mph,active,-0.048,-0.14400000000000002,,g (estimated)
20260713052815_000199F.MP4,45,2026-07-13T10:29:00+00:00,40.8111532,-96.6894694,0.0,mph,active,-0.048,-0.14400000000000002,,g (estimated)
20260713052815_000199F.MP4,46,2026-07-13T10:29:01+00:00,40.8111532,-96.6894694,0.0,mph,active,-0.048,-0.14400000000000002,,g (estimated)
20260713052815_000199F.MP4,47,2026-07-13T10:29:02+00:00,40.8111532,-96.6894694,0.0,mph,active,-0.048,-0.14400000000000002,,g (estimated)
20260713052815_000199F.MP4,48,2026-07-13T10:29:03+00:00,40.8111532,-96.6894694,0.0,mph,active,-0.048,-0.14400000000000002,,g (estimated)
20260713052815_000199F.MP4,49,2026-07-13T10:29:04+00:00,40.8111532,-96.6894694,0.0,mph,active,-0.048,-0.096,,g (estimated)
20260713052815_000199F.MP4,50,2026-07-13T10:29:05+00:00,40.8111532,-96.6894694,0.0,mph,active,-0.048,-0.14400000000000002,,g (estimated)
20260713052815_000199F.MP4,51,2026-07-13T10:29:06+00:00,40.8111532,-96.6894694,0.0,mph,active,-0.048,-0.14400000000000002,,g (estimated)
20260713052815_000199F.MP4,52,2026-07-13T10:29:07+00:00,40.8111532,-96.6894694,0.0,mph,active,-0.048,-0.14400000000000002,,g (estimated)
20260713052815_000199F.MP4,53,2026-07-13T10:29:08+00:00,40.8111532,-96.6894694,0.0,mph,active,-0.048,-0.14400000000000002,,g (estimated)
20260713052815_000199F.MP4,54,2026-07-13T10:29:09+00:00,40.8111532,-96.6894694,0.0,mph,active,-0.048,-0.14400000000000002,,g (estimated)
20260713052815_000199F.MP4,55,2026-07-13T10:29:10+00:00,40.8111532,-96.6894694,0.0,mph,active,-0.048,-0.14400000000000002,,g (estimated)
20260713052815_000199F.MP4,56,2026-07-13T10:29:11+00:00,40.8111532,-96.6894694,0.0,mph,active,-0.048,-0.14400000000000002,,g (estimated)
20260713052815_000199F.MP4,57,2026-07-13T10:29:12+00:00,40.8111532,-96.6894694,0.0,mph,active,-0.048,-0.14400000000000002,,g (estimated)
20260713052815_000199F.MP4,58,2026-07-13T10:29:13+00:00,40.8111532,-96.6894694,0.0,mph,active,-0.048,-0.14400000000000002,,g (estimated)
20260713052815_000199F.MP4,59,2026-07-13T10:29:14+00:00,40.8111572,-96.6894694,0.0,mph,active,-0.048,-0.14400000000000002,,g (estimated)
20260713052915_000200F.MP4,0,2026-07-13T10:29:15+00:00,40.8111572,-96.6894694,0.0,mph,active,-0.096,-0.14400000000000002,,g (estimated)
20260713052915_000200F.MP4,1,2026-07-13T10:29:16+00:00,40.8111572,-96.6894694,0.0,mph,active,-0.048,-0.14400000000000002,,g (estimated)
20260713052915_000200F.MP4,2,2026-07-13T10:29:17+00:00,40.8111613,-96.6894694,0.0,mph,active,-0.048,-0.14400000000000002,,g (estimated)
20260713052915_000200F.MP4,3,2026-07-13T10:29:18+00:00,40.8111613,-96.6894694,0.0,mph,active,-0.048,-0.14400000000000002,,g (estimated)
20260713052915_000200F.MP4,4,2026-07-13T10:29:19+00:00,40.8111613,-96.6894694,0.0,mph,active,-0.048,-0.14400000000000002,,g (estimated)
20260713052915_000200F.MP4,5,2026-07-13T10:29:20+00:00,40.8111613,-96.6894694,0.0,mph,active,-0.048,-0.14400000000000002,,g (estimated)
20260713052915_000200F.MP4,6,2026-07-13T10:29:21+00:00,40.8111613,-96.6894694,0.0,mph,active,-0.048,-0.14400000000000002,,g (estimated)
20260713052915_000200F.MP4,7,2026-07-13T10:29:22+00:00,40.8111613,-96.6894694,0.0,mph,active,-0.048,-0.14400000000000002,,g (estimated)
20260713052915_000200F.MP4,8,2026-07-13T10:29:23+00:00,40.8111613,-96.6894694,0.0,mph,active,-0.048,-0.14400000000000002,,g (estimated)
20260713052915_000200F.MP4,9,2026-07-13T10:29:24+00:00,40.8111654,-96.6894694,0.0,mph,active,-0.048,-0.14400000000000002,,g (estimated)
20260713052915_000200F.MP4,10,2026-07-13T10:29:25+00:00,40.8111654,-96.6894694,0.0,mph,active,-0.048,-0.14400000000000002,,g (estimated)
20260713052915_000200F.MP4,11,2026-07-13T10:29:26+00:00,40.8111654,-96.6894694,0.0,mph,active,-0.048,-0.14400000000000002,,g (estimated)
20260713052915_000200F.MP4,12,2026-07-13T10:29:27+00:00,40.8111654,-96.6894694,0.0,mph,active,-0.048,-0.096,,g (estimated)
20260713052915_000200F.MP4,13,2026-07-13T10:29:28+00:00,40.8111654,-96.6894531,0.0,mph,active,-0.048,-0.14400000000000002,,g (estimated)
20260713052915_000200F.MP4,14,2026-07-13T10:29:29+00:00,40.8111654,-96.6894531,0.0,mph,active,-0.048,-0.14400000000000002,,g (estimated)
20260713052915_000200F.MP4,15,2026-07-13T10:29:30+00:00,40.8111654,-96.6894531,0.0,mph,active,-0.048,-0.14400000000000002,,g (estimated)
20260713052915_000200F.MP4,16,2026-07-13T10:29:31+00:00,40.8111654,-96.6894531,0.0,mph,active,-0.048,-0.14400000000000002,,g (estimated)
20260713052915_000200F.MP4,17,2026-07-13T10:29:32+00:00,40.8111654,-96.6894531,0.0,mph,active,-0.048,-0.096,,g (estimated)
20260713052915_000200F.MP4,18,2026-07-13T10:29:33+00:00,40.8111654,-96.6894531,0.0,mph,active,-0.048,-0.14400000000000002,,g (estimated)
20260713052915_000200F.MP4,19,2026-07-13T10:29:34+00:00,40.8111654,-96.6894531,0.0,mph,active,-0.048,-0.14400000000000002,,g (estimated)
20260713052915_000200F.MP4,20,2026-07-13T10:29:35+00:00,40.8111654,-96.6894531,0.0,mph,active,-0.048,-0.14400000000000002,,g (estimated)
20260713052915_000200F.MP4,21,2026-07-13T10:29:36+00:00,40.8111654,-96.6894531,0.0,mph,active,-0.048,-0.14400000000000002,,g (estimated)
20260713052915_000200F.MP4,22,2026-07-13T10:29:37+00:00,40.8111654,-96.6894531,0.0,mph,active,-0.096,-0.14400000000000002,,g (estimated)
20260713052915_000200F.MP4,23,2026-07-13T10:29:38+00:00,40.8111654,-96.6894531,0.0,mph,active,-0.048,-0.14400000000000002,,g (estimated)
20260713052915_000200F.MP4,24,2026-07-13T10:29:39+00:00,40.8111654,-96.6894531,0.0,mph,active,-0.048,-0.14400000000000002,,g (estimated)
20260713052915_000200F.MP4,25,2026-07-13T10:29:40+00:00,40.8111613,-96.6894531,0.0,mph,active,-0.048,-0.14400000000000002,,g (estimated)
20260713052915_000200F.MP4,26,2026-07-13T10:29:41+00:00,40.8111613,-96.6894531,0.0,mph,active,-0.048,-0.14400000000000002,,g (estimated)
20260713052915_000200F.MP4,27,2026-07-13T10:29:42+00:00,40.8111613,-96.6894531,0.0,mph,active,-0.048,-0.14400000000000002,,g (estimated)
20260713052915_000200F.MP4,28,2026-07-13T10:29:43+00:00,40.8111613,-96.6894531,0.0,mph,active,-0.048,-0.096,,g (estimated)
20260713052915_000200F.MP4,29,2026-07-13T10:29:44+00:00,40.8111572,-96.6894531,0.0,mph,active,-0.048,-0.14400000000000002,,g (estimated)
20260713052915_000200F.MP4,30,2026-07-13T10:29:45+00:00,40.8111572,-96.6894531,0.0,mph,active,-0.048,-0.14400000000000002,,g (estimated)
20260713052915_000200F.MP4,31,2026-07-13T10:29:46+00:00,40.8111572,-96.6894531,0.0,mph,active,-0.048,-0.14400000000000002,,g (estimated)
20260713052915_000200F.MP4,32,2026-07-13T10:29:47+00:00,40.8111532,-96.6894694,0.0,mph,active,-0.048,-0.14400000000000002,,g (estimated)
20260713052915_000200F.MP4,33,2026-07-13T10:29:48+00:00,40.8111532,-96.6894694,0.0,mph,active,-0.048,-0.14400000000000002,,g (estimated)
20260713052915_000200F.MP4,34,2026-07-13T10:29:49+00:00,40.8111532,-96.6894694,0.0,mph,active,-0.048,-0.14400000000000002,,g (estimated)
20260713052915_000200F.MP4,35,2026-07-13T10:29:50+00:00,40.8111532,-96.6894694,0.0,mph,active,-0.048,-0.14400000000000002,,g (estimated)
20260713052915_000200F.MP4,36,2026-07-13T10:29:51+00:00,40.8111532,-96.6894694,0.0,mph,active,-0.048,-0.14400000000000002,,g (estimated)
20260713052915_000200F.MP4,37,2026-07-13T10:29:52+00:00,40.8111532,-96.6894694,0.0,mph,active,-0.048,-0.14400000000000002,,g (estimated)
20260713052915_000200F.MP4,38,2026-07-13T10:29:53+00:00,40.8111532,-96.6894694,0.0,mph,active,-0.048,-0.14400000000000002,,g (estimated)
20260713052915_000200F.MP4,39,2026-07-13T10:29:54+00:00,40.8111532,-96.6894694,0.0,mph,active,-0.048,-0.14400000000000002,,g (estimated)
20260713052915_000200F.MP4,40,2026-07-13T10:29:55+00:00,40.8111532,-96.6894694,0.0,mph,active,-0.048,-0.14400000000000002,,g (estimated)
20260713052915_000200F.MP4,41,2026-07-13T10:29:56+00:00,40.8111532,-96.6894694,0.0,mph,active,-0.048,-0.14400000000000002,,g (estimated)
20260713052915_000200F.MP4,42,2026-07-13T10:29:57+00:00,40.8111532,-96.6894694,0.0,mph,active,-0.048,-0.14400000000000002,,g (estimated)
20260713052915_000200F.MP4,43,2026-07-13T10:29:58+00:00,40.8111572,-96.6894694,0.0,mph,active,-0.048,-0.14400000000000002,,g (estimated)
20260713052915_000200F.MP4,44,2026-07-13T10:29:59+00:00,40.8111572,-96.6894694,0.0,mph,active,-0.048,-0.14400000000000002,,g (estimated)
20260713052915_000200F.MP4,45,2026-07-13T10:30:00+00:00,40.8111572,-96.6894694,0.0,mph,active,-0.048,-0.14400000000000002,,g (estimated)
20260713052915_000200F.MP4,46,2026-07-13T10:30:01+00:00,40.8111572,-96.6894694,0.0,mph,active,-0.048,-0.14400000000000002,,g (estimated)
20260713052915_000200F.MP4,47,2026-07-13T10:30:02+00:00,40.8111572,-96.6894694,0.0,mph,active,-0.048,-0.14400000000000002,,g (estimated)
20260713052915_000200F.MP4,48,2026-07-13T10:30:03+00:00,40.8111532,-96.6894694,0.0,mph,active,-0.048,-0.14400000000000002,,g (estimated)
20260713052915_000200F.MP4,49,2026-07-13T10:30:04+00:00,40.8111532,-96.6894694,0.0,mph,active,-0.048,-0.14400000000000002,,g (estimated)
20260713052915_000200F.MP4,50,2026-07-13T10:30:05+00:00,40.8111572,-96.6894694,0.0,mph,active,-0.048,-0.14400000000000002,,g (estimated)
20260713052915_000200F.MP4,51,2026-07-13T10:30:06+00:00,40.8111572,-96.6894694,0.0,mph,active,-0.048,-0.14400000000000002,,g (estimated)
20260713052915_000200F.MP4,52,2026-07-13T10:30:07+00:00,40.8111572,-96.6894694,0.0,mph,active,-0.048,-0.192,,g (estimated)
20260713052915_000200F.MP4,53,2026-07-13T10:30:08+00:00,40.8111572,-96.6894694,0.0,mph,active,-0.048,-0.096,,g (estimated)
20260713052915_000200F.MP4,54,2026-07-13T10:30:09+00:00,40.8111532,-96.6894694,0.0,mph,active,-0.048,-0.14400000000000002,,g (estimated)
20260713052915_000200F.MP4,55,2026-07-13T10:30:10+00:00,40.8111532,-96.6894694,0.0,mph,active,-0.048,-0.14400000000000002,,g (estimated)
20260713052915_000200F.MP4,56,2026-07-13T10:30:11+00:00,40.8111532,-96.6894694,0.0,mph,active,-0.048,-0.14400000000000002,,g (estimated)
20260713052915_000200F.MP4,57,2026-07-13T10:30:12+00:00,40.8111532,-96.6894694,0.0,mph,active,-0.048,-0.14400000000000002,,g (estimated)
20260713052915_000200F.MP4,58,2026-07-13T10:30:13+00:00,40.8111532,-96.6894694,0.0,mph,active,-0.048,-0.14400000000000002,,g (estimated)
20260713052915_000200F.MP4,59,2026-07-13T10:30:14+00:00,40.8111491,-96.6894694,0.0,mph,active,-0.048,-0.14400000000000002,,g (estimated)
20260713053015_000201F.MP4,0,2026-07-13T10:30:15+00:00,40.8111532,-96.6894694,0.0,mph,active,-0.048,-0.192,,g (estimated)
20260713053015_000201F.MP4,1,2026-07-13T10:30:16+00:00,40.8111532,-96.6894694,0.0,mph,active,-0.048,-0.14400000000000002,,g (estimated)
20260713053015_000201F.MP4,2,2026-07-13T10:30:17+00:00,40.8111532,-96.6894694,1.77,mph,active,-0.048,-0.14400000000000002,,g (estimated)
20260713053015_000201F.MP4,3,2026-07-13T10:30:18+00:00,40.8111654,-96.6894694,2.68,mph,active,-0.048,-0.14400000000000002,,g (estimated)
20260713053015_000201F.MP4,4,2026-07-13T10:30:19+00:00,40.8111816,-96.6894694,2.84,mph,active,-0.048,-0.192,,g (estimated)
20260713053015_000201F.MP4,5,2026-07-13T10:30:20+00:00,40.8111979,-96.6894694,3.13,mph,active,0.0,-0.14400000000000002,,g (estimated)
20260713053015_000201F.MP4,6,2026-07-13T10:30:21+00:00,40.8112142,-96.6894857,3.42,mph,active,0.0,-0.14400000000000002,,g (estimated)
20260713053015_000201F.MP4,7,2026-07-13T10:30:22+00:00,40.8112142,-96.6895182,3.81,mph,active,-0.048,-0.192,,g (estimated)
20260713053015_000201F.MP4,8,2026-07-13T10:30:23+00:00,40.8112305,-96.6895345,4.13,mph,active,0.0,-0.096,,g (estimated)
20260713053015_000201F.MP4,9,2026-07-13T10:30:24+00:00,40.8112467,-96.6895508,4.5,mph,active,0.0,-0.096,,g (estimated)
20260713053015_000201F.MP4,10,2026-07-13T10:30:25+00:00,40.8112549,-96.6895671,4.19,mph,active,-0.096,-0.14400000000000002,,g (estimated)
20260713053015_000201F.MP4,11,2026-07-13T10:30:26+00:00,40.811259,-96.6895996,4.85,mph,active,-0.048,-0.14400000000000002,,g (estimated)
20260713053015_000201F.MP4,12,2026-07-13T10:30:27+00:00,40.811263,-96.6896322,5.59,mph,active,-0.048,-0.14400000000000002,,g (estimated)
20260713053015_000201F.MP4,13,2026-07-13T10:30:28+00:00,40.8112712,-96.6896647,5.57,mph,active,-0.096,-0.14400000000000002,,g (estimated)
20260713053015_000201F.MP4,14,2026-07-13T10:30:29+00:00,40.8112752,-96.6896973,5.6,mph,active,-0.048,-0.096,,g (estimated)
20260713053015_000201F.MP4,15,2026-07-13T10:30:30+00:00,40.8112834,-96.6897298,6.33,mph,active,-0.048,-0.096,,g (estimated)
20260713053015_000201F.MP4,16,2026-07-13T10:30:31+00:00,40.8112874,-96.6897624,5.19,mph,active,-0.096,-0.096,,g (estimated)
20260713053015_000201F.MP4,17,2026-07-13T10:30:32+00:00,40.8112874,-96.6897949,3.82,mph,active,-0.096,-0.192,,g (estimated)
20260713053015_000201F.MP4,18,2026-07-13T10:30:33+00:00,40.8112834,-96.6898112,2.86,mph,active,-0.048,-0.28800000000000003,,g (estimated)
20260713053015_000201F.MP4,19,2026-07-13T10:30:34+00:00,40.8112834,-96.6898275,3.28,mph,active,-0.048,-0.192,,g (estimated)
20260713053015_000201F.MP4,20,2026-07-13T10:30:35+00:00,40.8112834,-96.68986,5.2,mph,active,-0.096,-0.14400000000000002,,g (estimated)
20260713053015_000201F.MP4,21,2026-07-13T10:30:36+00:00,40.8112874,-96.6898926,6.36,mph,active,-0.048,-0.192,,g (estimated)
20260713053015_000201F.MP4,22,2026-07-13T10:30:37+00:00,40.8112915,-96.6899414,6.89,mph,active,-0.048,-0.14400000000000002,,g (estimated)
20260713053015_000201F.MP4,23,2026-07-13T10:30:38+00:00,40.8112915,-96.689974,7.24,mph,active,-0.096,-0.14400000000000002,,g (estimated)
20260713053015_000201F.MP4,24,2026-07-13T10:30:39+00:00,40.8112874,-96.6900228,7.2,mph,active,-0.048,-0.14400000000000002,,g (estimated)
20260713053015_000201F.MP4,25,2026-07-13T10:30:40+00:00,40.8112874,-96.6900553,7.26,mph,active,-0.096,-0.192,,g (estimated)
20260713053015_000201F.MP4,26,2026-07-13T10:30:41+00:00,40.8112874,-96.6901042,7.76,mph,active,0.0,-0.096,,g (estimated)
20260713053015_000201F.MP4,27,2026-07-13T10:30:42+00:00,40.8112874,-96.690153,8.15,mph,active,-0.048,-0.14400000000000002,,g (estimated)
20260713053015_000201F.MP4,28,2026-07-13T10:30:43+00:00,40.8112874,-96.6902181,8.19,mph,active,-0.096,-0.14400000000000002,,g (estimated)
20260713053015_000201F.MP4,29,2026-07-13T10:30:44+00:00,40.8112915,-96.6902669,8.14,mph,active,-0.048,-0.096,,g (estimated)
20260713053015_000201F.MP4,30,2026-07-13T10:30:45+00:00,40.8112915,-96.6903158,8.59,mph,active,0.0,-0.14400000000000002,,g (estimated)
20260713053015_000201F.MP4,31,2026-07-13T10:30:46+00:00,40.8112956,-96.6903646,8.35,mph,active,-0.048,-0.096,,g (estimated)
20260713053015_000201F.MP4,32,2026-07-13T10:30:47+00:00,40.8112956,-96.6904134,7.65,mph,active,-0.048,-0.096,,g (estimated)
20260713053015_000201F.MP4,33,2026-07-13T10:30:48+00:00,40.8112956,-96.6904622,6.87,mph,active,0.0,0.0,,g (estimated)
20260713053015_000201F.MP4,34,2026-07-13T10:30:49+00:00,40.8112915,-96.6904948,4.75,mph,active,-0.048,-0.048,,g (estimated)
20260713053015_000201F.MP4,35,2026-07-13T10:30:50+00:00,40.8112915,-96.6905111,0.0,mph,active,-0.096,-0.14400000000000002,,g (estimated)
20260713053015_000201F.MP4,36,2026-07-13T10:30:51+00:00,40.8112915,-96.6905111,0.0,mph,active,-0.048,-0.24,,g (estimated)
20260713053015_000201F.MP4,37,2026-07-13T10:30:52+00:00,40.8112915,-96.6905273,0.0,mph,active,-0.048,-0.28800000000000003,,g (estimated)
20260713053015_000201F.MP4,38,2026-07-13T10:30:53+00:00,40.8112915,-96.6905273,0.0,mph,active,-0.048,-0.14400000000000002,,g (estimated)
20260713053015_000201F.MP4,39,2026-07-13T10:30:54+00:00,40.8112915,-96.6905436,0.0,mph,active,-0.048,-0.14400000000000002,,g (estimated)
20260713053015_000201F.MP4,40,2026-07-13T10:30:55+00:00,40.8112915,-96.6905436,0.0,mph,active,-0.048,-0.048,,g (estimated)
20260713053015_000201F.MP4,41,2026-07-13T10:30:56+00:00,40.8112956,-96.6905762,0.0,mph,active,-0.048,-0.096,,g (estimated)
20260713053015_000201F.MP4,42,2026-07-13T10:30:57+00:00,40.8112956,-96.6905762,0.0,mph,active,-0.048,-0.24,,g (estimated)
20260713053015_000201F.MP4,43,2026-07-13T10:30:58+00:00,40.8112996,-96.6905924,0.0,mph,active,-0.14400000000000002,-0.192,,g (estimated)
20260713053015_000201F.MP4,44,2026-07-13T10:30:59+00:00,40.8112996,-96.6905924,4.11,mph,active,-0.192,-0.192,,g (estimated)
20260713053015_000201F.MP4,45,2026-07-13T10:31:00+00:00,40.81132,-96.690625,6.34,mph,active,-0.24,-0.14400000000000002,,g (estimated)
20260713053015_000201F.MP4,46,2026-07-13T10:31:01+00:00,40.8113485,-96.6906413,7.38,mph,active,-0.048,-0.192,,g (estimated)
20260713053015_000201F.MP4,47,2026-07-13T10:31:02+00:00,40.811381,-96.6906576,8.33,mph,active,-0.048,-0.24,,g (estimated)
20260713053015_000201F.MP4,48,2026-07-13T10:31:03+00:00,40.8114258,-96.6906576,10.16,mph,active,0.0,-0.14400000000000002,,g (estimated)
20260713053015_000201F.MP4,49,2026-07-13T10:31:04+00:00,40.8114827,-96.6906576,12.95,mph,active,-0.048,-0.24,,g (estimated)
20260713053015_000201F.MP4,50,2026-07-13T10:31:05+00:00,40.8115479,-96.6906576,14.1,mph,active,-0.048,-0.14400000000000002,,g (estimated)
20260713053015_000201F.MP4,51,2026-07-13T10:31:06+00:00,40.811617,-96.6906576,14.68,mph,active,-0.048,-0.192,,g (estimated)
20260713053015_000201F.MP4,52,2026-07-13T10:31:07+00:00,40.8116903,-96.6906576,15.06,mph,active,0.0,-0.24,,g (estimated)
20260713053015_000201F.MP4,53,2026-07-13T10:31:08+00:00,40.8117635,-96.6906576,15.72,mph,active,-0.048,-0.192,,g (estimated)
20260713053015_000201F.MP4,54,2026-07-13T10:31:09+00:00,40.8118408,-96.6906576,16.11,mph,active,0.0,-0.14400000000000002,,g (estimated)
20260713053015_000201F.MP4,55,2026-07-13T10:31:10+00:00,40.8119181,-96.6906576,15.72,mph,active,-0.048,0.0,,g (estimated)
20260713053015_000201F.MP4,56,2026-07-13T10:31:11+00:00,40.8119914,-96.6906413,15.38,mph,active,-0.048,-0.048,,g (estimated)
20260713053015_000201F.MP4,57,2026-07-13T10:31:12+00:00,40.8120646,-96.6906576,14.62,mph,active,-0.048,-0.048,,g (estimated)
20260713053015_000201F.MP4,58,2026-07-13T10:31:13+00:00,40.8121257,-96.6906576,12.54,mph,active,0.0,0.0,,g (estimated)
20260713053015_000201F.MP4,59,2026-07-13T10:31:14+00:00,40.8121785,-96.6906413,11.64,mph,active,-0.048,0.0,,g (estimated)
20260713053115_000202F.MP4,0,2026-07-13T10:31:15+00:00,40.8122314,-96.6906413,10.48,mph,active,-0.048,0.0,,g (estimated)
20260713053115_000202F.MP4,1,2026-07-13T10:31:16+00:00,40.8122721,-96.6906576,8.05,mph,active,-0.048,0.048,,g (estimated)
20260713053115_000202F.MP4,2,2026-07-13T10:31:17+00:00,40.8123006,-96.6906576,5.39,mph,active,0.0,-0.048,,g (estimated)
20260713053115_000202F.MP4,3,2026-07-13T10:31:18+00:00,40.8123169,-96.6906738,2.77,mph,active,0.0,-0.14400000000000002,,g (estimated)
20260713053115_000202F.MP4,4,2026-07-13T10:31:19+00:00,40.8123291,-96.6906738,0.0,mph,active,0.0,-0.14400000000000002,,g (estimated)
20260713053115_000202F.MP4,5,2026-07-13T10:31:20+00:00,40.8123291,-96.6906738,0.0,mph,active,0.0,-0.192,,g (estimated)
20260713053115_000202F.MP4,6,2026-07-13T10:31:21+00:00,40.812325,-96.6906738,0.0,mph,active,-0.048,-0.24,,g (estimated)
20260713053115_000202F.MP4,7,2026-07-13T10:31:22+00:00,40.8123332,-96.6906738,0.0,mph,active,-0.048,-0.28800000000000003,,g (estimated)
20260713053115_000202F.MP4,8,2026-07-13T10:31:23+00:00,40.8123494,-96.6906738,0.0,mph,active,0.0,-0.24,,g (estimated)
20260713053115_000202F.MP4,9,2026-07-13T10:31:24+00:00,40.8123576,-96.6906738,4.35,mph,active,0.0,-0.24,,g (estimated)
20260713053115_000202F.MP4,10,2026-07-13T10:31:25+00:00,40.8123983,-96.6906738,6.32,mph,active,0.0,-0.14400000000000002,,g (estimated)
20260713053115_000202F.MP4,11,2026-07-13T10:31:26+00:00,40.8124349,-96.6906901,7.86,mph,active,0.096,-0.192,,g (estimated)
20260713053115_000202F.MP4,12,2026-07-13T10:31:27+00:00,40.8124715,-96.6907064,9.03,mph,active,0.048,-0.14400000000000002,,g (estimated)
20260713053115_000202F.MP4,13,2026-07-13T10:31:28+00:00,40.8125041,-96.6907552,10.5,mph,active,0.192,-0.14400000000000002,,g (estimated)
20260713053115_000202F.MP4,14,2026-07-13T10:31:29+00:00,40.8125366,-96.690804,11.07,mph,active,0.048,-0.24,,g (estimated)
20260713053115_000202F.MP4,15,2026-07-13T10:31:30+00:00,40.8125529,-96.6908691,11.53,mph,active,-0.048,-0.24,,g (estimated)
20260713053115_000202F.MP4,16,2026-07-13T10:31:31+00:00,40.812557,-96.6909342,12.29,mph,active,-0.096,-0.14400000000000002,,g (estimated)
20260713053115_000202F.MP4,17,2026-07-13T10:31:32+00:00,40.8125529,-96.6910319,13.64,mph,active,0.0,-0.14400000000000002,,g (estimated)
20260713053115_000202F.MP4,18,2026-07-13T10:31:33+00:00,40.8125488,-96.6911133,15.06,mph,active,0.0,-0.192,,g (estimated)
20260713053115_000202F.MP4,19,2026-07-13T10:31:34+00:00,40.8125488,-96.6912272,16.11,mph,active,-0.048,-0.14400000000000002,,g (estimated)
20260713053115_000202F.MP4,20,2026-07-13T10:31:35+00:00,40.8125529,-96.6913249,16.07,mph,active,0.0,-0.192,,g (estimated)
20260713053115_000202F.MP4,21,2026-07-13T10:31:36+00:00,40.8125529,-96.6914225,16.35,mph,active,0.0,-0.14400000000000002,,g (estimated)
20260713053115_000202F.MP4,22,2026-07-13T10:31:37+00:00,40.8125488,-96.6915365,16.83,mph,active,0.0,-0.24,,g (estimated)
20260713053115_000202F.MP4,23,2026-07-13T10:31:38+00:00,40.8125488,-96.6916341,17.34,mph,active,-0.048,-0.192,,g (estimated)
20260713053115_000202F.MP4,24,2026-07-13T10:31:39+00:00,40.8125488,-96.691748,18.38,mph,active,-0.048,-0.14400000000000002,,g (estimated)
20260713053115_000202F.MP4,25,2026-07-13T10:31:40+00:00,40.8125488,-96.691862,19.33,mph,active,-0.048,-0.14400000000000002,,g (estimated)
20260713053115_000202F.MP4,26,2026-07-13T10:31:41+00:00,40.8125488,-96.6919922,19.66,mph,active,-0.096,-0.192,,g (estimated)
20260713053115_000202F.MP4,27,2026-07-13T10:31:42+00:00,40.8125488,-96.6921061,20.54,mph,active,0.0,-0.192,,g (estimated)
20260713053115_000202F.MP4,28,2026-07-13T10:31:43+00:00,40.8125488,-96.6922363,20.89,mph,active,-0.096,-0.14400000000000002,,g (estimated)
20260713053115_000202F.MP4,29,2026-07-13T10:31:44+00:00,40.8125488,-96.6923665,21.33,mph,active,-0.048,-0.192,,g (estimated)
20260713053115_000202F.MP4,30,2026-07-13T10:31:45+00:00,40.8125488,-96.6924967,21.34,mph,active,-0.096,-0.192,,g (estimated)
20260713053115_000202F.MP4,31,2026-07-13T10:31:46+00:00,40.8125529,-96.692627,20.51,mph,active,0.048,-0.14400000000000002,,g (estimated)
20260713053115_000202F.MP4,32,2026-07-13T10:31:47+00:00,40.812557,-96.6927572,20.07,mph,active,-0.048,-0.192,,g (estimated)
20260713053115_000202F.MP4,33,2026-07-13T10:31:48+00:00,40.812561,-96.6928874,20.45,mph,active,-0.048,-0.24,,g (estimated)
20260713053115_000202F.MP4,34,2026-07-13T10:31:49+00:00,40.8125651,-96.6930176,20.43,mph,active,-0.048,-0.192,,g (estimated)
20260713053115_000202F.MP4,35,2026-07-13T10:31:50+00:00,40.812561,-96.6931478,21.06,mph,active,-0.048,-0.096,,g (estimated)
20260713053115_000202F.MP4,36,2026-07-13T10:31:51+00:00,40.812557,-96.693278,21.1,mph,active,-0.096,0.0,,g (estimated)
20260713053115_000202F.MP4,37,2026-07-13T10:31:52+00:00,40.812557,-96.6933919,19.36,mph,active,0.0,0.24,,g (estimated)
20260713053115_000202F.MP4,38,2026-07-13T10:31:53+00:00,40.812557,-96.6935059,16.19,mph,active,-0.096,0.0,,g (estimated)
20260713053115_000202F.MP4,39,2026-07-13T10:31:54+00:00,40.812557,-96.6935872,12.83,mph,active,-0.048,0.0,,g (estimated)
20260713053115_000202F.MP4,40,2026-07-13T10:31:55+00:00,40.812557,-96.6936361,9.43,mph,active,0.0,0.0,,g (estimated)
20260713053115_000202F.MP4,41,2026-07-13T10:31:56+00:00,40.8125529,-96.6936686,4.3,mph,active,-0.048,-0.048,,g (estimated)
20260713053115_000202F.MP4,42,2026-07-13T10:31:57+00:00,40.8125529,-96.6936849,0.0,mph,active,-0.048,-0.096,,g (estimated)
20260713053115_000202F.MP4,43,2026-07-13T10:31:58+00:00,40.8125529,-96.6936849,0.0,mph,active,-0.048,-0.14400000000000002,,g (estimated)
20260713053115_000202F.MP4,44,2026-07-13T10:31:59+00:00,40.8125529,-96.6936849,0.0,mph,active,-0.048,-0.14400000000000002,,g (estimated)
20260713053115_000202F.MP4,45,2026-07-13T10:32:00+00:00,40.8125529,-96.6936849,0.0,mph,active,-0.048,-0.14400000000000002,,g (estimated)
20260713053115_000202F.MP4,46,2026-07-13T10:32:01+00:00,40.8125529,-96.6936849,0.0,mph,active,-0.048,-0.14400000000000002,,g (estimated)
20260713053115_000202F.MP4,47,2026-07-13T10:32:02+00:00,40.8125529,-96.6936849,0.0,mph,active,-0.048,-0.14400000000000002,,g (estimated)
20260713053115_000202F.MP4,48,2026-07-13T10:32:03+00:00,40.8125529,-96.6936849,0.0,mph,active,0.0,-0.096,,g (estimated)
20260713053115_000202F.MP4,49,2026-07-13T10:32:04+00:00,40.8125529,-96.6936849,0.0,mph,active,-0.048,-0.14400000000000002,,g (estimated)
20260713053115_000202F.MP4,50,2026-07-13T10:32:05+00:00,40.8125529,-96.6936849,0.0,mph,active,0.0,-0.14400000000000002,,g (estimated)
20260713053115_000202F.MP4,51,2026-07-13T10:32:06+00:00,40.8125529,-96.6936849,0.0,mph,active,-0.048,-0.14400000000000002,,g (estimated)
20260713053115_000202F.MP4,52,2026-07-13T10:32:07+00:00,40.8125529,-96.6936849,0.0,mph,active,0.0,-0.096,,g (estimated)
20260713053115_000202F.MP4,53,2026-07-13T10:32:08+00:00,40.8125529,-96.6936849,0.0,mph,active,-0.048,-0.14400000000000002,,g (estimated)
20260713053115_000202F.MP4,54,2026-07-13T10:32:09+00:00,40.8125488,-96.6936849,0.0,mph,active,-0.048,-0.14400000000000002,,g (estimated)
20260713053115_000202F.MP4,55,2026-07-13T10:32:10+00:00,40.8125488,-96.6936849,0.0,mph,active,0.0,-0.14400000000000002,,g (estimated)
20260713053115_000202F.MP4,56,2026-07-13T10:32:11+00:00,40.8125488,-96.6936849,0.0,mph,active,-0.048,-0.14400000000000002,,g (estimated)
20260713053115_000202F.MP4,57,2026-07-13T10:32:12+00:00,40.8125488,-96.6936686,0.0,mph,active,0.0,-0.14400000000000002,,g (estimated)
20260713053115_000202F.MP4,58,2026-07-13T10:32:13+00:00,40.8125488,-96.6936686,0.0,mph,active,0.0,-0.14400000000000002,,g (estimated)
20260713053115_000202F.MP4,59,2026-07-13T10:32:14+00:00,40.8125488,-96.6936686,0.0,mph,active,0.0,-0.14400000000000002,,g (estimated)
20260713053215_000203F.MP4,0,2026-07-13T10:32:15+00:00,40.8125488,-96.6936686,0.0,mph,active,-0.048,-0.14400000000000002,,g (estimated)
20260713053215_000203F.MP4,1,2026-07-13T10:32:16+00:00,40.8125488,-96.6936686,0.0,mph,active,-0.048,-0.14400000000000002,,g (estimated)
20260713053215_000203F.MP4,2,2026-07-13T10:32:17+00:00,40.8125488,-96.6936686,0.0,mph,active,-0.048,-0.14400000000000002,,g (estimated)
20260713053215_000203F.MP4,3,2026-07-13T10:32:18+00:00,40.8125488,-96.6936686,0.0,mph,active,-0.048,-0.14400000000000002,,g (estimated)
20260713053215_000203F.MP4,4,2026-07-13T10:32:19+00:00,40.8125488,-96.6936686,0.0,mph,active,0.0,-0.14400000000000002,,g (estimated)
20260713053215_000203F.MP4,5,2026-07-13T10:32:20+00:00,40.8125488,-96.6936686,0.0,mph,active,-0.048,-0.14400000000000002,,g (estimated)
20260713053215_000203F.MP4,6,2026-07-13T10:32:21+00:00,40.8125488,-96.6936686,0.0,mph,active,-0.048,-0.14400000000000002,,g (estimated)
20260713053215_000203F.MP4,7,2026-07-13T10:32:22+00:00,40.8125488,-96.6936686,0.0,mph,active,0.0,-0.14400000000000002,,g (estimated)
20260713053215_000203F.MP4,8,2026-07-13T10:32:23+00:00,40.8125488,-96.6936686,0.0,mph,active,-0.048,-0.192,,g (estimated)
20260713053215_000203F.MP4,9,2026-07-13T10:32:24+00:00,40.8125488,-96.6936686,0.0,mph,active,0.0,-0.336,,g (estimated)
20260713053215_000203F.MP4,10,2026-07-13T10:32:25+00:00,40.8125488,-96.6936686,1.65,mph,active,-0.048,-0.336,,g (estimated)
20260713053215_000203F.MP4,11,2026-07-13T10:32:26+00:00,40.8125488,-96.6936849,4.68,mph,active,-0.048,-0.24,,g (estimated)
20260713053215_000203F.MP4,12,2026-07-13T10:32:27+00:00,40.8125488,-96.6937337,8.4,mph,active,-0.048,-0.28800000000000003,,g (estimated)
20260713053215_000203F.MP4,13,2026-07-13T10:32:28+00:00,40.8125448,-96.6937988,11.4,mph,active,-0.048,-0.192,,g (estimated)
20260713053215_000203F.MP4,14,2026-07-13T10:32:29+00:00,40.8125448,-96.6938802,13.2,mph,active,0.0,-0.24,,g (estimated)
20260713053215_000203F.MP4,15,2026-07-13T10:32:30+00:00,40.8125407,-96.6939779,15.53,mph,active,0.0,-0.192,,g (estimated)
20260713053215_000203F.MP4,16,2026-07-13T10:32:31+00:00,40.8125366,-96.6940918,17.2,mph,active,-0.096,-0.24,,g (estimated)
20260713053215_000203F.MP4,17,2026-07-13T10:32:32+00:00,40.8125366,-96.6942057,17.9,mph,active,0.0,-0.14400000000000002,,g (estimated)
20260713053215_000203F.MP4,18,2026-07-13T10:32:33+00:00,40.8125326,-96.6943197,18.73,mph,active,0.0,-0.14400000000000002,,g (estimated)
20260713053215_000203F.MP4,19,2026-07-13T10:32:34+00:00,40.8125285,-96.6944336,19.72,mph,active,0.0,-0.24,,g (estimated)
20260713053215_000203F.MP4,20,2026-07-13T10:32:35+00:00,40.8125203,-96.6945638,19.95,mph,active,-0.048,-0.192,,g (estimated)
20260713053215_000203F.MP4,21,2026-07-13T10:32:36+00:00,40.8125122,-96.694694,20.02,mph,active,-0.048,-0.192,,g (estimated)
20260713053215_000203F.MP4,22,2026-07-13T10:32:37+00:00,40.8125081,-96.6948079,20.29,mph,active,0.0,-0.192,,g (estimated)
20260713053215_000203F.MP4,23,2026-07-13T10:32:38+00:00,40.8125041,-96.6949382,20.34,mph,active,0.0,-0.192,,g (estimated)
20260713053215_000203F.MP4,24,2026-07-13T10:32:39+00:00,40.8125,-96.6950684,20.66,mph,active,0.0,-0.048,,g (estimated)
20260713053215_000203F.MP4,25,2026-07-13T10:32:40+00:00,40.8125,-96.6951986,20.59,mph,active,-0.048,-0.14400000000000002,,g (estimated)
20260713053215_000203F.MP4,26,2026-07-13T10:32:41+00:00,40.8124959,-96.6953288,20.22,mph,active,0.0,-0.192,,g (estimated)
20260713053215_000203F.MP4,27,2026-07-13T10:32:42+00:00,40.8124919,-96.6954427,20.38,mph,active,-0.048,-0.192,,g (estimated)
20260713053215_000203F.MP4,28,2026-07-13T10:32:43+00:00,40.8124919,-96.6955892,20.94,mph,active,0.0,-0.14400000000000002,,g (estimated)
20260713053215_000203F.MP4,29,2026-07-13T10:32:44+00:00,40.8124919,-96.6957194,21.97,mph,active,-0.048,-0.192,,g (estimated)
20260713053215_000203F.MP4,30,2026-07-13T10:32:45+00:00,40.8124959,-96.6958496,21.93,mph,active,0.0,-0.14400000000000002,,g (estimated)
20260713053215_000203F.MP4,31,2026-07-13T10:32:46+00:00,40.8124959,-96.6959798,21.87,mph,active,-0.096,-0.192,,g (estimated)
20260713053215_000203F.MP4,32,2026-07-13T10:32:47+00:00,40.8125,-96.69611,20.94,mph,active,0.0,-0.14400000000000002,,g (estimated)
20260713053215_000203F.MP4,33,2026-07-13T10:32:48+00:00,40.8125,-96.6962402,21.42,mph,active,0.0,-0.14400000000000002,,g (estimated)
20260713053215_000203F.MP4,34,2026-07-13T10:32:49+00:00,40.8125,-96.6963704,21.36,mph,active,0.0,-0.192,,g (estimated)
20260713053215_000203F.MP4,35,2026-07-13T10:32:50+00:00,40.8125,-96.6965007,21.81,mph,active,0.0,-0.192,,g (estimated)
20260713053215_000203F.MP4,36,2026-07-13T10:32:51+00:00,40.8125,-96.6966471,22.4,mph,active,-0.14400000000000002,-0.096,,g (estimated)
20260713053215_000203F.MP4,37,2026-07-13T10:32:52+00:00,40.8125,-96.6967773,22.15,mph,active,0.0,-0.336,,g (estimated)
20260713053215_000203F.MP4,38,2026-07-13T10:32:53+00:00,40.8125,-96.6969238,21.63,mph,active,-0.048,-0.14400000000000002,,g (estimated)
20260713053215_000203F.MP4,39,2026-07-13T10:32:54+00:00,40.8125,-96.697054,21.61,mph,active,0.0,-0.14400000000000002,,g (estimated)
20260713053215_000203F.MP4,40,2026-07-13T10:32:55+00:00,40.8125041,-96.6971842,21.23,mph,active,0.0,-0.14400000000000002,,g (estimated)
20260713053215_000203F.MP4,41,2026-07-13T10:32:56+00:00,40.8125041,-96.6973145,20.87,mph,active,-0.048,-0.192,,g (estimated)
20260713053215_000203F.MP4,42,2026-07-13T10:32:57+00:00,40.8125081,-96.6974284,20.4,mph,active,0.0,-0.048,,g (estimated)
20260713053215_000203F.MP4,43,2026-07-13T10:32:58+00:00,40.8125081,-96.6975586,19.94,mph,active,-0.048,-0.096,,g (estimated)
20260713053215_000203F.MP4,44,2026-07-13T10:32:59+00:00,40.8125081,-96.6976725,18.12,mph,active,0.0,-0.048,,g (estimated)
20260713053215_000203F.MP4,45,2026-07-13T10:33:00+00:00,40.8125122,-96.6977702,15.64,mph,active,-0.048,0.0,,g (estimated)
20260713053215_000203F.MP4,46,2026-07-13T10:33:01+00:00,40.8125122,-96.6978516,13.46,mph,active,-0.048,0.0,,g (estimated)
20260713053215_000203F.MP4,47,2026-07-13T10:33:02+00:00,40.8125122,-96.6979329,10.44,mph,active,0.0,0.0,,g (estimated)
20260713053215_000203F.MP4,48,2026-07-13T10:33:03+00:00,40.8125122,-96.6979818,8.27,mph,active,-0.048,0.0,,g (estimated)
20260713053215_000203F.MP4,49,2026-07-13T10:33:04+00:00,40.8125122,-96.6980143,5.08,mph,active,0.0,-0.048,,g (estimated)
20260713053215_000203F.MP4,50,2026-07-13T10:33:05+00:00,40.8125122,-96.6980306,0.0,mph,active,-0.048,-0.192,,g (estimated)
20260713053215_000203F.MP4,51,2026-07-13T10:33:06+00:00,40.8125163,-96.6980306,0.0,mph,active,0.0,-0.14400000000000002,,g (estimated)
20260713053215_000203F.MP4,52,2026-07-13T10:33:07+00:00,40.8125163,-96.6980306,0.0,mph,active,-0.048,-0.14400000000000002,,g (estimated)
20260713053215_000203F.MP4,53,2026-07-13T10:33:08+00:00,40.8125163,-96.6980306,0.0,mph,active,-0.048,-0.14400000000000002,,g (estimated)
20260713053215_000203F.MP4,54,2026-07-13T10:33:09+00:00,40.8125163,-96.6980306,0.0,mph,active,-0.048,-0.14400000000000002,,g (estimated)
20260713053215_000203F.MP4,55,2026-07-13T10:33:10+00:00,40.8125203,-96.6980306,0.0,mph,active,0.0,-0.14400000000000002,,g (estimated)
20260713053215_000203F.MP4,56,2026-07-13T10:33:11+00:00,40.8125203,-96.6980306,0.0,mph,active,-0.048,-0.14400000000000002,,g (estimated)
20260713053215_000203F.MP4,57,2026-07-13T10:33:12+00:00,40.8125203,-96.6980306,0.0,mph,active,-0.048,-0.14400000000000002,,g (estimated)
20260713053215_000203F.MP4,58,2026-07-13T10:33:13+00:00,40.8125203,-96.6980306,0.0,mph,active,-0.048,-0.14400000000000002,,g (estimated)
20260713053215_000203F.MP4,59,2026-07-13T10:33:14+00:00,40.8125203,-96.6980306,0.0,mph,active,-0.048,-0.14400000000000002,,g (estimated)
20260713053315_000204F.MP4,0,2026-07-13T10:33:15+00:00,40.8125203,-96.6980469,0.0,mph,active,0.0,-0.192,,g (estimated)
20260713053315_000204F.MP4,1,2026-07-13T10:33:16+00:00,40.8125203,-96.6980469,0.0,mph,active,-0.048,-0.14400000000000002,,g (estimated)
20260713053315_000204F.MP4,2,2026-07-13T10:33:17+00:00,40.8125203,-96.6980469,0.0,mph,active,0.0,-0.14400000000000002,,g (estimated)
20260713053315_000204F.MP4,3,2026-07-13T10:33:18+00:00,40.8125203,-96.6980469,0.0,mph,active,-0.048,-0.14400000000000002,,g (estimated)
20260713053315_000204F.MP4,4,2026-07-13T10:33:19+00:00,40.8125203,-96.6980469,0.0,mph,active,0.0,-0.192,,g (estimated)
20260713053315_000204F.MP4,5,2026-07-13T10:33:20+00:00,40.8125203,-96.6980469,0.0,mph,active,-0.048,-0.14400000000000002,,g (estimated)
20260713053315_000204F.MP4,6,2026-07-13T10:33:21+00:00,40.8125203,-96.6980469,0.0,mph,active,0.0,-0.192,,g (estimated)
20260713053315_000204F.MP4,7,2026-07-13T10:33:22+00:00,40.8125244,-96.6980469,0.0,mph,active,0.0,-0.14400000000000002,,g (estimated)
20260713053315_000204F.MP4,8,2026-07-13T10:33:23+00:00,40.8125244,-96.6980469,0.0,mph,active,-0.048,-0.192,,g (estimated)
20260713053315_000204F.MP4,9,2026-07-13T10:33:24+00:00,40.8125244,-96.6980469,0.0,mph,active,0.0,-0.336,,g (estimated)
20260713053315_000204F.MP4,10,2026-07-13T10:33:25+00:00,40.8125244,-96.6980469,0.0,mph,active,0.0,-0.336,,g (estimated)
20260713053315_000204F.MP4,11,2026-07-13T10:33:26+00:00,40.8125203,-96.6980632,2.92,mph,active,-0.048,-0.28800000000000003,,g (estimated)
20260713053315_000204F.MP4,12,2026-07-13T10:33:27+00:00,40.8125203,-96.6980957,5.41,mph,active,-0.048,-0.24,,g (estimated)
20260713053315_000204F.MP4,13,2026-07-13T10:33:28+00:00,40.8125244,-96.6981445,7.92,mph,active,-0.048,-0.28800000000000003,,g (estimated)
20260713053315_000204F.MP4,14,2026-07-13T10:33:29+00:00,40.8125203,-96.6982096,11.48,mph,active,-0.048,-0.28800000000000003,,g (estimated)
20260713053315_000204F.MP4,15,2026-07-13T10:33:30+00:00,40.8125203,-96.698291,14.47,mph,active,0.0,-0.24,,g (estimated)
20260713053315_000204F.MP4,16,2026-07-13T10:33:31+00:00,40.8125122,-96.6983724,15.61,mph,active,-0.048,-0.192,,g (estimated)
20260713053315_000204F.MP4,17,2026-07-13T10:33:32+00:00,40.8125122,-96.6984863,16.94,mph,active,-0.048,-0.192,,g (estimated)
20260713053315_000204F.MP4,18,2026-07-13T10:33:33+00:00,40.8125122,-96.6986003,18.28,mph,active,-0.048,-0.14400000000000002,,g (estimated)
20260713053315_000204F.MP4,19,2026-07-13T10:33:34+00:00,40.8125081,-96.6987142,18.65,mph,active,-0.048,-0.14400000000000002,,g (estimated)
20260713053315_000204F.MP4,20,2026-07-13T10:33:35+00:00,40.8125122,-96.6988281,18.33,mph,active,-0.048,-0.096,,g (estimated)
20260713053315_000204F.MP4,21,2026-07-13T10:33:36+00:00,40.8125122,-96.6989421,17.63,mph,active,0.0,-0.048,,g (estimated)
20260713053315_000204F.MP4,22,2026-07-13T10:33:37+00:00,40.8125163,-96.6990397,16.29,mph,active,0.0,-0.048,,g (estimated)
20260713053315_000204F.MP4,23,2026-07-13T10:33:38+00:00,40.8125163,-96.6991374,14.47,mph,active,-0.048,-0.048,,g (estimated)
20260713053315_000204F.MP4,24,2026-07-13T10:33:39+00:00,40.8125163,-96.6992188,12.5,mph,active,-0.048,-0.048,,g (estimated)
20260713053315_000204F.MP4,25,2026-07-13T10:33:40+00:00,40.8125163,-96.6992839,10.04,mph,active,0.0,0.0,,g (estimated)
20260713053315_000204F.MP4,26,2026-07-13T10:33:41+00:00,40.8125163,-96.699349,8.13,mph,active,-0.048,0.0,,g (estimated)
20260713053315_000204F.MP4,27,2026-07-13T10:33:42+00:00,40.8125122,-96.6993815,5.64,mph,active,0.0,-0.048,,g (estimated)
20260713053315_000204F.MP4,28,2026-07-13T10:33:43+00:00,40.8125081,-96.6993978,3.16,mph,active,0.0,-0.048,,g (estimated)
20260713053315_000204F.MP4,29,2026-07-13T10:33:44+00:00,40.8125041,-96.6994141,0.0,mph,active,-0.048,-0.192,,g (estimated)
20260713053315_000204F.MP4,30,2026-07-13T10:33:45+00:00,40.8125041,-96.6994141,0.0,mph,active,-0.048,-0.24,,g (estimated)
20260713053315_000204F.MP4,31,2026-07-13T10:33:46+00:00,40.8125041,-96.6994303,0.0,mph,active,-0.048,-0.336,,g (estimated)
20260713053315_000204F.MP4,32,2026-07-13T10:33:47+00:00,40.8125041,-96.6994303,0.0,mph,active,0.0,-0.28800000000000003,,g (estimated)
20260713053315_000204F.MP4,33,2026-07-13T10:33:48+00:00,40.8125,-96.6994629,5.61,mph,active,0.0,-0.24,,g (estimated)
20260713053315_000204F.MP4,34,2026-07-13T10:33:49+00:00,40.8124959,-96.6994954,8.0,mph,active,0.0,-0.192,,g (estimated)
20260713053315_000204F.MP4,35,2026-07-13T10:33:50+00:00,40.8125,-96.6995605,10.71,mph,active,-0.048,-0.24,,g (estimated)
20260713053315_000204F.MP4,36,2026-07-13T10:33:51+00:00,40.8125,-96.6996419,12.74,mph,active,0.0,-0.14400000000000002,,g (estimated)
20260713053315_000204F.MP4,37,2026-07-13T10:33:52+00:00,40.8125,-96.6997396,14.14,mph,active,0.048,-0.14400000000000002,,g (estimated)
20260713053315_000204F.MP4,38,2026-07-13T10:33:53+00:00,40.8125,-96.6998372,15.6,mph,active,0.0,-0.24,,g (estimated)
20260713053315_000204F.MP4,39,2026-07-13T10:33:54+00:00,40.8125,-96.6999349,16.29,mph,active,-0.048,-0.192,,g (estimated)
20260713053315_000204F.MP4,40,2026-07-13T10:33:55+00:00,40.8125041,-96.7000326,17.4,mph,active,-0.048,-0.14400000000000002,,g (estimated)
20260713053315_000204F.MP4,41,2026-07-13T10:33:56+00:00,40.8125081,-96.7001465,18.12,mph,active,0.0,-0.14400000000000002,,g (estimated)
20260713053315_000204F.MP4,42,2026-07-13T10:33:57+00:00,40.8125081,-96.7002604,18.64,mph,active,-0.048,-0.14400000000000002,,g (estimated)
20260713053315_000204F.MP4,43,2026-07-13T10:33:58+00:00,40.8125,-96.7003743,18.82,mph,active,0.0,-0.096,,g (estimated)
20260713053315_000204F.MP4,44,2026-07-13T10:33:59+00:00,40.8125041,-96.7005046,18.65,mph,active,0.0,-0.14400000000000002,,g (estimated)
20260713053315_000204F.MP4,45,2026-07-13T10:34:00+00:00,40.8125081,-96.7006185,18.1,mph,active,0.0,-0.14400000000000002,,g (estimated)
20260713053315_000204F.MP4,46,2026-07-13T10:34:01+00:00,40.8125081,-96.7007324,18.09,mph,active,0.0,-0.14400000000000002,,g (estimated)
20260713053315_000204F.MP4,47,2026-07-13T10:34:02+00:00,40.8125122,-96.7008464,17.85,mph,active,-0.048,-0.14400000000000002,,g (estimated)
20260713053315_000204F.MP4,48,2026-07-13T10:34:03+00:00,40.8125122,-96.700944,17.91,mph,active,-0.048,-0.192,,g (estimated)
20260713053315_000204F.MP4,49,2026-07-13T10:34:04+00:00,40.8125122,-96.7010742,18.41,mph,active,-0.048,-0.192,,g (estimated)
20260713053315_000204F.MP4,50,2026-07-13T10:34:05+00:00,40.8125122,-96.7011882,18.9,mph,active,-0.048,-0.14400000000000002,,g (estimated)
20260713053315_000204F.MP4,51,2026-07-13T10:34:06+00:00,40.8125163,-96.7013021,19.55,mph,active,-0.096,-0.048,,g (estimated)
20260713053315_000204F.MP4,52,2026-07-13T10:34:07+00:00,40.8125163,-96.7014323,19.59,mph,active,0.0,-0.048,,g (estimated)
20260713053315_000204F.MP4,53,2026-07-13T10:34:08+00:00,40.8125163,-96.7015462,18.9,mph,active,-0.096,-0.048,,g (estimated)
20260713053315_000204F.MP4,54,2026-07-13T10:34:09+00:00,40.8125203,-96.7016602,17.16,mph,active,-0.048,-0.096,,g (estimated)
20260713053315_000204F.MP4,55,2026-07-13T10:34:10+00:00,40.8125203,-96.7017578,14.96,mph,active,-0.048,-0.096,,g (estimated)
20260713053315_000204F.MP4,56,2026-07-13T10:34:11+00:00,40.8125203,-96.7018392,13.71,mph,active,-0.048,-0.096,,g (estimated)
20260713053315_000204F.MP4,57,2026-07-13T10:34:12+00:00,40.8125203,-96.7019206,12.73,mph,active,-0.048,-0.096,,g (estimated)
20260713053315_000204F.MP4,58,2026-07-13T10:34:13+00:00,40.8125203,-96.702002,11.46,mph,active,-0.048,-0.096,,g (estimated)
20260713053315_000204F.MP4,59,2026-07-13T10:34:14+00:00,40.8125203,-96.7020508,10.25,mph,active,-0.048,-0.096,,g (estimated)
20260713053415_000205F.MP4,0,2026-07-13T10:34:15+00:00,40.8125203,-96.7021159,9.57,mph,active,0.0,-0.096,,g (estimated)
20260713053415_000205F.MP4,1,2026-07-13T10:34:16+00:00,40.8125244,-96.7021647,8.63,mph,active,0.0,0.0,,g (estimated)
20260713053415_000205F.MP4,2,2026-07-13T10:34:17+00:00,40.8125244,-96.7022135,6.93,mph,active,-0.048,0.0,,g (estimated)
20260713053415_000205F.MP4,3,2026-07-13T10:34:18+00:00,40.8125244,-96.7022461,4.03,mph,active,-0.048,-0.048,,g (estimated)
20260713053415_000205F.MP4,4,2026-07-13T10:34:19+00:00,40.8125285,-96.7022624,2.81,mph,active,0.0,-0.192,,g (estimated)
20260713053415_000205F.MP4,5,2026-07-13T10:34:20+00:00,40.8125326,-96.7022786,0.0,mph,active,-0.048,-0.14400000000000002,,g (estimated)
20260713053415_000205F.MP4,6,2026-07-13T10:34:21+00:00,40.8125366,-96.7022786,0.0,mph,active,-0.048,-0.336,,g (estimated)
20260713053415_000205F.MP4,7,2026-07-13T10:34:22+00:00,40.8125407,-96.7022624,0.0,mph,active,0.0,-0.28800000000000003,,g (estimated)
20260713053415_000205F.MP4,8,2026-07-13T10:34:23+00:00,40.8125366,-96.7022786,0.0,mph,active,-0.048,-0.24,,g (estimated)
20260713053415_000205F.MP4,9,2026-07-13T10:34:24+00:00,40.8125366,-96.7023112,3.81,mph,active,-0.048,-0.24,,g (estimated)
20260713053415_000205F.MP4,10,2026-07-13T10:34:25+00:00,40.8125448,-96.7023437,5.56,mph,active,-0.048,-0.24,,g (estimated)
20260713053415_000205F.MP4,11,2026-07-13T10:34:26+00:00,40.8125814,-96.7023763,6.98,mph,active,-0.048,-0.24,,g (estimated)
20260713053415_000205F.MP4,12,2026-07-13T10:34:27+00:00,40.8125936,-96.7024414,9.65,mph,active,-0.048,-0.24,,g (estimated)
20260713053415_000205F.MP4,13,2026-07-13T10:34:28+00:00,40.8125895,-96.7025065,11.81,mph,active,-0.048,-0.192,,g (estimated)
20260713053415_000205F.MP4,14,2026-07-13T10:34:29+00:00,40.8125936,-96.7025879,13.4,mph,active,-0.048,-0.192,,g (estimated)
20260713053415_000205F.MP4,15,2026-07-13T10:34:30+00:00,40.8126017,-96.7026855,14.8,mph,active,0.0,-0.14400000000000002,,g (estimated)
20260713053415_000205F.MP4,16,2026-07-13T10:34:31+00:00,40.8125936,-96.7027832,14.77,mph,active,-0.048,-0.14400000000000002,,g (estimated)
20260713053415_000205F.MP4,17,2026-07-13T10:34:32+00:00,40.8125895,-96.7028809,15.4,mph,active,0.0,-0.14400000000000002,,g (estimated)
20260713053415_000205F.MP4,18,2026-07-13T10:34:33+00:00,40.8125854,-96.7029785,14.69,mph,active,-0.048,-0.14400000000000002,,g (estimated)
20260713053415_000205F.MP4,19,2026-07-13T10:34:34+00:00,40.8125854,-96.7030762,14.17,mph,active,-0.048,-0.048,,g (estimated)
20260713053415_000205F.MP4,20,2026-07-13T10:34:35+00:00,40.8125692,-96.7031901,13.15,mph,active,-0.048,-0.14400000000000002,,g (estimated)
20260713053415_000205F.MP4,21,2026-07-13T10:34:36+00:00,40.8125692,-96.7032715,11.87,mph,active,-0.048,-0.096,,g (estimated)
20260713053415_000205F.MP4,22,2026-07-13T10:34:37+00:00,40.8125692,-96.7033529,11.18,mph,active,0.0,-0.096,,g (estimated)
20260713053415_000205F.MP4,23,2026-07-13T10:34:38+00:00,40.8125692,-96.703418,10.03,mph,active,-0.048,-0.14400000000000002,,g (estimated)
20260713053415_000205F.MP4,24,2026-07-13T10:34:39+00:00,40.8125651,-96.7034831,9.08,mph,active,-0.048,-0.192,,g (estimated)
20260713053415_000205F.MP4,25,2026-07-13T10:34:40+00:00,40.812557,-96.7035319,9.27,mph,active,0.0,-0.192,,g (estimated)
20260713053415_000205F.MP4,26,2026-07-13T10:34:41+00:00,40.812561,-96.703597,9.89,mph,active,0.0,-0.24,,g (estimated)
20260713053415_000205F.MP4,27,2026-07-13T10:34:42+00:00,40.812561,-96.7036947,12.27,mph,active,0.0,-0.24,,g (estimated)
20260713053415_000205F.MP4,28,2026-07-13T10:34:43+00:00,40.8125285,-96.7037923,14.08,mph,active,-0.048,-0.192,,g (estimated)
20260713053415_000205F.MP4,29,2026-07-13T10:34:44+00:00,40.8125244,-96.70389,15.19,mph,active,-0.048,-0.24,,g (estimated)
20260713053415_000205F.MP4,30,2026-07-13T10:34:45+00:00,40.8125122,-96.7040039,16.89,mph,active,0.0,-0.14400000000000002,,g (estimated)
20260713053415_000205F.MP4,31,2026-07-13T10:34:46+00:00,40.8125163,-96.7041178,18.26,mph,active,0.0,-0.14400000000000002,,g (estimated)
20260713053415_000205F.MP4,32,2026-07-13T10:34:47+00:00,40.8125203,-96.7042318,18.92,mph,active,-0.096,-0.14400000000000002,,g (estimated)
20260713053415_000205F.MP4,33,2026-07-13T10:34:48+00:00,40.8125203,-96.704362,18.98,mph,active,-0.048,-0.14400000000000002,,g (estimated)
20260713053415_000205F.MP4,34,2026-07-13T10:34:49+00:00,40.8125244,-96.7044596,19.31,mph,active,-0.048,-0.192,,g (estimated)
20260713053415_000205F.MP4,35,2026-07-13T10:34:50+00:00,40.8125203,-96.7045898,19.88,mph,active,0.0,-0.14400000000000002,,g (estimated)
20260713053415_000205F.MP4,36,2026-07-13T10:34:51+00:00,40.8125203,-96.7047201,20.34,mph,active,0.0,-0.14400000000000002,,g (estimated)
20260713053415_000205F.MP4,37,2026-07-13T10:34:52+00:00,40.8125203,-96.704834,20.3,mph,active,0.0,-0.14400000000000002,,g (estimated)
20260713053415_000205F.MP4,38,2026-07-13T10:34:53+00:00,40.8125163,-96.7049479,20.03,mph,active,-0.096,-0.096,,g (estimated)
20260713053415_000205F.MP4,39,2026-07-13T10:34:54+00:00,40.8125203,-96.7050618,19.63,mph,active,0.0,-0.14400000000000002,,g (estimated)
20260713053415_000205F.MP4,40,2026-07-13T10:34:55+00:00,40.8125203,-96.7051921,19.19,mph,active,-0.048,-0.192,,g (estimated)
20260713053415_000205F.MP4,41,2026-07-13T10:34:56+00:00,40.8125203,-96.705306,19.4,mph,active,0.0,-0.096,,g (estimated)
20260713053415_000205F.MP4,42,2026-07-13T10:34:57+00:00,40.8125203,-96.7054362,19.23,mph,active,0.0,-0.192,,g (estimated)
20260713053415_000205F.MP4,43,2026-07-13T10:34:58+00:00,40.8125203,-96.7055664,19.42,mph,active,-0.096,-0.192,,g (estimated)
20260713053415_000205F.MP4,44,2026-07-13T10:34:59+00:00,40.8125203,-96.7056803,19.99,mph,active,0.0,-0.096,,g (estimated)
20260713053415_000205F.MP4,45,2026-07-13T10:35:00+00:00,40.8125244,-96.7057943,19.92,mph,active,-0.048,-0.192,,g (estimated)
20260713053415_000205F.MP4,46,2026-07-13T10:35:01+00:00,40.8125081,-96.7059245,19.71,mph,active,-0.14400000000000002,-0.24,,g (estimated)
20260713053415_000205F.MP4,47,2026-07-13T10:35:02+00:00,40.8125081,-96.7060547,19.39,mph,active,0.0,-0.096,,g (estimated)
20260713053415_000205F.MP4,48,2026-07-13T10:35:03+00:00,40.8125163,-96.7061686,19.03,mph,active,0.0,-0.048,,g (estimated)
20260713053415_000205F.MP4,49,2026-07-13T10:35:04+00:00,40.8125285,-96.7062826,17.71,mph,active,0.0,-0.14400000000000002,,g (estimated)
20260713053415_000205F.MP4,50,2026-07-13T10:35:05+00:00,40.8125326,-96.7063802,15.73,mph,active,-0.048,-0.14400000000000002,,g (estimated)
20260713053415_000205F.MP4,51,2026-07-13T10:35:06+00:00,40.8125366,-96.7064616,15.15,mph,active,0.0,-0.14400000000000002,,g (estimated)
20260713053415_000205F.MP4,52,2026-07-13T10:35:07+00:00,40.8125326,-96.7065592,14.48,mph,active,-0.048,-0.096,,g (estimated)
20260713053415_000205F.MP4,53,2026-07-13T10:35:08+00:00,40.8125326,-96.7066406,13.57,mph,active,-0.096,-0.096,,g (estimated)
20260713053415_000205F.MP4,54,2026-07-13T10:35:09+00:00,40.8125326,-96.706722,11.44,mph,active,-0.048,-0.096,,g (estimated)
20260713053415_000205F.MP4,55,2026-07-13T10:35:10+00:00,40.8125326,-96.7067708,9.68,mph,active,-0.048,-0.14400000000000002,,g (estimated)
20260713053415_000205F.MP4,56,2026-07-13T10:35:11+00:00,40.8125366,-96.7068359,8.83,mph,active,0.0,-0.096,,g (estimated)
20260713053415_000205F.MP4,57,2026-07-13T10:35:12+00:00,40.8125366,-96.7068848,8.29,mph,active,-0.14400000000000002,-0.096,,g (estimated)
20260713053415_000205F.MP4,58,2026-07-13T10:35:13+00:00,40.8125448,-96.7069336,8.23,mph,active,-0.192,-0.192,,g (estimated)
20260713053415_000205F.MP4,59,2026-07-13T10:35:14+00:00,40.8125488,-96.7069987,8.02,mph,active,-0.14400000000000002,-0.192,,g (estimated)
20260713053515_000206F.MP4,0,2026-07-13T10:35:15+00:00,40.8125651,-96.7070312,7.42,mph,active,-0.14400000000000002,-0.24,,g (estimated)
20260713053515_000206F.MP4,1,2026-07-13T10:35:16+00:00,40.8125936,-96.7070638,8.04,mph,active,-0.192,-0.192,,g (estimated)
20260713053515_000206F.MP4,2,2026-07-13T10:35:17+00:00,40.8126261,-96.7070801,8.49,mph,active,0.0,-0.28800000000000003,,g (estimated)
20260713053515_000206F.MP4,3,2026-07-13T10:35:18+00:00,40.812675,-96.7070801,10.12,mph,active,0.0,-0.24,,g (estimated)
20260713053515_000206F.MP4,4,2026-07-13T10:35:19+00:00,40.8127279,-96.7070801,11.92,mph,active,0.0,-0.192,,g (estimated)
20260713053515_000206F.MP4,5,2026-07-13T10:35:20+00:00,40.8127889,-96.7070801,13.89,mph,active,0.0,-0.24,,g (estimated)
20260713053515_000206F.MP4,6,2026-07-13T10:35:21+00:00,40.8128581,-96.7070801,15.03,mph,active,0.0,-0.192,,g (estimated)
20260713053515_000206F.MP4,7,2026-07-13T10:35:22+00:00,40.8129272,-96.7070801,15.74,mph,active,0.096,-0.192,,g (estimated)
20260713053515_000206F.MP4,8,2026-07-13T10:35:23+00:00,40.8129964,-96.7070801,16.2,mph,active,-0.048,-0.24,,g (estimated)
20260713053515_000206F.MP4,9,2026-07-13T10:35:24+00:00,40.8130656,-96.7070801,16.19,mph,active,0.0,-0.048,,g (estimated)
20260713053515_000206F.MP4,10,2026-07-13T10:35:25+00:00,40.8131388,-96.7070801,16.15,mph,active,-0.096,0.0,,g (estimated)
20260713053515_000206F.MP4,11,2026-07-13T10:35:26+00:00,40.8131999,-96.7070964,15.15,mph,active,-0.048,0.0,,g (estimated)
20260713053515_000206F.MP4,12,2026-07-13T10:35:27+00:00,40.8132568,-96.7070964,13.02,mph,active,0.0,0.0,,g (estimated)
20260713053515_000206F.MP4,13,2026-07-13T10:35:28+00:00,40.8133097,-96.7070964,10.14,mph,active,-0.048,0.0,,g (estimated)
20260713053515_000206F.MP4,14,2026-07-13T10:35:29+00:00,40.8133464,-96.7070964,6.49,mph,active,0.0,-0.048,,g (estimated)
20260713053515_000206F.MP4,15,2026-07-13T10:35:30+00:00,40.8133708,-96.7070964,3.38,mph,active,0.0,-0.096,,g (estimated)
20260713053515_000206F.MP4,16,2026-07-13T10:35:31+00:00,40.813383,-96.7071126,0.0,mph,active,0.0,-0.14400000000000002,,g (estimated)
20260713053515_000206F.MP4,17,2026-07-13T10:35:32+00:00,40.813383,-96.7071126,0.0,mph,active,-0.048,-0.14400000000000002,,g (estimated)
20260713053515_000206F.MP4,18,2026-07-13T10:35:33+00:00,40.813383,-96.7071126,0.0,mph,active,-0.048,-0.14400000000000002,,g (estimated)
20260713053515_000206F.MP4,19,2026-07-13T10:35:34+00:00,40.813383,-96.7071126,0.0,mph,active,-0.048,-0.192,,g (estimated)
20260713053515_000206F.MP4,20,2026-07-13T10:35:35+00:00,40.813387,-96.7071126,0.0,mph,active,-0.048,-0.14400000000000002,,g (estimated)
20260713053515_000206F.MP4,21,2026-07-13T10:35:36+00:00,40.8133911,-96.7071126,0.0,mph,active,0.0,-0.192,,g (estimated)
20260713053515_000206F.MP4,22,2026-07-13T10:35:37+00:00,40.8133952,-96.7071126,0.0,mph,active,-0.048,-0.192,,g (estimated)
20260713053515_000206F.MP4,23,2026-07-13T10:35:38+00:00,40.8133952,-96.7071126,0.0,mph,active,-0.048,-0.192,,g (estimated)
20260713053515_000206F.MP4,24,2026-07-13T10:35:39+00:00,40.8133993,-96.7071126,0.0,mph,active,-0.048,-0.192,,g (estimated)
20260713053515_000206F.MP4,25,2026-07-13T10:35:40+00:00,40.8134033,-96.7071126,0.0,mph,active,-0.048,-0.14400000000000002,,g (estimated)
20260713053515_000206F.MP4,26,2026-07-13T10:35:41+00:00,40.8134074,-96.7071289,0.0,mph,active,-0.048,-0.14400000000000002,,g (estimated)
20260713053515_000206F.MP4,27,2026-07-13T10:35:42+00:00,40.8134115,-96.7071289,0.0,mph,active,-0.048,-0.14400000000000002,,g (estimated)
20260713053515_000206F.MP4,28,2026-07-13T10:35:43+00:00,40.8134115,-96.7071289,0.0,mph,active,0.0,-0.14400000000000002,,g (estimated)
20260713053515_000206F.MP4,29,2026-07-13T10:35:44+00:00,40.8134196,-96.7071289,0.0,mph,active,-0.048,-0.14400000000000002,,g (estimated)
20260713053515_000206F.MP4,30,2026-07-13T10:35:45+00:00,40.8134196,-96.7071289,0.0,mph,active,-0.048,-0.14400000000000002,,g (estimated)
20260713053515_000206F.MP4,31,2026-07-13T10:35:46+00:00,40.8134237,-96.7071289,0.0,mph,active,0.0,-0.14400000000000002,,g (estimated)
20260713053515_000206F.MP4,32,2026-07-13T10:35:47+00:00,40.8134277,-96.7071289,0.0,mph,active,-0.048,-0.192,,g (estimated)
20260713053515_000206F.MP4,33,2026-07-13T10:35:48+00:00,40.8134318,-96.7071289,0.0,mph,active,-0.048,-0.14400000000000002,,g (estimated)
20260713053515_000206F.MP4,34,2026-07-13T10:35:49+00:00,40.8134359,-96.7071289,0.0,mph,active,-0.048,-0.14400000000000002,,g (estimated)
20260713053515_000206F.MP4,35,2026-07-13T10:35:50+00:00,40.8134359,-96.7071452,0.0,mph,active,-0.048,-0.14400000000000002,,g (estimated)
20260713053515_000206F.MP4,36,2026-07-13T10:35:51+00:00,40.8134399,-96.7071452,0.0,mph,active,0.0,-0.192,,g (estimated)
20260713053515_000206F.MP4,37,2026-07-13T10:35:52+00:00,40.8134399,-96.7071452,0.0,mph,active,-0.048,-0.14400000000000002,,g (estimated)
20260713053515_000206F.MP4,38,2026-07-13T10:35:53+00:00,40.813444,-96.7071452,0.0,mph,active,0.0,-0.14400000000000002,,g (estimated)
20260713053515_000206F.MP4,39,2026-07-13T10:35:54+00:00,40.8134481,-96.7071452,0.0,mph,active,-0.048,-0.14400000000000002,,g (estimated)
20260713053515_000206F.MP4,40,2026-07-13T10:35:55+00:00,40.8134481,-96.7071452,0.0,mph,active,0.0,-0.14400000000000002,,g (estimated)
20260713053515_000206F.MP4,41,2026-07-13T10:35:56+00:00,40.8134521,-96.7071452,0.0,mph,active,0.0,-0.192,,g (estimated)
20260713053515_000206F.MP4,42,2026-07-13T10:35:57+00:00,40.8134562,-96.7071452,0.0,mph,active,0.0,-0.14400000000000002,,g (estimated)
20260713053515_000206F.MP4,43,2026-07-13T10:35:58+00:00,40.8134603,-96.7071452,0.0,mph,active,0.0,-0.14400000000000002,,g (estimated)
20260713053515_000206F.MP4,44,2026-07-13T10:35:59+00:00,40.8134603,-96.7071452,0.0,mph,active,-0.048,-0.14400000000000002,,g (estimated)
20260713053515_000206F.MP4,45,2026-07-13T10:36:00+00:00,40.8134644,-96.7071452,0.0,mph,active,0.0,-0.192,,g (estimated)
20260713053515_000206F.MP4,46,2026-07-13T10:36:01+00:00,40.8134684,-96.7071452,0.0,mph,active,-0.048,-0.192,,g (estimated)
20260713053515_000206F.MP4,47,2026-07-13T10:36:02+00:00,40.8134684,-96.7071452,0.0,mph,active,-0.048,-0.384,,g (estimated)
20260713053515_000206F.MP4,48,2026-07-13T10:36:03+00:00,40.8134725,-96.7071452,1.48,mph,active,-0.048,-0.28800000000000003,,g (estimated)
20260713053515_000206F.MP4,49,2026-07-13T10:36:04+00:00,40.8134806,-96.7071289,5.27,mph,active,0.0,-0.336,,g (estimated)
20260713053515_000206F.MP4,50,2026-07-13T10:36:05+00:00,40.8135132,-96.7071289,6.86,mph,active,-0.048,-0.384,,g (estimated)
20260713053515_000206F.MP4,51,2026-07-13T10:36:06+00:00,40.8135539,-96.7071452,8.09,mph,active,0.0,-0.28800000000000003,,g (estimated)
20260713053515_000206F.MP4,52,2026-07-13T10:36:07+00:00,40.8136068,-96.7071452,11.32,mph,active,0.0,-0.192,,g (estimated)
20260713053515_000206F.MP4,53,2026-07-13T10:36:08+00:00,40.8136841,-96.7071452,14.19,mph,active,0.0,-0.14400000000000002,,g (estimated)
20260713053515_000206F.MP4,54,2026-07-13T10:36:09+00:00,40.8137614,-96.7071452,15.76,mph,active,-0.048,-0.192,,g (estimated)
20260713053515_000206F.MP4,55,2026-07-13T10:36:10+00:00,40.8138428,-96.7071452,18.14,mph,active,-0.048,-0.24,,g (estimated)
20260713053515_000206F.MP4,56,2026-07-13T10:36:11+00:00,40.8139364,-96.7071452,20.13,mph,active,-0.14400000000000002,-0.192,,g (estimated)
20260713053515_000206F.MP4,57,2026-07-13T10:36:12+00:00,40.8140299,-96.7071289,20.46,mph,active,-0.048,-0.192,,g (estimated)
20260713053515_000206F.MP4,58,2026-07-13T10:36:13+00:00,40.8141195,-96.7071289,20.74,mph,active,-0.048,-0.192,,g (estimated)
20260713053515_000206F.MP4,59,2026-07-13T10:36:14+00:00,40.814209,-96.7071126,20.73,mph,active,-0.048,-0.192,,g (estimated)
20260713053615_000207F.MP4,0,2026-07-13T10:36:15+00:00,40.8143026,-96.7070964,21.1,mph,active,0.0,-0.192,,g (estimated)
20260713053615_000207F.MP4,1,2026-07-13T10:36:16+00:00,40.8144002,-96.7070801,21.77,mph,active,-0.192,-0.24,,g (estimated)
20260713053615_000207F.MP4,2,2026-07-13T10:36:17+00:00,40.814502,-96.7070801,21.84,mph,active,0.14400000000000002,-0.28800000000000003,,g (estimated)
20260713053615_000207F.MP4,3,2026-07-13T10:36:18+00:00,40.8146037,-96.7070475,22.31,mph,active,-0.096,-0.192,,g (estimated)
20260713053615_000207F.MP4,4,2026-07-13T10:36:19+00:00,40.8147135,-96.7070475,22.75,mph,active,-0.048,-0.14400000000000002,,g (estimated)
20260713053615_000207F.MP4,5,2026-07-13T10:36:20+00:00,40.8148153,-96.7070312,22.73,mph,active,-0.048,-0.192,,g (estimated)
20260713053615_000207F.MP4,6,2026-07-13T10:36:21+00:00,40.8149211,-96.7070312,22.73,mph,active,0.0,-0.192,,g (estimated)
20260713053615_000207F.MP4,7,2026-07-13T10:36:22+00:00,40.8150269,-96.7070312,22.72,mph,active,0.0,-0.096,,g (estimated)
20260713053615_000207F.MP4,8,2026-07-13T10:36:23+00:00,40.8151286,-96.7070312,22.71,mph,active,0.0,-0.14400000000000002,,g (estimated)
20260713053615_000207F.MP4,9,2026-07-13T10:36:24+00:00,40.8152303,-96.7070475,21.58,mph,active,0.0,-0.096,,g (estimated)
20260713053615_000207F.MP4,10,2026-07-13T10:36:25+00:00,40.815328,-96.7070475,21.17,mph,active,0.0,-0.192,,g (estimated)
20260713053615_000207F.MP4,11,2026-07-13T10:36:26+00:00,40.8153971,-96.7070801,21.12,mph,active,0.096,-0.048,,g (estimated)
20260713053615_000207F.MP4,12,2026-07-13T10:36:27+00:00,40.8154989,-96.7070801,22.5,mph,active,0.0,-0.048,,g (estimated)
20260713053615_000207F.MP4,13,2026-07-13T10:36:28+00:00,40.8156128,-96.7070964,22.93,mph,active,-0.096,-0.192,,g (estimated)
20260713053615_000207F.MP4,14,2026-07-13T10:36:29+00:00,40.8157186,-96.7070964,22.66,mph,active,-0.14400000000000002,-0.192,,g (estimated)
20260713053615_000207F.MP4,15,2026-07-13T10:36:30+00:00,40.8158285,-96.7070964,23.1,mph,active,-0.14400000000000002,-0.384,,g (estimated)
20260713053615_000207F.MP4,16,2026-07-13T10:36:31+00:00,40.8159383,-96.7070964,23.16,mph,active,-0.096,-0.24,,g (estimated)
20260713053615_000207F.MP4,17,2026-07-13T10:36:32+00:00,40.8160522,-96.7070964,23.99,mph,active,-0.14400000000000002,-0.096,,g (estimated)
20260713053615_000207F.MP4,18,2026-07-13T10:36:33+00:00,40.8161621,-96.7070801,23.59,mph,active,0.0,-0.14400000000000002,,g (estimated)
20260713053615_000207F.MP4,19,2026-07-13T10:36:34+00:00,40.8162801,-96.7070801,23.65,mph,active,0.0,-0.192,,g (estimated)
20260713053615_000207F.MP4,20,2026-07-13T10:36:35+00:00,40.8163981,-96.7070638,24.54,mph,active,-0.192,-0.192,,g (estimated)
20260713053615_000207F.MP4,21,2026-07-13T10:36:36+00:00,40.8165161,-96.7070638,24.84,mph,active,-0.096,-0.192,,g (estimated)
20260713053615_000207F.MP4,22,2026-07-13T10:36:37+00:00,40.8166341,-96.7070475,23.9,mph,active,-0.048,-0.14400000000000002,,g (estimated)
20260713053615_000207F.MP4,23,2026-07-13T10:36:38+00:00,40.816748,-96.7070475,23.94,mph,active,0.048,-0.192,,g (estimated)
20260713053615_000207F.MP4,24,2026-07-13T10:36:39+00:00,40.816866,-96.7070475,24.45,mph,active,0.048,-0.14400000000000002,,g (estimated)
20260713053615_000207F.MP4,25,2026-07-13T10:36:40+00:00,40.81698,-96.7070475,24.65,mph,active,-0.048,-0.192,,g (estimated)
20260713053615_000207F.MP4,26,2026-07-13T10:36:41+00:00,40.8171021,-96.7070638,24.6,mph,active,-0.048,-0.28800000000000003,,g (estimated)
20260713053615_000207F.MP4,27,2026-07-13T10:36:42+00:00,40.8172201,-96.7070964,24.8,mph,active,0.0,-0.14400000000000002,,g (estimated)
20260713053615_000207F.MP4,28,2026-07-13T10:36:43+00:00,40.8173381,-96.7071289,25.51,mph,active,-0.048,-0.192,,g (estimated)
20260713053615_000207F.MP4,29,2026-07-13T10:36:44+00:00,40.817452,-96.7071615,25.79,mph,active,-0.048,-0.24,,g (estimated)
20260713053615_000207F.MP4,30,2026-07-13T10:36:45+00:00,40.8175618,-96.7072103,25.6,mph,active,-0.048,-0.096,,g (estimated)
20260713053615_000207F.MP4,31,2026-07-13T10:36:46+00:00,40.8176717,-96.7072754,26.07,mph,active,-0.048,-0.192,,g (estimated)
20260713053615_000207F.MP4,32,2026-07-13T10:36:47+00:00,40.8177816,-96.7073405,26.14,mph,active,-0.048,-0.096,,g (estimated)
20260713053615_000207F.MP4,33,2026-07-13T10:36:48+00:00,40.8178955,-96.7074219,26.93,mph,active,-0.096,-0.096,,g (estimated)
20260713053615_000207F.MP4,34,2026-07-13T10:36:49+00:00,40.8180135,-96.707487,27.19,mph,active,0.0,-0.14400000000000002,,g (estimated)
20260713053615_000207F.MP4,35,2026-07-13T10:36:50+00:00,40.8181315,-96.7075521,27.21,mph,active,0.0,0.0,,g (estimated)
20260713053615_000207F.MP4,36,2026-07-13T10:36:51+00:00,40.8182454,-96.7076172,27.02,mph,active,0.0,-0.096,,g (estimated)
20260713053615_000207F.MP4,37,2026-07-13T10:36:52+00:00,40.8183594,-96.7076823,26.13,mph,active,-0.048,-0.192,,g (estimated)
20260713053615_000207F.MP4,38,2026-07-13T10:36:53+00:00,40.8184652,-96.7077474,25.93,mph,active,-0.048,-0.096,,g (estimated)
20260713053615_000207F.MP4,39,2026-07-13T10:36:54+00:00,40.818575,-96.7078125,25.87,mph,active,-0.048,-0.14400000000000002,,g (estimated)
20260713053615_000207F.MP4,40,2026-07-13T10:36:55+00:00,40.8186808,-96.7078939,25.89,mph,active,-0.096,-0.192,,g (estimated)
20260713053615_000207F.MP4,41,2026-07-13T10:36:56+00:00,40.8187866,-96.707959,25.9,mph,active,-0.096,-0.192,,g (estimated)
20260713053615_000207F.MP4,42,2026-07-13T10:36:57+00:00,40.8188965,-96.7080241,25.67,mph,active,-0.096,0.0,,g (estimated)
20260713053615_000207F.MP4,43,2026-07-13T10:36:58+00:00,40.8190063,-96.7080892,25.37,mph,active,-0.048,-0.096,,g (estimated)
20260713053615_000207F.MP4,44,2026-07-13T10:36:59+00:00,40.8191162,-96.708138,25.35,mph,active,0.0,-0.192,,g (estimated)
20260713053615_000207F.MP4,45,2026-07-13T10:37:00+00:00,40.8192301,-96.7082031,25.55,mph,active,-0.048,-0.048,,g (estimated)
20260713053615_000207F.MP4,46,2026-07-13T10:37:01+00:00,40.81934,-96.7082357,25.37,mph,active,-0.096,-0.096,,g (estimated)
20260713053615_000207F.MP4,47,2026-07-13T10:37:02+00:00,40.8194539,-96.7082845,25.79,mph,active,-0.048,-0.096,,g (estimated)
20260713053615_000207F.MP4,48,2026-07-13T10:37:03+00:00,40.8195719,-96.7083171,25.75,mph,active,-0.096,-0.048,,g (estimated)
20260713053615_000207F.MP4,49,2026-07-13T10:37:04+00:00,40.8196899,-96.7083333,25.28,mph,active,0.0,-0.14400000000000002,,g (estimated)
20260713053615_000207F.MP4,50,2026-07-13T10:37:05+00:00,40.8198039,-96.7083496,24.61,mph,active,0.0,0.0,,g (estimated)
20260713053615_000207F.MP4,51,2026-07-13T10:37:06+00:00,40.8199137,-96.7083659,23.92,mph,active,-0.096,-0.192,,g (estimated)
20260713053615_000207F.MP4,52,2026-07-13T10:37:07+00:00,40.8200236,-96.7083822,23.92,mph,active,0.0,-0.28800000000000003,,g (estimated)
20260713053615_000207F.MP4,53,2026-07-13T10:37:08+00:00,40.8201335,-96.7083984,23.96,mph,active,-0.096,-0.14400000000000002,,g (estimated)
20260713053615_000207F.MP4,54,2026-07-13T10:37:09+00:00,40.8202433,-96.7083984,24.43,mph,active,-0.048,0.0,,g (estimated)
20260713053615_000207F.MP4,55,2026-07-13T10:37:10+00:00,40.8203532,-96.7083984,24.85,mph,active,-0.048,-0.096,,g (estimated)
20260713053615_000207F.MP4,56,2026-07-13T10:37:11+00:00,40.8204712,-96.7083984,24.86,mph,active,-0.192,-0.192,,g (estimated)
20260713053615_000207F.MP4,57,2026-07-13T10:37:12+00:00,40.8205851,-96.7083984,24.91,mph,active,0.0,-0.14400000000000002,,g (estimated)
20260713053615_000207F.MP4,58,2026-07-13T10:37:13+00:00,40.8206991,-96.7083822,24.51,mph,active,-0.14400000000000002,-0.192,,g (estimated)
20260713053615_000207F.MP4,59,2026-07-13T10:37:14+00:00,40.8208089,-96.7083659,24.03,mph,active,-0.14400000000000002,-0.14400000000000002,,g (estimated)
20260713053715_000208F.MP4,0,2026-07-13T10:37:15+00:00,40.8209188,-96.7083333,23.38,mph,active,-0.14400000000000002,-0.192,,g (estimated)
20260713053715_000208F.MP4,1,2026-07-13T10:37:16+00:00,40.8210286,-96.7083008,23.36,mph,active,-0.048,-0.192,,g (estimated)
20260713053715_000208F.MP4,2,2026-07-13T10:37:17+00:00,40.8211344,-96.708252,22.87,mph,active,-0.048,-0.048,,g (estimated)
20260713053715_000208F.MP4,3,2026-07-13T10:37:18+00:00,40.8212321,-96.7082031,22.55,mph,active,-0.14400000000000002,-0.28800000000000003,,g (estimated)
20260713053715_000208F.MP4,4,2026-07-13T10:37:19+00:00,40.8213298,-96.7081543,22.56,mph,active,-0.048,-0.192,,g (estimated)
20260713053715_000208F.MP4,5,2026-07-13T10:37:20+00:00,40.8214274,-96.7080892,22.34,mph,active,0.0,-0.048,,g (estimated)
20260713053715_000208F.MP4,6,2026-07-13T10:37:21+00:00,40.8215251,-96.7080241,22.68,mph,active,-0.048,-0.14400000000000002,,g (estimated)
20260713053715_000208F.MP4,7,2026-07-13T10:37:22+00:00,40.8216187,-96.707959,22.32,mph,active,-0.096,-0.096,,g (estimated)
20260713053715_000208F.MP4,8,2026-07-13T10:37:23+00:00,40.8217082,-96.7078939,21.7,mph,active,-0.048,0.0,,g (estimated)
20260713053715_000208F.MP4,9,2026-07-13T10:37:24+00:00,40.8217977,-96.7078451,20.01,mph,active,-0.048,0.0,,g (estimated)
20260713053715_000208F.MP4,10,2026-07-13T10:37:25+00:00,40.821875,-96.7077799,17.34,mph,active,-0.14400000000000002,0.0,,g (estimated)
20260713053715_000208F.MP4,11,2026-07-13T10:37:26+00:00,40.8219401,-96.7077311,14.85,mph,active,-0.096,-0.096,,g (estimated)
20260713053715_000208F.MP4,12,2026-07-13T10:37:27+00:00,40.821993,-96.7076823,12.82,mph,active,-0.14400000000000002,-0.14400000000000002,,g (estimated)
20260713053715_000208F.MP4,13,2026-07-13T10:37:28+00:00,40.8220296,-96.7076335,11.46,mph,active,-0.096,-0.28800000000000003,,g (estimated)
20260713053715_000208F.MP4,14,2026-07-13T10:37:29+00:00,40.8220622,-96.7075846,11.52,mph,active,0.0,-0.192,,g (estimated)
20260713053715_000208F.MP4,15,2026-07-13T10:37:30+00:00,40.8220907,-96.7075195,13.21,mph,active,0.0,-0.28800000000000003,,g (estimated)
20260713053715_000208F.MP4,16,2026-07-13T10:37:31+00:00,40.8221232,-96.7074544,13.9,mph,active,0.0,-0.192,,g (estimated)
20260713053715_000208F.MP4,17,2026-07-13T10:37:32+00:00,40.822168,-96.7073893,15.34,mph,active,0.048,-0.336,,g (estimated)
20260713053715_000208F.MP4,18,2026-07-13T10:37:33+00:00,40.8222249,-96.7073242,16.71,mph,active,0.0,-0.24,,g (estimated)
20260713053715_000208F.MP4,19,2026-07-13T10:37:34+00:00,40.82229,-96.7072591,18.35,mph,active,-0.048,-0.24,,g (estimated)
20260713053715_000208F.MP4,20,2026-07-13T10:37:35+00:00,40.8223592,-96.7072103,19.84,mph,active,0.0,-0.24,,g (estimated)
20260713053715_000208F.MP4,21,2026-07-13T10:37:36+00:00,40.8224406,-96.7071452,20.76,mph,active,-0.096,-0.096,,g (estimated)
20260713053715_000208F.MP4,22,2026-07-13T10:37:37+00:00,40.8225179,-96.7070638,21.95,mph,active,-0.096,-0.14400000000000002,,g (estimated)
20260713053715_000208F.MP4,23,2026-07-13T10:37:38+00:00,40.8225993,-96.7069824,22.54,mph,active,-0.14400000000000002,-0.24,,g (estimated)
20260713053715_000208F.MP4,24,2026-07-13T10:37:39+00:00,40.8226807,-96.7068848,22.84,mph,active,-0.28800000000000003,-0.24,,g (estimated)
20260713053715_000208F.MP4,25,2026-07-13T10:37:40+00:00,40.8227498,-96.7067871,23.48,mph,active,-0.096,-0.28800000000000003,,g (estimated)
20260713053715_000208F.MP4,26,2026-07-13T10:37:41+00:00,40.8228231,-96.7066732,24.2,mph,active,-0.192,-0.192,,g (estimated)
20260713053715_000208F.MP4,27,2026-07-13T10:37:42+00:00,40.8228882,-96.706543,24.9,mph,active,-0.048,-0.14400000000000002,,g (estimated)
20260713053715_000208F.MP4,28,2026-07-13T10:37:43+00:00,40.8229574,-96.706429,25.22,mph,active,-0.048,-0.192,,g (estimated)
20260713053715_000208F.MP4,29,2026-07-13T10:37:44+00:00,40.8230265,-96.7062988,25.69,mph,active,0.0,-0.14400000000000002,,g (estimated)
20260713053715_000208F.MP4,30,2026-07-13T10:37:45+00:00,40.8230916,-96.7061686,26.18,mph,active,0.0,-0.192,,g (estimated)
20260713053715_000208F.MP4,31,2026-07-13T10:37:46+00:00,40.8231649,-96.7060221,26.71,mph,active,-0.048,-0.192,,g (estimated)
20260713053715_000208F.MP4,32,2026-07-13T10:37:47+00:00,40.823234,-96.7058919,26.97,mph,active,0.0,-0.24,,g (estimated)
20260713053715_000208F.MP4,33,2026-07-13T10:37:48+00:00,40.8233073,-96.7057454,27.48,mph,active,0.0,-0.096,,g (estimated)
20260713053715_000208F.MP4,34,2026-07-13T10:37:49+00:00,40.8233805,-96.7056152,27.55,mph,active,-0.096,-0.14400000000000002,,g (estimated)
20260713053715_000208F.MP4,35,2026-07-13T10:37:50+00:00,40.8234538,-96.7054687,27.34,mph,active,0.0,-0.096,,g (estimated)
20260713053715_000208F.MP4,36,2026-07-13T10:37:51+00:00,40.823527,-96.7053385,27.62,mph,active,-0.048,-0.14400000000000002,,g (estimated)
20260713053715_000208F.MP4,37,2026-07-13T10:37:52+00:00,40.8236003,-96.7052083,26.31,mph,active,0.0,-0.192,,g (estimated)
20260713053715_000208F.MP4,38,2026-07-13T10:37:53+00:00,40.8236694,-96.7050781,26.13,mph,active,0.0,-0.14400000000000002,,g (estimated)
20260713053715_000208F.MP4,39,2026-07-13T10:37:54+00:00,40.8237386,-96.7049316,26.07,mph,active,-0.048,-0.14400000000000002,,g (estimated)
20260713053715_000208F.MP4,40,2026-07-13T10:37:55+00:00,40.8238037,-96.7048014,25.89,mph,active,-0.048,-0.096,,g (estimated)
20260713053715_000208F.MP4,41,2026-07-13T10:37:56+00:00,40.8238729,-96.7046712,26.23,mph,active,-0.048,-0.192,,g (estimated)
20260713053715_000208F.MP4,42,2026-07-13T10:37:57+00:00,40.823938,-96.704541,26.47,mph,active,0.0,-0.24,,g (estimated)
20260713053715_000208F.MP4,43,2026-07-13T10:37:58+00:00,40.8240072,-96.7044108,26.73,mph,active,-0.048,-0.14400000000000002,,g (estimated)
20260713053715_000208F.MP4,44,2026-07-13T10:37:59+00:00,40.8240804,-96.7042643,26.89,mph,active,-0.096,-0.192,,g (estimated)
20260713053715_000208F.MP4,45,2026-07-13T10:38:00+00:00,40.8241496,-96.7041341,26.61,mph,active,0.0,-0.14400000000000002,,g (estimated)
20260713053715_000208F.MP4,46,2026-07-13T10:38:01+00:00,40.8242228,-96.7040039,26.65,mph,active,-0.048,-0.14400000000000002,,g (estimated)
20260713053715_000208F.MP4,47,2026-07-13T10:38:02+00:00,40.824292,-96.7038737,26.87,mph,active,-0.048,-0.14400000000000002,,g (estimated)
20260713053715_000208F.MP4,48,2026-07-13T10:38:03+00:00,40.8243652,-96.7037272,26.91,mph,active,-0.048,-0.096,,g (estimated)
20260713053715_000208F.MP4,49,2026-07-13T10:38:04+00:00,40.8244344,-96.703597,26.9,mph,active,-0.048,-0.14400000000000002,,g (estimated)
20260713053715_000208F.MP4,50,2026-07-13T10:38:05+00:00,40.8245076,-96.7034668,26.7,mph,active,0.0,-0.24,,g (estimated)
20260713053715_000208F.MP4,51,2026-07-13T10:38:06+00:00,40.8245768,-96.7033366,26.69,mph,active,-0.096,-0.28800000000000003,,g (estimated)
20260713053715_000208F.MP4,52,2026-07-13T10:38:07+00:00,40.824646,-96.7031901,26.64,mph,active,-0.048,-0.192,,g (estimated)
20260713053715_000208F.MP4,53,2026-07-13T10:38:08+00:00,40.8247152,-96.7030599,26.7,mph,active,0.0,-0.14400000000000002,,g (estimated)
20260713053715_000208F.MP4,54,2026-07-13T10:38:09+00:00,40.8247843,-96.7029297,27.05,mph,active,-0.096,-0.28800000000000003,,g (estimated)
20260713053715_000208F.MP4,55,2026-07-13T10:38:10+00:00,40.8248535,-96.7027832,26.88,mph,active,0.0,-0.192,,g (estimated)
20260713053715_000208F.MP4,56,2026-07-13T10:38:11+00:00,40.8249268,-96.7026367,28.42,mph,active,-0.096,-0.192,,g (estimated)
20260713053715_000208F.MP4,57,2026-07-13T10:38:12+00:00,40.825,-96.7024902,28.63,mph,active,-0.28800000000000003,-0.14400000000000002,,g (estimated)
20260713053715_000208F.MP4,58,2026-07-13T10:38:13+00:00,40.8250651,-96.7023437,28.1,mph,active,0.0,-0.14400000000000002,,g (estimated)
20260713053715_000208F.MP4,59,2026-07-13T10:38:14+00:00,40.8251302,-96.7021973,27.72,mph,active,0.0,0.0,,g (estimated)
20260713053815_000209F.MP4,0,2026-07-13T10:38:15+00:00,40.8251912,-96.7020508,28.66,mph,active,-0.096,0.24,,g (estimated)
20260713053815_000209F.MP4,1,2026-07-13T10:38:16+00:00,40.8252523,-96.7019043,22.49,mph,active,-0.096,0.14400000000000002,,g (estimated)
20260713053815_000209F.MP4,2,2026-07-13T10:38:17+00:00,40.8253052,-96.7018066,19.83,mph,active,-0.048,0.14400000000000002,,g (estimated)
20260713053815_000209F.MP4,3,2026-07-13T10:38:18+00:00,40.8253459,-96.7017253,15.14,mph,active,0.0,0.0,,g (estimated)
20260713053815_000209F.MP4,4,2026-07-13T10:38:19+00:00,40.8253703,-96.7016764,9.48,mph,active,-0.048,-0.192,,g (estimated)
20260713053815_000209F.MP4,5,2026-07-13T10:38:20+00:00,40.8253743,-96.7016764,3.95,mph,active,-0.048,-0.192,,g (estimated)
20260713053815_000209F.MP4,6,2026-07-13T10:38:21+00:00,40.8253703,-96.7016927,0.0,mph,active,-0.048,-0.192,,g (estimated)
20260713053815_000209F.MP4,7,2026-07-13T10:38:22+00:00,40.8253662,-96.7016927,0.0,mph,active,-0.048,-0.14400000000000002,,g (estimated)
20260713053815_000209F.MP4,8,2026-07-13T10:38:23+00:00,40.8253621,-96.7016927,0.0,mph,active,-0.048,-0.192,,g (estimated)
20260713053815_000209F.MP4,9,2026-07-13T10:38:24+00:00,40.8253581,-96.7016927,0.0,mph,active,0.0,-0.14400000000000002,,g (estimated)
20260713053815_000209F.MP4,10,2026-07-13T10:38:25+00:00,40.8253581,-96.7016927,0.0,mph,active,-0.048,-0.14400000000000002,,g (estimated)
20260713053815_000209F.MP4,11,2026-07-13T10:38:26+00:00,40.8253581,-96.7016927,0.0,mph,active,-0.048,-0.192,,g (estimated)
20260713053815_000209F.MP4,12,2026-07-13T10:38:27+00:00,40.8253581,-96.701709,0.0,mph,active,-0.048,-0.192,,g (estimated)
20260713053815_000209F.MP4,13,2026-07-13T10:38:28+00:00,40.8253581,-96.701709,0.0,mph,active,-0.048,-0.14400000000000002,,g (estimated)
20260713053815_000209F.MP4,14,2026-07-13T10:38:29+00:00,40.8253581,-96.701709,0.0,mph,active,-0.048,-0.14400000000000002,,g (estimated)
20260713053815_000209F.MP4,15,2026-07-13T10:38:30+00:00,40.8253581,-96.701709,0.0,mph,active,-0.048,-0.192,,g (estimated)
20260713053815_000209F.MP4,16,2026-07-13T10:38:31+00:00,40.8253581,-96.701709,0.0,mph,active,-0.048,-0.192,,g (estimated)
20260713053815_000209F.MP4,17,2026-07-13T10:38:32+00:00,40.8253581,-96.701709,0.0,mph,active,-0.048,-0.192,,g (estimated)
20260713053815_000209F.MP4,18,2026-07-13T10:38:33+00:00,40.825354,-96.701709,0.0,mph,active,-0.048,-0.192,,g (estimated)
20260713053815_000209F.MP4,19,2026-07-13T10:38:34+00:00,40.825354,-96.701709,0.0,mph,active,-0.048,-0.192,,g (estimated)
20260713053815_000209F.MP4,20,2026-07-13T10:38:35+00:00,40.825354,-96.701709,0.0,mph,active,-0.048,-0.14400000000000002,,g (estimated)
20260713053815_000209F.MP4,21,2026-07-13T10:38:36+00:00,40.8253499,-96.701709,0.0,mph,active,-0.048,-0.192,,g (estimated)
20260713053815_000209F.MP4,22,2026-07-13T10:38:37+00:00,40.8253499,-96.701709,0.0,mph,active,-0.048,-0.14400000000000002,,g (estimated)
20260713053815_000209F.MP4,23,2026-07-13T10:38:38+00:00,40.8253499,-96.701709,0.0,mph,active,-0.048,-0.14400000000000002,,g (estimated)
20260713053815_000209F.MP4,24,2026-07-13T10:38:39+00:00,40.8253499,-96.701709,0.0,mph,active,-0.048,-0.14400000000000002,,g (estimated)
20260713053815_000209F.MP4,25,2026-07-13T10:38:40+00:00,40.8253499,-96.701709,0.0,mph,active,-0.048,-0.24,,g (estimated)
20260713053815_000209F.MP4,26,2026-07-13T10:38:41+00:00,40.8253499,-96.701709,0.0,mph,active,-0.048,-0.384,,g (estimated)
20260713053815_000209F.MP4,27,2026-07-13T10:38:42+00:00,40.8253499,-96.701709,0.0,mph,active,-0.048,-0.432,,g (estimated)
20260713053815_000209F.MP4,28,2026-07-13T10:38:43+00:00,40.825354,-96.701709,5.49,mph,active,0.0,-0.28800000000000003,,g (estimated)
20260713053815_000209F.MP4,29,2026-07-13T10:38:44+00:00,40.8253784,-96.7016764,8.78,mph,active,-0.048,-0.336,,g (estimated)
20260713053815_000209F.MP4,30,2026-07-13T10:38:45+00:00,40.8254069,-96.7016113,12.09,mph,active,-0.096,-0.384,,g (estimated)
20260713053815_000209F.MP4,31,2026-07-13T10:38:46+00:00,40.8254476,-96.7015299,15.22,mph,active,-0.048,-0.336,,g (estimated)
20260713053815_000209F.MP4,32,2026-07-13T10:38:47+00:00,40.8254964,-96.7014486,18.95,mph,active,-0.048,-0.384,,g (estimated)
20260713053815_000209F.MP4,33,2026-07-13T10:38:48+00:00,40.8255534,-96.7013509,21.48,mph,active,-0.048,-0.336,,g (estimated)
20260713053815_000209F.MP4,34,2026-07-13T10:38:49+00:00,40.8256185,-96.7012207,23.31,mph,active,-0.14400000000000002,-0.384,,g (estimated)
20260713053815_000209F.MP4,35,2026-07-13T10:38:50+00:00,40.8256836,-96.7011068,25.31,mph,active,-0.048,-0.192,,g (estimated)
20260713053815_000209F.MP4,36,2026-07-13T10:38:51+00:00,40.8257487,-96.7009766,26.42,mph,active,-0.096,-0.28800000000000003,,g (estimated)
20260713053815_000209F.MP4,37,2026-07-13T10:38:52+00:00,40.8258219,-96.7008301,28.26,mph,active,0.0,-0.24,,g (estimated)
20260713053815_000209F.MP4,38,2026-07-13T10:38:53+00:00,40.8258952,-96.7006836,29.29,mph,active,0.0,-0.24,,g (estimated)
20260713053815_000209F.MP4,39,2026-07-13T10:38:54+00:00,40.8259725,-96.7005208,30.39,mph,active,0.0,-0.14400000000000002,,g (estimated)
20260713053815_000209F.MP4,40,2026-07-13T10:38:55+00:00,40.8260457,-96.7003743,30.44,mph,active,0.0,-0.192,,g (estimated)
20260713053815_000209F.MP4,41,2026-07-13T10:38:56+00:00,40.826119,-96.7002116,31.09,mph,active,-0.048,-0.14400000000000002,,g (estimated)
20260713053815_000209F.MP4,42,2026-07-13T10:38:57+00:00,40.8261922,-96.7000488,29.34,mph,active,-0.048,-0.096,,g (estimated)
20260713053815_000209F.MP4,43,2026-07-13T10:38:58+00:00,40.8262614,-96.6999023,30.42,mph,active,-0.048,-0.14400000000000002,,g (estimated)
20260713053815_000209F.MP4,44,2026-07-13T10:38:59+00:00,40.8263224,-96.6997559,26.36,mph,active,0.0,-0.048,,g (estimated)
20260713053815_000209F.MP4,45,2026-07-13T10:39:00+00:00,40.8263753,-96.6996257,23.94,mph,active,0.0,-0.096,,g (estimated)
20260713053815_000209F.MP4,46,2026-07-13T10:39:01+00:00,40.8264282,-96.6994954,23.14,mph,active,0.0,-0.048,,g (estimated)
20260713053815_000209F.MP4,47,2026-07-13T10:39:02+00:00,40.8264811,-96.6993815,20.19,mph,active,-0.048,-0.048,,g (estimated)
20260713053815_000209F.MP4,48,2026-07-13T10:39:03+00:00,40.8265259,-96.6992839,17.97,mph,active,-0.048,0.0,,g (estimated)
20260713053815_000209F.MP4,49,2026-07-13T10:39:04+00:00,40.8265666,-96.6992025,15.3,mph,active,-0.048,0.0,,g (estimated)
20260713053815_000209F.MP4,50,2026-07-13T10:39:05+00:00,40.8265991,-96.6991211,12.31,mph,active,-0.048,-0.048,,g (estimated)
20260713053815_000209F.MP4,51,2026-07-13T10:39:06+00:00,40.8266235,-96.6990723,9.28,mph,active,-0.048,-0.048,,g (estimated)
20260713053815_000209F.MP4,52,2026-07-13T10:39:07+00:00,40.8266439,-96.6990234,7.51,mph,active,-0.048,-0.048,,g (estimated)
20260713053815_000209F.MP4,53,2026-07-13T10:39:08+00:00,40.8266602,-96.6989909,5.77,mph,active,-0.048,-0.048,,g (estimated)
20260713053815_000209F.MP4,54,2026-07-13T10:39:09+00:00,40.8266642,-96.6989583,3.52,mph,active,-0.048,-0.048,,g (estimated)
20260713053815_000209F.MP4,55,2026-07-13T10:39:10+00:00,40.8266683,-96.6989421,0.0,mph,active,-0.048,-0.192,,g (estimated)
20260713053815_000209F.MP4,56,2026-07-13T10:39:11+00:00,40.8266683,-96.6989421,0.0,mph,active,-0.048,-0.192,,g (estimated)
20260713053815_000209F.MP4,57,2026-07-13T10:39:12+00:00,40.8266642,-96.6989421,0.0,mph,active,-0.048,-0.192,,g (estimated)
20260713053815_000209F.MP4,58,2026-07-13T10:39:13+00:00,40.8266642,-96.6989421,0.0,mph,active,-0.048,-0.192,,g (estimated)
20260713053815_000209F.MP4,59,2026-07-13T10:39:14+00:00,40.8266642,-96.6989421,0.0,mph,active,-0.048,-0.192,,g (estimated)
20260713053915_000210F.MP4,0,2026-07-13T10:39:15+00:00,40.8266683,-96.6989421,0.0,mph,active,-0.048,-0.192,,g (estimated)
20260713053915_000210F.MP4,1,2026-07-13T10:39:16+00:00,40.8266683,-96.6989421,0.0,mph,active,-0.048,-0.192,,g (estimated)
20260713053915_000210F.MP4,2,2026-07-13T10:39:17+00:00,40.8266683,-96.6989421,0.0,mph,active,-0.048,-0.192,,g (estimated)
20260713053915_000210F.MP4,3,2026-07-13T10:39:18+00:00,40.8266683,-96.6989421,0.0,mph,active,-0.048,-0.192,,g (estimated)
20260713053915_000210F.MP4,4,2026-07-13T10:39:19+00:00,40.8266642,-96.6989421,0.0,mph,active,-0.048,-0.14400000000000002,,g (estimated)
20260713053915_000210F.MP4,5,2026-07-13T10:39:20+00:00,40.8266642,-96.6989421,0.0,mph,active,-0.048,-0.14400000000000002,,g (estimated)
20260713053915_000210F.MP4,6,2026-07-13T10:39:21+00:00,40.8266642,-96.6989421,0.0,mph,active,-0.048,-0.192,,g (estimated)
20260713053915_000210F.MP4,7,2026-07-13T10:39:22+00:00,40.8266642,-96.6989258,0.0,mph,active,-0.048,-0.192,,g (estimated)
20260713053915_000210F.MP4,8,2026-07-13T10:39:23+00:00,40.8266642,-96.6989258,0.0,mph,active,-0.048,-0.192,,g (estimated)
20260713053915_000210F.MP4,9,2026-07-13T10:39:24+00:00,40.8266642,-96.6989258,0.0,mph,active,-0.048,-0.14400000000000002,,g (estimated)
20260713053915_000210F.MP4,10,2026-07-13T10:39:25+00:00,40.8266642,-96.6989258,0.0,mph,active,-0.048,-0.14400000000000002,,g (estimated)
20260713053915_000210F.MP4,11,2026-07-13T10:39:26+00:00,40.8266642,-96.6989258,0.0,mph,active,-0.048,-0.192,,g (estimated)
20260713053915_000210F.MP4,12,2026-07-13T10:39:27+00:00,40.8266642,-96.6989258,0.0,mph,active,-0.048,-0.192,,g (estimated)
20260713053915_000210F.MP4,13,2026-07-13T10:39:28+00:00,40.8266642,-96.6989258,0.0,mph,active,-0.048,-0.192,,g (estimated)
20260713053915_000210F.MP4,14,2026-07-13T10:39:29+00:00,40.8266642,-96.6989258,0.0,mph,active,-0.048,-0.14400000000000002,,g (estimated)
20260713053915_000210F.MP4,15,2026-07-13T10:39:30+00:00,40.8266642,-96.6989421,0.0,mph,active,-0.048,-0.14400000000000002,,g (estimated)
20260713053915_000210F.MP4,16,2026-07-13T10:39:31+00:00,40.8266642,-96.6989421,0.0,mph,active,-0.048,-0.192,,g (estimated)
20260713053915_000210F.MP4,17,2026-07-13T10:39:32+00:00,40.8266642,-96.6989421,0.0,mph,active,-0.048,-0.192,,g (estimated)
20260713053915_000210F.MP4,18,2026-07-13T10:39:33+00:00,40.8266602,-96.6989421,0.0,mph,active,0.0,-0.192,,g (estimated)
20260713053915_000210F.MP4,19,2026-07-13T10:39:34+00:00,40.8266602,-96.6989421,0.0,mph,active,-0.048,-0.192,,g (estimated)
20260713053915_000210F.MP4,20,2026-07-13T10:39:35+00:00,40.8266602,-96.6989421,0.0,mph,active,-0.048,-0.192,,g (estimated)
20260713053915_000210F.MP4,21,2026-07-13T10:39:36+00:00,40.8266642,-96.6989421,0.0,mph,active,-0.048,-0.14400000000000002,,g (estimated)
20260713053915_000210F.MP4,22,2026-07-13T10:39:37+00:00,40.8266642,-96.6989421,0.0,mph,active,-0.048,-0.192,,g (estimated)
20260713053915_000210F.MP4,23,2026-07-13T10:39:38+00:00,40.8266602,-96.6989421,0.0,mph,active,-0.048,-0.192,,g (estimated)
20260713053915_000210F.MP4,24,2026-07-13T10:39:39+00:00,40.8266602,-96.6989421,0.0,mph,active,-0.048,-0.192,,g (estimated)
20260713053915_000210F.MP4,25,2026-07-13T10:39:40+00:00,40.8266642,-96.6989421,0.0,mph,active,-0.048,-0.14400000000000002,,g (estimated)
20260713053915_000210F.MP4,26,2026-07-13T10:39:41+00:00,40.8266642,-96.6989421,0.0,mph,active,-0.048,-0.192,,g (estimated)
20260713053915_000210F.MP4,27,2026-07-13T10:39:42+00:00,40.8266642,-96.6989421,0.0,mph,active,-0.048,-0.14400000000000002,,g (estimated)
20260713053915_000210F.MP4,28,2026-07-13T10:39:43+00:00,40.8266642,-96.6989583,0.0,mph,active,-0.048,-0.192,,g (estimated)
20260713053915_000210F.MP4,29,2026-07-13T10:39:44+00:00,40.8266642,-96.6989583,0.0,mph,active,-0.048,-0.192,,g (estimated)
20260713053915_000210F.MP4,30,2026-07-13T10:39:45+00:00,40.8266642,-96.6989583,0.0,mph,active,-0.048,-0.192,,g (estimated)
20260713053915_000210F.MP4,31,2026-07-13T10:39:46+00:00,40.8266683,-96.6989583,0.0,mph,active,-0.048,-0.192,,g (estimated)
20260713053915_000210F.MP4,32,2026-07-13T10:39:47+00:00,40.8266683,-96.6989583,0.0,mph,active,-0.048,-0.192,,g (estimated)
20260713053915_000210F.MP4,33,2026-07-13T10:39:48+00:00,40.8266683,-96.6989583,0.0,mph,active,-0.048,-0.192,,g (estimated)
20260713053915_000210F.MP4,34,2026-07-13T10:39:49+00:00,40.8266683,-96.6989583,0.0,mph,active,-0.048,-0.192,,g (estimated)
20260713053915_000210F.MP4,35,2026-07-13T10:39:50+00:00,40.8266683,-96.6989583,0.0,mph,active,-0.048,-0.192,,g (estimated)
20260713053915_000210F.MP4,36,2026-07-13T10:39:51+00:00,40.8266683,-96.6989583,0.0,mph,active,-0.048,-0.192,,g (estimated)
20260713053915_000210F.MP4,37,2026-07-13T10:39:52+00:00,40.8266683,-96.6989583,0.0,mph,active,-0.048,-0.192,,g (estimated)
20260713053915_000210F.MP4,38,2026-07-13T10:39:53+00:00,40.8266683,-96.6989583,0.0,mph,active,-0.048,-0.14400000000000002,,g (estimated)
20260713053915_000210F.MP4,39,2026-07-13T10:39:54+00:00,40.8266683,-96.6989583,0.0,mph,active,-0.048,-0.192,,g (estimated)
20260713053915_000210F.MP4,40,2026-07-13T10:39:55+00:00,40.8266683,-96.6989583,0.0,mph,active,-0.048,-0.192,,g (estimated)
20260713053915_000210F.MP4,41,2026-07-13T10:39:56+00:00,40.8266683,-96.6989583,0.0,mph,active,-0.048,-0.192,,g (estimated)
20260713053915_000210F.MP4,42,2026-07-13T10:39:57+00:00,40.8266724,-96.6989583,0.0,mph,active,0.0,-0.192,,g (estimated)
20260713053915_000210F.MP4,43,2026-07-13T10:39:58+00:00,40.8266724,-96.6989583,0.0,mph,active,-0.048,-0.192,,g (estimated)
20260713053915_000210F.MP4,44,2026-07-13T10:39:59+00:00,40.8266724,-96.6989583,0.0,mph,active,-0.048,-0.192,,g (estimated)
20260713053915_000210F.MP4,45,2026-07-13T10:40:00+00:00,40.8266724,-96.6989583,0.0,mph,active,-0.048,-0.192,,g (estimated)
20260713053915_000210F.MP4,46,2026-07-13T10:40:01+00:00,40.8266724,-96.6989583,0.0,mph,active,-0.048,-0.192,,g (estimated)
20260713053915_000210F.MP4,47,2026-07-13T10:40:02+00:00,40.8266724,-96.6989583,0.0,mph,active,-0.048,-0.14400000000000002,,g (estimated)
20260713053915_000210F.MP4,48,2026-07-13T10:40:03+00:00,40.8266724,-96.6989583,0.0,mph,active,-0.048,-0.192,,g (estimated)
20260713053915_000210F.MP4,49,2026-07-13T10:40:04+00:00,40.8266724,-96.6989583,0.0,mph,active,-0.048,-0.192,,g (estimated)
20260713053915_000210F.MP4,50,2026-07-13T10:40:05+00:00,40.8266724,-96.6989583,0.0,mph,active,-0.048,-0.14400000000000002,,g (estimated)
20260713053915_000210F.MP4,51,2026-07-13T10:40:06+00:00,40.8266724,-96.6989583,0.0,mph,active,-0.048,-0.14400000000000002,,g (estimated)
20260713053915_000210F.MP4,52,2026-07-13T10:40:07+00:00,40.8266724,-96.6989583,0.0,mph,active,-0.048,-0.192,,g (estimated)
20260713053915_000210F.MP4,53,2026-07-13T10:40:08+00:00,40.8266724,-96.6989583,0.0,mph,active,-0.048,-0.14400000000000002,,g (estimated)
20260713053915_000210F.MP4,54,2026-07-13T10:40:09+00:00,40.8266724,-96.6989583,0.0,mph,active,-0.048,-0.192,,g (estimated)
20260713053915_000210F.MP4,55,2026-07-13T10:40:10+00:00,40.8266724,-96.6989583,0.0,mph,active,-0.048,-0.192,,g (estimated)
20260713053915_000210F.MP4,56,2026-07-13T10:40:11+00:00,40.8266724,-96.6989583,0.0,mph,active,-0.048,-0.192,,g (estimated)
20260713053915_000210F.MP4,57,2026-07-13T10:40:12+00:00,40.8266724,-96.6989583,0.0,mph,active,-0.048,-0.28800000000000003,,g (estimated)
20260713053915_000210F.MP4,58,2026-07-13T10:40:13+00:00,40.8266724,-96.6989583,0.0,mph,active,-0.048,-0.336,,g (estimated)
20260713053915_000210F.MP4,59,2026-07-13T10:40:14+00:00,40.8266724,-96.6989583,3.09,mph,active,-0.14400000000000002,-0.336,,g (estimated)
20260713054015_000211F.MP4,0,2026-07-13T10:40:15+00:00,40.8266846,-96.6989258,6.12,mph,active,-0.192,-0.24,,g (estimated)
20260713054015_000211F.MP4,1,2026-07-13T10:40:16+00:00,40.8266846,-96.698877,8.02,mph,active,-0.28800000000000003,-0.192,,g (estimated)
20260713054015_000211F.MP4,2,2026-07-13T10:40:17+00:00,40.8266683,-96.6988281,10.59,mph,active,-0.336,-0.24,,g (estimated)
20260713054015_000211F.MP4,3,2026-07-13T10:40:18+00:00,40.8266235,-96.6987467,14.47,mph,active,-0.048,-0.192,,g (estimated)
20260713054015_000211F.MP4,4,2026-07-13T10:40:19+00:00,40.8265584,-96.6986979,16.78,mph,active,-0.096,-0.24,,g (estimated)
20260713054015_000211F.MP4,5,2026-07-13T10:40:20+00:00,40.8264771,-96.6986491,19.88,mph,active,-0.048,-0.28800000000000003,,g (estimated)
20260713054015_000211F.MP4,6,2026-07-13T10:40:21+00:00,40.8263835,-96.698584,22.33,mph,active,-0.048,-0.28800000000000003,,g (estimated)
20260713054015_000211F.MP4,7,2026-07-13T10:40:22+00:00,40.8262777,-96.6985189,25.17,mph,active,0.048,-0.096,,g (estimated)
20260713054015_000211F.MP4,8,2026-07-13T10:40:23+00:00,40.8261597,-96.6984538,26.76,mph,active,0.0,-0.096,,g (estimated)
20260713054015_000211F.MP4,9,2026-07-13T10:40:24+00:00,40.8260417,-96.6983887,28.56,mph,active,0.0,-0.192,,g (estimated)
20260713054015_000211F.MP4,10,2026-07-13T10:40:25+00:00,40.8259196,-96.6983073,29.44,mph,active,0.0,-0.14400000000000002,,g (estimated)
20260713054015_000211F.MP4,11,2026-07-13T10:40:26+00:00,40.8257935,-96.6982096,30.64,mph,active,-0.096,-0.192,,g (estimated)
20260713054015_000211F.MP4,12,2026-07-13T10:40:27+00:00,40.8256673,-96.698112,31.94,mph,active,-0.048,-0.096,,g (estimated)
20260713054015_000211F.MP4,13,2026-07-13T10:40:28+00:00,40.8255412,-96.697998,33.06,mph,active,0.0,-0.14400000000000002,,g (estimated)
20260713054015_000211F.MP4,14,2026-07-13T10:40:29+00:00,40.8254069,-96.6979004,33.71,mph,active,0.0,-0.14400000000000002,,g (estimated)
20260713054015_000211F.MP4,15,2026-07-13T10:40:30+00:00,40.8252686,-96.6977865,34.44,mph,active,0.048,-0.096,,g (estimated)
20260713054015_000211F.MP4,16,2026-07-13T10:40:31+00:00,40.8251261,-96.6976725,34.51,mph,active,0.0,-0.048,,g (estimated)
20260713054015_000211F.MP4,17,2026-07-13T10:40:32+00:00,40.8249919,-96.6975586,34.44,mph,active,0.0,-0.14400000000000002,,g (estimated)
20260713054015_000211F.MP4,18,2026-07-13T10:40:33+00:00,40.8248657,-96.6974284,34.73,mph,active,-0.048,-0.14400000000000002,,g (estimated)
20260713054015_000211F.MP4,19,2026-07-13T10:40:34+00:00,40.8247396,-96.6972982,34.92,mph,active,-0.14400000000000002,-0.048,,g (estimated)
20260713054015_000211F.MP4,20,2026-07-13T10:40:35+00:00,40.8246053,-96.697168,34.95,mph,active,-0.048,-0.048,,g (estimated)
20260713054015_000211F.MP4,21,2026-07-13T10:40:36+00:00,40.8244751,-96.6970378,34.7,mph,active,-0.048,-0.096,,g (estimated)
20260713054015_000211F.MP4,22,2026-07-13T10:40:37+00:00,40.824353,-96.6969076,34.85,mph,active,0.0,-0.14400000000000002,,g (estimated)
20260713054015_000211F.MP4,23,2026-07-13T10:40:38+00:00,40.824235,-96.6967773,34.77,mph,active,-0.096,-0.14400000000000002,,g (estimated)
20260713054015_000211F.MP4,24,2026-07-13T10:40:39+00:00,40.824117,-96.6966634,34.62,mph,active,-0.096,-0.192,,g (estimated)
20260713054015_000211F.MP4,25,2026-07-13T10:40:40+00:00,40.823999,-96.6965332,33.25,mph,active,0.0,-0.24,,g (estimated)
20260713054015_000211F.MP4,26,2026-07-13T10:40:41+00:00,40.823881,-96.696403,33.08,mph,active,0.0,0.0,,g (estimated)
20260713054015_000211F.MP4,27,2026-07-13T10:40:42+00:00,40.823759,-96.6962728,32.63,mph,active,-0.096,-0.096,,g (estimated)
20260713054015_000211F.MP4,28,2026-07-13T10:40:43+00:00,40.823641,-96.6961426,32.7,mph,active,0.0,-0.096,,g (estimated)
20260713054015_000211F.MP4,29,2026-07-13T10:40:44+00:00,40.8235229,-96.6960124,33.53,mph,active,-0.096,-0.192,,g (estimated)
20260713054015_000211F.MP4,30,2026-07-13T10:40:45+00:00,40.8234009,-96.6958822,33.3,mph,active,0.0,-0.096,,g (estimated)
20260713054015_000211F.MP4,31,2026-07-13T10:40:46+00:00,40.8232788,-96.695752,33.33,mph,active,-0.048,-0.24,,g (estimated)
20260713054015_000211F.MP4,32,2026-07-13T10:40:47+00:00,40.8231608,-96.6956055,33.17,mph,active,0.0,-0.192,,g (estimated)
20260713054015_000211F.MP4,33,2026-07-13T10:40:48+00:00,40.8230428,-96.6954753,34.01,mph,active,-0.048,-0.28800000000000003,,g (estimated)
20260713054015_000211F.MP4,34,2026-07-13T10:40:49+00:00,40.8229248,-96.6953288,33.83,mph,active,-0.048,-0.28800000000000003,,g (estimated)
20260713054015_000211F.MP4,35,2026-07-13T10:40:50+00:00,40.8228149,-96.6951823,33.84,mph,active,0.0,-0.14400000000000002,,g (estimated)
20260713054015_000211F.MP4,36,2026-07-13T10:40:51+00:00,40.8227051,-96.6950358,33.84,mph,active,0.0,-0.096,,g (estimated)
20260713054015_000211F.MP4,37,2026-07-13T10:40:52+00:00,40.8225952,-96.6948893,34.45,mph,active,0.0,-0.14400000000000002,,g (estimated)
20260713054015_000211F.MP4,38,2026-07-13T10:40:53+00:00,40.8224935,-96.6947266,34.5,mph,active,-0.048,-0.048,,g (estimated)
20260713054015_000211F.MP4,39,2026-07-13T10:40:54+00:00,40.8223918,-96.6945638,34.22,mph,active,-0.096,-0.14400000000000002,,g (estimated)
20260713054015_000211F.MP4,40,2026-07-13T10:40:55+00:00,40.82229,-96.6944173,33.55,mph,active,0.0,-0.192,,g (estimated)
20260713054015_000211F.MP4,41,2026-07-13T10:40:56+00:00,40.8221883,-96.6942546,33.11,mph,active,0.0,-0.096,,g (estimated)
20260713054015_000211F.MP4,42,2026-07-13T10:40:57+00:00,40.8220947,-96.6941081,32.78,mph,active,0.0,-0.14400000000000002,,g (estimated)
20260713054015_000211F.MP4,43,2026-07-13T10:40:58+00:00,40.821993,-96.6939616,32.77,mph,active,-0.192,-0.14400000000000002,,g (estimated)
20260713054015_000211F.MP4,44,2026-07-13T10:40:59+00:00,40.8218994,-96.6938151,32.03,mph,active,-0.048,-0.096,,g (estimated)
20260713054015_000211F.MP4,45,2026-07-13T10:41:00+00:00,40.8218058,-96.6936686,31.43,mph,active,-0.048,-0.096,,g (estimated)
20260713054015_000211F.MP4,46,2026-07-13T10:41:01+00:00,40.8217122,-96.6935221,29.28,mph,active,-0.14400000000000002,0.0,,g (estimated)
20260713054015_000211F.MP4,47,2026-07-13T10:41:02+00:00,40.8216268,-96.6933919,26.36,mph,active,0.0,0.0,,g (estimated)
20260713054015_000211F.MP4,48,2026-07-13T10:41:03+00:00,40.8215495,-96.6932943,23.98,mph,active,-0.096,-0.048,,g (estimated)
20260713054015_000211F.MP4,49,2026-07-13T10:41:04+00:00,40.8214762,-96.6931966,20.86,mph,active,-0.048,0.0,,g (estimated)
20260713054015_000211F.MP4,50,2026-07-13T10:41:05+00:00,40.8214111,-96.6931315,17.89,mph,active,-0.096,0.0,,g (estimated)
20260713054015_000211F.MP4,51,2026-07-13T10:41:06+00:00,40.8213542,-96.6930664,14.66,mph,active,-0.048,-0.096,,g (estimated)
20260713054015_000211F.MP4,52,2026-07-13T10:41:07+00:00,40.8213094,-96.6930176,11.5,mph,active,-0.096,-0.192,,g (estimated)
20260713054015_000211F.MP4,53,2026-07-13T10:41:08+00:00,40.8212769,-96.692985,9.28,mph,active,-0.048,-0.336,,g (estimated)
20260713054015_000211F.MP4,54,2026-07-13T10:41:09+00:00,40.8212443,-96.6929525,9.56,mph,active,-0.096,-0.336,,g (estimated)
20260713054015_000211F.MP4,55,2026-07-13T10:41:10+00:00,40.8212077,-96.6929199,11.74,mph,active,0.0,-0.24,,g (estimated)
20260713054015_000211F.MP4,56,2026-07-13T10:41:11+00:00,40.8211589,-96.6928711,14.27,mph,active,-0.048,-0.192,,g (estimated)
20260713054015_000211F.MP4,57,2026-07-13T10:41:12+00:00,40.8211019,-96.692806,16.08,mph,active,-0.048,-0.14400000000000002,,g (estimated)
20260713054015_000211F.MP4,58,2026-07-13T10:41:13+00:00,40.8210327,-96.6927572,18.44,mph,active,-0.048,-0.24,,g (estimated)
20260713054015_000211F.MP4,59,2026-07-13T10:41:14+00:00,40.8209513,-96.6926921,19.62,mph,active,-0.096,-0.14400000000000002,,g (estimated)
20260713054115_000212F.MP4,0,2026-07-13T10:41:15+00:00,40.8208659,-96.6926432,21.78,mph,active,0.0,-0.336,,g (estimated)
20260713054115_000212F.MP4,1,2026-07-13T10:41:16+00:00,40.8207642,-96.6925781,23.61,mph,active,-0.048,-0.28800000000000003,,g (estimated)
20260713054115_000212F.MP4,2,2026-07-13T10:41:17+00:00,40.8206584,-96.6925293,24.84,mph,active,-0.096,-0.14400000000000002,,g (estimated)
20260713054115_000212F.MP4,3,2026-07-13T10:41:18+00:00,40.8205485,-96.6924642,25.86,mph,active,-0.14400000000000002,-0.24,,g (estimated)
20260713054115_000212F.MP4,4,2026-07-13T10:41:19+00:00,40.8204264,-96.6924154,26.68,mph,active,-0.096,-0.192,,g (estimated)
20260713054115_000212F.MP4,5,2026-07-13T10:41:20+00:00,40.8203084,-96.6923828,26.69,mph,active,-0.14400000000000002,-0.192,,g (estimated)
20260713054115_000212F.MP4,6,2026-07-13T10:41:21+00:00,40.8201864,-96.6923503,27.65,mph,active,-0.096,-0.24,,g (estimated)
20260713054115_000212F.MP4,7,2026-07-13T10:41:22+00:00,40.8200562,-96.6923177,28.38,mph,active,-0.14400000000000002,-0.336,,g (estimated)
20260713054115_000212F.MP4,8,2026-07-13T10:41:23+00:00,40.8199259,-96.6923014,28.76,mph,active,-0.14400000000000002,-0.192,,g (estimated)
20260713054115_000212F.MP4,9,2026-07-13T10:41:24+00:00,40.8197917,-96.6922852,29.15,mph,active,-0.048,-0.192,,g (estimated)
20260713054115_000212F.MP4,10,2026-07-13T10:41:25+00:00,40.8196533,-96.6922852,29.47,mph,active,0.0,-0.192,,g (estimated)
20260713054115_000212F.MP4,11,2026-07-13T10:41:26+00:00,40.8195109,-96.6923014,30.3,mph,active,-0.048,-0.192,,g (estimated)
20260713054115_000212F.MP4,12,2026-07-13T10:41:27+00:00,40.8193685,-96.6923014,30.98,mph,active,-0.096,-0.14400000000000002,,g (estimated)
20260713054115_000212F.MP4,13,2026-07-13T10:41:28+00:00,40.8192179,-96.6923014,30.71,mph,active,-0.096,-0.096,,g (estimated)
20260713054115_000212F.MP4,14,2026-07-13T10:41:29+00:00,40.8190715,-96.6923014,30.68,mph,active,-0.14400000000000002,-0.14400000000000002,,g (estimated)
20260713054115_000212F.MP4,15,2026-07-13T10:41:30+00:00,40.818929,-96.6923177,30.67,mph,active,-0.096,-0.096,,g (estimated)
20260713054115_000212F.MP4,16,2026-07-13T10:41:31+00:00,40.8187866,-96.6923503,29.79,mph,active,-0.192,-0.14400000000000002,,g (estimated)
20260713054115_000212F.MP4,17,2026-07-13T10:41:32+00:00,40.8186483,-96.6923828,30.66,mph,active,-0.14400000000000002,-0.14400000000000002,,g (estimated)
20260713054115_000212F.MP4,18,2026-07-13T10:41:33+00:00,40.818514,-96.6924316,30.59,mph,active,-0.096,-0.192,,g (estimated)
20260713054115_000212F.MP4,19,2026-07-13T10:41:34+00:00,40.8183757,-96.6924967,30.43,mph,active,-0.14400000000000002,-0.096,,g (estimated)
20260713054115_000212F.MP4,20,2026-07-13T10:41:35+00:00,40.8182414,-96.6925618,30.74,mph,active,-0.14400000000000002,-0.24,,g (estimated)
20260713054115_000212F.MP4,21,2026-07-13T10:41:36+00:00,40.8181152,-96.6926432,30.38,mph,active,-0.096,-0.14400000000000002,,g (estimated)
20260713054115_000212F.MP4,22,2026-07-13T10:41:37+00:00,40.8179932,-96.6927409,29.84,mph,active,-0.14400000000000002,-0.048,,g (estimated)
20260713054115_000212F.MP4,23,2026-07-13T10:41:38+00:00,40.8178792,-96.6928548,30.04,mph,active,0.0,-0.14400000000000002,,g (estimated)
20260713054115_000212F.MP4,24,2026-07-13T10:41:39+00:00,40.8177694,-96.6929688,30.1,mph,active,-0.048,-0.14400000000000002,,g (estimated)
20260713054115_000212F.MP4,25,2026-07-13T10:41:40+00:00,40.8176636,-96.6930827,30.35,mph,active,0.0,-0.096,,g (estimated)
20260713054115_000212F.MP4,26,2026-07-13T10:41:41+00:00,40.8175618,-96.6932129,29.53,mph,active,-0.096,-0.096,,g (estimated)
20260713054115_000212F.MP4,27,2026-07-13T10:41:42+00:00,40.8174601,-96.6933268,29.82,mph,active,0.0,-0.192,,g (estimated)
20260713054115_000212F.MP4,28,2026-07-13T10:41:43+00:00,40.8173625,-96.693457,28.46,mph,active,0.048,-0.192,,g (estimated)
20260713054115_000212F.MP4,29,2026-07-13T10:41:44+00:00,40.8172648,-96.6935547,27.71,mph,active,-0.048,-0.192,,g (estimated)
20260713054115_000212F.MP4,30,2026-07-13T10:41:45+00:00,40.817159,-96.6936523,27.46,mph,active,0.096,-0.24,,g (estimated)
20260713054115_000212F.MP4,31,2026-07-13T10:41:46+00:00,40.8170492,-96.69375,27.53,mph,active,0.0,-0.096,,g (estimated)
20260713054115_000212F.MP4,32,2026-07-13T10:41:47+00:00,40.8169352,-96.6938314,27.84,mph,active,0.0,-0.14400000000000002,,g (estimated)
20260713054115_000212F.MP4,33,2026-07-13T10:41:48+00:00,40.8168172,-96.6938965,27.56,mph,active,0.0,-0.192,,g (estimated)
20260713054115_000212F.MP4,34,2026-07-13T10:41:49+00:00,40.8166992,-96.6939453,27.5,mph,active,0.048,-0.096,,g (estimated)
20260713054115_000212F.MP4,35,2026-07-13T10:41:50+00:00,40.8165771,-96.6939941,26.43,mph,active,0.0,-0.14400000000000002,,g (estimated)
20260713054115_000212F.MP4,36,2026-07-13T10:41:51+00:00,40.8164591,-96.694043,26.15,mph,active,0.0,-0.048,,g (estimated)
20260713054115_000212F.MP4,37,2026-07-13T10:41:52+00:00,40.8163452,-96.6940755,24.44,mph,active,0.0,-0.048,,g (estimated)
20260713054115_000212F.MP4,38,2026-07-13T10:41:53+00:00,40.8162394,-96.6940918,22.03,mph,active,0.0,0.0,,g (estimated)
20260713054115_000212F.MP4,39,2026-07-13T10:41:54+00:00,40.8161418,-96.6941081,18.98,mph,active,-0.048,0.048,,g (estimated)
20260713054115_000212F.MP4,40,2026-07-13T10:41:55+00:00,40.8160604,-96.6941081,14.4,mph,active,-0.048,0.096,,g (estimated)
20260713054115_000212F.MP4,41,2026-07-13T10:41:56+00:00,40.8160034,-96.6941081,10.67,mph,active,-0.048,0.048,,g (estimated)
20260713054115_000212F.MP4,42,2026-07-13T10:41:57+00:00,40.8159668,-96.6941081,6.1,mph,active,-0.048,-0.096,,g (estimated)
20260713054115_000212F.MP4,43,2026-07-13T10:41:58+00:00,40.8159546,-96.6941081,0.0,mph,active,-0.096,-0.14400000000000002,,g (estimated)
20260713054115_000212F.MP4,44,2026-07-13T10:41:59+00:00,40.8159587,-96.6941081,0.0,mph,active,-0.048,-0.192,,g (estimated)
20260713054115_000212F.MP4,45,2026-07-13T10:42:00+00:00,40.8159587,-96.6941081,0.0,mph,active,-0.048,-0.14400000000000002,,g (estimated)
20260713054115_000212F.MP4,46,2026-07-13T10:42:01+00:00,40.8159587,-96.6941081,0.0,mph,active,-0.096,-0.192,,g (estimated)
20260713054115_000212F.MP4,47,2026-07-13T10:42:02+00:00,40.8159587,-96.6941081,0.0,mph,active,-0.048,-0.192,,g (estimated)
20260713054115_000212F.MP4,48,2026-07-13T10:42:03+00:00,40.8159587,-96.6941081,0.0,mph,active,-0.048,-0.192,,g (estimated)
20260713054115_000212F.MP4,49,2026-07-13T10:42:04+00:00,40.8159587,-96.6941081,0.0,mph,active,-0.048,-0.192,,g (estimated)
20260713054115_000212F.MP4,50,2026-07-13T10:42:05+00:00,40.8159587,-96.6941081,0.0,mph,active,-0.048,-0.24,,g (estimated)
20260713054115_000212F.MP4,51,2026-07-13T10:42:06+00:00,40.8159587,-96.6941081,0.0,mph,active,-0.048,-0.336,,g (estimated)
20260713054115_000212F.MP4,52,2026-07-13T10:42:07+00:00,40.8159587,-96.6941081,0.0,mph,active,-0.096,-0.384,,g (estimated)
20260713054115_000212F.MP4,53,2026-07-13T10:42:08+00:00,40.8159505,-96.6941081,4.98,mph,active,-0.096,-0.336,,g (estimated)
20260713054115_000212F.MP4,54,2026-07-13T10:42:09+00:00,40.8159098,-96.6940918,8.37,mph,active,-0.048,-0.28800000000000003,,g (estimated)
20260713054115_000212F.MP4,55,2026-07-13T10:42:10+00:00,40.8158569,-96.6940755,11.25,mph,active,-0.048,-0.336,,g (estimated)
20260713054115_000212F.MP4,56,2026-07-13T10:42:11+00:00,40.8157918,-96.6940755,13.87,mph,active,0.048,-0.528,,g (estimated)
20260713054115_000212F.MP4,57,2026-07-13T10:42:12+00:00,40.8157186,-96.6940755,16.05,mph,active,-0.096,-0.192,,g (estimated)
20260713054115_000212F.MP4,58,2026-07-13T10:42:13+00:00,40.8156372,-96.6940755,18.18,mph,active,-0.096,-0.24,,g (estimated)
20260713054115_000212F.MP4,59,2026-07-13T10:42:14+00:00,40.8155477,-96.6940755,19.6,mph,active,-0.14400000000000002,-0.28800000000000003,,g (estimated)
20260713054215_000213F.MP4,0,2026-07-13T10:42:15+00:00,40.8154541,-96.6940755,21.21,mph,active,-0.048,-0.24,,g (estimated)
20260713054215_000213F.MP4,1,2026-07-13T10:42:16+00:00,40.8153524,-96.6940755,22.58,mph,active,-0.14400000000000002,-0.28800000000000003,,g (estimated)
20260713054215_000213F.MP4,2,2026-07-13T10:42:17+00:00,40.8152466,-96.6940755,23.77,mph,active,0.0,-0.24,,g (estimated)
20260713054215_000213F.MP4,3,2026-07-13T10:42:18+00:00,40.8151326,-96.6940918,24.84,mph,active,-0.096,-0.192,,g (estimated)
20260713054215_000213F.MP4,4,2026-07-13T10:42:19+00:00,40.8150146,-96.6940918,25.62,mph,active,-0.096,-0.192,,g (estimated)
20260713054215_000213F.MP4,5,2026-07-13T10:42:20+00:00,40.8148926,-96.6940918,26.37,mph,active,-0.14400000000000002,0.0,,g (estimated)
20260713054215_000213F.MP4,6,2026-07-13T10:42:21+00:00,40.8147664,-96.6940755,26.78,mph,active,-0.096,-0.192,,g (estimated)
20260713054215_000213F.MP4,7,2026-07-13T10:42:22+00:00,40.8146403,-96.6940755,26.47,mph,active,0.0,0.048,,g (estimated)
20260713054215_000213F.MP4,8,2026-07-13T10:42:23+00:00,40.8145182,-96.6940755,26.0,mph,active,-0.096,-0.048,,g (estimated)
20260713054215_000213F.MP4,9,2026-07-13T10:42:24+00:00,40.8144002,-96.6940755,25.17,mph,active,-0.096,-0.14400000000000002,,g (estimated)
20260713054215_000213F.MP4,10,2026-07-13T10:42:25+00:00,40.8142822,-96.6940755,24.34,mph,active,-0.096,0.0,,g (estimated)
20260713054215_000213F.MP4,11,2026-07-13T10:42:26+00:00,40.8141724,-96.6940755,23.14,mph,active,-0.14400000000000002,0.048,,g (estimated)
20260713054215_000213F.MP4,12,2026-07-13T10:42:27+00:00,40.8140706,-96.6940755,20.36,mph,active,-0.096,0.0,,g (estimated)
20260713054215_000213F.MP4,13,2026-07-13T10:42:28+00:00,40.8139852,-96.6940755,17.09,mph,active,-0.048,0.0,,g (estimated)
20260713054215_000213F.MP4,14,2026-07-13T10:42:29+00:00,40.8139119,-96.6940755,14.77,mph,active,-0.048,0.0,,g (estimated)
20260713054215_000213F.MP4,15,2026-07-13T10:42:30+00:00,40.813855,-96.6940755,10.0,mph,active,-0.096,0.0,,g (estimated)
20260713054215_000213F.MP4,16,2026-07-13T10:42:31+00:00,40.8138184,-96.6940755,7.08,mph,active,-0.096,-0.096,,g (estimated)
20260713054215_000213F.MP4,17,2026-07-13T10:42:32+00:00,40.8138021,-96.6940755,2.4,mph,active,-0.096,-0.096,,g (estimated)
20260713054215_000213F.MP4,18,2026-07-13T10:42:33+00:00,40.813798,-96.6940918,0.0,mph,active,-0.096,-0.192,,g (estimated)
20260713054215_000213F.MP4,19,2026-07-13T10:42:34+00:00,40.8137939,-96.6940918,0.0,mph,active,-0.096,-0.192,,g (estimated)
20260713054215_000213F.MP4,20,2026-07-13T10:42:35+00:00,40.8137939,-96.6940918,0.0,mph,active,-0.096,-0.14400000000000002,,g (estimated)
20260713054215_000213F.MP4,21,2026-07-13T10:42:36+00:00,40.8137939,-96.6940918,0.0,mph,active,-0.096,-0.14400000000000002,,g (estimated)
20260713054215_000213F.MP4,22,2026-07-13T10:42:37+00:00,40.8137939,-96.6940918,0.0,mph,active,-0.096,-0.192,,g (estimated)
20260713054215_000213F.MP4,23,2026-07-13T10:42:38+00:00,40.8137939,-96.6940918,0.0,mph,active,-0.096,-0.192,,g (estimated)
20260713054215_000213F.MP4,24,2026-07-13T10:42:39+00:00,40.8137939,-96.6940918,0.0,mph,active,-0.096,-0.192,,g (estimated)
20260713054215_000213F.MP4,25,2026-07-13T10:42:40+00:00,40.8137939,-96.6940918,0.0,mph,active,-0.096,-0.192,,g (estimated)
20260713054215_000213F.MP4,26,2026-07-13T10:42:41+00:00,40.8137939,-96.6940918,0.0,mph,active,-0.096,-0.14400000000000002,,g (estimated)
20260713054215_000213F.MP4,27,2026-07-13T10:42:42+00:00,40.813798,-96.6940918,0.0,mph,active,-0.096,-0.14400000000000002,,g (estimated)
20260713054215_000213F.MP4,28,2026-07-13T10:42:43+00:00,40.813798,-96.6940918,0.0,mph,active,-0.096,-0.192,,g (estimated)
20260713054215_000213F.MP4,29,2026-07-13T10:42:44+00:00,40.813798,-96.6940918,0.0,mph,active,-0.096,-0.384,,g (estimated)
20260713054215_000213F.MP4,30,2026-07-13T10:42:45+00:00,40.8137939,-96.6940918,1.69,mph,active,-0.096,-0.336,,g (estimated)
20260713054215_000213F.MP4,31,2026-07-13T10:42:46+00:00,40.8137858,-96.6940918,6.39,mph,active,-0.048,-0.336,,g (estimated)
20260713054215_000213F.MP4,32,2026-07-13T10:42:47+00:00,40.8137533,-96.6940918,8.83,mph,active,-0.048,-0.24,,g (estimated)
20260713054215_000213F.MP4,33,2026-07-13T10:42:48+00:00,40.8137044,-96.6940918,11.28,mph,active,-0.048,-0.336,,g (estimated)
20260713054215_000213F.MP4,34,2026-07-13T10:42:49+00:00,40.8136434,-96.6940918,14.15,mph,active,-0.14400000000000002,-0.28800000000000003,,g (estimated)
20260713054215_000213F.MP4,35,2026-07-13T10:42:50+00:00,40.8135701,-96.6940918,16.13,mph,active,-0.096,-0.28800000000000003,,g (estimated)
20260713054215_000213F.MP4,36,2026-07-13T10:42:51+00:00,40.8134888,-96.6940918,18.28,mph,active,-0.14400000000000002,-0.096,,g (estimated)
20260713054215_000213F.MP4,37,2026-07-13T10:42:52+00:00,40.8133993,-96.6940918,19.9,mph,active,-0.096,-0.192,,g (estimated)
20260713054215_000213F.MP4,38,2026-07-13T10:42:53+00:00,40.8133016,-96.6940918,21.11,mph,active,-0.096,-0.24,,g (estimated)
20260713054215_000213F.MP4,39,2026-07-13T10:42:54+00:00,40.8131999,-96.6940918,22.12,mph,active,-0.096,-0.14400000000000002,,g (estimated)
20260713054215_000213F.MP4,40,2026-07-13T10:42:55+00:00,40.8130941,-96.6940918,23.03,mph,active,-0.096,-0.192,,g (estimated)
20260713054215_000213F.MP4,41,2026-07-13T10:42:56+00:00,40.8129842,-96.6940918,23.59,mph,active,-0.096,-0.24,,g (estimated)
20260713054215_000213F.MP4,42,2026-07-13T10:42:57+00:00,40.8128703,-96.6940918,24.31,mph,active,-0.096,-0.192,,g (estimated)
20260713054215_000213F.MP4,43,2026-07-13T10:42:58+00:00,40.8127563,-96.6940918,25.05,mph,active,-0.096,-0.096,,g (estimated)
20260713054215_000213F.MP4,44,2026-07-13T10:42:59+00:00,40.8126343,-96.6940918,25.7,mph,active,0.0,-0.096,,g (estimated)
20260713054215_000213F.MP4,45,2026-07-13T10:43:00+00:00,40.8125122,-96.6940918,26.15,mph,active,-0.14400000000000002,-0.24,,g (estimated)
20260713054215_000213F.MP4,46,2026-07-13T10:43:01+00:00,40.8123901,-96.6941081,26.43,mph,active,-0.096,-0.14400000000000002,,g (estimated)
20260713054215_000213F.MP4,47,2026-07-13T10:43:02+00:00,40.8122681,-96.6941081,26.71,mph,active,-0.096,-0.14400000000000002,,g (estimated)
20260713054215_000213F.MP4,48,2026-07-13T10:43:03+00:00,40.8121419,-96.6941081,26.98,mph,active,-0.096,-0.192,,g (estimated)
20260713054215_000213F.MP4,49,2026-07-13T10:43:04+00:00,40.8120117,-96.6941081,27.05,mph,active,-0.048,-0.14400000000000002,,g (estimated)
20260713054215_000213F.MP4,50,2026-07-13T10:43:05+00:00,40.8118856,-96.6941081,27.0,mph,active,-0.048,-0.24,,g (estimated)
20260713054215_000213F.MP4,51,2026-07-13T10:43:06+00:00,40.8117594,-96.6941081,27.15,mph,active,-0.096,-0.14400000000000002,,g (estimated)
20260713054215_000213F.MP4,52,2026-07-13T10:43:07+00:00,40.8116333,-96.6941081,27.1,mph,active,-0.096,-0.24,,g (estimated)
20260713054215_000213F.MP4,53,2026-07-13T10:43:08+00:00,40.8115031,-96.6941081,27.47,mph,active,0.0,-0.048,,g (estimated)
20260713054215_000213F.MP4,54,2026-07-13T10:43:09+00:00,40.811377,-96.6941081,27.7,mph,active,-0.048,-0.096,,g (estimated)
20260713054215_000213F.MP4,55,2026-07-13T10:43:10+00:00,40.8112467,-96.6941081,27.95,mph,active,-0.096,-0.096,,g (estimated)
20260713054215_000213F.MP4,56,2026-07-13T10:43:11+00:00,40.8111165,-96.6941081,28.0,mph,active,-0.14400000000000002,-0.192,,g (estimated)
20260713054215_000213F.MP4,57,2026-07-13T10:43:12+00:00,40.8109863,-96.6941081,28.06,mph,active,-0.096,0.0,,g (estimated)
20260713054215_000213F.MP4,58,2026-07-13T10:43:13+00:00,40.8108602,-96.6941081,28.08,mph,active,-0.048,0.0,,g (estimated)
20260713054215_000213F.MP4,59,2026-07-13T10:43:14+00:00,40.8107463,-96.6941081,23.36,mph,active,-0.048,0.0,,g (estimated)
20260713054315_000214F.MP4,0,2026-07-13T10:43:15+00:00,40.8106486,-96.6941081,19.94,mph,active,-0.096,0.0,,g (estimated)
20260713054315_000214F.MP4,1,2026-07-13T10:43:16+00:00,40.8105632,-96.6941243,16.77,mph,active,-0.096,-0.048,,g (estimated)
20260713054315_000214F.MP4,2,2026-07-13T10:43:17+00:00,40.810498,-96.6941243,12.98,mph,active,-0.096,-0.192,,g (estimated)
20260713054315_000214F.MP4,3,2026-07-13T10:43:18+00:00,40.8104411,-96.6941243,11.63,mph,active,-0.048,-0.28800000000000003,,g (estimated)
20260713054315_000214F.MP4,4,2026-07-13T10:43:19+00:00,40.8103882,-96.6941243,11.66,mph,active,-0.096,-0.24,,g (estimated)
20260713054315_000214F.MP4,5,2026-07-13T10:43:20+00:00,40.8103312,-96.6941081,13.65,mph,active,-0.048,-0.28800000000000003,,g (estimated)
20260713054315_000214F.MP4,6,2026-07-13T10:43:21+00:00,40.8102661,-96.6941081,15.38,mph,active,-0.096,-0.24,,g (estimated)
20260713054315_000214F.MP4,7,2026-07-13T10:43:22+00:00,40.8101888,-96.6941081,16.88,mph,active,-0.096,-0.096,,g (estimated)
20260713054315_000214F.MP4,8,2026-07-13T10:43:23+00:00,40.8101074,-96.6941081,18.31,mph,active,-0.048,-0.192,,g (estimated)
20260713054315_000214F.MP4,9,2026-07-13T10:43:24+00:00,40.810022,-96.6941081,19.54,mph,active,0.0,0.0,,g (estimated)
20260713054315_000214F.MP4,10,2026-07-13T10:43:25+00:00,40.8099284,-96.6941081,19.78,mph,active,-0.14400000000000002,-0.096,,g (estimated)
20260713054315_000214F.MP4,11,2026-07-13T10:43:26+00:00,40.8098348,-96.6941081,19.83,mph,active,-0.048,0.048,,g (estimated)
20260713054315_000214F.MP4,12,2026-07-13T10:43:27+00:00,40.8097453,-96.6941081,19.58,mph,active,-0.096,-0.048,,g (estimated)
20260713054315_000214F.MP4,13,2026-07-13T10:43:28+00:00,40.8096558,-96.6941081,18.64,mph,active,-0.048,-0.048,,g (estimated)
20260713054315_000214F.MP4,14,2026-07-13T10:43:29+00:00,40.8095744,-96.6941081,16.78,mph,active,-0.096,-0.048,,g (estimated)
20260713054315_000214F.MP4,15,2026-07-13T10:43:30+00:00,40.8095052,-96.6941081,13.87,mph,active,-0.096,-0.048,,g (estimated)
20260713054315_000214F.MP4,16,2026-07-13T10:43:31+00:00,40.8094482,-96.6941081,11.91,mph,active,-0.14400000000000002,-0.048,,g (estimated)
20260713054315_000214F.MP4,17,2026-07-13T10:43:32+00:00,40.8094035,-96.6941243,8.78,mph,active,-0.048,0.0,,g (estimated)
20260713054315_000214F.MP4,18,2026-07-13T10:43:33+00:00,40.8093709,-96.6941243,6.66,mph,active,-0.096,-0.192,,g (estimated)
20260713054315_000214F.MP4,19,2026-07-13T10:43:34+00:00,40.8093465,-96.6941243,4.53,mph,active,0.0,-0.24,,g (estimated)
20260713054315_000214F.MP4,20,2026-07-13T10:43:35+00:00,40.8093221,-96.6941243,5.19,mph,active,0.0,-0.192,,g (estimated)
20260713054315_000214F.MP4,21,2026-07-13T10:43:36+00:00,40.8092936,-96.6941243,7.99,mph,active,0.14400000000000002,-0.24,,g (estimated)
20260713054315_000214F.MP4,22,2026-07-13T10:43:37+00:00,40.809257,-96.6941081,9.28,mph,active,0.14400000000000002,-0.14400000000000002,,g (estimated)
20260713054315_000214F.MP4,23,2026-07-13T10:43:38+00:00,40.8092204,-96.6940755,10.59,mph,active,0.048,-0.24,,g (estimated)
20260713054315_000214F.MP4,24,2026-07-13T10:43:39+00:00,40.8091919,-96.6940104,11.65,mph,active,0.048,-0.28800000000000003,,g (estimated)
20260713054315_000214F.MP4,25,2026-07-13T10:43:40+00:00,40.8091675,-96.6939453,13.78,mph,active,0.0,-0.24,,g (estimated)
20260713054315_000214F.MP4,26,2026-07-13T10:43:41+00:00,40.8091553,-96.6938314,15.55,mph,active,-0.096,-0.24,,g (estimated)
20260713054315_000214F.MP4,27,2026-07-13T10:43:42+00:00,40.8091593,-96.6937174,17.52,mph,active,-0.096,-0.24,,g (estimated)
20260713054315_000214F.MP4,28,2026-07-13T10:43:43+00:00,40.8091715,-96.6935872,19.75,mph,active,-0.048,-0.24,,g (estimated)
20260713054315_000214F.MP4,29,2026-07-13T10:43:44+00:00,40.8091838,-96.693457,21.21,mph,active,-0.096,-0.24,,g (estimated)
20260713054315_000214F.MP4,30,2026-07-13T10:43:45+00:00,40.8091919,-96.6933105,22.15,mph,active,-0.048,-0.192,,g (estimated)
20260713054315_000214F.MP4,31,2026-07-13T10:43:46+00:00,40.809196,-96.6931641,23.26,mph,active,-0.14400000000000002,-0.192,,g (estimated)
20260713054315_000214F.MP4,32,2026-07-13T10:43:47+00:00,40.8092,-96.6930176,24.07,mph,active,-0.096,-0.24,,g (estimated)
20260713054315_000214F.MP4,33,2026-07-13T10:43:48+00:00,40.8092,-96.6928711,24.67,mph,active,0.0,-0.14400000000000002,,g (estimated)
20260713054315_000214F.MP4,34,2026-07-13T10:43:49+00:00,40.8092,-96.6927246,25.01,mph,active,-0.048,-0.192,,g (estimated)
20260713054315_000214F.MP4,35,2026-07-13T10:43:50+00:00,40.8092,-96.6925618,25.5,mph,active,-0.096,-0.096,,g (estimated)
20260713054315_000214F.MP4,36,2026-07-13T10:43:51+00:00,40.8092,-96.6923991,26.2,mph,active,-0.096,-0.14400000000000002,,g (estimated)
20260713054315_000214F.MP4,37,2026-07-13T10:43:52+00:00,40.8092,-96.6922363,25.79,mph,active,-0.048,-0.14400000000000002,,g (estimated)
20260713054315_000214F.MP4,38,2026-07-13T10:43:53+00:00,40.8092,-96.6920736,25.45,mph,active,-0.048,-0.096,,g (estimated)
20260713054315_000214F.MP4,39,2026-07-13T10:43:54+00:00,40.8092,-96.6919108,25.5,mph,active,-0.048,-0.096,,g (estimated)
20260713054315_000214F.MP4,40,2026-07-13T10:43:55+00:00,40.8092041,-96.6917643,24.18,mph,active,-0.048,-0.14400000000000002,,g (estimated)
20260713054315_000214F.MP4,41,2026-07-13T10:43:56+00:00,40.8092082,-96.6916178,22.26,mph,active,-0.096,-0.096,,g (estimated)
20260713054315_000214F.MP4,42,2026-07-13T10:43:57+00:00,40.8092122,-96.6914876,20.79,mph,active,-0.14400000000000002,-0.14400000000000002,,g (estimated)
20260713054315_000214F.MP4,43,2026-07-13T10:43:58+00:00,40.8092204,-96.6913574,20.48,mph,active,-0.096,-0.048,,g (estimated)
20260713054315_000214F.MP4,44,2026-07-13T10:43:59+00:00,40.8092285,-96.6912435,19.49,mph,active,-0.096,-0.096,,g (estimated)
20260713054315_000214F.MP4,45,2026-07-13T10:44:00+00:00,40.8092285,-96.6911133,18.46,mph,active,-0.048,0.0,,g (estimated)
20260713054315_000214F.MP4,46,2026-07-13T10:44:01+00:00,40.8092326,-96.6910156,15.95,mph,active,-0.048,-0.048,,g (estimated)
20260713054315_000214F.MP4,47,2026-07-13T10:44:02+00:00,40.8092285,-96.690918,13.35,mph,active,-0.048,0.0,,g (estimated)
20260713054315_000214F.MP4,48,2026-07-13T10:44:03+00:00,40.8092285,-96.6908529,9.98,mph,active,-0.096,-0.192,,g (estimated)
20260713054315_000214F.MP4,49,2026-07-13T10:44:04+00:00,40.8092285,-96.690804,6.46,mph,active,-0.048,-0.192,,g (estimated)
20260713054315_000214F.MP4,50,2026-07-13T10:44:05+00:00,40.8092244,-96.6907715,5.07,mph,active,0.0,-0.24,,g (estimated)
20260713054315_000214F.MP4,51,2026-07-13T10:44:06+00:00,40.8092244,-96.6907389,5.09,mph,active,0.048,-0.192,,g (estimated)
20260713054315_000214F.MP4,52,2026-07-13T10:44:07+00:00,40.8092326,-96.6907227,6.86,mph,active,0.048,-0.14400000000000002,,g (estimated)
20260713054315_000214F.MP4,53,2026-07-13T10:44:08+00:00,40.8092529,-96.6906738,8.44,mph,active,0.048,-0.24,,g (estimated)
20260713054315_000214F.MP4,54,2026-07-13T10:44:09+00:00,40.8092855,-96.6906576,9.36,mph,active,0.0,-0.192,,g (estimated)
20260713054315_000214F.MP4,55,2026-07-13T10:44:10+00:00,40.8093302,-96.690625,10.54,mph,active,0.336,-0.24,,g (estimated)
20260713054315_000214F.MP4,56,2026-07-13T10:44:11+00:00,40.8093872,-96.690625,12.38,mph,active,0.048,-0.096,,g (estimated)
20260713054315_000214F.MP4,57,2026-07-13T10:44:12+00:00,40.8094564,-96.6906087,13.98,mph,active,0.0,-0.192,,g (estimated)
20260713054315_000214F.MP4,58,2026-07-13T10:44:13+00:00,40.8095256,-96.690625,14.75,mph,active,0.0,-0.192,,g (estimated)
20260713054315_000214F.MP4,59,2026-07-13T10:44:14+00:00,40.8095988,-96.690625,15.67,mph,active,0.0,-0.192,,g (estimated)
20260713054415_000215F.MP4,0,2026-07-13T10:44:15+00:00,40.8096761,-96.690625,16.13,mph,active,-0.048,-0.096,,g (estimated)
20260713054415_000215F.MP4,1,2026-07-13T10:44:16+00:00,40.8097534,-96.6906413,16.12,mph,active,-0.096,-0.048,,g (estimated)
20260713054415_000215F.MP4,2,2026-07-13T10:44:17+00:00,40.8098267,-96.6906413,14.52,mph,active,0.0,-0.096,,g (estimated)
20260713054415_000215F.MP4,3,2026-07-13T10:44:18+00:00,40.8098877,-96.6906413,11.82,mph,active,-0.048,-0.048,,g (estimated)
20260713054415_000215F.MP4,4,2026-07-13T10:44:19+00:00,40.8099406,-96.6906413,9.82,mph,active,0.0,-0.096,,g (estimated)
20260713054415_000215F.MP4,5,2026-07-13T10:44:20+00:00,40.8099854,-96.6906576,7.4,mph,active,0.0,0.0,,g (estimated)
20260713054415_000215F.MP4,6,2026-07-13T10:44:21+00:00,40.8100098,-96.6906576,4.78,mph,active,0.0,-0.048,,g (estimated)
20260713054415_000215F.MP4,7,2026-07-13T10:44:22+00:00,40.810026,-96.6906576,2.01,mph,active,0.0,-0.14400000000000002,,g (estimated)
20260713054415_000215F.MP4,8,2026-07-13T10:44:23+00:00,40.810026,-96.6906576,0.0,mph,active,0.0,-0.14400000000000002,,g (estimated)
20260713054415_000215F.MP4,9,2026-07-13T10:44:24+00:00,40.8100301,-96.6906576,0.0,mph,active,0.0,-0.14400000000000002,,g (estimated)
20260713054415_000215F.MP4,10,2026-07-13T10:44:25+00:00,40.8100301,-96.6906576,0.0,mph,active,0.0,-0.14400000000000002,,g (estimated)
20260713054415_000215F.MP4,11,2026-07-13T10:44:26+00:00,40.810026,-96.6906576,0.0,mph,active,0.0,-0.14400000000000002,,g (estimated)
20260713054415_000215F.MP4,12,2026-07-13T10:44:27+00:00,40.810026,-96.6906576,0.0,mph,active,0.0,-0.14400000000000002,,g (estimated)
20260713054415_000215F.MP4,13,2026-07-13T10:44:28+00:00,40.810026,-96.6906576,0.0,mph,active,0.0,-0.14400000000000002,,g (estimated)
20260713054415_000215F.MP4,14,2026-07-13T10:44:29+00:00,40.810026,-96.6906576,0.0,mph,active,0.0,-0.14400000000000002,,g (estimated)
20260713054415_000215F.MP4,15,2026-07-13T10:44:30+00:00,40.810026,-96.6906576,0.0,mph,active,0.0,-0.14400000000000002,,g (estimated)
20260713054415_000215F.MP4,16,2026-07-13T10:44:31+00:00,40.810026,-96.6906576,0.0,mph,active,0.0,-0.14400000000000002,,g (estimated)
20260713054415_000215F.MP4,17,2026-07-13T10:44:32+00:00,40.810026,-96.6906576,0.0,mph,active,0.0,-0.192,,g (estimated)
20260713054415_000215F.MP4,18,2026-07-13T10:44:33+00:00,40.810026,-96.6906576,0.0,mph,active,0.0,-0.14400000000000002,,g (estimated)
20260713054415_000215F.MP4,19,2026-07-13T10:44:34+00:00,40.810026,-96.6906576,0.0,mph,active,0.0,-0.14400000000000002,,g (estimated)
20260713054415_000215F.MP4,20,2026-07-13T10:44:35+00:00,40.810026,-96.6906576,0.0,mph,active,0.0,-0.14400000000000002,,g (estimated)
20260713054415_000215F.MP4,21,2026-07-13T10:44:36+00:00,40.810026,-96.6906576,0.0,mph,active,0.0,-0.14400000000000002,,g (estimated)
20260713054415_000215F.MP4,22,2026-07-13T10:44:37+00:00,40.810026,-96.6906576,0.0,mph,active,0.0,-0.14400000000000002,,g (estimated)
20260713054415_000215F.MP4,23,2026-07-13T10:44:38+00:00,40.810026,-96.6906576,0.0,mph,active,0.0,-0.14400000000000002,,g (estimated)
20260713054415_000215F.MP4,24,2026-07-13T10:44:39+00:00,40.810026,-96.6906576,0.0,mph,active,0.0,-0.14400000000000002,,g (estimated)
20260713054415_000215F.MP4,25,2026-07-13T10:44:40+00:00,40.810026,-96.6906576,0.0,mph,active,0.0,-0.192,,g (estimated)
20260713054415_000215F.MP4,26,2026-07-13T10:44:41+00:00,40.810022,-96.6906576,0.0,mph,active,0.0,-0.192,,g (estimated)
20260713054415_000215F.MP4,27,2026-07-13T10:44:42+00:00,40.810026,-96.6906576,0.0,mph,active,0.0,-0.14400000000000002,,g (estimated)
20260713054415_000215F.MP4,28,2026-07-13T10:44:43+00:00,40.810026,-96.6906576,0.0,mph,active,-0.048,-0.14400000000000002,,g (estimated)
20260713054415_000215F.MP4,29,2026-07-13T10:44:44+00:00,40.810026,-96.6906576,0.0,mph,active,0.0,-0.14400000000000002,,g (estimated)
20260713054415_000215F.MP4,30,2026-07-13T10:44:45+00:00,40.810026,-96.6906576,0.0,mph,active,0.0,-0.14400000000000002,,g (estimated)
20260713054415_000215F.MP4,31,2026-07-13T10:44:46+00:00,40.810026,-96.6906576,0.0,mph,active,0.0,-0.14400000000000002,,g (estimated)
20260713054415_000215F.MP4,32,2026-07-13T10:44:47+00:00,40.810026,-96.6906576,0.0,mph,active,0.0,-0.14400000000000002,,g (estimated)
20260713054415_000215F.MP4,33,2026-07-13T10:44:48+00:00,40.810026,-96.6906576,0.0,mph,active,0.0,-0.192,,g (estimated)
20260713054415_000215F.MP4,34,2026-07-13T10:44:49+00:00,40.810026,-96.6906413,0.0,mph,active,0.0,-0.192,,g (estimated)
20260713054415_000215F.MP4,35,2026-07-13T10:44:50+00:00,40.810026,-96.6906413,0.0,mph,active,0.0,-0.14400000000000002,,g (estimated)
20260713054415_000215F.MP4,36,2026-07-13T10:44:51+00:00,40.8100301,-96.6906413,0.0,mph,active,0.0,-0.14400000000000002,,g (estimated)
20260713054415_000215F.MP4,37,2026-07-13T10:44:52+00:00,40.810026,-96.6906413,0.0,mph,active,0.0,-0.14400000000000002,,g (estimated)
20260713054415_000215F.MP4,38,2026-07-13T10:44:53+00:00,40.810026,-96.6906413,0.0,mph,active,0.0,-0.14400000000000002,,g (estimated)
20260713054415_000215F.MP4,39,2026-07-13T10:44:54+00:00,40.810026,-96.6906413,0.0,mph,active,0.0,-0.192,,g (estimated)
20260713054415_000215F.MP4,40,2026-07-13T10:44:55+00:00,40.810026,-96.6906413,0.0,mph,active,0.0,-0.14400000000000002,,g (estimated)
20260713054415_000215F.MP4,41,2026-07-13T10:44:56+00:00,40.8100301,-96.6906413,0.0,mph,active,0.0,-0.14400000000000002,,g (estimated)
20260713054415_000215F.MP4,42,2026-07-13T10:44:57+00:00,40.8100301,-96.6906413,0.0,mph,active,0.0,-0.14400000000000002,,g (estimated)
20260713054415_000215F.MP4,43,2026-07-13T10:44:58+00:00,40.8100301,-96.6906413,0.0,mph,active,0.0,-0.14400000000000002,,g (estimated)
20260713054415_000215F.MP4,44,2026-07-13T10:44:59+00:00,40.8100301,-96.6906413,0.0,mph,active,0.0,-0.24,,g (estimated)
20260713054415_000215F.MP4,45,2026-07-13T10:45:00+00:00,40.8100301,-96.6906413,0.0,mph,active,-0.048,-0.336,,g (estimated)
20260713054415_000215F.MP4,46,2026-07-13T10:45:01+00:00,40.8100301,-96.6906413,0.0,mph,active,-0.048,-0.384,,g (estimated)
20260713054415_000215F.MP4,47,2026-07-13T10:45:02+00:00,40.8100301,-96.6906413,3.39,mph,active,-0.048,-0.28800000000000003,,g (estimated)
20260713054415_000215F.MP4,48,2026-07-13T10:45:03+00:00,40.8100545,-96.6906413,6.0,mph,active,-0.096,-0.24,,g (estimated)
20260713054415_000215F.MP4,49,2026-07-13T10:45:04+00:00,40.8101034,-96.6906576,10.62,mph,active,-0.048,-0.336,,g (estimated)
20260713054415_000215F.MP4,50,2026-07-13T10:45:05+00:00,40.8101603,-96.6906576,12.21,mph,active,0.0,-0.14400000000000002,,g (estimated)
20260713054415_000215F.MP4,51,2026-07-13T10:45:06+00:00,40.8102254,-96.6906576,14.35,mph,active,0.0,-0.14400000000000002,,g (estimated)
20260713054415_000215F.MP4,52,2026-07-13T10:45:07+00:00,40.8103027,-96.6906576,16.21,mph,active,-0.048,-0.24,,g (estimated)
20260713054415_000215F.MP4,53,2026-07-13T10:45:08+00:00,40.81038,-96.6906576,17.76,mph,active,-0.048,-0.24,,g (estimated)
20260713054415_000215F.MP4,54,2026-07-13T10:45:09+00:00,40.8104655,-96.6906576,18.83,mph,active,-0.048,-0.192,,g (estimated)
20260713054415_000215F.MP4,55,2026-07-13T10:45:10+00:00,40.810555,-96.6906576,19.55,mph,active,0.0,-0.14400000000000002,,g (estimated)
20260713054415_000215F.MP4,56,2026-07-13T10:45:11+00:00,40.8106486,-96.6906576,20.28,mph,active,-0.048,-0.14400000000000002,,g (estimated)
20260713054415_000215F.MP4,57,2026-07-13T10:45:12+00:00,40.8107463,-96.6906738,20.69,mph,active,0.0,-0.14400000000000002,,g (estimated)
20260713054415_000215F.MP4,58,2026-07-13T10:45:13+00:00,40.8108398,-96.6906738,19.63,mph,active,0.0,-0.048,,g (estimated)
20260713054415_000215F.MP4,59,2026-07-13T10:45:14+00:00,40.8109253,-96.6906901,18.3,mph,active,-0.048,-0.14400000000000002,,g (estimated)
20260713054515_000216F.MP4,0,2026-07-13T10:45:15+00:00,40.8110107,-96.6906901,17.12,mph,active,-0.048,-0.096,,g (estimated)
20260713054515_000216F.MP4,1,2026-07-13T10:45:16+00:00,40.8110881,-96.6906901,15.31,mph,active,-0.096,0.0,,g (estimated)
20260713054515_000216F.MP4,2,2026-07-13T10:45:17+00:00,40.8111572,-96.6906901,13.05,mph,active,-0.14400000000000002,-0.048,,g (estimated)
20260713054515_000216F.MP4,3,2026-07-13T10:45:18+00:00,40.8112101,-96.6906901,10.25,mph,active,-0.14400000000000002,0.0,,g (estimated)
20260713054515_000216F.MP4,4,2026-07-13T10:45:19+00:00,40.8112549,-96.6906738,8.61,mph,active,-0.192,-0.096,,g (estimated)
20260713054515_000216F.MP4,5,2026-07-13T10:45:20+00:00,40.8112915,-96.6906413,7.78,mph,active,-0.192,-0.096,,g (estimated)
20260713054515_000216F.MP4,6,2026-07-13T10:45:21+00:00,40.8113118,-96.6906087,6.63,mph,active,-0.336,-0.048,,g (estimated)
20260713054515_000216F.MP4,7,2026-07-13T10:45:22+00:00,40.8113159,-96.6905599,5.95,mph,active,-0.24,-0.096,,g (estimated)
20260713054515_000216F.MP4,8,2026-07-13T10:45:23+00:00,40.8113078,-96.6905273,6.68,mph,active,-0.192,-0.096,,g (estimated)
20260713054515_000216F.MP4,9,2026-07-13T10:45:24+00:00,40.8112834,-96.6904948,6.75,mph,active,-0.192,-0.192,,g (estimated)
20260713054515_000216F.MP4,10,2026-07-13T10:45:25+00:00,40.8112508,-96.6904622,6.7,mph,active,-0.096,-0.14400000000000002,,g (estimated)
20260713054515_000216F.MP4,11,2026-07-13T10:45:26+00:00,40.8112142,-96.6904622,7.33,mph,active,-0.096,-0.24,,g (estimated)
20260713054515_000216F.MP4,12,2026-07-13T10:45:27+00:00,40.8111816,-96.6904622,6.5,mph,active,0.0,-0.14400000000000002,,g (estimated)
20260713054515_000216F.MP4,13,2026-07-13T10:45:28+00:00,40.8111491,-96.6904622,6.91,mph,active,0.0,-0.14400000000000002,,g (estimated)
20260713054515_000216F.MP4,14,2026-07-13T10:45:29+00:00,40.8111084,-96.6904785,7.38,mph,active,-0.048,-0.192,,g (estimated)
20260713054515_000216F.MP4,15,2026-07-13T10:45:30+00:00,40.8110718,-96.6904622,6.94,mph,active,0.0,-0.192,,g (estimated)
20260713054515_000216F.MP4,16,2026-07-13T10:45:31+00:00,40.8110352,-96.6904622,7.18,mph,active,0.0,-0.24,,g (estimated)
20260713054515_000216F.MP4,17,2026-07-13T10:45:32+00:00,40.8110026,-96.690446,7.19,mph,active,0.048,-0.14400000000000002,,g (estimated)
20260713054515_000216F.MP4,18,2026-07-13T10:45:33+00:00,40.8109701,-96.6904297,7.46,mph,active,0.0,-0.14400000000000002,,g (estimated)
20260713054515_000216F.MP4,19,2026-07-13T10:45:34+00:00,40.8109416,-96.6903809,7.77,mph,active,0.0,-0.14400000000000002,,g (estimated)
20260713054515_000216F.MP4,20,2026-07-13T10:45:35+00:00,40.8109212,-96.6903483,8.1,mph,active,0.0,-0.24,,g (estimated)
20260713054515_000216F.MP4,21,2026-07-13T10:45:36+00:00,40.8109049,-96.6902995,8.4,mph,active,-0.096,-0.192,,g (estimated)
20260713054515_000216F.MP4,22,2026-07-13T10:45:37+00:00,40.8108968,-96.6902507,8.39,mph,active,-0.048,-0.192,,g (estimated)
20260713054515_000216F.MP4,23,2026-07-13T10:45:38+00:00,40.8108927,-96.6901855,8.4,mph,active,-0.096,-0.14400000000000002,,g (estimated)
20260713054515_000216F.MP4,24,2026-07-13T10:45:39+00:00,40.8108887,-96.6901367,8.59,mph,active,-0.192,-0.14400000000000002,,g (estimated)
20260713054515_000216F.MP4,25,2026-07-13T10:45:40+00:00,40.8108887,-96.6900879,8.54,mph,active,-0.096,-0.192,,g (estimated)
20260713054515_000216F.MP4,26,2026-07-13T10:45:41+00:00,40.8108765,-96.6900391,7.64,mph,active,-0.14400000000000002,-0.192,,g (estimated)
20260713054515_000216F.MP4,27,2026-07-13T10:45:42+00:00,40.8108561,-96.6899902,7.31,mph,active,-0.192,-0.192,,g (estimated)
20260713054515_000216F.MP4,28,2026-07-13T10:45:43+00:00,40.8108317,-96.6899577,7.3,mph,active,-0.14400000000000002,-0.192,,g (estimated)
20260713054515_000216F.MP4,29,2026-07-13T10:45:44+00:00,40.8108032,-96.6899251,7.88,mph,active,-0.14400000000000002,-0.192,,g (estimated)
20260713054515_000216F.MP4,30,2026-07-13T10:45:45+00:00,40.8107666,-96.6899089,8.36,mph,active,-0.048,-0.14400000000000002,,g (estimated)
20260713054515_000216F.MP4,31,2026-07-13T10:45:46+00:00,40.8107218,-96.6899089,9.15,mph,active,-0.096,-0.14400000000000002,,g (estimated)
20260713054515_000216F.MP4,32,2026-07-13T10:45:47+00:00,40.8106771,-96.6899089,9.85,mph,active,-0.048,-0.192,,g (estimated)
20260713054515_000216F.MP4,33,2026-07-13T10:45:48+00:00,40.8106283,-96.6899089,9.87,mph,active,-0.048,-0.14400000000000002,,g (estimated)
20260713054515_000216F.MP4,34,2026-07-13T10:45:49+00:00,40.8105835,-96.6899089,10.19,mph,active,-0.048,-0.14400000000000002,,g (estimated)
20260713054515_000216F.MP4,35,2026-07-13T10:45:50+00:00,40.8105347,-96.6899089,10.12,mph,active,0.0,-0.192,,g (estimated)
20260713054515_000216F.MP4,36,2026-07-13T10:45:51+00:00,40.8104858,-96.6899251,10.07,mph,active,0.0,-0.192,,g (estimated)
20260713054515_000216F.MP4,37,2026-07-13T10:45:52+00:00,40.810437,-96.6899251,10.04,mph,active,0.0,-0.14400000000000002,,g (estimated)
20260713054515_000216F.MP4,38,2026-07-13T10:45:53+00:00,40.8103882,-96.6899251,9.75,mph,active,0.0,-0.14400000000000002,,g (estimated)
20260713054515_000216F.MP4,39,2026-07-13T10:45:54+00:00,40.8103434,-96.6899251,8.95,mph,active,0.048,-0.14400000000000002,,g (estimated)
20260713054515_000216F.MP4,40,2026-07-13T10:45:55+00:00,40.8103027,-96.6899251,7.7,mph,active,0.096,-0.14400000000000002,,g (estimated)
20260713054515_000216F.MP4,41,2026-07-13T10:45:56+00:00,40.8102702,-96.6899089,7.32,mph,active,0.0,-0.096,,g (estimated)
20260713054515_000216F.MP4,42,2026-07-13T10:45:57+00:00,40.8102376,-96.6898926,7.29,mph,active,0.0,-0.192,,g (estimated)
20260713054515_000216F.MP4,43,2026-07-13T10:45:58+00:00,40.8102132,-96.68986,7.3,mph,active,0.0,-0.14400000000000002,,g (estimated)
20260713054515_000216F.MP4,44,2026-07-13T10:45:59+00:00,40.810201,-96.6898275,7.09,mph,active,-0.048,-0.192,,g (estimated)
20260713054515_000216F.MP4,45,2026-07-13T10:46:00+00:00,40.8101929,-96.6897786,7.36,mph,active,0.0,-0.192,,g (estimated)
20260713054515_000216F.MP4,46,2026-07-13T10:46:01+00:00,40.8101929,-96.6897298,7.16,mph,active,-0.096,-0.14400000000000002,,g (estimated)
20260713054515_000216F.MP4,47,2026-07-13T10:46:02+00:00,40.8101969,-96.689681,6.92,mph,active,-0.14400000000000002,-0.096,,g (estimated)
20260713054515_000216F.MP4,48,2026-07-13T10:46:03+00:00,40.810201,-96.6896322,6.39,mph,active,-0.096,-0.096,,g (estimated)
20260713054515_000216F.MP4,49,2026-07-13T10:46:04+00:00,40.8102051,-96.6895996,5.39,mph,active,-0.096,-0.096,,g (estimated)
20260713054515_000216F.MP4,50,2026-07-13T10:46:05+00:00,40.8102091,-96.6895508,2.84,mph,active,-0.048,-0.192,,g (estimated)
20260713054515_000216F.MP4,51,2026-07-13T10:46:06+00:00,40.8102132,-96.6895345,0.0,mph,active,-0.048,-0.192,,g (estimated)
20260713054515_000216F.MP4,52,2026-07-13T10:46:07+00:00,40.8102173,-96.6895345,0.0,mph,active,0.0,-0.24,,g (estimated)
20260713054515_000216F.MP4,53,2026-07-13T10:46:08+00:00,40.8102214,-96.6895182,0.0,mph,active,0.0,-0.24,,g (estimated)
20260713054515_000216F.MP4,54,2026-07-13T10:46:09+00:00,40.8102336,-96.689502,5.23,mph,active,0.048,-0.192,,g (estimated)
20260713054515_000216F.MP4,55,2026-07-13T10:46:10+00:00,40.810262,-96.6894857,7.4,mph,active,-0.048,-0.24,,g (estimated)
20260713054515_000216F.MP4,56,2026-07-13T10:46:11+00:00,40.8102987,-96.6894531,8.92,mph,active,0.0,-0.192,,g (estimated)
20260713054515_000216F.MP4,57,2026-07-13T10:46:12+00:00,40.8103434,-96.6894531,11.0,mph,active,-0.048,-0.24,,g (estimated)
20260713054515_000216F.MP4,58,2026-07-13T10:46:13+00:00,40.8104004,-96.6894368,12.4,mph,active,-0.048,-0.24,,g (estimated)
20260713054515_000216F.MP4,59,2026-07-13T10:46:14+00:00,40.8104655,-96.6894368,13.29,mph,active,0.0,-0.14400000000000002,,g (estimated)
20260713054615_000217F.MP4,0,2026-07-13T10:46:15+00:00,40.8105347,-96.6894368,13.75,mph,active,-0.048,-0.14400000000000002,,g (estimated)
20260713054615_000217F.MP4,1,2026-07-13T10:46:16+00:00,40.8105998,-96.6894368,13.81,mph,active,0.0,-0.14400000000000002,,g (estimated)
20260713054615_000217F.MP4,2,2026-07-13T10:46:17+00:00,40.8106689,-96.6894531,13.45,mph,active,-0.096,-0.192,,g (estimated)
20260713054615_000217F.MP4,3,2026-07-13T10:46:18+00:00,40.8107381,-96.6894531,13.24,mph,active,-0.048,-0.14400000000000002,,g (estimated)
20260713054615_000217F.MP4,4,2026-07-13T10:46:19+00:00,40.8108032,-96.6894531,13.18,mph,active,-0.048,-0.14400000000000002,,g (estimated)
20260713054615_000217F.MP4,5,2026-07-13T10:46:20+00:00,40.8108683,-96.6894694,12.74,mph,active,-0.048,-0.14400000000000002,,g (estimated)
20260713054615_000217F.MP4,6,2026-07-13T10:46:21+00:00,40.8109294,-96.6894694,12.46,mph,active,-0.048,-0.096,,g (estimated)
20260713054615_000217F.MP4,7,2026-07-13T10:46:22+00:00,40.8109863,-96.6894694,11.93,mph,active,-0.048,-0.096,,g (estimated)
20260713054615_000217F.MP4,8,2026-07-13T10:46:23+00:00,40.8110433,-96.6894694,11.09,mph,active,-0.048,-0.14400000000000002,,g (estimated)
20260713054615_000217F.MP4,9,2026-07-13T10:46:24+00:00,40.8110921,-96.6894694,10.13,mph,active,-0.048,-0.096,,g (estimated)
20260713054615_000217F.MP4,10,2026-07-13T10:46:25+00:00,40.8111369,-96.6894531,8.71,mph,active,-0.096,0.0,,g (estimated)
20260713054615_000217F.MP4,11,2026-07-13T10:46:26+00:00,40.8111735,-96.6894531,6.0,mph,active,-0.048,-0.048,,g (estimated)
20260713054615_000217F.MP4,12,2026-07-13T10:46:27+00:00,40.8111898,-96.6894531,3.31,mph,active,-0.048,-0.192,,g (estimated)
20260713054615_000217F.MP4,13,2026-07-13T10:46:28+00:00,40.8111979,-96.6894531,0.0,mph,active,-0.048,-0.14400000000000002,,g (estimated)
20260713054615_000217F.MP4,14,2026-07-13T10:46:29+00:00,40.8111979,-96.6894531,0.0,mph,active,-0.048,-0.14400000000000002,,g (estimated)
20260713054615_000217F.MP4,15,2026-07-13T10:46:30+00:00,40.8111979,-96.6894531,0.0,mph,active,-0.048,-0.14400000000000002,,g (estimated)
20260713054615_000217F.MP4,16,2026-07-13T10:46:31+00:00,40.8111979,-96.6894531,0.0,mph,active,-0.048,-0.14400000000000002,,g (estimated)
20260713054615_000217F.MP4,17,2026-07-13T10:46:32+00:00,40.8111979,-96.6894531,0.0,mph,active,-0.048,-0.14400000000000002,,g (estimated)
20260713054615_000217F.MP4,18,2026-07-13T10:46:33+00:00,40.8111979,-96.6894531,0.0,mph,active,-0.048,-0.14400000000000002,,g (estimated)
20260713054615_000217F.MP4,19,2026-07-13T10:46:34+00:00,40.8111979,-96.6894531,0.0,mph,active,-0.048,-0.14400000000000002,,g (estimated)
20260713054615_000217F.MP4,20,2026-07-13T10:46:35+00:00,40.8111979,-96.6894531,0.0,mph,active,-0.048,-0.14400000000000002,,g (estimated)
20260713054615_000217F.MP4,21,2026-07-13T10:46:36+00:00,40.8111979,-96.6894531,0.0,mph,active,-0.048,-0.14400000000000002,,g (estimated)
20260713054615_000217F.MP4,22,2026-07-13T10:46:37+00:00,40.8111979,-96.6894531,0.0,mph,active,-0.048,-0.192,,g (estimated)
20260713054615_000217F.MP4,23,2026-07-13T10:46:38+00:00,40.8111979,-96.6894531,0.0,mph,active,-0.048,-0.192,,g (estimated)
20260713054615_000217F.MP4,24,2026-07-13T10:46:39+00:00,40.8111938,-96.6894531,0.0,mph,active,-0.048,-0.14400000000000002,,g (estimated)
20260713054615_000217F.MP4,25,2026-07-13T10:46:40+00:00,40.8111938,-96.6894531,0.0,mph,active,-0.048,-0.14400000000000002,,g (estimated)
20260713054615_000217F.MP4,26,2026-07-13T10:46:41+00:00,40.8111938,-96.6894531,0.0,mph,active,-0.048,-0.14400000000000002,,g (estimated)
20260713054615_000217F.MP4,27,2026-07-13T10:46:42+00:00,40.8111938,-96.6894531,0.0,mph,active,-0.048,-0.14400000000000002,,g (estimated)
20260713054615_000217F.MP4,28,2026-07-13T10:46:43+00:00,40.8111938,-96.6894531,0.0,mph,active,-0.048,-0.14400000000000002,,g (estimated)
20260713054615_000217F.MP4,29,2026-07-13T10:46:44+00:00,40.8111938,-96.6894531,0.0,mph,active,-0.048,-0.14400000000000002,,g (estimated)
20260713054615_000217F.MP4,30,2026-07-13T10:46:45+00:00,40.8111938,-96.6894531,0.0,mph,active,-0.048,-0.14400000000000002,,g (estimated)
20260713054615_000217F.MP4,31,2026-07-13T10:46:46+00:00,40.8111938,-96.6894531,0.0,mph,active,-0.048,-0.14400000000000002,,g (estimated)
20260713054615_000217F.MP4,32,2026-07-13T10:46:47+00:00,40.8111938,-96.6894531,0.0,mph,active,-0.048,-0.14400000000000002,,g (estimated)
20260713054615_000217F.MP4,33,2026-07-13T10:46:48+00:00,40.8111938,-96.6894694,0.0,mph,active,-0.048,-0.14400000000000002,,g (estimated)
20260713054615_000217F.MP4,34,2026-07-13T10:46:49+00:00,40.8111898,-96.6894694,0.0,mph,active,-0.048,-0.14400000000000002,,g (estimated)
20260713054615_000217F.MP4,35,2026-07-13T10:46:50+00:00,40.8111898,-96.6894694,0.0,mph,active,-0.048,-0.14400000000000002,,g (estimated)
20260713054615_000217F.MP4,36,2026-07-13T10:46:51+00:00,40.8111898,-96.6894694,0.0,mph,active,-0.048,-0.14400000000000002,,g (estimated)
20260713054615_000217F.MP4,37,2026-07-13T10:46:52+00:00,40.8111898,-96.6894694,0.0,mph,active,-0.048,-0.14400000000000002,,g (estimated)
20260713054615_000217F.MP4,38,2026-07-13T10:46:53+00:00,40.8111898,-96.6894694,0.0,mph,active,-0.048,-0.14400000000000002,,g (estimated)
20260713054615_000217F.MP4,39,2026-07-13T10:46:54+00:00,40.8111898,-96.6894694,0.0,mph,active,-0.048,-0.14400000000000002,,g (estimated)
20260713054615_000217F.MP4,40,2026-07-13T10:46:55+00:00,40.8111898,-96.6894694,0.0,mph,active,-0.048,-0.14400000000000002,,g (estimated)
20260713054615_000217F.MP4,41,2026-07-13T10:46:56+00:00,40.8111898,-96.6894694,0.0,mph,active,-0.048,-0.14400000000000002,,g (estimated)
20260713054615_000217F.MP4,42,2026-07-13T10:46:57+00:00,40.8111898,-96.6894694,0.0,mph,active,-0.048,-0.14400000000000002,,g (estimated)
20260713054615_000217F.MP4,43,2026-07-13T10:46:58+00:00,40.8111898,-96.6894694,0.0,mph,active,-0.048,-0.14400000000000002,,g (estimated)
20260713054615_000217F.MP4,44,2026-07-13T10:46:59+00:00,40.8111898,-96.6894694,0.0,mph,active,-0.048,-0.14400000000000002,,g (estimated)
20260713054615_000217F.MP4,45,2026-07-13T10:47:00+00:00,40.8111898,-96.6894694,0.0,mph,active,-0.048,-0.14400000000000002,,g (estimated)
20260713054615_000217F.MP4,46,2026-07-13T10:47:01+00:00,40.8111898,-96.6894531,0.0,mph,active,-0.048,-0.14400000000000002,,g (estimated)
20260713054615_000217F.MP4,47,2026-07-13T10:47:02+00:00,40.8111898,-96.6894531,0.0,mph,active,-0.048,-0.14400000000000002,,g (estimated)
20260713054615_000217F.MP4,48,2026-07-13T10:47:03+00:00,40.8111898,-96.6894531,0.0,mph,active,-0.048,-0.14400000000000002,,g (estimated)
20260713054615_000217F.MP4,49,2026-07-13T10:47:04+00:00,40.8111898,-96.6894531,0.0,mph,active,-0.048,-0.14400000000000002,,g (estimated)
20260713054615_000217F.MP4,50,2026-07-13T10:47:05+00:00,40.8111898,-96.6894531,0.0,mph,active,-0.048,-0.14400000000000002,,g (estimated)
20260713054615_000217F.MP4,51,2026-07-13T10:47:06+00:00,40.8111898,-96.6894531,0.0,mph,active,-0.048,-0.14400000000000002,,g (estimated)
20260713054615_000217F.MP4,52,2026-07-13T10:47:07+00:00,40.8111898,-96.6894531,0.0,mph,active,-0.048,-0.14400000000000002,,g (estimated)
20260713054615_000217F.MP4,53,2026-07-13T10:47:08+00:00,40.8111898,-96.6894531,0.0,mph,active,-0.048,-0.14400000000000002,,g (estimated)
20260713054615_000217F.MP4,54,2026-07-13T10:47:09+00:00,40.8111898,-96.6894531,0.0,mph,active,-0.048,-0.14400000000000002,,g (estimated)
20260713054615_000217F.MP4,55,2026-07-13T10:47:10+00:00,40.8111898,-96.6894531,0.0,mph,active,-0.048,-0.14400000000000002,,g (estimated)
20260713054615_000217F.MP4,56,2026-07-13T10:47:11+00:00,40.8111898,-96.6894531,0.0,mph,active,-0.048,-0.14400000000000002,,g (estimated)
20260713054615_000217F.MP4,57,2026-07-13T10:47:12+00:00,40.8111898,-96.6894531,0.0,mph,active,-0.048,-0.14400000000000002,,g (estimated)
20260713054615_000217F.MP4,58,2026-07-13T10:47:13+00:00,40.8111898,-96.6894531,0.0,mph,active,-0.048,-0.14400000000000002,,g (estimated)
20260713054615_000217F.MP4,59,2026-07-13T10:47:14+00:00,40.8111898,-96.6894531,0.0,mph,active,-0.048,-0.096,,g (estimated)
20260713054715_000218F.MP4,0,2026-07-13T10:47:15+00:00,40.8111898,-96.6894531,0.0,mph,active,-0.048,-0.14400000000000002,,g (estimated)
20260713054715_000218F.MP4,1,2026-07-13T10:47:16+00:00,40.8111898,-96.6894531,0.0,mph,active,-0.048,-0.14400000000000002,,g (estimated)
20260713054715_000218F.MP4,2,2026-07-13T10:47:17+00:00,40.8111898,-96.6894531,0.0,mph,active,-0.048,-0.14400000000000002,,g (estimated)
20260713054715_000218F.MP4,3,2026-07-13T10:47:18+00:00,40.8111898,-96.6894531,0.0,mph,active,-0.048,-0.14400000000000002,,g (estimated)
20260713054715_000218F.MP4,4,2026-07-13T10:47:19+00:00,40.8111898,-96.6894531,0.0,mph,active,-0.048,-0.14400000000000002,,g (estimated)
20260713054715_000218F.MP4,5,2026-07-13T10:47:20+00:00,40.8111898,-96.6894531,0.0,mph,active,-0.048,-0.14400000000000002,,g (estimated)
20260713054715_000218F.MP4,6,2026-07-13T10:47:21+00:00,40.8111898,-96.6894531,0.0,mph,active,-0.048,-0.14400000000000002,,g (estimated)
20260713054715_000218F.MP4,7,2026-07-13T10:47:22+00:00,40.8111898,-96.6894531,0.0,mph,active,-0.048,-0.14400000000000002,,g (estimated)
20260713054715_000218F.MP4,8,2026-07-13T10:47:23+00:00,40.8111898,-96.6894531,0.0,mph,active,-0.048,-0.14400000000000002,,g (estimated)
20260713054715_000218F.MP4,9,2026-07-13T10:47:24+00:00,40.8111898,-96.6894531,0.0,mph,active,-0.048,-0.14400000000000002,,g (estimated)
20260713054715_000218F.MP4,10,2026-07-13T10:47:25+00:00,40.8111898,-96.6894531,0.0,mph,active,-0.048,-0.14400000000000002,,g (estimated)
20260713054715_000218F.MP4,11,2026-07-13T10:47:26+00:00,40.8111898,-96.6894531,0.0,mph,active,-0.048,-0.14400000000000002,,g (estimated)
20260713054715_000218F.MP4,12,2026-07-13T10:47:27+00:00,40.8111898,-96.6894531,0.0,mph,active,-0.048,-0.14400000000000002,,g (estimated)
20260713054715_000218F.MP4,13,2026-07-13T10:47:28+00:00,40.8111898,-96.6894531,0.0,mph,active,-0.048,-0.14400000000000002,,g (estimated)
20260713054715_000218F.MP4,14,2026-07-13T10:47:29+00:00,40.8111857,-96.6894531,0.0,mph,active,-0.048,-0.14400000000000002,,g (estimated)
20260713054715_000218F.MP4,15,2026-07-13T10:47:30+00:00,40.8111857,-96.6894531,0.0,mph,active,-0.048,-0.14400000000000002,,g (estimated)
20260713054715_000218F.MP4,16,2026-07-13T10:47:31+00:00,40.8111857,-96.6894531,0.0,mph,active,-0.048,-0.14400000000000002,,g (estimated)
20260713054715_000218F.MP4,17,2026-07-13T10:47:32+00:00,40.8111857,-96.6894531,0.0,mph,active,-0.048,-0.14400000000000002,,g (estimated)
20260713054715_000218F.MP4,18,2026-07-13T10:47:33+00:00,40.8111857,-96.6894531,0.0,mph,active,-0.048,-0.14400000000000002,,g (estimated)
20260713054715_000218F.MP4,19,2026-07-13T10:47:34+00:00,40.8111857,-96.6894531,0.0,mph,active,-0.048,-0.14400000000000002,,g (estimated)
20260713054715_000218F.MP4,20,2026-07-13T10:47:35+00:00,40.8111857,-96.6894531,0.0,mph,active,-0.048,-0.14400000000000002,,g (estimated)
20260713054715_000218F.MP4,21,2026-07-13T10:47:36+00:00,40.8111857,-96.6894531,0.0,mph,active,-0.048,-0.14400000000000002,,g (estimated)
20260713054715_000218F.MP4,22,2026-07-13T10:47:37+00:00,40.8111898,-96.6894531,0.0,mph,active,-0.048,-0.14400000000000002,,g (estimated)
20260713054715_000218F.MP4,23,2026-07-13T10:47:38+00:00,40.8111898,-96.6894531,0.0,mph,active,-0.048,-0.14400000000000002,,g (estimated)
20260713054715_000218F.MP4,24,2026-07-13T10:47:39+00:00,40.8111898,-96.6894531,0.0,mph,active,-0.048,-0.192,,g (estimated)
20260713054715_000218F.MP4,25,2026-07-13T10:47:40+00:00,40.8111898,-96.6894531,0.0,mph,active,-0.048,-0.14400000000000002,,g (estimated)
20260713054715_000218F.MP4,26,2026-07-13T10:47:41+00:00,40.8111898,-96.6894531,0.0,mph,active,-0.048,-0.14400000000000002,,g (estimated)
20260713054715_000218F.MP4,27,2026-07-13T10:47:42+00:00,40.8111898,-96.6894694,0.0,mph,active,-0.048,-0.14400000000000002,,g (estimated)
20260713054715_000218F.MP4,28,2026-07-13T10:47:43+00:00,40.8111898,-96.6894694,0.0,mph,active,-0.048,-0.14400000000000002,,g (estimated)
20260713054715_000218F.MP4,29,2026-07-13T10:47:44+00:00,40.8111898,-96.6894694,0.0,mph,active,-0.048,-0.14400000000000002,,g (estimated)
20260713054715_000218F.MP4,30,2026-07-13T10:47:45+00:00,40.8111898,-96.6894694,0.0,mph,active,-0.048,-0.14400000000000002,,g (estimated)
20260713054715_000218F.MP4,31,2026-07-13T10:47:46+00:00,40.8111898,-96.6894694,0.0,mph,active,-0.048,-0.14400000000000002,,g (estimated)
20260713054715_000218F.MP4,32,2026-07-13T10:47:47+00:00,40.8111898,-96.6894694,0.0,mph,active,-0.048,-0.14400000000000002,,g (estimated)
20260713054715_000218F.MP4,33,2026-07-13T10:47:48+00:00,40.8111898,-96.6894694,0.0,mph,active,-0.048,-0.192,,g (estimated)
20260713054715_000218F.MP4,34,2026-07-13T10:47:49+00:00,40.8111898,-96.6894694,0.0,mph,active,-0.048,-0.14400000000000002,,g (estimated)
20260713054715_000218F.MP4,35,2026-07-13T10:47:50+00:00,40.8111898,-96.6894694,0.0,mph,active,-0.048,-0.14400000000000002,,g (estimated)
20260713054715_000218F.MP4,36,2026-07-13T10:47:51+00:00,40.8111898,-96.6894694,0.0,mph,active,-0.048,-0.14400000000000002,,g (estimated)
20260713054715_000218F.MP4,37,2026-07-13T10:47:52+00:00,40.8111898,-96.6894694,0.0,mph,active,-0.048,-0.14400000000000002,,g (estimated)
20260713054715_000218F.MP4,38,2026-07-13T10:47:53+00:00,40.8111898,-96.6894694,0.0,mph,active,-0.048,-0.192,,g (estimated)
20260713054715_000218F.MP4,39,2026-07-13T10:47:54+00:00,40.8111898,-96.6894694,0.0,mph,active,-0.048,-0.14400000000000002,,g (estimated)
20260713054715_000218F.MP4,40,2026-07-13T10:47:55+00:00,40.8111898,-96.6894694,0.0,mph,active,-0.048,-0.14400000000000002,,g (estimated)
20260713054715_000218F.MP4,41,2026-07-13T10:47:56+00:00,40.8111898,-96.6894694,0.0,mph,active,-0.048,-0.192,,g (estimated)
20260713054715_000218F.MP4,42,2026-07-13T10:47:57+00:00,40.8111898,-96.6894694,0.0,mph,active,-0.048,-0.14400000000000002,,g (estimated)
20260713054715_000218F.MP4,43,2026-07-13T10:47:58+00:00,40.8111898,-96.6894694,0.0,mph,active,-0.048,-0.14400000000000002,,g (estimated)
20260713054715_000218F.MP4,44,2026-07-13T10:47:59+00:00,40.8111898,-96.6894694,0.0,mph,active,-0.048,-0.14400000000000002,,g (estimated)
20260713054715_000218F.MP4,45,2026-07-13T10:48:00+00:00,40.8111898,-96.6894694,0.0,mph,active,-0.048,-0.14400000000000002,,g (estimated)
20260713054715_000218F.MP4,46,2026-07-13T10:48:01+00:00,40.8111898,-96.6894694,0.0,mph,active,-0.048,-0.14400000000000002,,g (estimated)
20260713054715_000218F.MP4,47,2026-07-13T10:48:02+00:00,40.8111898,-96.6894694,0.0,mph,active,-0.048,-0.14400000000000002,,g (estimated)
20260713054715_000218F.MP4,48,2026-07-13T10:48:03+00:00,40.8111898,-96.6894694,0.0,mph,active,-0.048,-0.14400000000000002,,g (estimated)
20260713054715_000218F.MP4,49,2026-07-13T10:48:04+00:00,40.8111898,-96.6894694,0.0,mph,active,-0.048,-0.14400000000000002,,g (estimated)
20260713054715_000218F.MP4,50,2026-07-13T10:48:05+00:00,40.8111898,-96.6894694,0.0,mph,active,-0.048,-0.14400000000000002,,g (estimated)
20260713054715_000218F.MP4,51,2026-07-13T10:48:06+00:00,40.8111898,-96.6894694,0.0,mph,active,-0.048,-0.14400000000000002,,g (estimated)
20260713054715_000218F.MP4,52,2026-07-13T10:48:07+00:00,40.8111898,-96.6894694,0.0,mph,active,-0.048,-0.14400000000000002,,g (estimated)
20260713054715_000218F.MP4,53,2026-07-13T10:48:08+00:00,40.8111898,-96.6894694,0.0,mph,active,-0.048,-0.192,,g (estimated)
20260713054715_000218F.MP4,54,2026-07-13T10:48:09+00:00,40.8111898,-96.6894694,0.0,mph,active,-0.048,-0.096,,g (estimated)
20260713054715_000218F.MP4,55,2026-07-13T10:48:10+00:00,40.8111898,-96.6894694,0.0,mph,active,-0.048,-0.192,,g (estimated)
20260713054715_000218F.MP4,56,2026-07-13T10:48:11+00:00,40.8111938,-96.6894694,0.0,mph,active,-0.048,-0.14400000000000002,,g (estimated)
20260713054715_000218F.MP4,57,2026-07-13T10:48:12+00:00,40.8111938,-96.6894694,0.0,mph,active,-0.048,-0.14400000000000002,,g (estimated)
20260713054715_000218F.MP4,58,2026-07-13T10:48:13+00:00,40.8111938,-96.6894694,0.0,mph,active,-0.048,-0.14400000000000002,,g (estimated)
20260713054715_000218F.MP4,59,2026-07-13T10:48:14+00:00,40.8111938,-96.6894694,0.0,mph,active,-0.048,-0.14400000000000002,,g (estimated)
20260713054815_000219F.MP4,0,2026-07-13T10:48:15+00:00,40.8111938,-96.6894694,0.0,mph,active,-0.048,-0.14400000000000002,,g (estimated)
20260713054815_000219F.MP4,1,2026-07-13T10:48:16+00:00,40.8111938,-96.6894694,0.0,mph,active,-0.048,-0.192,,g (estimated)
20260713054815_000219F.MP4,2,2026-07-13T10:48:17+00:00,40.8111938,-96.6894694,0.0,mph,active,-0.048,-0.14400000000000002,,g (estimated)
20260713054815_000219F.MP4,3,2026-07-13T10:48:18+00:00,40.8111938,-96.6894694,0.0,mph,active,-0.048,-0.14400000000000002,,g (estimated)
20260713054815_000219F.MP4,4,2026-07-13T10:48:19+00:00,40.8111938,-96.6894694,0.0,mph,active,-0.048,-0.14400000000000002,,g (estimated)
20260713054815_000219F.MP4,5,2026-07-13T10:48:20+00:00,40.8111938,-96.6894694,0.0,mph,active,-0.048,-0.14400000000000002,,g (estimated)
20260713054815_000219F.MP4,6,2026-07-13T10:48:21+00:00,40.8111938,-96.6894694,0.0,mph,active,-0.048,-0.14400000000000002,,g (estimated)
20260713054815_000219F.MP4,7,2026-07-13T10:48:22+00:00,40.8111938,-96.6894694,0.0,mph,active,-0.048,-0.14400000000000002,,g (estimated)
20260713054815_000219F.MP4,8,2026-07-13T10:48:23+00:00,40.8111938,-96.6894694,0.0,mph,active,-0.048,-0.14400000000000002,,g (estimated)
20260713054815_000219F.MP4,9,2026-07-13T10:48:24+00:00,40.8111938,-96.6894694,0.0,mph,active,-0.048,-0.14400000000000002,,g (estimated)
20260713054815_000219F.MP4,10,2026-07-13T10:48:25+00:00,40.8111898,-96.6894694,0.0,mph,active,-0.048,-0.14400000000000002,,g (estimated)
20260713054815_000219F.MP4,11,2026-07-13T10:48:26+00:00,40.8111898,-96.6894694,0.0,mph,active,-0.048,-0.14400000000000002,,g (estimated)
20260713054815_000219F.MP4,12,2026-07-13T10:48:27+00:00,40.8111898,-96.6894694,0.0,mph,active,-0.048,-0.192,,g (estimated)
20260713054815_000219F.MP4,13,2026-07-13T10:48:28+00:00,40.8111898,-96.6894694,0.0,mph,active,-0.048,-0.14400000000000002,,g (estimated)
20260713054815_000219F.MP4,14,2026-07-13T10:48:29+00:00,40.8111898,-96.6894694,0.0,mph,active,-0.048,-0.14400000000000002,,g (estimated)
20260713054815_000219F.MP4,15,2026-07-13T10:48:30+00:00,40.8111898,-96.6894694,0.0,mph,active,-0.048,-0.14400000000000002,,g (estimated)
20260713054815_000219F.MP4,16,2026-07-13T10:48:31+00:00,40.8111898,-96.6894694,0.0,mph,active,-0.048,-0.14400000000000002,,g (estimated)
20260713054815_000219F.MP4,17,2026-07-13T10:48:32+00:00,40.8111938,-96.6894531,0.0,mph,active,-0.048,-0.14400000000000002,,g (estimated)
20260713054815_000219F.MP4,18,2026-07-13T10:48:33+00:00,40.8111938,-96.6894531,0.0,mph,active,-0.048,-0.14400000000000002,,g (estimated)
20260713054815_000219F.MP4,19,2026-07-13T10:48:34+00:00,40.8111938,-96.6894531,0.0,mph,active,-0.048,-0.14400000000000002,,g (estimated)
20260713054815_000219F.MP4,20,2026-07-13T10:48:35+00:00,40.8111938,-96.6894531,0.0,mph,active,-0.048,-0.14400000000000002,,g (estimated)
20260713054815_000219F.MP4,21,2026-07-13T10:48:36+00:00,40.8111938,-96.6894531,0.0,mph,active,-0.048,-0.14400000000000002,,g (estimated)
20260713054815_000219F.MP4,22,2026-07-13T10:48:37+00:00,40.8111938,-96.6894531,0.0,mph,active,-0.048,-0.14400000000000002,,g (estimated)
20260713054815_000219F.MP4,23,2026-07-13T10:48:38+00:00,40.8111938,-96.6894531,0.0,mph,active,-0.048,-0.192,,g (estimated)
20260713054815_000219F.MP4,24,2026-07-13T10:48:39+00:00,40.8111938,-96.6894531,0.0,mph,active,-0.048,-0.14400000000000002,,g (estimated)
20260713054815_000219F.MP4,25,2026-07-13T10:48:40+00:00,40.8111898,-96.6894531,0.0,mph,active,-0.048,-0.14400000000000002,,g (estimated)
20260713054815_000219F.MP4,26,2026-07-13T10:48:41+00:00,40.8111898,-96.6894531,0.0,mph,active,-0.048,-0.14400000000000002,,g (estimated)
20260713054815_000219F.MP4,27,2026-07-13T10:48:42+00:00,40.8111898,-96.6894531,0.0,mph,active,-0.048,-0.192,,g (estimated)
20260713054815_000219F.MP4,28,2026-07-13T10:48:43+00:00,40.8111898,-96.6894531,0.0,mph,active,-0.048,-0.14400000000000002,,g (estimated)
20260713054815_000219F.MP4,29,2026-07-13T10:48:44+00:00,40.8111898,-96.6894531,0.0,mph,active,-0.048,-0.192,,g (estimated)
20260713054815_000219F.MP4,30,2026-07-13T10:48:45+00:00,40.8111898,-96.6894531,0.0,mph,active,-0.048,-0.192,,g (estimated)
20260713054815_000219F.MP4,31,2026-07-13T10:48:46+00:00,40.8111898,-96.6894531,0.0,mph,active,-0.048,-0.14400000000000002,,g (estimated)
20260713054815_000219F.MP4,32,2026-07-13T10:48:47+00:00,40.8111898,-96.6894531,0.0,mph,active,-0.048,-0.14400000000000002,,g (estimated)
20260713054815_000219F.MP4,33,2026-07-13T10:48:48+00:00,40.8111898,-96.6894531,0.0,mph,active,-0.048,-0.14400000000000002,,g (estimated)
20260713054815_000219F.MP4,34,2026-07-13T10:48:49+00:00,40.8111898,-96.6894531,0.0,mph,active,-0.048,-0.14400000000000002,,g (estimated)
20260713054815_000219F.MP4,35,2026-07-13T10:48:50+00:00,40.8111898,-96.6894531,0.0,mph,active,-0.048,-0.14400000000000002,,g (estimated)
20260713054815_000219F.MP4,36,2026-07-13T10:48:51+00:00,40.8111898,-96.6894531,0.0,mph,active,-0.048,-0.14400000000000002,,g (estimated)
20260713054815_000219F.MP4,37,2026-07-13T10:48:52+00:00,40.8111898,-96.6894531,0.0,mph,active,-0.048,-0.14400000000000002,,g (estimated)
20260713054815_000219F.MP4,38,2026-07-13T10:48:53+00:00,40.8111898,-96.6894531,0.0,mph,active,-0.048,-0.14400000000000002,,g (estimated)
20260713054815_000219F.MP4,39,2026-07-13T10:48:54+00:00,40.8111898,-96.6894531,0.0,mph,active,-0.048,-0.14400000000000002,,g (estimated)
20260713054815_000219F.MP4,40,2026-07-13T10:48:55+00:00,40.8111898,-96.6894531,0.0,mph,active,-0.048,-0.14400000000000002,,g (estimated)
20260713054815_000219F.MP4,41,2026-07-13T10:48:56+00:00,40.8111898,-96.6894531,0.0,mph,active,-0.048,-0.14400000000000002,,g (estimated)
20260713054815_000219F.MP4,42,2026-07-13T10:48:57+00:00,40.8111898,-96.6894531,0.0,mph,active,-0.048,-0.14400000000000002,,g (estimated)
20260713054815_000219F.MP4,43,2026-07-13T10:48:58+00:00,40.8111898,-96.6894531,0.0,mph,active,-0.048,-0.14400000000000002,,g (estimated)
20260713054815_000219F.MP4,44,2026-07-13T10:48:59+00:00,40.8111898,-96.6894531,0.0,mph,active,-0.048,-0.14400000000000002,,g (estimated)
20260713054815_000219F.MP4,45,2026-07-13T10:49:00+00:00,40.8111898,-96.6894531,0.0,mph,active,-0.048,-0.14400000000000002,,g (estimated)
20260713054815_000219F.MP4,46,2026-07-13T10:49:01+00:00,40.8111898,-96.6894531,0.0,mph,active,-0.048,-0.14400000000000002,,g (estimated)
20260713054815_000219F.MP4,47,2026-07-13T10:49:02+00:00,40.8111898,-96.6894531,0.0,mph,active,-0.048,-0.14400000000000002,,g (estimated)
20260713054815_000219F.MP4,48,2026-07-13T10:49:03+00:00,40.8111898,-96.6894531,0.0,mph,active,-0.048,-0.14400000000000002,,g (estimated)
20260713054815_000219F.MP4,49,2026-07-13T10:49:04+00:00,40.8111898,-96.6894531,0.0,mph,active,-0.048,-0.14400000000000002,,g (estimated)
20260713054815_000219F.MP4,50,2026-07-13T10:49:05+00:00,40.8111898,-96.6894531,0.0,mph,active,-0.048,-0.14400000000000002,,g (estimated)
20260713054815_000219F.MP4,51,2026-07-13T10:49:06+00:00,40.8111898,-96.6894531,0.0,mph,active,-0.048,-0.14400000000000002,,g (estimated)
20260713054815_000219F.MP4,52,2026-07-13T10:49:07+00:00,40.8111898,-96.6894531,0.0,mph,active,-0.048,-0.14400000000000002,,g (estimated)
20260713054815_000219F.MP4,53,2026-07-13T10:49:08+00:00,40.8111898,-96.6894531,0.0,mph,active,-0.048,-0.14400000000000002,,g (estimated)
20260713054815_000219F.MP4,54,2026-07-13T10:49:09+00:00,40.8111898,-96.6894531,0.0,mph,active,-0.048,-0.14400000000000002,,g (estimated)
20260713054815_000219F.MP4,55,2026-07-13T10:49:10+00:00,40.8111898,-96.6894531,0.0,mph,active,-0.048,-0.14400000000000002,,g (estimated)
20260713054815_000219F.MP4,56,2026-07-13T10:49:11+00:00,40.8111898,-96.6894531,0.0,mph,active,-0.048,-0.192,,g (estimated)
20260713054815_000219F.MP4,57,2026-07-13T10:49:12+00:00,40.8111898,-96.6894531,0.0,mph,active,-0.048,-0.14400000000000002,,g (estimated)
20260713054815_000219F.MP4,58,2026-07-13T10:49:13+00:00,40.8111898,-96.6894531,0.0,mph,active,-0.048,-0.14400000000000002,,g (estimated)
20260713054815_000219F.MP4,59,2026-07-13T10:49:14+00:00,40.8111898,-96.6894531,0.0,mph,active,-0.048,-0.14400000000000002,,g (estimated)
20260713054915_000220F.MP4,0,2026-07-13T10:49:15+00:00,40.8111938,-96.6894531,0.0,mph,active,-0.048,-0.14400000000000002,,g (estimated)
20260713054915_000220F.MP4,1,2026-07-13T10:49:16+00:00,40.8111938,-96.6894531,0.0,mph,active,-0.048,-0.192,,g (estimated)
20260713054915_000220F.MP4,2,2026-07-13T10:49:17+00:00,40.8111938,-96.6894531,0.0,mph,active,-0.048,-0.14400000000000002,,g (estimated)
20260713054915_000220F.MP4,3,2026-07-13T10:49:18+00:00,40.8111938,-96.6894531,0.0,mph,active,-0.048,-0.14400000000000002,,g (estimated)
20260713054915_000220F.MP4,4,2026-07-13T10:49:19+00:00,40.8111938,-96.6894531,0.0,mph,active,-0.048,-0.14400000000000002,,g (estimated)
20260713054915_000220F.MP4,5,2026-07-13T10:49:20+00:00,40.8111938,-96.6894531,0.0,mph,active,-0.048,-0.14400000000000002,,g (estimated)
20260713054915_000220F.MP4,6,2026-07-13T10:49:21+00:00,40.8111979,-96.6894531,0.0,mph,active,-0.048,-0.14400000000000002,,g (estimated)
20260713054915_000220F.MP4,7,2026-07-13T10:49:22+00:00,40.8111979,-96.6894531,0.0,mph,active,-0.048,-0.192,,g (estimated)
20260713054915_000220F.MP4,8,2026-07-13T10:49:23+00:00,40.8111979,-96.6894531,0.0,mph,active,-0.048,-0.14400000000000002,,g (estimated)
20260713054915_000220F.MP4,9,2026-07-13T10:49:24+00:00,40.8111979,-96.6894531,0.0,mph,active,-0.048,-0.14400000000000002,,g (estimated)
20260713054915_000220F.MP4,10,2026-07-13T10:49:25+00:00,40.8111979,-96.6894531,0.0,mph,active,-0.048,-0.192,,g (estimated)
20260713054915_000220F.MP4,11,2026-07-13T10:49:26+00:00,40.8111979,-96.6894531,0.0,mph,active,-0.048,-0.14400000000000002,,g (estimated)
20260713054915_000220F.MP4,12,2026-07-13T10:49:27+00:00,40.8111979,-96.6894531,0.0,mph,active,-0.048,-0.14400000000000002,,g (estimated)
20260713054915_000220F.MP4,13,2026-07-13T10:49:28+00:00,40.8111979,-96.6894531,0.0,mph,active,-0.048,-0.14400000000000002,,g (estimated)
20260713054915_000220F.MP4,14,2026-07-13T10:49:29+00:00,40.8111979,-96.6894531,0.0,mph,active,-0.048,-0.14400000000000002,,g (estimated)
20260713054915_000220F.MP4,15,2026-07-13T10:49:30+00:00,40.8111979,-96.6894531,0.0,mph,active,-0.048,-0.14400000000000002,,g (estimated)
20260713054915_000220F.MP4,16,2026-07-13T10:49:31+00:00,40.8111979,-96.6894531,0.0,mph,active,-0.048,-0.14400000000000002,,g (estimated)
20260713054915_000220F.MP4,17,2026-07-13T10:49:32+00:00,40.8111938,-96.6894531,0.0,mph,active,-0.048,-0.14400000000000002,,g (estimated)
20260713054915_000220F.MP4,18,2026-07-13T10:49:33+00:00,40.8111938,-96.6894531,0.0,mph,active,-0.048,-0.14400000000000002,,g (estimated)
20260713054915_000220F.MP4,19,2026-07-13T10:49:34+00:00,40.8111938,-96.6894531,0.0,mph,active,-0.048,-0.14400000000000002,,g (estimated)
20260713054915_000220F.MP4,20,2026-07-13T10:49:35+00:00,40.8111938,-96.6894531,0.0,mph,active,-0.048,-0.14400000000000002,,g (estimated)
20260713054915_000220F.MP4,21,2026-07-13T10:49:36+00:00,40.8111898,-96.6894531,0.0,mph,active,-0.048,-0.14400000000000002,,g (estimated)
20260713054915_000220F.MP4,22,2026-07-13T10:49:37+00:00,40.8111898,-96.6894531,0.0,mph,active,-0.048,-0.14400000000000002,,g (estimated)
20260713054915_000220F.MP4,23,2026-07-13T10:49:38+00:00,40.8111898,-96.6894531,0.0,mph,active,-0.048,-0.14400000000000002,,g (estimated)
20260713054915_000220F.MP4,24,2026-07-13T10:49:39+00:00,40.8111898,-96.6894531,0.0,mph,active,-0.048,-0.14400000000000002,,g (estimated)
20260713054915_000220F.MP4,25,2026-07-13T10:49:40+00:00,40.8111898,-96.6894531,0.0,mph,active,-0.048,-0.14400000000000002,,g (estimated)
20260713054915_000220F.MP4,26,2026-07-13T10:49:41+00:00,40.8111898,-96.6894694,0.0,mph,active,-0.048,-0.14400000000000002,,g (estimated)
20260713054915_000220F.MP4,27,2026-07-13T10:49:42+00:00,40.8111898,-96.6894694,0.0,mph,active,-0.048,-0.14400000000000002,,g (estimated)
20260713054915_000220F.MP4,28,2026-07-13T10:49:43+00:00,40.8111898,-96.6894694,0.0,mph,active,-0.096,-0.14400000000000002,,g (estimated)
20260713054915_000220F.MP4,29,2026-07-13T10:49:44+00:00,40.8111898,-96.6894694,0.0,mph,active,-0.048,-0.14400000000000002,,g (estimated)
20260713054915_000220F.MP4,30,2026-07-13T10:49:45+00:00,40.8111898,-96.6894694,0.0,mph,active,-0.048,-0.14400000000000002,,g (estimated)
20260713054915_000220F.MP4,31,2026-07-13T10:49:46+00:00,40.8111898,-96.6894694,0.0,mph,active,-0.048,-0.14400000000000002,,g (estimated)
20260713054915_000220F.MP4,32,2026-07-13T10:49:47+00:00,40.8111857,-96.6894694,0.0,mph,active,-0.048,-0.14400000000000002,,g (estimated)
20260713054915_000220F.MP4,33,2026-07-13T10:49:48+00:00,40.8111857,-96.6894694,0.0,mph,active,-0.048,-0.14400000000000002,,g (estimated)
20260713054915_000220F.MP4,34,2026-07-13T10:49:49+00:00,40.8111857,-96.6894694,0.0,mph,active,-0.048,-0.14400000000000002,,g (estimated)
20260713054915_000220F.MP4,35,2026-07-13T10:49:50+00:00,40.8111857,-96.6894694,0.0,mph,active,-0.048,-0.14400000000000002,,g (estimated)
20260713054915_000220F.MP4,36,2026-07-13T10:49:51+00:00,40.8111857,-96.6894694,0.0,mph,active,-0.048,-0.14400000000000002,,g (estimated)
20260713054915_000220F.MP4,37,2026-07-13T10:49:52+00:00,40.8111857,-96.6894694,0.0,mph,active,-0.048,-0.14400000000000002,,g (estimated)
20260713054915_000220F.MP4,38,2026-07-13T10:49:53+00:00,40.8111857,-96.6894694,0.0,mph,active,-0.048,-0.14400000000000002,,g (estimated)
20260713054915_000220F.MP4,39,2026-07-13T10:49:54+00:00,40.8111857,-96.6894531,0.0,mph,active,-0.048,-0.14400000000000002,,g (estimated)
20260713054915_000220F.MP4,40,2026-07-13T10:49:55+00:00,40.8111857,-96.6894531,0.0,mph,active,-0.048,-0.14400000000000002,,g (estimated)
20260713054915_000220F.MP4,41,2026-07-13T10:49:56+00:00,40.8111857,-96.6894531,0.0,mph,active,-0.048,-0.14400000000000002,,g (estimated)
20260713054915_000220F.MP4,42,2026-07-13T10:49:57+00:00,40.8111857,-96.6894531,0.0,mph,active,-0.048,-0.14400000000000002,,g (estimated)
20260713054915_000220F.MP4,43,2026-07-13T10:49:58+00:00,40.8111857,-96.6894531,0.0,mph,active,-0.048,-0.14400000000000002,,g (estimated)
20260713054915_000220F.MP4,44,2026-07-13T10:49:59+00:00,40.8111857,-96.6894531,0.0,mph,active,-0.048,-0.14400000000000002,,g (estimated)
20260713054915_000220F.MP4,45,2026-07-13T10:50:00+00:00,40.8111857,-96.6894531,0.0,mph,active,-0.048,-0.14400000000000002,,g (estimated)
20260713054915_000220F.MP4,46,2026-07-13T10:50:01+00:00,40.8111816,-96.6894531,0.0,mph,active,-0.048,-0.14400000000000002,,g (estimated)
20260713054915_000220F.MP4,47,2026-07-13T10:50:02+00:00,40.8111816,-96.6894531,0.0,mph,active,-0.048,-0.14400000000000002,,g (estimated)
20260713054915_000220F.MP4,48,2026-07-13T10:50:03+00:00,40.8111816,-96.6894531,0.0,mph,active,-0.048,-0.192,,g (estimated)
20260713054915_000220F.MP4,49,2026-07-13T10:50:04+00:00,40.8111816,-96.6894531,0.0,mph,active,-0.048,-0.192,,g (estimated)
20260713054915_000220F.MP4,50,2026-07-13T10:50:05+00:00,40.8111816,-96.6894531,0.0,mph,active,-0.096,-0.14400000000000002,,g (estimated)
20260713054915_000220F.MP4,51,2026-07-13T10:50:06+00:00,40.8111816,-96.6894531,0.0,mph,active,-0.048,-0.14400000000000002,,g (estimated)
20260713054915_000220F.MP4,52,2026-07-13T10:50:07+00:00,40.8111816,-96.6894531,0.0,mph,active,-0.048,-0.192,,g (estimated)
20260713054915_000220F.MP4,53,2026-07-13T10:50:08+00:00,40.8111816,-96.6894531,0.0,mph,active,-0.048,-0.192,,g (estimated)
20260713054915_000220F.MP4,54,2026-07-13T10:50:09+00:00,40.8111816,-96.6894531,1.23,mph,active,-0.048,-0.192,,g (estimated)
20260713054915_000220F.MP4,55,2026-07-13T10:50:10+00:00,40.8111898,-96.6894531,2.25,mph,active,-0.048,-0.192,,g (estimated)
20260713054915_000220F.MP4,56,2026-07-13T10:50:11+00:00,40.8112061,-96.6894531,3.13,mph,active,0.0,-0.192,,g (estimated)
20260713054915_000220F.MP4,57,2026-07-13T10:50:12+00:00,40.8112183,-96.6894531,3.5,mph,active,0.0,-0.14400000000000002,,g (estimated)
20260713054915_000220F.MP4,58,2026-07-13T10:50:13+00:00,40.8112386,-96.6894694,4.57,mph,active,0.0,-0.192,,g (estimated)
20260713054915_000220F.MP4,59,2026-07-13T10:50:14+00:00,40.811259,-96.6894857,5.09,mph,active,0.0,-0.24,,g (estimated)
20260713055015_000221F.MP4,0,2026-07-13T10:50:15+00:00,40.8112752,-96.689502,5.45,mph,active,0.0,-0.192,,g (estimated)
20260713055015_000221F.MP4,1,2026-07-13T10:50:16+00:00,40.8112874,-96.6895345,6.22,mph,active,0.0,-0.192,,g (estimated)
20260713055015_000221F.MP4,2,2026-07-13T10:50:17+00:00,40.8112956,-96.6895833,6.91,mph,active,0.048,-0.192,,g (estimated)
20260713055015_000221F.MP4,3,2026-07-13T10:50:18+00:00,40.8112996,-96.6896159,7.53,mph,active,-0.096,-0.192,,g (estimated)
20260713055015_000221F.MP4,4,2026-07-13T10:50:19+00:00,40.8113037,-96.6896647,7.89,mph,active,-0.096,-0.096,,g (estimated)
20260713055015_000221F.MP4,5,2026-07-13T10:50:20+00:00,40.8113037,-96.6897135,7.83,mph,active,-0.048,-0.096,,g (estimated)
20260713055015_000221F.MP4,6,2026-07-13T10:50:21+00:00,40.8112996,-96.6897624,5.75,mph,active,-0.048,-0.096,,g (estimated)
20260713055015_000221F.MP4,7,2026-07-13T10:50:22+00:00,40.8112996,-96.6897949,4.85,mph,active,-0.048,-0.192,,g (estimated)
20260713055015_000221F.MP4,8,2026-07-13T10:50:23+00:00,40.8112996,-96.6898275,4.37,mph,active,-0.096,-0.24,,g (estimated)
20260713055015_000221F.MP4,9,2026-07-13T10:50:24+00:00,40.8112996,-96.68986,6.25,mph,active,0.0,-0.192,,g (estimated)
20260713055015_000221F.MP4,10,2026-07-13T10:50:25+00:00,40.8112996,-96.6899089,7.61,mph,active,-0.096,-0.192,,g (estimated)
20260713055015_000221F.MP4,11,2026-07-13T10:50:26+00:00,40.8112996,-96.6899577,9.49,mph,active,-0.048,-0.096,,g (estimated)
20260713055015_000221F.MP4,12,2026-07-13T10:50:27+00:00,40.8112996,-96.6900228,10.15,mph,active,-0.096,-0.192,,g (estimated)
20260713055015_000221F.MP4,13,2026-07-13T10:50:28+00:00,40.8112996,-96.6900879,10.49,mph,active,-0.048,-0.14400000000000002,,g (estimated)
20260713055015_000221F.MP4,14,2026-07-13T10:50:29+00:00,40.8112996,-96.690153,10.55,mph,active,-0.096,-0.192,,g (estimated)
20260713055015_000221F.MP4,15,2026-07-13T10:50:30+00:00,40.8113037,-96.6902181,10.83,mph,active,-0.048,-0.096,,g (estimated)
20260713055015_000221F.MP4,16,2026-07-13T10:50:31+00:00,40.8113037,-96.6902832,10.84,mph,active,-0.048,-0.14400000000000002,,g (estimated)
20260713055015_000221F.MP4,17,2026-07-13T10:50:32+00:00,40.8113037,-96.6903483,10.5,mph,active,-0.096,-0.096,,g (estimated)
20260713055015_000221F.MP4,18,2026-07-13T10:50:33+00:00,40.8113078,-96.6903971,9.18,mph,active,-0.096,-0.048,,g (estimated)
20260713055015_000221F.MP4,19,2026-07-13T10:50:34+00:00,40.8113078,-96.6904622,7.46,mph,active,-0.048,0.0,,g (estimated)
20260713055015_000221F.MP4,20,2026-07-13T10:50:35+00:00,40.8113037,-96.6904948,5.36,mph,active,-0.096,-0.096,,g (estimated)
20260713055015_000221F.MP4,21,2026-07-13T10:50:36+00:00,40.8113037,-96.6905111,2.61,mph,active,-0.048,-0.096,,g (estimated)
20260713055015_000221F.MP4,22,2026-07-13T10:50:37+00:00,40.8113037,-96.6905273,0.0,mph,active,-0.096,-0.24,,g (estimated)
20260713055015_000221F.MP4,23,2026-07-13T10:50:38+00:00,40.8113037,-96.6905273,0.0,mph,active,-0.048,-0.24,,g (estimated)
20260713055015_000221F.MP4,24,2026-07-13T10:50:39+00:00,40.8113037,-96.6905273,0.0,mph,active,-0.048,-0.192,,g (estimated)
20260713055015_000221F.MP4,25,2026-07-13T10:50:40+00:00,40.8113037,-96.6905436,0.0,mph,active,-0.048,-0.192,,g (estimated)
20260713055015_000221F.MP4,26,2026-07-13T10:50:41+00:00,40.8113078,-96.6905599,0.0,mph,active,-0.096,-0.096,,g (estimated)
20260713055015_000221F.MP4,27,2026-07-13T10:50:42+00:00,40.8113078,-96.6905762,0.0,mph,active,-0.096,-0.24,,g (estimated)
20260713055015_000221F.MP4,28,2026-07-13T10:50:43+00:00,40.8113078,-96.6905762,0.0,mph,active,-0.14400000000000002,-0.24,,g (estimated)
20260713055015_000221F.MP4,29,2026-07-13T10:50:44+00:00,40.8113078,-96.6905924,0.0,mph,active,-0.24,-0.192,,g (estimated)
20260713055015_000221F.MP4,30,2026-07-13T10:50:45+00:00,40.8113118,-96.6906087,0.0,mph,active,-0.24,-0.192,,g (estimated)
20260713055015_000221F.MP4,31,2026-07-13T10:50:46+00:00,40.8113241,-96.6906413,5.82,mph,active,-0.24,-0.096,,g (estimated)
20260713055015_000221F.MP4,32,2026-07-13T10:50:47+00:00,40.8113485,-96.6906576,5.61,mph,active,0.0,-0.24,,g (estimated)
20260713055015_000221F.MP4,33,2026-07-13T10:50:48+00:00,40.811381,-96.6906576,7.87,mph,active,0.0,-0.28800000000000003,,g (estimated)
20260713055015_000221F.MP4,34,2026-07-13T10:50:49+00:00,40.8114299,-96.6906738,9.45,mph,active,0.0,-0.24,,g (estimated)
20260713055015_000221F.MP4,35,2026-07-13T10:50:50+00:00,40.8114787,-96.6906738,10.45,mph,active,-0.048,-0.24,,g (estimated)
20260713055015_000221F.MP4,36,2026-07-13T10:50:51+00:00,40.8115356,-96.6906738,11.59,mph,active,-0.048,-0.336,,g (estimated)
20260713055015_000221F.MP4,37,2026-07-13T10:50:52+00:00,40.8115967,-96.6906738,12.82,mph,active,-0.048,-0.24,,g (estimated)
20260713055015_000221F.MP4,38,2026-07-13T10:50:53+00:00,40.8116618,-96.6906738,13.57,mph,active,-0.048,-0.28800000000000003,,g (estimated)
20260713055015_000221F.MP4,39,2026-07-13T10:50:54+00:00,40.811731,-96.6906738,14.14,mph,active,-0.048,-0.192,,g (estimated)
20260713055015_000221F.MP4,40,2026-07-13T10:50:55+00:00,40.811792,-96.6906738,14.73,mph,active,0.0,-0.14400000000000002,,g (estimated)
20260713055015_000221F.MP4,41,2026-07-13T10:50:56+00:00,40.811853,-96.6906738,15.18,mph,active,0.0,-0.192,,g (estimated)
20260713055015_000221F.MP4,42,2026-07-13T10:50:57+00:00,40.8119181,-96.6906901,14.95,mph,active,-0.048,-0.096,,g (estimated)
20260713055015_000221F.MP4,43,2026-07-13T10:50:58+00:00,40.8119873,-96.6906901,14.76,mph,active,0.0,-0.096,,g (estimated)
20260713055015_000221F.MP4,44,2026-07-13T10:50:59+00:00,40.8120524,-96.6906901,13.9,mph,active,0.0,-0.14400000000000002,,g (estimated)
20260713055015_000221F.MP4,45,2026-07-13T10:51:00+00:00,40.8121094,-96.6907064,12.78,mph,active,-0.048,-0.096,,g (estimated)
20260713055015_000221F.MP4,46,2026-07-13T10:51:01+00:00,40.812146,-96.6907064,11.99,mph,active,-0.048,0.0,,g (estimated)
20260713055015_000221F.MP4,47,2026-07-13T10:51:02+00:00,40.8121989,-96.6907064,10.25,mph,active,-0.048,0.048,,g (estimated)
20260713055015_000221F.MP4,48,2026-07-13T10:51:03+00:00,40.8122477,-96.6907064,8.37,mph,active,0.0,0.0,,g (estimated)
20260713055015_000221F.MP4,49,2026-07-13T10:51:04+00:00,40.8122843,-96.6907064,5.41,mph,active,-0.048,0.0,,g (estimated)
20260713055015_000221F.MP4,50,2026-07-13T10:51:05+00:00,40.8123047,-96.6907064,0.0,mph,active,-0.048,-0.14400000000000002,,g (estimated)
20260713055015_000221F.MP4,51,2026-07-13T10:51:06+00:00,40.8123088,-96.6907064,0.0,mph,active,0.0,-0.192,,g (estimated)
20260713055015_000221F.MP4,52,2026-07-13T10:51:07+00:00,40.8123047,-96.6907064,0.0,mph,active,-0.048,-0.192,,g (estimated)
20260713055015_000221F.MP4,53,2026-07-13T10:51:08+00:00,40.8123047,-96.6907064,0.0,mph,active,-0.048,-0.28800000000000003,,g (estimated)
20260713055015_000221F.MP4,54,2026-07-13T10:51:09+00:00,40.8123128,-96.6907064,0.0,mph,active,0.0,-0.24,,g (estimated)
20260713055015_000221F.MP4,55,2026-07-13T10:51:10+00:00,40.812321,-96.6907064,4.4,mph,active,0.0,-0.24,,g (estimated)
20260713055015_000221F.MP4,56,2026-07-13T10:51:11+00:00,40.8123494,-96.6907064,5.62,mph,active,0.0,-0.24,,g (estimated)
20260713055015_000221F.MP4,57,2026-07-13T10:51:12+00:00,40.812382,-96.6907064,6.13,mph,active,0.0,-0.192,,g (estimated)
20260713055015_000221F.MP4,58,2026-07-13T10:51:13+00:00,40.8124268,-96.6906901,8.23,mph,active,0.096,-0.192,,g (estimated)
20260713055015_000221F.MP4,59,2026-07-13T10:51:14+00:00,40.8124674,-96.6907227,9.08,mph,active,0.192,-0.14400000000000002,,g (estimated)
20260713055115_000222F.MP4,0,2026-07-13T10:51:15+00:00,40.8125,-96.6907552,10.34,mph,active,0.0,-0.28800000000000003,,g (estimated)
20260713055115_000222F.MP4,1,2026-07-13T10:51:16+00:00,40.8125203,-96.6908203,10.96,mph,active,0.0,-0.24,,g (estimated)
20260713055115_000222F.MP4,2,2026-07-13T10:51:17+00:00,40.8125285,-96.6909017,12.83,mph,active,-0.14400000000000002,-0.24,,g (estimated)
20260713055115_000222F.MP4,3,2026-07-13T10:51:18+00:00,40.8125244,-96.6909831,13.95,mph,active,0.0,-0.192,,g (estimated)
20260713055115_000222F.MP4,4,2026-07-13T10:51:19+00:00,40.8125203,-96.6910645,15.11,mph,active,-0.048,-0.14400000000000002,,g (estimated)
20260713055115_000222F.MP4,5,2026-07-13T10:51:20+00:00,40.8125203,-96.6911621,15.56,mph,active,-0.048,-0.192,,g (estimated)
20260713055115_000222F.MP4,6,2026-07-13T10:51:21+00:00,40.8125163,-96.6912598,15.74,mph,active,-0.048,-0.192,,g (estimated)
20260713055115_000222F.MP4,7,2026-07-13T10:51:22+00:00,40.8125163,-96.6913737,16.84,mph,active,-0.096,-0.28800000000000003,,g (estimated)
20260713055115_000222F.MP4,8,2026-07-13T10:51:23+00:00,40.8125122,-96.6914714,17.58,mph,active,0.0,-0.192,,g (estimated)
20260713055115_000222F.MP4,9,2026-07-13T10:51:24+00:00,40.8125122,-96.6915853,17.8,mph,active,0.0,-0.14400000000000002,,g (estimated)
20260713055115_000222F.MP4,10,2026-07-13T10:51:25+00:00,40.8125163,-96.6916992,18.27,mph,active,0.0,-0.14400000000000002,,g (estimated)
20260713055115_000222F.MP4,11,2026-07-13T10:51:26+00:00,40.8125122,-96.6918132,18.28,mph,active,0.0,-0.14400000000000002,,g (estimated)
20260713055115_000222F.MP4,12,2026-07-13T10:51:27+00:00,40.8125163,-96.6919271,18.52,mph,active,-0.096,-0.192,,g (estimated)
20260713055115_000222F.MP4,13,2026-07-13T10:51:28+00:00,40.8125163,-96.6920573,18.59,mph,active,0.0,-0.192,,g (estimated)
20260713055115_000222F.MP4,14,2026-07-13T10:51:29+00:00,40.8125203,-96.6921712,18.92,mph,active,-0.096,-0.14400000000000002,,g (estimated)
20260713055115_000222F.MP4,15,2026-07-13T10:51:30+00:00,40.8125203,-96.6922852,18.85,mph,active,0.0,-0.24,,g (estimated)
20260713055115_000222F.MP4,16,2026-07-13T10:51:31+00:00,40.8125203,-96.6923991,19.51,mph,active,-0.048,-0.14400000000000002,,g (estimated)
20260713055115_000222F.MP4,17,2026-07-13T10:51:32+00:00,40.8125203,-96.6925293,20.21,mph,active,-0.096,-0.192,,g (estimated)
20260713055115_000222F.MP4,18,2026-07-13T10:51:33+00:00,40.8125244,-96.6926595,20.84,mph,active,-0.048,-0.14400000000000002,,g (estimated)
20260713055115_000222F.MP4,19,2026-07-13T10:51:34+00:00,40.8125244,-96.6927897,20.78,mph,active,0.0,-0.048,,g (estimated)
20260713055115_000222F.MP4,20,2026-07-13T10:51:35+00:00,40.8125244,-96.6929199,20.5,mph,active,-0.048,-0.14400000000000002,,g (estimated)
20260713055115_000222F.MP4,21,2026-07-13T10:51:36+00:00,40.8125203,-96.6930501,20.07,mph,active,-0.048,-0.14400000000000002,,g (estimated)
20260713055115_000222F.MP4,22,2026-07-13T10:51:37+00:00,40.8125203,-96.6931641,19.32,mph,active,0.0,-0.14400000000000002,,g (estimated)
20260713055115_000222F.MP4,23,2026-07-13T10:51:38+00:00,40.8125244,-96.693278,17.77,mph,active,-0.096,-0.048,,g (estimated)
20260713055115_000222F.MP4,24,2026-07-13T10:51:39+00:00,40.8125285,-96.6933919,16.34,mph,active,-0.048,-0.14400000000000002,,g (estimated)
20260713055115_000222F.MP4,25,2026-07-13T10:51:40+00:00,40.8125326,-96.6934896,13.7,mph,active,-0.048,0.0,,g (estimated)
20260713055115_000222F.MP4,26,2026-07-13T10:51:41+00:00,40.8125366,-96.6935547,10.76,mph,active,-0.048,0.0,,g (estimated)
20260713055115_000222F.MP4,27,2026-07-13T10:51:42+00:00,40.8125366,-96.6936198,8.88,mph,active,0.0,0.0,,g (estimated)
20260713055115_000222F.MP4,28,2026-07-13T10:51:43+00:00,40.8125407,-96.6936523,5.57,mph,active,0.0,-0.096,,g (estimated)
20260713055115_000222F.MP4,29,2026-07-13T10:51:44+00:00,40.8125407,-96.6936686,2.55,mph,active,-0.048,-0.096,,g (estimated)
20260713055115_000222F.MP4,30,2026-07-13T10:51:45+00:00,40.8125448,-96.6936849,0.0,mph,active,-0.048,-0.192,,g (estimated)
20260713055115_000222F.MP4,31,2026-07-13T10:51:46+00:00,40.8125448,-96.6936849,0.0,mph,active,-0.048,-0.192,,g (estimated)
20260713055115_000222F.MP4,32,2026-07-13T10:51:47+00:00,40.8125448,-96.6936849,0.0,mph,active,-0.048,-0.192,,g (estimated)
20260713055115_000222F.MP4,33,2026-07-13T10:51:48+00:00,40.8125448,-96.6936849,0.0,mph,active,-0.048,-0.14400000000000002,,g (estimated)
20260713055115_000222F.MP4,34,2026-07-13T10:51:49+00:00,40.8125448,-96.6936849,0.0,mph,active,0.0,-0.192,,g (estimated)
20260713055115_000222F.MP4,35,2026-07-13T10:51:50+00:00,40.8125407,-96.6936849,0.0,mph,active,-0.048,-0.192,,g (estimated)
20260713055115_000222F.MP4,36,2026-07-13T10:51:51+00:00,40.8125407,-96.6936849,0.0,mph,active,-0.048,-0.14400000000000002,,g (estimated)
20260713055115_000222F.MP4,37,2026-07-13T10:51:52+00:00,40.8125407,-96.6936849,0.0,mph,active,-0.048,-0.14400000000000002,,g (estimated)
20260713055115_000222F.MP4,38,2026-07-13T10:51:53+00:00,40.8125407,-96.6936849,0.0,mph,active,-0.048,-0.192,,g (estimated)
20260713055115_000222F.MP4,39,2026-07-13T10:51:54+00:00,40.8125407,-96.6936849,0.0,mph,active,-0.048,-0.192,,g (estimated)
20260713055115_000222F.MP4,40,2026-07-13T10:51:55+00:00,40.8125407,-96.6936849,0.0,mph,active,-0.048,-0.14400000000000002,,g (estimated)
20260713055115_000222F.MP4,41,2026-07-13T10:51:56+00:00,40.8125407,-96.6936849,0.0,mph,active,-0.048,-0.14400000000000002,,g (estimated)
20260713055115_000222F.MP4,42,2026-07-13T10:51:57+00:00,40.8125407,-96.6936849,0.0,mph,active,-0.048,-0.192,,g (estimated)
20260713055115_000222F.MP4,43,2026-07-13T10:51:58+00:00,40.8125407,-96.6936849,0.0,mph,active,0.0,-0.14400000000000002,,g (estimated)
20260713055115_000222F.MP4,44,2026-07-13T10:51:59+00:00,40.8125407,-96.6936849,0.0,mph,active,-0.048,-0.14400000000000002,,g (estimated)
20260713055115_000222F.MP4,45,2026-07-13T10:52:00+00:00,40.8125407,-96.6936849,0.0,mph,active,-0.048,-0.14400000000000002,,g (estimated)
20260713055115_000222F.MP4,46,2026-07-13T10:52:01+00:00,40.8125407,-96.6936849,0.0,mph,active,-0.048,-0.14400000000000002,,g (estimated)
20260713055115_000222F.MP4,47,2026-07-13T10:52:02+00:00,40.8125407,-96.6936849,0.0,mph,active,0.0,-0.192,,g (estimated)
20260713055115_000222F.MP4,48,2026-07-13T10:52:03+00:00,40.8125407,-96.6936849,0.0,mph,active,-0.048,-0.14400000000000002,,g (estimated)
20260713055115_000222F.MP4,49,2026-07-13T10:52:04+00:00,40.8125407,-96.6936849,0.0,mph,active,-0.048,-0.14400000000000002,,g (estimated)
20260713055115_000222F.MP4,50,2026-07-13T10:52:05+00:00,40.8125407,-96.6936849,0.0,mph,active,-0.048,-0.14400000000000002,,g (estimated)
20260713055115_000222F.MP4,51,2026-07-13T10:52:06+00:00,40.8125407,-96.6936849,0.0,mph,active,-0.048,-0.192,,g (estimated)
20260713055115_000222F.MP4,52,2026-07-13T10:52:07+00:00,40.8125407,-96.6936849,0.0,mph,active,-0.048,-0.14400000000000002,,g (estimated)
20260713055115_000222F.MP4,53,2026-07-13T10:52:08+00:00,40.8125407,-96.6936849,0.0,mph,active,-0.048,-0.096,,g (estimated)
20260713055115_000222F.MP4,54,2026-07-13T10:52:09+00:00,40.8125407,-96.6936849,0.0,mph,active,-0.048,-0.192,,g (estimated)
20260713055115_000222F.MP4,55,2026-07-13T10:52:10+00:00,40.8125407,-96.6936849,0.0,mph,active,-0.048,-0.192,,g (estimated)
20260713055115_000222F.MP4,56,2026-07-13T10:52:11+00:00,40.8125366,-96.6936849,0.0,mph,active,-0.048,-0.192,,g (estimated)
20260713055115_000222F.MP4,57,2026-07-13T10:52:12+00:00,40.8125366,-96.6936849,0.0,mph,active,-0.048,-0.14400000000000002,,g (estimated)
20260713055115_000222F.MP4,58,2026-07-13T10:52:13+00:00,40.8125366,-96.6936849,0.0,mph,active,-0.048,-0.14400000000000002,,g (estimated)
20260713055115_000222F.MP4,59,2026-07-13T10:52:14+00:00,40.8125366,-96.6936849,0.0,mph,active,-0.048,-0.14400000000000002,,g (estimated)
20260713055215_000223F.MP4,0,2026-07-13T10:52:15+00:00,40.8125366,-96.6936849,0.0,mph,active,-0.048,-0.14400000000000002,,g (estimated)
20260713055215_000223F.MP4,1,2026-07-13T10:52:16+00:00,40.8125366,-96.6936849,0.0,mph,active,0.0,-0.192,,g (estimated)
20260713055215_000223F.MP4,2,2026-07-13T10:52:17+00:00,40.8125366,-96.6936849,0.0,mph,active,-0.048,-0.14400000000000002,,g (estimated)
20260713055215_000223F.MP4,3,2026-07-13T10:52:18+00:00,40.8125366,-96.6936849,0.0,mph,active,-0.048,-0.192,,g (estimated)
20260713055215_000223F.MP4,4,2026-07-13T10:52:19+00:00,40.8125366,-96.6936849,0.0,mph,active,-0.048,-0.14400000000000002,,g (estimated)
20260713055215_000223F.MP4,5,2026-07-13T10:52:20+00:00,40.8125366,-96.6936849,0.0,mph,active,-0.048,-0.192,,g (estimated)
20260713055215_000223F.MP4,6,2026-07-13T10:52:21+00:00,40.8125366,-96.6936849,0.0,mph,active,-0.048,-0.192,,g (estimated)
20260713055215_000223F.MP4,7,2026-07-13T10:52:22+00:00,40.8125407,-96.6936849,0.0,mph,active,-0.048,-0.192,,g (estimated)
20260713055215_000223F.MP4,8,2026-07-13T10:52:23+00:00,40.8125407,-96.6936849,0.0,mph,active,-0.048,-0.192,,g (estimated)
20260713055215_000223F.MP4,9,2026-07-13T10:52:24+00:00,40.8125448,-96.6936849,0.0,mph,active,-0.048,-0.14400000000000002,,g (estimated)
20260713055215_000223F.MP4,10,2026-07-13T10:52:25+00:00,40.8125448,-96.6936849,0.0,mph,active,-0.048,-0.192,,g (estimated)
20260713055215_000223F.MP4,11,2026-07-13T10:52:26+00:00,40.8125448,-96.6936849,0.0,mph,active,-0.048,-0.14400000000000002,,g (estimated)
20260713055215_000223F.MP4,12,2026-07-13T10:52:27+00:00,40.8125448,-96.6936849,0.0,mph,active,0.0,-0.14400000000000002,,g (estimated)
20260713055215_000223F.MP4,13,2026-07-13T10:52:28+00:00,40.8125448,-96.6936849,0.0,mph,active,-0.048,-0.192,,g (estimated)
20260713055215_000223F.MP4,14,2026-07-13T10:52:29+00:00,40.8125448,-96.6937012,0.0,mph,active,-0.048,-0.14400000000000002,,g (estimated)
20260713055215_000223F.MP4,15,2026-07-13T10:52:30+00:00,40.8125448,-96.6937012,0.0,mph,active,-0.048,-0.14400000000000002,,g (estimated)
20260713055215_000223F.MP4,16,2026-07-13T10:52:31+00:00,40.8125448,-96.6937012,0.0,mph,active,-0.048,-0.14400000000000002,,g (estimated)
20260713055215_000223F.MP4,17,2026-07-13T10:52:32+00:00,40.8125448,-96.6937012,0.0,mph,active,-0.048,-0.14400000000000002,,g (estimated)
20260713055215_000223F.MP4,18,2026-07-13T10:52:33+00:00,40.8125407,-96.6937012,0.0,mph,active,-0.048,-0.14400000000000002,,g (estimated)
20260713055215_000223F.MP4,19,2026-07-13T10:52:34+00:00,40.8125407,-96.6937012,0.0,mph,active,-0.048,-0.192,,g (estimated)
20260713055215_000223F.MP4,20,2026-07-13T10:52:35+00:00,40.8125407,-96.6936849,0.0,mph,active,-0.048,-0.14400000000000002,,g (estimated)
20260713055215_000223F.MP4,21,2026-07-13T10:52:36+00:00,40.8125407,-96.6936849,0.0,mph,active,0.0,-0.192,,g (estimated)
20260713055215_000223F.MP4,22,2026-07-13T10:52:37+00:00,40.8125407,-96.6936849,0.0,mph,active,-0.048,-0.192,,g (estimated)
20260713055215_000223F.MP4,23,2026-07-13T10:52:38+00:00,40.8125407,-96.6936849,0.0,mph,active,-0.048,-0.14400000000000002,,g (estimated)
20260713055215_000223F.MP4,24,2026-07-13T10:52:39+00:00,40.8125407,-96.6936849,0.0,mph,active,-0.048,-0.14400000000000002,,g (estimated)
20260713055215_000223F.MP4,25,2026-07-13T10:52:40+00:00,40.8125407,-96.6936849,0.0,mph,active,-0.048,-0.14400000000000002,,g (estimated)
20260713055215_000223F.MP4,26,2026-07-13T10:52:41+00:00,40.8125407,-96.6936849,0.0,mph,active,-0.048,-0.14400000000000002,,g (estimated)
20260713055215_000223F.MP4,27,2026-07-13T10:52:42+00:00,40.8125407,-96.6936849,0.0,mph,active,0.0,-0.192,,g (estimated)
20260713055215_000223F.MP4,28,2026-07-13T10:52:43+00:00,40.8125407,-96.6936849,0.0,mph,active,-0.048,-0.14400000000000002,,g (estimated)
20260713055215_000223F.MP4,29,2026-07-13T10:52:44+00:00,40.8125366,-96.6936849,0.0,mph,active,-0.048,-0.192,,g (estimated)
20260713055215_000223F.MP4,30,2026-07-13T10:52:45+00:00,40.8125366,-96.6936849,0.0,mph,active,-0.048,-0.192,,g (estimated)
20260713055215_000223F.MP4,31,2026-07-13T10:52:46+00:00,40.8125366,-96.6936849,0.0,mph,active,0.0,-0.14400000000000002,,g (estimated)
20260713055215_000223F.MP4,32,2026-07-13T10:52:47+00:00,40.8125366,-96.6936849,0.0,mph,active,-0.048,-0.14400000000000002,,g (estimated)
20260713055215_000223F.MP4,33,2026-07-13T10:52:48+00:00,40.8125366,-96.6936849,0.0,mph,active,-0.048,-0.192,,g (estimated)
20260713055215_000223F.MP4,34,2026-07-13T10:52:49+00:00,40.8125366,-96.6936849,0.0,mph,active,-0.048,-0.28800000000000003,,g (estimated)
20260713055215_000223F.MP4,35,2026-07-13T10:52:50+00:00,40.8125366,-96.6936849,2.59,mph,active,-0.048,-0.28800000000000003,,g (estimated)
20260713055215_000223F.MP4,36,2026-07-13T10:52:51+00:00,40.8125407,-96.6937174,5.6,mph,active,0.0,-0.28800000000000003,,g (estimated)
20260713055215_000223F.MP4,37,2026-07-13T10:52:52+00:00,40.8125366,-96.6937663,8.38,mph,active,0.0,-0.28800000000000003,,g (estimated)
20260713055215_000223F.MP4,38,2026-07-13T10:52:53+00:00,40.8125366,-96.6938151,9.6,mph,active,-0.048,-0.28800000000000003,,g (estimated)
20260713055215_000223F.MP4,39,2026-07-13T10:52:54+00:00,40.8125366,-96.6938802,11.85,mph,active,-0.096,-0.384,,g (estimated)
20260713055215_000223F.MP4,40,2026-07-13T10:52:55+00:00,40.8125366,-96.6939616,13.02,mph,active,-0.096,-0.192,,g (estimated)
20260713055215_000223F.MP4,41,2026-07-13T10:52:56+00:00,40.8125366,-96.694043,14.41,mph,active,-0.048,-0.28800000000000003,,g (estimated)
20260713055215_000223F.MP4,42,2026-07-13T10:52:57+00:00,40.8125326,-96.6941406,15.39,mph,active,-0.14400000000000002,-0.24,,g (estimated)
20260713055215_000223F.MP4,43,2026-07-13T10:52:58+00:00,40.8125285,-96.6942546,16.35,mph,active,0.048,-0.14400000000000002,,g (estimated)
20260713055215_000223F.MP4,44,2026-07-13T10:52:59+00:00,40.8125285,-96.6943522,17.4,mph,active,0.0,-0.24,,g (estimated)
20260713055215_000223F.MP4,45,2026-07-13T10:53:00+00:00,40.8125244,-96.6944661,18.23,mph,active,0.0,-0.192,,g (estimated)
20260713055215_000223F.MP4,46,2026-07-13T10:53:01+00:00,40.8125203,-96.6945801,19.19,mph,active,-0.048,-0.14400000000000002,,g (estimated)
20260713055215_000223F.MP4,47,2026-07-13T10:53:02+00:00,40.8125163,-96.6947103,19.82,mph,active,0.0,-0.24,,g (estimated)
20260713055215_000223F.MP4,48,2026-07-13T10:53:03+00:00,40.8125122,-96.6948242,20.33,mph,active,-0.048,-0.192,,g (estimated)
20260713055215_000223F.MP4,49,2026-07-13T10:53:04+00:00,40.8125081,-96.6949544,20.87,mph,active,-0.048,-0.14400000000000002,,g (estimated)
20260713055215_000223F.MP4,50,2026-07-13T10:53:05+00:00,40.8125041,-96.6950846,21.27,mph,active,0.0,-0.24,,g (estimated)
20260713055215_000223F.MP4,51,2026-07-13T10:53:06+00:00,40.8125,-96.6952148,21.6,mph,active,0.0,-0.192,,g (estimated)
20260713055215_000223F.MP4,52,2026-07-13T10:53:07+00:00,40.8125,-96.6953451,21.88,mph,active,0.0,-0.192,,g (estimated)
20260713055215_000223F.MP4,53,2026-07-13T10:53:08+00:00,40.8125,-96.6954915,22.29,mph,active,0.0,-0.14400000000000002,,g (estimated)
20260713055215_000223F.MP4,54,2026-07-13T10:53:09+00:00,40.8125,-96.6956217,22.28,mph,active,-0.048,-0.14400000000000002,,g (estimated)
20260713055215_000223F.MP4,55,2026-07-13T10:53:10+00:00,40.8125,-96.6957682,21.95,mph,active,-0.096,-0.096,,g (estimated)
20260713055215_000223F.MP4,56,2026-07-13T10:53:11+00:00,40.8125,-96.6958984,21.13,mph,active,0.0,-0.096,,g (estimated)
20260713055215_000223F.MP4,57,2026-07-13T10:53:12+00:00,40.8125,-96.6960124,18.48,mph,active,-0.096,-0.096,,g (estimated)
20260713055215_000223F.MP4,58,2026-07-13T10:53:13+00:00,40.8125,-96.6961263,17.18,mph,active,-0.048,-0.096,,g (estimated)
20260713055215_000223F.MP4,59,2026-07-13T10:53:14+00:00,40.8125,-96.696224,14.52,mph,active,0.0,-0.14400000000000002,,g (estimated)
20260713055315_000224F.MP4,0,2026-07-13T10:53:15+00:00,40.8125,-96.6962891,13.2,mph,active,-0.048,-0.096,,g (estimated)
20260713055315_000224F.MP4,1,2026-07-13T10:53:16+00:00,40.8125,-96.6963704,11.52,mph,active,-0.048,-0.096,,g (estimated)
20260713055315_000224F.MP4,2,2026-07-13T10:53:17+00:00,40.8125041,-96.6964355,10.64,mph,active,-0.048,-0.14400000000000002,,g (estimated)
20260713055315_000224F.MP4,3,2026-07-13T10:53:18+00:00,40.8125081,-96.6964844,9.0,mph,active,-0.048,0.0,,g (estimated)
20260713055315_000224F.MP4,4,2026-07-13T10:53:19+00:00,40.8125081,-96.6965332,6.44,mph,active,-0.048,-0.048,,g (estimated)
20260713055315_000224F.MP4,5,2026-07-13T10:53:20+00:00,40.8125081,-96.6965658,3.9,mph,active,-0.048,-0.048,,g (estimated)
20260713055315_000224F.MP4,6,2026-07-13T10:53:21+00:00,40.8125081,-96.696582,0.0,mph,active,-0.048,-0.192,,g (estimated)
20260713055315_000224F.MP4,7,2026-07-13T10:53:22+00:00,40.8125081,-96.696582,0.0,mph,active,0.0,-0.14400000000000002,,g (estimated)
20260713055315_000224F.MP4,8,2026-07-13T10:53:23+00:00,40.8125081,-96.696582,0.0,mph,active,-0.048,-0.14400000000000002,,g (estimated)
20260713055315_000224F.MP4,9,2026-07-13T10:53:24+00:00,40.8125081,-96.696582,0.0,mph,active,-0.048,-0.192,,g (estimated)
20260713055315_000224F.MP4,10,2026-07-13T10:53:25+00:00,40.8125081,-96.696582,0.0,mph,active,-0.048,-0.192,,g (estimated)
20260713055315_000224F.MP4,11,2026-07-13T10:53:26+00:00,40.8125081,-96.696582,0.0,mph,active,-0.048,-0.192,,g (estimated)
20260713055315_000224F.MP4,12,2026-07-13T10:53:27+00:00,40.8125081,-96.696582,0.0,mph,active,-0.048,-0.192,,g (estimated)
20260713055315_000224F.MP4,13,2026-07-13T10:53:28+00:00,40.8125081,-96.6965983,0.0,mph,active,-0.048,-0.192,,g (estimated)
20260713055315_000224F.MP4,14,2026-07-13T10:53:29+00:00,40.8125081,-96.6965983,0.0,mph,active,-0.048,-0.192,,g (estimated)
20260713055315_000224F.MP4,15,2026-07-13T10:53:30+00:00,40.8125081,-96.6965983,0.0,mph,active,-0.048,-0.14400000000000002,,g (estimated)
20260713055315_000224F.MP4,16,2026-07-13T10:53:31+00:00,40.8125081,-96.6965983,0.0,mph,active,-0.048,-0.14400000000000002,,g (estimated)
20260713055315_000224F.MP4,17,2026-07-13T10:53:32+00:00,40.8125081,-96.6965983,0.0,mph,active,-0.048,-0.14400000000000002,,g (estimated)
20260713055315_000224F.MP4,18,2026-07-13T10:53:33+00:00,40.8125081,-96.6965983,0.0,mph,active,-0.048,-0.14400000000000002,,g (estimated)
20260713055315_000224F.MP4,19,2026-07-13T10:53:34+00:00,40.8125081,-96.6965983,0.0,mph,active,-0.048,-0.14400000000000002,,g (estimated)
20260713055315_000224F.MP4,20,2026-07-13T10:53:35+00:00,40.8125081,-96.6965983,0.0,mph,active,0.0,-0.192,,g (estimated)
20260713055315_000224F.MP4,21,2026-07-13T10:53:36+00:00,40.8125081,-96.6965983,0.0,mph,active,-0.048,-0.14400000000000002,,g (estimated)
20260713055315_000224F.MP4,22,2026-07-13T10:53:37+00:00,40.8125081,-96.6965983,0.0,mph,active,-0.048,-0.192,,g (estimated)
20260713055315_000224F.MP4,23,2026-07-13T10:53:38+00:00,40.8125081,-96.6965983,0.0,mph,active,-0.048,-0.192,,g (estimated)
20260713055315_000224F.MP4,24,2026-07-13T10:53:39+00:00,40.8125081,-96.6965983,0.0,mph,active,-0.048,-0.14400000000000002,,g (estimated)
20260713055315_000224F.MP4,25,2026-07-13T10:53:40+00:00,40.8125081,-96.6965983,0.0,mph,active,-0.048,-0.192,,g (estimated)
20260713055315_000224F.MP4,26,2026-07-13T10:53:41+00:00,40.8125081,-96.6965983,0.0,mph,active,-0.048,-0.14400000000000002,,g (estimated)
20260713055315_000224F.MP4,27,2026-07-13T10:53:42+00:00,40.8125081,-96.6965983,0.0,mph,active,-0.048,-0.192,,g (estimated)
20260713055315_000224F.MP4,28,2026-07-13T10:53:43+00:00,40.8125081,-96.6965983,0.0,mph,active,-0.048,-0.14400000000000002,,g (estimated)
20260713055315_000224F.MP4,29,2026-07-13T10:53:44+00:00,40.8125081,-96.6965983,0.0,mph,active,-0.048,-0.14400000000000002,,g (estimated)
20260713055315_000224F.MP4,30,2026-07-13T10:53:45+00:00,40.8125081,-96.6965983,0.0,mph,active,-0.048,-0.14400000000000002,,g (estimated)
20260713055315_000224F.MP4,31,2026-07-13T10:53:46+00:00,40.8125081,-96.6965983,0.0,mph,active,-0.048,-0.192,,g (estimated)
20260713055315_000224F.MP4,32,2026-07-13T10:53:47+00:00,40.8125081,-96.6965983,0.0,mph,active,-0.048,-0.192,,g (estimated)
20260713055315_000224F.MP4,33,2026-07-13T10:53:48+00:00,40.8125081,-96.6965983,0.0,mph,active,-0.048,-0.192,,g (estimated)
20260713055315_000224F.MP4,34,2026-07-13T10:53:49+00:00,40.8125081,-96.6965983,0.0,mph,active,-0.048,-0.192,,g (estimated)
20260713055315_000224F.MP4,35,2026-07-13T10:53:50+00:00,40.8125081,-96.6965983,0.0,mph,active,-0.048,-0.14400000000000002,,g (estimated)
20260713055315_000224F.MP4,36,2026-07-13T10:53:51+00:00,40.8125081,-96.6965983,0.0,mph,active,-0.048,-0.14400000000000002,,g (estimated)
20260713055315_000224F.MP4,37,2026-07-13T10:53:52+00:00,40.8125081,-96.6966146,0.0,mph,active,-0.048,-0.14400000000000002,,g (estimated)
20260713055315_000224F.MP4,38,2026-07-13T10:53:53+00:00,40.8125081,-96.6966146,0.0,mph,active,-0.048,-0.192,,g (estimated)
20260713055315_000224F.MP4,39,2026-07-13T10:53:54+00:00,40.8125081,-96.6966146,0.0,mph,active,-0.048,-0.192,,g (estimated)
20260713055315_000224F.MP4,40,2026-07-13T10:53:55+00:00,40.8125081,-96.6966146,0.0,mph,active,0.0,-0.192,,g (estimated)
20260713055315_000224F.MP4,41,2026-07-13T10:53:56+00:00,40.8125081,-96.6966146,0.0,mph,active,-0.048,-0.192,,g (estimated)
20260713055315_000224F.MP4,42,2026-07-13T10:53:57+00:00,40.8125041,-96.6966146,0.0,mph,active,-0.048,-0.192,,g (estimated)
20260713055315_000224F.MP4,43,2026-07-13T10:53:58+00:00,40.8125041,-96.6966146,0.0,mph,active,-0.048,-0.14400000000000002,,g (estimated)
20260713055315_000224F.MP4,44,2026-07-13T10:53:59+00:00,40.8125041,-96.6966146,0.0,mph,active,-0.048,-0.14400000000000002,,g (estimated)
20260713055315_000224F.MP4,45,2026-07-13T10:54:00+00:00,40.8125041,-96.6966146,0.0,mph,active,-0.048,-0.192,,g (estimated)
20260713055315_000224F.MP4,46,2026-07-13T10:54:01+00:00,40.8125041,-96.6966146,0.0,mph,active,-0.048,-0.192,,g (estimated)
20260713055315_000224F.MP4,47,2026-07-13T10:54:02+00:00,40.8125041,-96.6966146,0.0,mph,active,-0.048,-0.192,,g (estimated)
20260713055315_000224F.MP4,48,2026-07-13T10:54:03+00:00,40.8125041,-96.6966146,0.0,mph,active,-0.048,-0.14400000000000002,,g (estimated)
20260713055315_000224F.MP4,49,2026-07-13T10:54:04+00:00,40.8125,-96.6966146,0.0,mph,active,-0.048,-0.192,,g (estimated)
20260713055315_000224F.MP4,50,2026-07-13T10:54:05+00:00,40.8125,-96.6966146,0.0,mph,active,-0.048,-0.192,,g (estimated)
20260713055315_000224F.MP4,51,2026-07-13T10:54:06+00:00,40.8125,-96.6966146,0.0,mph,active,-0.048,-0.336,,g (estimated)
20260713055315_000224F.MP4,52,2026-07-13T10:54:07+00:00,40.8125,-96.6966146,1.56,mph,active,-0.048,-0.28800000000000003,,g (estimated)
20260713055315_000224F.MP4,53,2026-07-13T10:54:08+00:00,40.8125,-96.6966309,4.71,mph,active,-0.048,-0.28800000000000003,,g (estimated)
20260713055315_000224F.MP4,54,2026-07-13T10:54:09+00:00,40.8125,-96.6966634,7.64,mph,active,-0.048,-0.28800000000000003,,g (estimated)
20260713055315_000224F.MP4,55,2026-07-13T10:54:10+00:00,40.8125,-96.6967122,9.6,mph,active,-0.048,-0.24,,g (estimated)
20260713055315_000224F.MP4,56,2026-07-13T10:54:11+00:00,40.8125041,-96.6967773,10.89,mph,active,0.0,-0.28800000000000003,,g (estimated)
20260713055315_000224F.MP4,57,2026-07-13T10:54:12+00:00,40.8125041,-96.6968424,13.16,mph,active,-0.048,-0.24,,g (estimated)
20260713055315_000224F.MP4,58,2026-07-13T10:54:13+00:00,40.8125081,-96.6969401,15.02,mph,active,-0.048,-0.24,,g (estimated)
20260713055315_000224F.MP4,59,2026-07-13T10:54:14+00:00,40.8125081,-96.6970215,16.24,mph,active,-0.048,-0.192,,g (estimated)
20260713055415_000225F.MP4,0,2026-07-13T10:54:15+00:00,40.8125041,-96.6971354,17.53,mph,active,-0.048,-0.14400000000000002,,g (estimated)
20260713055415_000225F.MP4,1,2026-07-13T10:54:16+00:00,40.8125081,-96.6972331,17.78,mph,active,-0.048,-0.192,,g (estimated)
20260713055415_000225F.MP4,2,2026-07-13T10:54:17+00:00,40.8125081,-96.697347,17.73,mph,active,0.0,-0.14400000000000002,,g (estimated)
20260713055415_000225F.MP4,3,2026-07-13T10:54:18+00:00,40.8125081,-96.6974609,17.17,mph,active,-0.048,-0.096,,g (estimated)
20260713055415_000225F.MP4,4,2026-07-13T10:54:19+00:00,40.8125081,-96.6975586,16.49,mph,active,-0.048,-0.14400000000000002,,g (estimated)
20260713055415_000225F.MP4,5,2026-07-13T10:54:20+00:00,40.8125081,-96.6976562,15.64,mph,active,0.0,-0.096,,g (estimated)
20260713055415_000225F.MP4,6,2026-07-13T10:54:21+00:00,40.8125122,-96.6977539,14.84,mph,active,0.0,-0.048,,g (estimated)
20260713055415_000225F.MP4,7,2026-07-13T10:54:22+00:00,40.8125203,-96.6978353,12.75,mph,active,-0.048,-0.048,,g (estimated)
20260713055415_000225F.MP4,8,2026-07-13T10:54:23+00:00,40.8125203,-96.6979004,10.34,mph,active,0.0,-0.048,,g (estimated)
20260713055415_000225F.MP4,9,2026-07-13T10:54:24+00:00,40.8125163,-96.6979655,8.69,mph,active,0.0,-0.048,,g (estimated)
20260713055415_000225F.MP4,10,2026-07-13T10:54:25+00:00,40.8125163,-96.697998,6.34,mph,active,-0.048,-0.048,,g (estimated)
20260713055415_000225F.MP4,11,2026-07-13T10:54:26+00:00,40.8125203,-96.6980306,3.23,mph,active,-0.048,-0.096,,g (estimated)
20260713055415_000225F.MP4,12,2026-07-13T10:54:27+00:00,40.8125203,-96.6980469,0.0,mph,active,-0.048,-0.192,,g (estimated)
20260713055415_000225F.MP4,13,2026-07-13T10:54:28+00:00,40.8125203,-96.6980469,0.0,mph,active,-0.048,-0.192,,g (estimated)
20260713055415_000225F.MP4,14,2026-07-13T10:54:29+00:00,40.8125244,-96.6980469,0.0,mph,active,0.0,-0.192,,g (estimated)
20260713055415_000225F.MP4,15,2026-07-13T10:54:30+00:00,40.8125244,-96.6980469,0.0,mph,active,-0.048,-0.192,,g (estimated)
20260713055415_000225F.MP4,16,2026-07-13T10:54:31+00:00,40.8125285,-96.6980469,0.0,mph,active,-0.048,-0.192,,g (estimated)
20260713055415_000225F.MP4,17,2026-07-13T10:54:32+00:00,40.8125285,-96.6980469,0.0,mph,active,-0.048,-0.192,,g (estimated)
20260713055415_000225F.MP4,18,2026-07-13T10:54:33+00:00,40.8125285,-96.6980469,0.0,mph,active,-0.048,-0.192,,g (estimated)
20260713055415_000225F.MP4,19,2026-07-13T10:54:34+00:00,40.8125326,-96.6980469,0.0,mph,active,-0.048,-0.192,,g (estimated)
20260713055415_000225F.MP4,20,2026-07-13T10:54:35+00:00,40.8125326,-96.6980632,0.0,mph,active,0.0,-0.192,,g (estimated)
20260713055415_000225F.MP4,21,2026-07-13T10:54:36+00:00,40.8125366,-96.6980632,0.0,mph,active,-0.048,-0.14400000000000002,,g (estimated)
20260713055415_000225F.MP4,22,2026-07-13T10:54:37+00:00,40.8125366,-96.6980632,0.0,mph,active,-0.048,-0.192,,g (estimated)
20260713055415_000225F.MP4,23,2026-07-13T10:54:38+00:00,40.8125366,-96.6980632,0.0,mph,active,-0.048,-0.192,,g (estimated)
20260713055415_000225F.MP4,24,2026-07-13T10:54:39+00:00,40.8125366,-96.6980632,0.0,mph,active,-0.048,-0.192,,g (estimated)
20260713055415_000225F.MP4,25,2026-07-13T10:54:40+00:00,40.8125366,-96.6980632,0.0,mph,active,-0.048,-0.192,,g (estimated)
20260713055415_000225F.MP4,26,2026-07-13T10:54:41+00:00,40.8125407,-96.6980632,0.0,mph,active,0.0,-0.14400000000000002,,g (estimated)
20260713055415_000225F.MP4,27,2026-07-13T10:54:42+00:00,40.8125407,-96.6980794,0.0,mph,active,-0.048,-0.192,,g (estimated)
20260713055415_000225F.MP4,28,2026-07-13T10:54:43+00:00,40.8125448,-96.6980794,0.0,mph,active,-0.048,-0.192,,g (estimated)
20260713055415_000225F.MP4,29,2026-07-13T10:54:44+00:00,40.8125448,-96.6980794,0.0,mph,active,-0.048,-0.336,,g (estimated)
20260713055415_000225F.MP4,30,2026-07-13T10:54:45+00:00,40.8125448,-96.6980794,1.06,mph,active,-0.048,-0.336,,g (estimated)
20260713055415_000225F.MP4,31,2026-07-13T10:54:46+00:00,40.8125407,-96.6980794,1.65,mph,active,-0.048,-0.28800000000000003,,g (estimated)
20260713055415_000225F.MP4,32,2026-07-13T10:54:47+00:00,40.8125407,-96.698112,6.89,mph,active,-0.048,-0.28800000000000003,,g (estimated)
20260713055415_000225F.MP4,33,2026-07-13T10:54:48+00:00,40.8125366,-96.6981771,9.48,mph,active,-0.048,-0.28800000000000003,,g (estimated)
20260713055415_000225F.MP4,34,2026-07-13T10:54:49+00:00,40.8125366,-96.6982422,10.95,mph,active,-0.048,-0.28800000000000003,,g (estimated)
20260713055415_000225F.MP4,35,2026-07-13T10:54:50+00:00,40.8125326,-96.6983073,13.13,mph,active,-0.048,-0.192,,g (estimated)
20260713055415_000225F.MP4,36,2026-07-13T10:54:51+00:00,40.8125285,-96.6983887,14.19,mph,active,-0.096,-0.28800000000000003,,g (estimated)
20260713055415_000225F.MP4,37,2026-07-13T10:54:52+00:00,40.8125203,-96.6984863,14.99,mph,active,-0.048,-0.192,,g (estimated)
20260713055415_000225F.MP4,38,2026-07-13T10:54:53+00:00,40.8125163,-96.698584,16.31,mph,active,-0.048,-0.192,,g (estimated)
20260713055415_000225F.MP4,39,2026-07-13T10:54:54+00:00,40.8125163,-96.6986816,17.1,mph,active,-0.048,-0.14400000000000002,,g (estimated)
20260713055415_000225F.MP4,40,2026-07-13T10:54:55+00:00,40.8125122,-96.6987956,16.77,mph,active,0.0,-0.14400000000000002,,g (estimated)
20260713055415_000225F.MP4,41,2026-07-13T10:54:56+00:00,40.8125081,-96.6988932,16.37,mph,active,-0.048,-0.096,,g (estimated)
20260713055415_000225F.MP4,42,2026-07-13T10:54:57+00:00,40.8125081,-96.6989909,15.44,mph,active,-0.048,-0.096,,g (estimated)
20260713055415_000225F.MP4,43,2026-07-13T10:54:58+00:00,40.8125081,-96.6990885,13.59,mph,active,-0.048,-0.096,,g (estimated)
20260713055415_000225F.MP4,44,2026-07-13T10:54:59+00:00,40.8125041,-96.6991699,12.88,mph,active,-0.048,-0.096,,g (estimated)
20260713055415_000225F.MP4,45,2026-07-13T10:55:00+00:00,40.8125081,-96.6992513,11.48,mph,active,0.0,-0.048,,g (estimated)
20260713055415_000225F.MP4,46,2026-07-13T10:55:01+00:00,40.8125081,-96.6993164,9.86,mph,active,0.0,-0.048,,g (estimated)
20260713055415_000225F.MP4,47,2026-07-13T10:55:02+00:00,40.8125081,-96.6993652,7.68,mph,active,0.0,-0.048,,g (estimated)
20260713055415_000225F.MP4,48,2026-07-13T10:55:03+00:00,40.8125041,-96.6993978,5.37,mph,active,0.0,-0.048,,g (estimated)
20260713055415_000225F.MP4,49,2026-07-13T10:55:04+00:00,40.8125081,-96.6994303,3.63,mph,active,-0.048,-0.192,,g (estimated)
20260713055415_000225F.MP4,50,2026-07-13T10:55:05+00:00,40.8125081,-96.6994466,0.0,mph,active,0.0,-0.28800000000000003,,g (estimated)
20260713055415_000225F.MP4,51,2026-07-13T10:55:06+00:00,40.8125081,-96.6994629,0.0,mph,active,-0.048,-0.28800000000000003,,g (estimated)
20260713055415_000225F.MP4,52,2026-07-13T10:55:07+00:00,40.8125081,-96.6994792,5.43,mph,active,-0.048,-0.28800000000000003,,g (estimated)
20260713055415_000225F.MP4,53,2026-07-13T10:55:08+00:00,40.8125081,-96.699528,7.94,mph,active,-0.048,-0.336,,g (estimated)
20260713055415_000225F.MP4,54,2026-07-13T10:55:09+00:00,40.8125122,-96.6995931,10.56,mph,active,0.0,-0.192,,g (estimated)
20260713055415_000225F.MP4,55,2026-07-13T10:55:10+00:00,40.8125122,-96.6996582,12.0,mph,active,-0.048,-0.24,,g (estimated)
20260713055415_000225F.MP4,56,2026-07-13T10:55:11+00:00,40.8125122,-96.6997396,14.13,mph,active,-0.048,-0.14400000000000002,,g (estimated)
20260713055415_000225F.MP4,57,2026-07-13T10:55:12+00:00,40.8125122,-96.699821,15.68,mph,active,-0.096,-0.48,,g (estimated)
20260713055415_000225F.MP4,58,2026-07-13T10:55:13+00:00,40.8125163,-96.6999186,16.76,mph,active,0.0,-0.192,,g (estimated)
20260713055415_000225F.MP4,59,2026-07-13T10:55:14+00:00,40.8125163,-96.7000326,17.85,mph,active,0.0,-0.192,,g (estimated)
20260713055515_000226F.MP4,0,2026-07-13T10:55:15+00:00,40.8125163,-96.7001302,18.59,mph,active,-0.048,-0.192,,g (estimated)
20260713055515_000226F.MP4,1,2026-07-13T10:55:16+00:00,40.8125122,-96.7002441,19.05,mph,active,-0.048,-0.192,,g (estimated)
20260713055515_000226F.MP4,2,2026-07-13T10:55:17+00:00,40.8125122,-96.7003581,19.72,mph,active,-0.048,-0.192,,g (estimated)
20260713055515_000226F.MP4,3,2026-07-13T10:55:18+00:00,40.8125122,-96.7004883,19.9,mph,active,0.0,-0.192,,g (estimated)
20260713055515_000226F.MP4,4,2026-07-13T10:55:19+00:00,40.8125163,-96.7006185,20.65,mph,active,-0.048,-0.14400000000000002,,g (estimated)
20260713055515_000226F.MP4,5,2026-07-13T10:55:20+00:00,40.8125163,-96.7007487,20.7,mph,active,-0.048,-0.192,,g (estimated)
20260713055515_000226F.MP4,6,2026-07-13T10:55:21+00:00,40.8125163,-96.7008626,20.67,mph,active,-0.048,-0.14400000000000002,,g (estimated)
20260713055515_000226F.MP4,7,2026-07-13T10:55:22+00:00,40.8125122,-96.7009928,20.26,mph,active,-0.048,-0.14400000000000002,,g (estimated)
20260713055515_000226F.MP4,8,2026-07-13T10:55:23+00:00,40.8125122,-96.701123,20.34,mph,active,-0.048,-0.14400000000000002,,g (estimated)
20260713055515_000226F.MP4,9,2026-07-13T10:55:24+00:00,40.8125122,-96.701237,19.95,mph,active,-0.048,-0.096,,g (estimated)
20260713055515_000226F.MP4,10,2026-07-13T10:55:25+00:00,40.8125122,-96.7013672,20.45,mph,active,0.0,-0.048,,g (estimated)
20260713055515_000226F.MP4,11,2026-07-13T10:55:26+00:00,40.8125081,-96.7014811,18.58,mph,active,0.0,-0.096,,g (estimated)
20260713055515_000226F.MP4,12,2026-07-13T10:55:27+00:00,40.8125081,-96.7015788,16.77,mph,active,-0.048,-0.14400000000000002,,g (estimated)
20260713055515_000226F.MP4,13,2026-07-13T10:55:28+00:00,40.8125041,-96.7016764,15.95,mph,active,-0.048,-0.14400000000000002,,g (estimated)
20260713055515_000226F.MP4,14,2026-07-13T10:55:29+00:00,40.8125041,-96.7017741,15.97,mph,active,-0.048,-0.14400000000000002,,g (estimated)
20260713055515_000226F.MP4,15,2026-07-13T10:55:30+00:00,40.8125081,-96.7018717,14.83,mph,active,0.0,-0.14400000000000002,,g (estimated)
20260713055515_000226F.MP4,16,2026-07-13T10:55:31+00:00,40.8125081,-96.7019694,13.62,mph,active,0.0,-0.048,,g (estimated)
20260713055515_000226F.MP4,17,2026-07-13T10:55:32+00:00,40.8125122,-96.7020508,12.97,mph,active,-0.048,-0.096,,g (estimated)
20260713055515_000226F.MP4,18,2026-07-13T10:55:33+00:00,40.8125163,-96.7021159,11.02,mph,active,0.0,-0.096,,g (estimated)
20260713055515_000226F.MP4,19,2026-07-13T10:55:34+00:00,40.8125163,-96.702181,9.62,mph,active,0.0,0.0,,g (estimated)
20260713055515_000226F.MP4,20,2026-07-13T10:55:35+00:00,40.8125163,-96.7022298,7.32,mph,active,0.0,0.0,,g (estimated)
20260713055515_000226F.MP4,21,2026-07-13T10:55:36+00:00,40.8125163,-96.7022624,5.29,mph,active,-0.048,-0.096,,g (estimated)
20260713055515_000226F.MP4,22,2026-07-13T10:55:37+00:00,40.8125163,-96.7022949,3.06,mph,active,-0.048,-0.048,,g (estimated)
20260713055515_000226F.MP4,23,2026-07-13T10:55:38+00:00,40.8125203,-96.7023112,2.2,mph,active,0.0,-0.096,,g (estimated)
20260713055515_000226F.MP4,24,2026-07-13T10:55:39+00:00,40.8125285,-96.7023275,0.0,mph,active,-0.048,-0.192,,g (estimated)
20260713055515_000226F.MP4,25,2026-07-13T10:55:40+00:00,40.8125285,-96.7023275,0.0,mph,active,0.0,-0.24,,g (estimated)
20260713055515_000226F.MP4,26,2026-07-13T10:55:41+00:00,40.8125285,-96.7023275,0.0,mph,active,-0.048,-0.384,,g (estimated)
20260713055515_000226F.MP4,27,2026-07-13T10:55:42+00:00,40.8125285,-96.7023275,0.0,mph,active,-0.048,-0.28800000000000003,,g (estimated)
20260713055515_000226F.MP4,28,2026-07-13T10:55:43+00:00,40.8125285,-96.7023437,0.0,mph,active,0.0,-0.28800000000000003,,g (estimated)
20260713055515_000226F.MP4,29,2026-07-13T10:55:44+00:00,40.8125285,-96.70236,4.19,mph,active,0.0,-0.28800000000000003,,g (estimated)
20260713055515_000226F.MP4,30,2026-07-13T10:55:45+00:00,40.8125244,-96.7023926,6.95,mph,active,0.0,-0.192,,g (estimated)
20260713055515_000226F.MP4,31,2026-07-13T10:55:46+00:00,40.8125203,-96.7024577,9.89,mph,active,-0.048,-0.24,,g (estimated)
20260713055515_000226F.MP4,32,2026-07-13T10:55:47+00:00,40.8125163,-96.7025228,12.59,mph,active,-0.096,-0.28800000000000003,,g (estimated)
20260713055515_000226F.MP4,33,2026-07-13T10:55:48+00:00,40.8125081,-96.7026204,13.72,mph,active,0.0,-0.24,,g (estimated)
20260713055515_000226F.MP4,34,2026-07-13T10:55:49+00:00,40.8125,-96.7027018,14.91,mph,active,-0.048,-0.192,,g (estimated)
20260713055515_000226F.MP4,35,2026-07-13T10:55:50+00:00,40.8124959,-96.7028158,16.42,mph,active,-0.048,-0.14400000000000002,,g (estimated)
20260713055515_000226F.MP4,36,2026-07-13T10:55:51+00:00,40.8124919,-96.7029134,16.39,mph,active,0.0,-0.14400000000000002,,g (estimated)
20260713055515_000226F.MP4,37,2026-07-13T10:55:52+00:00,40.8124878,-96.7030111,16.07,mph,active,0.0,-0.14400000000000002,,g (estimated)
20260713055515_000226F.MP4,38,2026-07-13T10:55:53+00:00,40.8124919,-96.7031087,15.17,mph,active,0.0,-0.14400000000000002,,g (estimated)
20260713055515_000226F.MP4,39,2026-07-13T10:55:54+00:00,40.8124919,-96.7032064,14.27,mph,active,0.0,-0.096,,g (estimated)
20260713055515_000226F.MP4,40,2026-07-13T10:55:55+00:00,40.8124919,-96.7032878,13.44,mph,active,-0.048,-0.14400000000000002,,g (estimated)
20260713055515_000226F.MP4,41,2026-07-13T10:55:56+00:00,40.8124919,-96.7033691,12.65,mph,active,0.0,0.0,,g (estimated)
20260713055515_000226F.MP4,42,2026-07-13T10:55:57+00:00,40.8125041,-96.7034342,11.79,mph,active,-0.048,-0.096,,g (estimated)
20260713055515_000226F.MP4,43,2026-07-13T10:55:58+00:00,40.8125163,-96.7034993,9.03,mph,active,0.0,-0.096,,g (estimated)
20260713055515_000226F.MP4,44,2026-07-13T10:55:59+00:00,40.8125081,-96.7035482,7.6,mph,active,-0.048,-0.192,,g (estimated)
20260713055515_000226F.MP4,45,2026-07-13T10:56:00+00:00,40.8125041,-96.7035807,7.16,mph,active,0.0,-0.14400000000000002,,g (estimated)
20260713055515_000226F.MP4,46,2026-07-13T10:56:01+00:00,40.8125041,-96.7036458,7.39,mph,active,-0.048,-0.14400000000000002,,g (estimated)
20260713055515_000226F.MP4,47,2026-07-13T10:56:02+00:00,40.8125081,-96.7036947,7.34,mph,active,0.0,-0.28800000000000003,,g (estimated)
20260713055515_000226F.MP4,48,2026-07-13T10:56:03+00:00,40.8125163,-96.7037435,7.94,mph,active,-0.048,-0.28800000000000003,,g (estimated)
20260713055515_000226F.MP4,49,2026-07-13T10:56:04+00:00,40.8125,-96.7037923,9.85,mph,active,-0.048,-0.28800000000000003,,g (estimated)
20260713055515_000226F.MP4,50,2026-07-13T10:56:05+00:00,40.8125,-96.7038737,12.82,mph,active,-0.048,-0.28800000000000003,,g (estimated)
20260713055515_000226F.MP4,51,2026-07-13T10:56:06+00:00,40.8125,-96.7039876,15.1,mph,active,-0.048,-0.28800000000000003,,g (estimated)
20260713055515_000226F.MP4,52,2026-07-13T10:56:07+00:00,40.8124959,-96.7041016,16.87,mph,active,0.0,-0.192,,g (estimated)
20260713055515_000226F.MP4,53,2026-07-13T10:56:08+00:00,40.8125,-96.7042155,18.37,mph,active,0.0,-0.192,,g (estimated)
20260713055515_000226F.MP4,54,2026-07-13T10:56:09+00:00,40.8125041,-96.7043457,19.83,mph,active,-0.048,-0.192,,g (estimated)
20260713055515_000226F.MP4,55,2026-07-13T10:56:10+00:00,40.8125041,-96.7044596,21.17,mph,active,-0.048,-0.24,,g (estimated)
20260713055515_000226F.MP4,56,2026-07-13T10:56:11+00:00,40.8125081,-96.7045898,21.7,mph,active,-0.048,-0.192,,g (estimated)
20260713055515_000226F.MP4,57,2026-07-13T10:56:12+00:00,40.8125041,-96.7047363,21.92,mph,active,-0.096,-0.14400000000000002,,g (estimated)
20260713055515_000226F.MP4,58,2026-07-13T10:56:13+00:00,40.8125041,-96.7048665,22.17,mph,active,0.0,-0.048,,g (estimated)
20260713055515_000226F.MP4,59,2026-07-13T10:56:14+00:00,40.8125041,-96.7049967,22.45,mph,active,-0.048,-0.192,,g (estimated)
20260713055615_000227F.MP4,0,2026-07-13T10:56:15+00:00,40.8125,-96.7051432,22.95,mph,active,-0.048,-0.192,,g (estimated)
20260713055615_000227F.MP4,1,2026-07-13T10:56:16+00:00,40.8125041,-96.7052897,22.91,mph,active,-0.048,-0.192,,g (estimated)
20260713055615_000227F.MP4,2,2026-07-13T10:56:17+00:00,40.8125081,-96.7054362,22.86,mph,active,-0.096,-0.14400000000000002,,g (estimated)
20260713055615_000227F.MP4,3,2026-07-13T10:56:18+00:00,40.8125122,-96.7055664,22.67,mph,active,-0.048,-0.24,,g (estimated)
20260713055615_000227F.MP4,4,2026-07-13T10:56:19+00:00,40.8125122,-96.7057129,22.65,mph,active,-0.048,-0.192,,g (estimated)
20260713055615_000227F.MP4,5,2026-07-13T10:56:20+00:00,40.8125122,-96.7058431,22.6,mph,active,-0.096,-0.192,,g (estimated)
20260713055615_000227F.MP4,6,2026-07-13T10:56:21+00:00,40.8125122,-96.7059896,22.18,mph,active,-0.048,-0.192,,g (estimated)
20260713055615_000227F.MP4,7,2026-07-13T10:56:22+00:00,40.8125163,-96.7061198,21.79,mph,active,-0.048,-0.14400000000000002,,g (estimated)
20260713055615_000227F.MP4,8,2026-07-13T10:56:23+00:00,40.8125326,-96.7062174,21.1,mph,active,0.0,-0.096,,g (estimated)
20260713055615_000227F.MP4,9,2026-07-13T10:56:24+00:00,40.8125448,-96.7063314,20.45,mph,active,0.0,-0.14400000000000002,,g (estimated)
20260713055615_000227F.MP4,10,2026-07-13T10:56:25+00:00,40.8125407,-96.7064616,18.46,mph,active,0.0,-0.048,,g (estimated)
20260713055615_000227F.MP4,11,2026-07-13T10:56:26+00:00,40.8125366,-96.7065592,16.47,mph,active,-0.048,-0.048,,g (estimated)
20260713055615_000227F.MP4,12,2026-07-13T10:56:27+00:00,40.8125326,-96.7066569,14.32,mph,active,0.0,0.0,,g (estimated)
20260713055615_000227F.MP4,13,2026-07-13T10:56:28+00:00,40.8125326,-96.7067383,11.65,mph,active,0.0,0.0,,g (estimated)
20260713055615_000227F.MP4,14,2026-07-13T10:56:29+00:00,40.8125285,-96.7068034,9.72,mph,active,-0.048,-0.048,,g (estimated)
20260713055615_000227F.MP4,15,2026-07-13T10:56:30+00:00,40.8125285,-96.7068522,6.41,mph,active,0.0,-0.192,,g (estimated)
20260713055615_000227F.MP4,16,2026-07-13T10:56:31+00:00,40.8125285,-96.7068848,4.24,mph,active,-0.048,-0.24,,g (estimated)
20260713055615_000227F.MP4,17,2026-07-13T10:56:32+00:00,40.8125326,-96.706901,4.61,mph,active,-0.096,-0.24,,g (estimated)
20260713055615_000227F.MP4,18,2026-07-13T10:56:33+00:00,40.8125366,-96.7069336,5.78,mph,active,-0.14400000000000002,-0.192,,g (estimated)
20260713055615_000227F.MP4,19,2026-07-13T10:56:34+00:00,40.8125448,-96.7069824,7.16,mph,active,-0.24,-0.14400000000000002,,g (estimated)
20260713055615_000227F.MP4,20,2026-07-13T10:56:35+00:00,40.8125651,-96.707015,8.19,mph,active,-0.096,-0.28800000000000003,,g (estimated)
20260713055615_000227F.MP4,21,2026-07-13T10:56:36+00:00,40.8125936,-96.7070475,8.45,mph,active,-0.048,-0.192,,g (estimated)
20260713055615_000227F.MP4,22,2026-07-13T10:56:37+00:00,40.8126261,-96.7070475,7.83,mph,active,0.0,-0.336,,g (estimated)
20260713055615_000227F.MP4,23,2026-07-13T10:56:38+00:00,40.8126709,-96.7070638,9.5,mph,active,0.0,-0.28800000000000003,,g (estimated)
20260713055615_000227F.MP4,24,2026-07-13T10:56:39+00:00,40.8127319,-96.7070475,12.03,mph,active,0.0,-0.28800000000000003,,g (estimated)
20260713055615_000227F.MP4,25,2026-07-13T10:56:40+00:00,40.8128011,-96.7070475,13.67,mph,active,-0.048,-0.384,,g (estimated)
20260713055615_000227F.MP4,26,2026-07-13T10:56:41+00:00,40.8128784,-96.7070312,16.19,mph,active,0.0,-0.14400000000000002,,g (estimated)
20260713055615_000227F.MP4,27,2026-07-13T10:56:42+00:00,40.8129639,-96.7070312,17.83,mph,active,0.0,-0.24,,g (estimated)
20260713055615_000227F.MP4,28,2026-07-13T10:56:43+00:00,40.8130493,-96.7070312,17.52,mph,active,0.0,-0.096,,g (estimated)
20260713055615_000227F.MP4,29,2026-07-13T10:56:44+00:00,40.8131266,-96.7070475,16.56,mph,active,-0.048,-0.096,,g (estimated)
20260713055615_000227F.MP4,30,2026-07-13T10:56:45+00:00,40.8131999,-96.7070475,15.73,mph,active,-0.048,-0.14400000000000002,,g (estimated)
20260713055615_000227F.MP4,31,2026-07-13T10:56:46+00:00,40.813269,-96.7070475,14.32,mph,active,0.0,-0.096,,g (estimated)
20260713055615_000227F.MP4,32,2026-07-13T10:56:47+00:00,40.8133219,-96.7070475,11.77,mph,active,0.0,-0.048,,g (estimated)
20260713055615_000227F.MP4,33,2026-07-13T10:56:48+00:00,40.8133667,-96.7070475,9.22,mph,active,-0.048,0.0,,g (estimated)
20260713055615_000227F.MP4,34,2026-07-13T10:56:49+00:00,40.8134033,-96.7070475,6.29,mph,active,-0.048,-0.048,,g (estimated)
20260713055615_000227F.MP4,35,2026-07-13T10:56:50+00:00,40.8134277,-96.7070475,3.12,mph,active,0.0,-0.096,,g (estimated)
20260713055615_000227F.MP4,36,2026-07-13T10:56:51+00:00,40.8134399,-96.7070475,0.0,mph,active,-0.048,-0.192,,g (estimated)
20260713055615_000227F.MP4,37,2026-07-13T10:56:52+00:00,40.8134399,-96.7070475,0.0,mph,active,0.0,-0.192,,g (estimated)
20260713055615_000227F.MP4,38,2026-07-13T10:56:53+00:00,40.8134399,-96.7070475,0.0,mph,active,-0.048,-0.192,,g (estimated)
20260713055615_000227F.MP4,39,2026-07-13T10:56:54+00:00,40.8134399,-96.7070475,0.0,mph,active,-0.048,-0.14400000000000002,,g (estimated)
20260713055615_000227F.MP4,40,2026-07-13T10:56:55+00:00,40.8134399,-96.7070475,0.0,mph,active,-0.048,-0.192,,g (estimated)
20260713055615_000227F.MP4,41,2026-07-13T10:56:56+00:00,40.813444,-96.7070475,0.0,mph,active,-0.048,-0.192,,g (estimated)
20260713055615_000227F.MP4,42,2026-07-13T10:56:57+00:00,40.813444,-96.7070638,0.0,mph,active,-0.048,-0.192,,g (estimated)
20260713055615_000227F.MP4,43,2026-07-13T10:56:58+00:00,40.8134481,-96.7070475,0.0,mph,active,0.0,-0.192,,g (estimated)
20260713055615_000227F.MP4,44,2026-07-13T10:56:59+00:00,40.8134481,-96.7070475,0.0,mph,active,-0.048,-0.192,,g (estimated)
20260713055615_000227F.MP4,45,2026-07-13T10:57:00+00:00,40.8134521,-96.7070638,0.0,mph,active,0.0,-0.192,,g (estimated)
20260713055615_000227F.MP4,46,2026-07-13T10:57:01+00:00,40.8134521,-96.7070638,0.0,mph,active,-0.048,-0.192,,g (estimated)
20260713055615_000227F.MP4,47,2026-07-13T10:57:02+00:00,40.8134521,-96.7070638,0.0,mph,active,-0.048,-0.192,,g (estimated)
20260713055615_000227F.MP4,48,2026-07-13T10:57:03+00:00,40.8134521,-96.7070638,0.0,mph,active,-0.048,-0.192,,g (estimated)
20260713055615_000227F.MP4,49,2026-07-13T10:57:04+00:00,40.8134521,-96.7070638,0.0,mph,active,-0.048,-0.192,,g (estimated)
20260713055615_000227F.MP4,50,2026-07-13T10:57:05+00:00,40.8134562,-96.7070638,0.0,mph,active,-0.048,-0.192,,g (estimated)
20260713055615_000227F.MP4,51,2026-07-13T10:57:06+00:00,40.8134562,-96.7070638,0.0,mph,active,0.0,-0.14400000000000002,,g (estimated)
20260713055615_000227F.MP4,52,2026-07-13T10:57:07+00:00,40.8134603,-96.7070638,0.0,mph,active,-0.048,-0.192,,g (estimated)
20260713055615_000227F.MP4,53,2026-07-13T10:57:08+00:00,40.8134603,-96.7070638,0.0,mph,active,-0.048,-0.192,,g (estimated)
20260713055615_000227F.MP4,54,2026-07-13T10:57:09+00:00,40.8134603,-96.7070638,0.0,mph,active,0.0,-0.192,,g (estimated)
20260713055615_000227F.MP4,55,2026-07-13T10:57:10+00:00,40.8134603,-96.7070638,0.0,mph,active,-0.048,-0.14400000000000002,,g (estimated)
20260713055615_000227F.MP4,56,2026-07-13T10:57:11+00:00,40.8134603,-96.7070638,0.0,mph,active,-0.048,-0.192,,g (estimated)
20260713055615_000227F.MP4,57,2026-07-13T10:57:12+00:00,40.8134603,-96.7070801,0.0,mph,active,-0.048,-0.192,,g (estimated)
20260713055615_000227F.MP4,58,2026-07-13T10:57:13+00:00,40.8134603,-96.7070801,0.0,mph,active,0.0,-0.192,,g (estimated)
20260713055615_000227F.MP4,59,2026-07-13T10:57:14+00:00,40.8134603,-96.7070801,0.0,mph,active,-0.048,-0.14400000000000002,,g (estimated)
20260713055715_000228F.MP4,0,2026-07-13T10:57:15+00:00,40.8134644,-96.7070801,0.0,mph,active,0.0,-0.14400000000000002,,g (estimated)
20260713055715_000228F.MP4,1,2026-07-13T10:57:16+00:00,40.8134644,-96.7070801,0.0,mph,active,-0.048,-0.14400000000000002,,g (estimated)
20260713055715_000228F.MP4,2,2026-07-13T10:57:17+00:00,40.8134644,-96.7070964,0.0,mph,active,0.0,-0.192,,g (estimated)
20260713055715_000228F.MP4,3,2026-07-13T10:57:18+00:00,40.8134684,-96.7070964,0.0,mph,active,0.0,-0.192,,g (estimated)
20260713055715_000228F.MP4,4,2026-07-13T10:57:19+00:00,40.8134684,-96.7070964,0.0,mph,active,-0.048,-0.192,,g (estimated)
20260713055715_000228F.MP4,5,2026-07-13T10:57:20+00:00,40.8134684,-96.7070964,0.0,mph,active,0.0,-0.192,,g (estimated)
20260713055715_000228F.MP4,6,2026-07-13T10:57:21+00:00,40.8134725,-96.7070964,0.0,mph,active,0.0,-0.24,,g (estimated)
20260713055715_000228F.MP4,7,2026-07-13T10:57:22+00:00,40.8134725,-96.7070964,0.0,mph,active,0.0,-0.384,,g (estimated)
20260713055715_000228F.MP4,8,2026-07-13T10:57:23+00:00,40.8134766,-96.7070964,1.59,mph,active,0.0,-0.336,,g (estimated)
20260713055715_000228F.MP4,9,2026-07-13T10:57:24+00:00,40.8134847,-96.7070964,2.84,mph,active,0.0,-0.28800000000000003,,g (estimated)
20260713055715_000228F.MP4,10,2026-07-13T10:57:25+00:00,40.8135173,-96.7070801,6.26,mph,active,-0.048,-0.24,,g (estimated)
20260713055715_000228F.MP4,11,2026-07-13T10:57:26+00:00,40.8135701,-96.7070801,10.85,mph,active,-0.096,-0.28800000000000003,,g (estimated)
20260713055715_000228F.MP4,12,2026-07-13T10:57:27+00:00,40.8136434,-96.7070638,13.18,mph,active,-0.5760000000000001,-0.192,,g (estimated)
20260713055715_000228F.MP4,13,2026-07-13T10:57:28+00:00,40.8137207,-96.7070638,14.99,mph,active,-0.048,-0.28800000000000003,,g (estimated)
20260713055715_000228F.MP4,14,2026-07-13T10:57:29+00:00,40.8138021,-96.7070638,16.12,mph,active,-0.048,-0.192,,g (estimated)
20260713055715_000228F.MP4,15,2026-07-13T10:57:30+00:00,40.8138875,-96.7070638,18.59,mph,active,-0.048,-0.192,,g (estimated)
20260713055715_000228F.MP4,16,2026-07-13T10:57:31+00:00,40.813973,-96.7070475,19.39,mph,active,0.0,-0.24,,g (estimated)
20260713055715_000228F.MP4,17,2026-07-13T10:57:32+00:00,40.8140666,-96.7070475,20.74,mph,active,-0.048,-0.192,,g (estimated)
20260713055715_000228F.MP4,18,2026-07-13T10:57:33+00:00,40.8141683,-96.7070475,21.22,mph,active,0.0,-0.14400000000000002,,g (estimated)
20260713055715_000228F.MP4,19,2026-07-13T10:57:34+00:00,40.81427,-96.7070475,21.53,mph,active,0.0,-0.048,,g (estimated)
20260713055715_000228F.MP4,20,2026-07-13T10:57:35+00:00,40.8143636,-96.7070312,21.79,mph,active,0.0,-0.14400000000000002,,g (estimated)
20260713055715_000228F.MP4,21,2026-07-13T10:57:36+00:00,40.8144653,-96.707015,21.76,mph,active,0.0,-0.14400000000000002,,g (estimated)
20260713055715_000228F.MP4,22,2026-07-13T10:57:37+00:00,40.814563,-96.707015,21.73,mph,active,-0.096,-0.048,,g (estimated)
20260713055715_000228F.MP4,23,2026-07-13T10:57:38+00:00,40.8146647,-96.707015,21.98,mph,active,0.048,-0.14400000000000002,,g (estimated)
20260713055715_000228F.MP4,24,2026-07-13T10:57:39+00:00,40.8147624,-96.707015,21.94,mph,active,-0.048,-0.192,,g (estimated)
20260713055715_000228F.MP4,25,2026-07-13T10:57:40+00:00,40.81486,-96.707015,21.64,mph,active,-0.048,-0.192,,g (estimated)
20260713055715_000228F.MP4,26,2026-07-13T10:57:41+00:00,40.8149577,-96.707015,21.07,mph,active,0.0,-0.192,,g (estimated)
20260713055715_000228F.MP4,27,2026-07-13T10:57:42+00:00,40.8150553,-96.707015,20.49,mph,active,-0.048,-0.192,,g (estimated)
20260713055715_000228F.MP4,28,2026-07-13T10:57:43+00:00,40.8151489,-96.707015,20.42,mph,active,0.0,-0.192,,g (estimated)
20260713055715_000228F.MP4,29,2026-07-13T10:57:44+00:00,40.8152425,-96.707015,19.55,mph,active,0.14400000000000002,-0.24,,g (estimated)
20260713055715_000228F.MP4,30,2026-07-13T10:57:45+00:00,40.8153158,-96.7070475,18.85,mph,active,-0.048,-0.192,,g (estimated)
20260713055715_000228F.MP4,31,2026-07-13T10:57:46+00:00,40.8153931,-96.7070801,20.44,mph,active,-0.048,-0.192,,g (estimated)
20260713055715_000228F.MP4,32,2026-07-13T10:57:47+00:00,40.8154989,-96.7070801,22.23,mph,active,-0.048,-0.24,,g (estimated)
20260713055715_000228F.MP4,33,2026-07-13T10:57:48+00:00,40.8156087,-96.7070801,23.08,mph,active,-0.14400000000000002,-0.24,,g (estimated)
20260713055715_000228F.MP4,34,2026-07-13T10:57:49+00:00,40.8157104,-96.7070638,23.03,mph,active,0.0,-0.24,,g (estimated)
20260713055715_000228F.MP4,35,2026-07-13T10:57:50+00:00,40.8158122,-96.7070638,22.6,mph,active,-0.048,-0.24,,g (estimated)
20260713055715_000228F.MP4,36,2026-07-13T10:57:51+00:00,40.8159302,-96.7070475,23.88,mph,active,-0.096,-0.24,,g (estimated)
20260713055715_000228F.MP4,37,2026-07-13T10:57:52+00:00,40.8160441,-96.7070475,24.09,mph,active,0.0,-0.096,,g (estimated)
20260713055715_000228F.MP4,38,2026-07-13T10:57:53+00:00,40.816158,-96.7070475,24.15,mph,active,-0.096,-0.192,,g (estimated)
20260713055715_000228F.MP4,39,2026-07-13T10:57:54+00:00,40.816272,-96.7070475,23.93,mph,active,-0.096,-0.14400000000000002,,g (estimated)
20260713055715_000228F.MP4,40,2026-07-13T10:57:55+00:00,40.81639,-96.7070475,24.99,mph,active,-0.24,-0.14400000000000002,,g (estimated)
20260713055715_000228F.MP4,41,2026-07-13T10:57:56+00:00,40.816508,-96.7070475,25.05,mph,active,-0.096,-0.096,,g (estimated)
20260713055715_000228F.MP4,42,2026-07-13T10:57:57+00:00,40.81663,-96.7070475,25.03,mph,active,-0.048,-0.192,,g (estimated)
20260713055715_000228F.MP4,43,2026-07-13T10:57:58+00:00,40.816748,-96.7070475,24.74,mph,active,0.048,-0.14400000000000002,,g (estimated)
20260713055715_000228F.MP4,44,2026-07-13T10:57:59+00:00,40.816862,-96.7070475,24.82,mph,active,0.0,-0.28800000000000003,,g (estimated)
20260713055715_000228F.MP4,45,2026-07-13T10:58:00+00:00,40.81698,-96.7070475,24.99,mph,active,-0.048,-0.24,,g (estimated)
20260713055715_000228F.MP4,46,2026-07-13T10:58:01+00:00,40.817098,-96.7070638,25.29,mph,active,-0.048,-0.24,,g (estimated)
20260713055715_000228F.MP4,47,2026-07-13T10:58:02+00:00,40.8172119,-96.7070801,25.29,mph,active,-0.096,-0.24,,g (estimated)
20260713055715_000228F.MP4,48,2026-07-13T10:58:03+00:00,40.8173299,-96.7071126,25.8,mph,active,-0.096,-0.192,,g (estimated)
20260713055715_000228F.MP4,49,2026-07-13T10:58:04+00:00,40.8174479,-96.7071615,26.53,mph,active,-0.048,-0.28800000000000003,,g (estimated)
20260713055715_000228F.MP4,50,2026-07-13T10:58:05+00:00,40.8175659,-96.7072103,27.12,mph,active,0.0,-0.192,,g (estimated)
20260713055715_000228F.MP4,51,2026-07-13T10:58:06+00:00,40.8176839,-96.7072591,27.62,mph,active,0.0,-0.192,,g (estimated)
20260713055715_000228F.MP4,52,2026-07-13T10:58:07+00:00,40.8178019,-96.7073242,27.89,mph,active,0.0,-0.192,,g (estimated)
20260713055715_000228F.MP4,53,2026-07-13T10:58:08+00:00,40.8179199,-96.7073893,27.82,mph,active,-0.048,-0.096,,g (estimated)
20260713055715_000228F.MP4,54,2026-07-13T10:58:09+00:00,40.8180298,-96.7074707,27.13,mph,active,-0.14400000000000002,-0.192,,g (estimated)
20260713055715_000228F.MP4,55,2026-07-13T10:58:10+00:00,40.8181437,-96.7075358,26.94,mph,active,-0.048,-0.192,,g (estimated)
20260713055715_000228F.MP4,56,2026-07-13T10:58:11+00:00,40.8182536,-96.7076009,26.89,mph,active,0.0,-0.096,,g (estimated)
20260713055715_000228F.MP4,57,2026-07-13T10:58:12+00:00,40.8183634,-96.7076823,27.33,mph,active,-0.048,-0.096,,g (estimated)
20260713055715_000228F.MP4,58,2026-07-13T10:58:13+00:00,40.8184774,-96.7077637,27.26,mph,active,-0.048,-0.096,,g (estimated)
20260713055715_000228F.MP4,59,2026-07-13T10:58:14+00:00,40.8185913,-96.7078288,27.08,mph,active,-0.096,-0.096,,g (estimated)
20260713055815_000229F.MP4,0,2026-07-13T10:58:15+00:00,40.8187052,-96.7079102,26.71,mph,active,-0.048,-0.14400000000000002,,g (estimated)
20260713055815_000229F.MP4,1,2026-07-13T10:58:16+00:00,40.8188151,-96.7079753,26.31,mph,active,-0.048,-0.096,,g (estimated)
20260713055815_000229F.MP4,2,2026-07-13T10:58:17+00:00,40.818925,-96.7080404,26.1,mph,active,-0.096,-0.192,,g (estimated)
20260713055815_000229F.MP4,3,2026-07-13T10:58:18+00:00,40.8190348,-96.7081055,25.82,mph,active,-0.096,-0.192,,g (estimated)
20260713055815_000229F.MP4,4,2026-07-13T10:58:19+00:00,40.8191447,-96.7081543,25.31,mph,active,0.0,-0.14400000000000002,,g (estimated)
20260713055815_000229F.MP4,5,2026-07-13T10:58:20+00:00,40.8192546,-96.7082031,25.11,mph,active,-0.096,-0.14400000000000002,,g (estimated)
20260713055815_000229F.MP4,6,2026-07-13T10:58:21+00:00,40.8193644,-96.708252,24.7,mph,active,-0.048,-0.14400000000000002,,g (estimated)
20260713055815_000229F.MP4,7,2026-07-13T10:58:22+00:00,40.8194743,-96.7082845,24.42,mph,active,-0.048,-0.096,,g (estimated)
20260713055815_000229F.MP4,8,2026-07-13T10:58:23+00:00,40.8195841,-96.7083171,24.0,mph,active,-0.096,-0.192,,g (estimated)
20260713055815_000229F.MP4,9,2026-07-13T10:58:24+00:00,40.8196899,-96.7083333,24.01,mph,active,-0.048,-0.192,,g (estimated)
20260713055815_000229F.MP4,10,2026-07-13T10:58:25+00:00,40.8198039,-96.7083496,24.42,mph,active,-0.096,-0.14400000000000002,,g (estimated)
20260713055815_000229F.MP4,11,2026-07-13T10:58:26+00:00,40.8199137,-96.7083659,24.66,mph,active,-0.096,-0.192,,g (estimated)
20260713055815_000229F.MP4,12,2026-07-13T10:58:27+00:00,40.8200317,-96.7083659,24.85,mph,active,-0.048,-0.096,,g (estimated)
20260713055815_000229F.MP4,13,2026-07-13T10:58:28+00:00,40.8201497,-96.7083822,25.11,mph,active,-0.048,-0.14400000000000002,,g (estimated)
20260713055815_000229F.MP4,14,2026-07-13T10:58:29+00:00,40.8202637,-96.7083822,25.08,mph,active,0.0,-0.14400000000000002,,g (estimated)
20260713055815_000229F.MP4,15,2026-07-13T10:58:30+00:00,40.8203776,-96.7083984,25.02,mph,active,0.0,-0.096,,g (estimated)
20260713055815_000229F.MP4,16,2026-07-13T10:58:31+00:00,40.8204956,-96.7083984,25.22,mph,active,-0.048,-0.096,,g (estimated)
20260713055815_000229F.MP4,17,2026-07-13T10:58:32+00:00,40.8206177,-96.7083984,25.21,mph,active,-0.048,-0.28800000000000003,,g (estimated)
20260713055815_000229F.MP4,18,2026-07-13T10:58:33+00:00,40.8207357,-96.7083822,24.76,mph,active,-0.14400000000000002,-0.192,,g (estimated)
20260713055815_000229F.MP4,19,2026-07-13T10:58:34+00:00,40.8208496,-96.7083659,25.14,mph,active,-0.14400000000000002,-0.192,,g (estimated)
20260713055815_000229F.MP4,20,2026-07-13T10:58:35+00:00,40.8209635,-96.7083496,25.55,mph,active,-0.096,-0.14400000000000002,,g (estimated)
20260713055815_000229F.MP4,21,2026-07-13T10:58:36+00:00,40.8210734,-96.7083008,25.55,mph,active,-0.14400000000000002,-0.24,,g (estimated)
20260713055815_000229F.MP4,22,2026-07-13T10:58:37+00:00,40.8211873,-96.7082682,25.0,mph,active,-0.096,-0.14400000000000002,,g (estimated)
20260713055815_000229F.MP4,23,2026-07-13T10:58:38+00:00,40.8212891,-96.7082031,24.46,mph,active,-0.048,-0.096,,g (estimated)
20260713055815_000229F.MP4,24,2026-07-13T10:58:39+00:00,40.8213908,-96.708138,24.12,mph,active,-0.096,-0.14400000000000002,,g (estimated)
20260713055815_000229F.MP4,25,2026-07-13T10:58:40+00:00,40.8214884,-96.7080729,24.08,mph,active,-0.048,-0.14400000000000002,,g (estimated)
20260713055815_000229F.MP4,26,2026-07-13T10:58:41+00:00,40.8215861,-96.7080078,23.47,mph,active,0.0,-0.096,,g (estimated)
20260713055815_000229F.MP4,27,2026-07-13T10:58:42+00:00,40.8216797,-96.7079427,22.81,mph,active,-0.048,0.0,,g (estimated)
20260713055815_000229F.MP4,28,2026-07-13T10:58:43+00:00,40.8217692,-96.7078776,21.68,mph,active,-0.096,0.0,,g (estimated)
20260713055815_000229F.MP4,29,2026-07-13T10:58:44+00:00,40.8218465,-96.7078288,18.43,mph,active,-0.14400000000000002,0.048,,g (estimated)
20260713055815_000229F.MP4,30,2026-07-13T10:58:45+00:00,40.8219116,-96.7077637,16.17,mph,active,-0.096,0.0,,g (estimated)
20260713055815_000229F.MP4,31,2026-07-13T10:58:46+00:00,40.8219686,-96.7077148,11.2,mph,active,-0.048,-0.24,,g (estimated)
20260713055815_000229F.MP4,32,2026-07-13T10:58:47+00:00,40.8219971,-96.7076823,9.33,mph,active,-0.096,-0.24,,g (estimated)
20260713055815_000229F.MP4,33,2026-07-13T10:58:48+00:00,40.8220215,-96.7076497,9.05,mph,active,0.0,-0.28800000000000003,,g (estimated)
20260713055815_000229F.MP4,34,2026-07-13T10:58:49+00:00,40.82205,-96.7076009,10.57,mph,active,0.0,-0.24,,g (estimated)
20260713055815_000229F.MP4,35,2026-07-13T10:58:50+00:00,40.8220825,-96.7075358,12.71,mph,active,0.048,-0.28800000000000003,,g (estimated)
20260713055815_000229F.MP4,36,2026-07-13T10:58:51+00:00,40.8221191,-96.7074707,13.38,mph,active,0.048,-0.192,,g (estimated)
20260713055815_000229F.MP4,37,2026-07-13T10:58:52+00:00,40.8221639,-96.7074056,15.02,mph,active,0.0,-0.192,,g (estimated)
20260713055815_000229F.MP4,38,2026-07-13T10:58:53+00:00,40.8222209,-96.7073405,16.62,mph,active,0.0,-0.192,,g (estimated)
20260713055815_000229F.MP4,39,2026-07-13T10:58:54+00:00,40.822286,-96.7072917,17.5,mph,active,-0.048,-0.24,,g (estimated)
20260713055815_000229F.MP4,40,2026-07-13T10:58:55+00:00,40.8223551,-96.7072103,18.73,mph,active,0.0,-0.192,,g (estimated)
20260713055815_000229F.MP4,41,2026-07-13T10:58:56+00:00,40.8224243,-96.7071452,19.99,mph,active,-0.096,-0.192,,g (estimated)
20260713055815_000229F.MP4,42,2026-07-13T10:58:57+00:00,40.8225016,-96.7070801,21.09,mph,active,-0.14400000000000002,-0.192,,g (estimated)
20260713055815_000229F.MP4,43,2026-07-13T10:58:58+00:00,40.8225871,-96.7069987,22.19,mph,active,-0.096,-0.096,,g (estimated)
20260713055815_000229F.MP4,44,2026-07-13T10:58:59+00:00,40.8226685,-96.7069173,23.05,mph,active,-0.192,-0.192,,g (estimated)
20260713055815_000229F.MP4,45,2026-07-13T10:59:00+00:00,40.8227458,-96.7068197,24.06,mph,active,-0.192,-0.192,,g (estimated)
20260713055815_000229F.MP4,46,2026-07-13T10:59:01+00:00,40.8228231,-96.7067057,25.65,mph,active,0.0,-0.24,,g (estimated)
20260713055815_000229F.MP4,47,2026-07-13T10:59:02+00:00,40.8228963,-96.7065755,26.94,mph,active,-0.048,-0.24,,g (estimated)
20260713055815_000229F.MP4,48,2026-07-13T10:59:03+00:00,40.8229696,-96.706429,27.55,mph,active,0.0,-0.24,,g (estimated)
20260713055815_000229F.MP4,49,2026-07-13T10:59:04+00:00,40.8230469,-96.7062988,28.2,mph,active,0.0,-0.14400000000000002,,g (estimated)
20260713055815_000229F.MP4,50,2026-07-13T10:59:05+00:00,40.8231283,-96.7061523,29.75,mph,active,0.0,-0.096,,g (estimated)
20260713055815_000229F.MP4,51,2026-07-13T10:59:06+00:00,40.8232056,-96.7059896,30.75,mph,active,0.0,-0.14400000000000002,,g (estimated)
20260713055815_000229F.MP4,52,2026-07-13T10:59:07+00:00,40.823291,-96.7058268,31.53,mph,active,0.0,-0.192,,g (estimated)
20260713055815_000229F.MP4,53,2026-07-13T10:59:08+00:00,40.8233765,-96.7056641,31.85,mph,active,-0.096,-0.24,,g (estimated)
20260713055815_000229F.MP4,54,2026-07-13T10:59:09+00:00,40.8234619,-96.7055013,32.31,mph,active,0.0,-0.192,,g (estimated)
20260713055815_000229F.MP4,55,2026-07-13T10:59:10+00:00,40.8235474,-96.7053385,32.7,mph,active,-0.048,-0.14400000000000002,,g (estimated)
20260713055815_000229F.MP4,56,2026-07-13T10:59:11+00:00,40.8236369,-96.7051595,33.05,mph,active,-0.048,-0.24,,g (estimated)
20260713055815_000229F.MP4,57,2026-07-13T10:59:12+00:00,40.8237223,-96.7049967,33.42,mph,active,0.0,-0.192,,g (estimated)
20260713055815_000229F.MP4,58,2026-07-13T10:59:13+00:00,40.8238118,-96.7048177,33.77,mph,active,0.0,-0.14400000000000002,,g (estimated)
20260713055815_000229F.MP4,59,2026-07-13T10:59:14+00:00,40.8239014,-96.7046387,33.78,mph,active,0.0,-0.192,,g (estimated)
20260713055915_000230F.MP4,0,2026-07-13T10:59:15+00:00,40.8239909,-96.7044759,33.43,mph,active,-0.048,-0.192,,g (estimated)
20260713055915_000230F.MP4,1,2026-07-13T10:59:16+00:00,40.8240804,-96.7043132,33.39,mph,active,0.0,-0.096,,g (estimated)
20260713055915_000230F.MP4,2,2026-07-13T10:59:17+00:00,40.8241699,-96.7041341,33.34,mph,active,0.0,-0.14400000000000002,,g (estimated)
20260713055915_000230F.MP4,3,2026-07-13T10:59:18+00:00,40.8242554,-96.7039714,33.09,mph,active,0.0,-0.048,,g (estimated)
20260713055915_000230F.MP4,4,2026-07-13T10:59:19+00:00,40.8243449,-96.7037923,32.81,mph,active,0.0,-0.14400000000000002,,g (estimated)
20260713055915_000230F.MP4,5,2026-07-13T10:59:20+00:00,40.8244303,-96.7036296,32.84,mph,active,-0.048,-0.192,,g (estimated)
20260713055915_000230F.MP4,6,2026-07-13T10:59:21+00:00,40.8245158,-96.7034668,31.67,mph,active,0.0,-0.048,,g (estimated)
20260713055915_000230F.MP4,7,2026-07-13T10:59:22+00:00,40.8245972,-96.703304,31.05,mph,active,0.0,-0.14400000000000002,,g (estimated)
20260713055915_000230F.MP4,8,2026-07-13T10:59:23+00:00,40.8246785,-96.7031576,30.44,mph,active,0.0,-0.192,,g (estimated)
20260713055915_000230F.MP4,9,2026-07-13T10:59:24+00:00,40.8247518,-96.7029948,29.69,mph,active,-0.048,-0.096,,g (estimated)
20260713055915_000230F.MP4,10,2026-07-13T10:59:25+00:00,40.824825,-96.7028483,28.76,mph,active,0.0,-0.048,,g (estimated)
20260713055915_000230F.MP4,11,2026-07-13T10:59:26+00:00,40.8248983,-96.7027181,27.38,mph,active,-0.14400000000000002,-0.192,,g (estimated)
20260713055915_000230F.MP4,12,2026-07-13T10:59:27+00:00,40.8249674,-96.7025879,25.88,mph,active,-0.14400000000000002,-0.096,,g (estimated)
20260713055915_000230F.MP4,13,2026-07-13T10:59:28+00:00,40.8250285,-96.7024577,24.62,mph,active,-0.096,-0.096,,g (estimated)
20260713055915_000230F.MP4,14,2026-07-13T10:59:29+00:00,40.8250814,-96.7023275,23.46,mph,active,-0.14400000000000002,-0.096,,g (estimated)
20260713055915_000230F.MP4,15,2026-07-13T10:59:30+00:00,40.8251343,-96.7021973,22.39,mph,active,-0.048,-0.14400000000000002,,g (estimated)
20260713055915_000230F.MP4,16,2026-07-13T10:59:31+00:00,40.8251831,-96.7020833,20.87,mph,active,-0.048,-0.096,,g (estimated)
20260713055915_000230F.MP4,17,2026-07-13T10:59:32+00:00,40.8252279,-96.7019857,19.3,mph,active,0.0,0.0,,g (estimated)
20260713055915_000230F.MP4,18,2026-07-13T10:59:33+00:00,40.8252726,-96.701888,17.05,mph,active,0.0,0.0,,g (estimated)
20260713055915_000230F.MP4,19,2026-07-13T10:59:34+00:00,40.8253092,-96.7018229,14.24,mph,active,-0.048,0.0,,g (estimated)
20260713055915_000230F.MP4,20,2026-07-13T10:59:35+00:00,40.8253377,-96.7017578,10.78,mph,active,0.0,0.0,,g (estimated)
20260713055915_000230F.MP4,21,2026-07-13T10:59:36+00:00,40.8253581,-96.7017253,7.17,mph,active,-0.048,-0.048,,g (estimated)
20260713055915_000230F.MP4,22,2026-07-13T10:59:37+00:00,40.8253621,-96.701709,2.96,mph,active,-0.048,-0.192,,g (estimated)
20260713055915_000230F.MP4,23,2026-07-13T10:59:38+00:00,40.8253581,-96.701709,0.0,mph,active,-0.048,-0.192,,g (estimated)
20260713055915_000230F.MP4,24,2026-07-13T10:59:39+00:00,40.8253581,-96.701709,0.0,mph,active,-0.048,-0.192,,g (estimated)
20260713055915_000230F.MP4,25,2026-07-13T10:59:40+00:00,40.8253581,-96.701709,0.0,mph,active,-0.048,-0.28800000000000003,,g (estimated)
20260713055915_000230F.MP4,26,2026-07-13T10:59:41+00:00,40.8253581,-96.701709,0.0,mph,active,-0.048,-0.384,,g (estimated)
20260713055915_000230F.MP4,27,2026-07-13T10:59:42+00:00,40.8253581,-96.701709,0.0,mph,active,0.0,-0.336,,g (estimated)
20260713055915_000230F.MP4,28,2026-07-13T10:59:43+00:00,40.8253581,-96.7016927,5.5,mph,active,-0.048,-0.24,,g (estimated)
20260713055915_000230F.MP4,29,2026-07-13T10:59:44+00:00,40.8253784,-96.7016602,8.75,mph,active,0.096,-0.24,,g (estimated)
20260713055915_000230F.MP4,30,2026-07-13T10:59:45+00:00,40.825415,-96.7015951,11.68,mph,active,-0.048,-0.28800000000000003,,g (estimated)
20260713055915_000230F.MP4,31,2026-07-13T10:59:46+00:00,40.8254517,-96.7015299,14.29,mph,active,-0.048,-0.28800000000000003,,g (estimated)
20260713055915_000230F.MP4,32,2026-07-13T10:59:47+00:00,40.8254924,-96.7014486,16.75,mph,active,-0.048,-0.24,,g (estimated)
20260713055915_000230F.MP4,33,2026-07-13T10:59:48+00:00,40.8255412,-96.7013509,19.11,mph,active,-0.048,-0.14400000000000002,,g (estimated)
20260713055915_000230F.MP4,34,2026-07-13T10:59:49+00:00,40.8255941,-96.701237,20.79,mph,active,0.0,-0.14400000000000002,,g (estimated)
20260713055915_000230F.MP4,35,2026-07-13T10:59:50+00:00,40.825647,-96.7011393,22.18,mph,active,0.0,-0.28800000000000003,,g (estimated)
20260713055915_000230F.MP4,36,2026-07-13T10:59:51+00:00,40.825708,-96.7010254,24.02,mph,active,-0.048,-0.28800000000000003,,g (estimated)
20260713055915_000230F.MP4,37,2026-07-13T10:59:52+00:00,40.8257772,-96.7008952,24.51,mph,active,-0.096,-0.14400000000000002,,g (estimated)
20260713055915_000230F.MP4,38,2026-07-13T10:59:53+00:00,40.8258423,-96.700765,26.35,mph,active,0.0,-0.28800000000000003,,g (estimated)
20260713055915_000230F.MP4,39,2026-07-13T10:59:54+00:00,40.8259115,-96.7006185,26.75,mph,active,-0.048,-0.28800000000000003,,g (estimated)
20260713055915_000230F.MP4,40,2026-07-13T10:59:55+00:00,40.8259806,-96.7004883,27.72,mph,active,0.0,-0.192,,g (estimated)
20260713055915_000230F.MP4,41,2026-07-13T10:59:56+00:00,40.8260498,-96.7003418,28.43,mph,active,0.0,-0.192,,g (estimated)
20260713055915_000230F.MP4,42,2026-07-13T10:59:57+00:00,40.826119,-96.7001953,28.7,mph,active,-0.096,-0.24,,g (estimated)
20260713055915_000230F.MP4,43,2026-07-13T10:59:58+00:00,40.8261841,-96.7000488,28.72,mph,active,-0.048,-0.096,,g (estimated)
20260713055915_000230F.MP4,44,2026-07-13T10:59:59+00:00,40.8262533,-96.6998861,29.06,mph,active,-0.048,-0.096,,g (estimated)
20260713055915_000230F.MP4,45,2026-07-13T11:00:00+00:00,40.8263143,-96.6997396,29.12,mph,active,0.0,-0.14400000000000002,,g (estimated)
20260713055915_000230F.MP4,46,2026-07-13T11:00:01+00:00,40.8263672,-96.6996094,24.41,mph,active,0.0,-0.14400000000000002,,g (estimated)
20260713055915_000230F.MP4,47,2026-07-13T11:00:02+00:00,40.8264201,-96.6994792,23.23,mph,active,0.0,-0.14400000000000002,,g (estimated)
20260713055915_000230F.MP4,48,2026-07-13T11:00:03+00:00,40.826473,-96.6993652,21.38,mph,active,-0.096,-0.14400000000000002,,g (estimated)
20260713055915_000230F.MP4,49,2026-07-13T11:00:04+00:00,40.8265218,-96.6992513,20.51,mph,active,-0.048,-0.048,,g (estimated)
20260713055915_000230F.MP4,50,2026-07-13T11:00:05+00:00,40.8265666,-96.6991536,18.37,mph,active,-0.096,-0.048,,g (estimated)
20260713055915_000230F.MP4,51,2026-07-13T11:00:06+00:00,40.8266073,-96.6990723,15.78,mph,active,-0.14400000000000002,0.0,,g (estimated)
20260713055915_000230F.MP4,52,2026-07-13T11:00:07+00:00,40.8266398,-96.6989909,14.17,mph,active,-0.24,-0.048,,g (estimated)
20260713055915_000230F.MP4,53,2026-07-13T11:00:08+00:00,40.8266602,-96.6989258,13.26,mph,active,-0.28800000000000003,-0.096,,g (estimated)
20260713055915_000230F.MP4,54,2026-07-13T11:00:09+00:00,40.8266642,-96.6988444,12.39,mph,active,-0.28800000000000003,-0.096,,g (estimated)
20260713055915_000230F.MP4,55,2026-07-13T11:00:10+00:00,40.8266398,-96.6987793,11.87,mph,active,-0.24,-0.096,,g (estimated)
20260713055915_000230F.MP4,56,2026-07-13T11:00:11+00:00,40.8265991,-96.6987142,13.21,mph,active,0.0,-0.24,,g (estimated)
20260713055915_000230F.MP4,57,2026-07-13T11:00:12+00:00,40.8265422,-96.6986654,14.63,mph,active,-0.048,-0.24,,g (estimated)
20260713055915_000230F.MP4,58,2026-07-13T11:00:13+00:00,40.8264689,-96.6986165,16.37,mph,active,-0.096,-0.192,,g (estimated)
20260713055915_000230F.MP4,59,2026-07-13T11:00:14+00:00,40.8263916,-96.698584,18.4,mph,active,-0.096,-0.28800000000000003,,g (estimated)
20260713060015_000231F.MP4,0,2026-07-13T11:00:15+00:00,40.8263062,-96.6985352,20.8,mph,active,0.0,-0.096,,g (estimated)
20260713060015_000231F.MP4,1,2026-07-13T11:00:16+00:00,40.8262126,-96.6984863,22.62,mph,active,0.0,-0.192,,g (estimated)
20260713060015_000231F.MP4,2,2026-07-13T11:00:17+00:00,40.8261108,-96.6984212,24.62,mph,active,0.0,-0.28800000000000003,,g (estimated)
20260713060015_000231F.MP4,3,2026-07-13T11:00:18+00:00,40.826005,-96.6983398,26.18,mph,active,-0.096,-0.192,,g (estimated)
20260713060015_000231F.MP4,4,2026-07-13T11:00:19+00:00,40.8258952,-96.6982585,27.83,mph,active,0.0,-0.14400000000000002,,g (estimated)
20260713060015_000231F.MP4,5,2026-07-13T11:00:20+00:00,40.8257772,-96.6981608,29.31,mph,active,-0.096,-0.096,,g (estimated)
20260713060015_000231F.MP4,6,2026-07-13T11:00:21+00:00,40.8256551,-96.6980632,30.83,mph,active,0.0,-0.14400000000000002,,g (estimated)
20260713060015_000231F.MP4,7,2026-07-13T11:00:22+00:00,40.8255249,-96.6979818,31.99,mph,active,0.048,-0.14400000000000002,,g (estimated)
20260713060015_000231F.MP4,8,2026-07-13T11:00:23+00:00,40.8253947,-96.6978678,32.43,mph,active,0.0,-0.14400000000000002,,g (estimated)
20260713060015_000231F.MP4,9,2026-07-13T11:00:24+00:00,40.8252686,-96.6977702,32.65,mph,active,0.0,-0.192,,g (estimated)
20260713060015_000231F.MP4,10,2026-07-13T11:00:25+00:00,40.8251383,-96.6976562,33.46,mph,active,0.0,-0.096,,g (estimated)
20260713060015_000231F.MP4,11,2026-07-13T11:00:26+00:00,40.8250122,-96.6975423,34.1,mph,active,0.0,-0.048,,g (estimated)
20260713060015_000231F.MP4,12,2026-07-13T11:00:27+00:00,40.824882,-96.6974121,33.94,mph,active,0.0,-0.14400000000000002,,g (estimated)
20260713060015_000231F.MP4,13,2026-07-13T11:00:28+00:00,40.8247559,-96.6972982,33.06,mph,active,-0.096,-0.24,,g (estimated)
20260713060015_000231F.MP4,14,2026-07-13T11:00:29+00:00,40.8246297,-96.6971842,32.5,mph,active,0.0,-0.14400000000000002,,g (estimated)
20260713060015_000231F.MP4,15,2026-07-13T11:00:30+00:00,40.8245117,-96.6970703,31.02,mph,active,0.048,-0.048,,g (estimated)
20260713060015_000231F.MP4,16,2026-07-13T11:00:31+00:00,40.8244019,-96.6969564,29.28,mph,active,0.0,-0.192,,g (estimated)
20260713060015_000231F.MP4,17,2026-07-13T11:00:32+00:00,40.8242961,-96.6968587,28.55,mph,active,0.0,-0.048,,g (estimated)
20260713060015_000231F.MP4,18,2026-07-13T11:00:33+00:00,40.8241943,-96.6967448,27.64,mph,active,0.0,-0.14400000000000002,,g (estimated)
20260713060015_000231F.MP4,19,2026-07-13T11:00:34+00:00,40.8240967,-96.6966471,27.34,mph,active,-0.096,-0.28800000000000003,,g (estimated)
20260713060015_000231F.MP4,20,2026-07-13T11:00:35+00:00,40.823999,-96.6965332,27.53,mph,active,-0.048,-0.14400000000000002,,g (estimated)
20260713060015_000231F.MP4,21,2026-07-13T11:00:36+00:00,40.8239014,-96.6964355,28.05,mph,active,-0.048,-0.24,,g (estimated)
20260713060015_000231F.MP4,22,2026-07-13T11:00:37+00:00,40.8237996,-96.6963216,28.8,mph,active,0.0,-0.28800000000000003,,g (estimated)
20260713060015_000231F.MP4,23,2026-07-13T11:00:38+00:00,40.8236938,-96.6962077,29.68,mph,active,-0.048,-0.192,,g (estimated)
20260713060015_000231F.MP4,24,2026-07-13T11:00:39+00:00,40.823584,-96.6960938,30.56,mph,active,0.0,-0.28800000000000003,,g (estimated)
20260713060015_000231F.MP4,25,2026-07-13T11:00:40+00:00,40.8234701,-96.6959798,31.57,mph,active,0.0,-0.192,,g (estimated)
20260713060015_000231F.MP4,26,2026-07-13T11:00:41+00:00,40.8233561,-96.6958496,32.3,mph,active,0.0,-0.14400000000000002,,g (estimated)
20260713060015_000231F.MP4,27,2026-07-13T11:00:42+00:00,40.8232381,-96.6957357,32.99,mph,active,-0.048,-0.14400000000000002,,g (estimated)
20260713060015_000231F.MP4,28,2026-07-13T11:00:43+00:00,40.8231242,-96.6955892,33.04,mph,active,0.0,-0.14400000000000002,,g (estimated)
20260713060015_000231F.MP4,29,2026-07-13T11:00:44+00:00,40.8230103,-96.695459,33.26,mph,active,0.0,-0.096,,g (estimated)
20260713060015_000231F.MP4,30,2026-07-13T11:00:45+00:00,40.8228923,-96.6953288,33.53,mph,active,0.0,-0.14400000000000002,,g (estimated)
20260713060015_000231F.MP4,31,2026-07-13T11:00:46+00:00,40.8227824,-96.695166,33.88,mph,active,0.0,-0.14400000000000002,,g (estimated)
20260713060015_000231F.MP4,32,2026-07-13T11:00:47+00:00,40.8226725,-96.6950195,34.21,mph,active,0.0,-0.192,,g (estimated)
20260713060015_000231F.MP4,33,2026-07-13T11:00:48+00:00,40.8225627,-96.694873,34.28,mph,active,0.0,-0.192,,g (estimated)
20260713060015_000231F.MP4,34,2026-07-13T11:00:49+00:00,40.8224569,-96.6947103,34.34,mph,active,0.0,-0.14400000000000002,,g (estimated)
20260713060015_000231F.MP4,35,2026-07-13T11:00:50+00:00,40.8223551,-96.6945475,34.29,mph,active,0.0,-0.14400000000000002,,g (estimated)
20260713060015_000231F.MP4,36,2026-07-13T11:00:51+00:00,40.8222534,-96.6943848,34.02,mph,active,0.0,-0.048,,g (estimated)
20260713060015_000231F.MP4,37,2026-07-13T11:00:52+00:00,40.8221517,-96.694222,33.96,mph,active,-0.048,-0.096,,g (estimated)
20260713060015_000231F.MP4,38,2026-07-13T11:00:53+00:00,40.82205,-96.6940755,33.79,mph,active,0.0,-0.14400000000000002,,g (estimated)
20260713060015_000231F.MP4,39,2026-07-13T11:00:54+00:00,40.8219482,-96.6939128,33.76,mph,active,-0.096,-0.14400000000000002,,g (estimated)
20260713060015_000231F.MP4,40,2026-07-13T11:00:55+00:00,40.8218506,-96.69375,33.01,mph,active,-0.048,-0.048,,g (estimated)
20260713060015_000231F.MP4,41,2026-07-13T11:00:56+00:00,40.821757,-96.6936035,30.6,mph,active,-0.096,-0.048,,g (estimated)
20260713060015_000231F.MP4,42,2026-07-13T11:00:57+00:00,40.8216675,-96.6934733,28.14,mph,active,-0.096,0.0,,g (estimated)
20260713060015_000231F.MP4,43,2026-07-13T11:00:58+00:00,40.821582,-96.6933594,25.96,mph,active,-0.096,0.0,,g (estimated)
20260713060015_000231F.MP4,44,2026-07-13T11:00:59+00:00,40.8215007,-96.6932454,24.02,mph,active,-0.096,0.0,,g (estimated)
20260713060015_000231F.MP4,45,2026-07-13T11:01:00+00:00,40.8214233,-96.6931641,21.26,mph,active,-0.048,0.048,,g (estimated)
20260713060015_000231F.MP4,46,2026-07-13T11:01:01+00:00,40.8213582,-96.6930827,18.59,mph,active,-0.048,0.0,,g (estimated)
20260713060015_000231F.MP4,47,2026-07-13T11:01:02+00:00,40.8213053,-96.6930176,14.55,mph,active,0.0,0.0,,g (estimated)
20260713060015_000231F.MP4,48,2026-07-13T11:01:03+00:00,40.8212646,-96.692985,11.32,mph,active,-0.048,0.0,,g (estimated)
20260713060015_000231F.MP4,49,2026-07-13T11:01:04+00:00,40.8212402,-96.6929688,7.35,mph,active,-0.048,-0.048,,g (estimated)
20260713060015_000231F.MP4,50,2026-07-13T11:01:05+00:00,40.821228,-96.6929525,3.8,mph,active,-0.048,-0.192,,g (estimated)
20260713060015_000231F.MP4,51,2026-07-13T11:01:06+00:00,40.8212199,-96.6929525,0.0,mph,active,-0.048,-0.192,,g (estimated)
20260713060015_000231F.MP4,52,2026-07-13T11:01:07+00:00,40.8212199,-96.6929525,0.0,mph,active,-0.048,-0.192,,g (estimated)
20260713060015_000231F.MP4,53,2026-07-13T11:01:08+00:00,40.821224,-96.6929525,0.0,mph,active,-0.048,-0.192,,g (estimated)
20260713060015_000231F.MP4,54,2026-07-13T11:01:09+00:00,40.821224,-96.6929525,0.0,mph,active,-0.048,-0.192,,g (estimated)
20260713060015_000231F.MP4,55,2026-07-13T11:01:10+00:00,40.821224,-96.6929525,0.0,mph,active,-0.048,-0.14400000000000002,,g (estimated)
20260713060015_000231F.MP4,56,2026-07-13T11:01:11+00:00,40.821224,-96.6929525,0.0,mph,active,-0.048,-0.192,,g (estimated)
20260713060015_000231F.MP4,57,2026-07-13T11:01:12+00:00,40.8212199,-96.6929525,0.0,mph,active,-0.048,-0.14400000000000002,,g (estimated)
20260713060015_000231F.MP4,58,2026-07-13T11:01:13+00:00,40.8212199,-96.6929525,0.0,mph,active,-0.048,-0.192,,g (estimated)
20260713060015_000231F.MP4,59,2026-07-13T11:01:14+00:00,40.8212199,-96.6929525,0.0,mph,active,-0.048,-0.192,,g (estimated)
20260713060115_000232F.MP4,0,2026-07-13T11:01:15+00:00,40.8212199,-96.6929525,0.0,mph,active,-0.048,-0.14400000000000002,,g (estimated)
20260713060115_000232F.MP4,1,2026-07-13T11:01:16+00:00,40.8212199,-96.6929525,0.0,mph,active,0.0,-0.192,,g (estimated)
20260713060115_000232F.MP4,2,2026-07-13T11:01:17+00:00,40.8212199,-96.6929525,0.0,mph,active,-0.048,-0.192,,g (estimated)
20260713060115_000232F.MP4,3,2026-07-13T11:01:18+00:00,40.8212199,-96.6929525,0.0,mph,active,-0.048,-0.192,,g (estimated)
20260713060115_000232F.MP4,4,2026-07-13T11:01:19+00:00,40.8212199,-96.6929525,0.0,mph,active,-0.048,-0.14400000000000002,,g (estimated)
20260713060115_000232F.MP4,5,2026-07-13T11:01:20+00:00,40.8212199,-96.6929525,0.0,mph,active,-0.048,-0.14400000000000002,,g (estimated)
20260713060115_000232F.MP4,6,2026-07-13T11:01:21+00:00,40.8212199,-96.6929525,0.0,mph,active,-0.048,-0.14400000000000002,,g (estimated)
20260713060115_000232F.MP4,7,2026-07-13T11:01:22+00:00,40.8212199,-96.6929525,0.0,mph,active,-0.048,-0.192,,g (estimated)
20260713060115_000232F.MP4,8,2026-07-13T11:01:23+00:00,40.8212199,-96.6929525,0.0,mph,active,-0.048,-0.192,,g (estimated)
20260713060115_000232F.MP4,9,2026-07-13T11:01:24+00:00,40.8212199,-96.6929525,0.0,mph,active,-0.048,-0.192,,g (estimated)
20260713060115_000232F.MP4,10,2026-07-13T11:01:25+00:00,40.8212199,-96.6929525,0.0,mph,active,-0.048,-0.14400000000000002,,g (estimated)
20260713060115_000232F.MP4,11,2026-07-13T11:01:26+00:00,40.8212199,-96.6929525,0.0,mph,active,-0.048,-0.192,,g (estimated)
20260713060115_000232F.MP4,12,2026-07-13T11:01:27+00:00,40.8212199,-96.6929525,0.0,mph,active,-0.048,-0.192,,g (estimated)
20260713060115_000232F.MP4,13,2026-07-13T11:01:28+00:00,40.8212199,-96.6929525,0.0,mph,active,-0.048,-0.192,,g (estimated)
20260713060115_000232F.MP4,14,2026-07-13T11:01:29+00:00,40.8212199,-96.6929525,0.0,mph,active,-0.048,-0.192,,g (estimated)
20260713060115_000232F.MP4,15,2026-07-13T11:01:30+00:00,40.8212199,-96.6929525,0.0,mph,active,-0.048,-0.192,,g (estimated)
20260713060115_000232F.MP4,16,2026-07-13T11:01:31+00:00,40.8212199,-96.6929525,0.0,mph,active,-0.048,-0.14400000000000002,,g (estimated)
20260713060115_000232F.MP4,17,2026-07-13T11:01:32+00:00,40.8212158,-96.6929525,0.0,mph,active,-0.048,-0.14400000000000002,,g (estimated)
20260713060115_000232F.MP4,18,2026-07-13T11:01:33+00:00,40.8212158,-96.6929525,0.0,mph,active,-0.048,-0.192,,g (estimated)
20260713060115_000232F.MP4,19,2026-07-13T11:01:34+00:00,40.8212158,-96.6929525,0.0,mph,active,-0.048,-0.24,,g (estimated)
20260713060115_000232F.MP4,20,2026-07-13T11:01:35+00:00,40.8212158,-96.6929525,0.0,mph,active,-0.048,-0.384,,g (estimated)
20260713060115_000232F.MP4,21,2026-07-13T11:01:36+00:00,40.8212118,-96.6929525,2.08,mph,active,0.0,-0.384,,g (estimated)
20260713060115_000232F.MP4,22,2026-07-13T11:01:37+00:00,40.8212036,-96.6929525,5.3,mph,active,-0.048,-0.28800000000000003,,g (estimated)
20260713060115_000232F.MP4,23,2026-07-13T11:01:38+00:00,40.8211711,-96.6929199,9.39,mph,active,0.0,-0.28800000000000003,,g (estimated)
20260713060115_000232F.MP4,24,2026-07-13T11:01:39+00:00,40.8211263,-96.6928711,11.79,mph,active,-0.048,-0.384,,g (estimated)
20260713060115_000232F.MP4,25,2026-07-13T11:01:40+00:00,40.8210693,-96.6928385,14.63,mph,active,-0.14400000000000002,-0.28800000000000003,,g (estimated)
20260713060115_000232F.MP4,26,2026-07-13T11:01:41+00:00,40.8210002,-96.6927897,16.98,mph,active,-0.048,-0.28800000000000003,,g (estimated)
20260713060115_000232F.MP4,27,2026-07-13T11:01:42+00:00,40.8209269,-96.6927246,19.3,mph,active,-0.048,-0.192,,g (estimated)
20260713060115_000232F.MP4,28,2026-07-13T11:01:43+00:00,40.8208415,-96.6926758,20.54,mph,active,0.0,-0.28800000000000003,,g (estimated)
20260713060115_000232F.MP4,29,2026-07-13T11:01:44+00:00,40.820752,-96.6926107,22.45,mph,active,-0.096,-0.24,,g (estimated)
20260713060115_000232F.MP4,30,2026-07-13T11:01:45+00:00,40.8206502,-96.6925456,24.46,mph,active,-0.096,-0.28800000000000003,,g (estimated)
20260713060115_000232F.MP4,31,2026-07-13T11:01:46+00:00,40.8205404,-96.6924967,26.1,mph,active,-0.14400000000000002,-0.24,,g (estimated)
20260713060115_000232F.MP4,32,2026-07-13T11:01:47+00:00,40.8204224,-96.6924479,27.18,mph,active,-0.096,-0.192,,g (estimated)
20260713060115_000232F.MP4,33,2026-07-13T11:01:48+00:00,40.8203003,-96.6923991,28.07,mph,active,-0.096,-0.24,,g (estimated)
20260713060115_000232F.MP4,34,2026-07-13T11:01:49+00:00,40.8201742,-96.6923503,28.75,mph,active,-0.096,-0.28800000000000003,,g (estimated)
20260713060115_000232F.MP4,35,2026-07-13T11:01:50+00:00,40.8200399,-96.6923177,29.65,mph,active,-0.096,-0.192,,g (estimated)
20260713060115_000232F.MP4,36,2026-07-13T11:01:51+00:00,40.8199015,-96.6923014,29.81,mph,active,-0.14400000000000002,-0.14400000000000002,,g (estimated)
20260713060115_000232F.MP4,37,2026-07-13T11:01:52+00:00,40.8197632,-96.6922852,30.05,mph,active,-0.048,-0.192,,g (estimated)
20260713060115_000232F.MP4,38,2026-07-13T11:01:53+00:00,40.8196248,-96.6922852,29.48,mph,active,-0.048,-0.192,,g (estimated)
20260713060115_000232F.MP4,39,2026-07-13T11:01:54+00:00,40.8194865,-96.6922852,29.48,mph,active,0.0,-0.192,,g (estimated)
20260713060115_000232F.MP4,40,2026-07-13T11:01:55+00:00,40.8193481,-96.6922852,29.65,mph,active,-0.048,-0.096,,g (estimated)
20260713060115_000232F.MP4,41,2026-07-13T11:01:56+00:00,40.8192139,-96.6922852,29.05,mph,active,-0.096,-0.14400000000000002,,g (estimated)
20260713060115_000232F.MP4,42,2026-07-13T11:01:57+00:00,40.8190796,-96.6923014,28.61,mph,active,-0.192,-0.192,,g (estimated)
20260713060115_000232F.MP4,43,2026-07-13T11:01:58+00:00,40.8189453,-96.6923014,28.62,mph,active,-0.096,-0.14400000000000002,,g (estimated)
20260713060115_000232F.MP4,44,2026-07-13T11:01:59+00:00,40.8188151,-96.6923177,28.7,mph,active,-0.192,-0.192,,g (estimated)
20260713060115_000232F.MP4,45,2026-07-13T11:02:00+00:00,40.8186849,-96.6923503,28.65,mph,active,-0.192,-0.24,,g (estimated)
20260713060115_000232F.MP4,46,2026-07-13T11:02:01+00:00,40.8185547,-96.6923991,29.61,mph,active,-0.192,-0.28800000000000003,,g (estimated)
20260713060115_000232F.MP4,47,2026-07-13T11:02:02+00:00,40.8184285,-96.6924479,29.32,mph,active,-0.192,-0.14400000000000002,,g (estimated)
20260713060115_000232F.MP4,48,2026-07-13T11:02:03+00:00,40.8182983,-96.692513,29.42,mph,active,-0.14400000000000002,-0.14400000000000002,,g (estimated)
20260713060115_000232F.MP4,49,2026-07-13T11:02:04+00:00,40.8181722,-96.6925944,29.81,mph,active,-0.14400000000000002,-0.14400000000000002,,g (estimated)
20260713060115_000232F.MP4,50,2026-07-13T11:02:05+00:00,40.8180542,-96.6926921,29.75,mph,active,-0.14400000000000002,-0.192,,g (estimated)
20260713060115_000232F.MP4,51,2026-07-13T11:02:06+00:00,40.8179403,-96.6927897,29.54,mph,active,-0.14400000000000002,-0.14400000000000002,,g (estimated)
20260713060115_000232F.MP4,52,2026-07-13T11:02:07+00:00,40.8178263,-96.6929036,29.62,mph,active,-0.048,-0.192,,g (estimated)
20260713060115_000232F.MP4,53,2026-07-13T11:02:08+00:00,40.8177246,-96.6930176,29.57,mph,active,-0.048,-0.096,,g (estimated)
20260713060115_000232F.MP4,54,2026-07-13T11:02:09+00:00,40.817627,-96.6931315,29.57,mph,active,0.0,-0.14400000000000002,,g (estimated)
20260713060115_000232F.MP4,55,2026-07-13T11:02:10+00:00,40.8175252,-96.6932617,29.53,mph,active,0.0,-0.14400000000000002,,g (estimated)
20260713060115_000232F.MP4,56,2026-07-13T11:02:11+00:00,40.8174235,-96.6933757,28.98,mph,active,0.096,-0.096,,g (estimated)
20260713060115_000232F.MP4,57,2026-07-13T11:02:12+00:00,40.8173258,-96.6934896,29.17,mph,active,0.14400000000000002,-0.192,,g (estimated)
20260713060115_000232F.MP4,58,2026-07-13T11:02:13+00:00,40.8172241,-96.6936035,27.22,mph,active,0.0,-0.192,,g (estimated)
20260713060115_000232F.MP4,59,2026-07-13T11:02:14+00:00,40.8171183,-96.6937012,27.38,mph,active,0.0,-0.24,,g (estimated)
20260713060215_000233F.MP4,0,2026-07-13T11:02:15+00:00,40.8170085,-96.6937826,27.37,mph,active,0.048,-0.14400000000000002,,g (estimated)
20260713060215_000233F.MP4,1,2026-07-13T11:02:16+00:00,40.8168945,-96.6938477,27.41,mph,active,0.0,-0.14400000000000002,,g (estimated)
20260713060215_000233F.MP4,2,2026-07-13T11:02:17+00:00,40.8167765,-96.6939128,27.13,mph,active,0.0,-0.14400000000000002,,g (estimated)
20260713060215_000233F.MP4,3,2026-07-13T11:02:18+00:00,40.8166585,-96.6939779,26.78,mph,active,0.0,-0.14400000000000002,,g (estimated)
20260713060215_000233F.MP4,4,2026-07-13T11:02:19+00:00,40.8165405,-96.6940267,25.75,mph,active,0.0,-0.096,,g (estimated)
20260713060215_000233F.MP4,5,2026-07-13T11:02:20+00:00,40.8164266,-96.6940592,25.57,mph,active,0.0,0.0,,g (estimated)
20260713060215_000233F.MP4,6,2026-07-13T11:02:21+00:00,40.8163127,-96.6940755,23.83,mph,active,-0.048,0.0,,g (estimated)
20260713060215_000233F.MP4,7,2026-07-13T11:02:22+00:00,40.8162069,-96.6941081,21.3,mph,active,-0.048,0.048,,g (estimated)
20260713060215_000233F.MP4,8,2026-07-13T11:02:23+00:00,40.8161174,-96.6941081,17.54,mph,active,-0.048,0.048,,g (estimated)
20260713060215_000233F.MP4,9,2026-07-13T11:02:24+00:00,40.8160482,-96.6941081,13.62,mph,active,-0.048,0.0,,g (estimated)
20260713060215_000233F.MP4,10,2026-07-13T11:02:25+00:00,40.8159993,-96.6941081,8.32,mph,active,-0.048,-0.048,,g (estimated)
20260713060215_000233F.MP4,11,2026-07-13T11:02:26+00:00,40.8159709,-96.6941081,3.8,mph,active,-0.048,-0.096,,g (estimated)
20260713060215_000233F.MP4,12,2026-07-13T11:02:27+00:00,40.8159587,-96.6941081,0.0,mph,active,-0.048,-0.192,,g (estimated)
20260713060215_000233F.MP4,13,2026-07-13T11:02:28+00:00,40.8159627,-96.6941081,0.0,mph,active,-0.048,-0.192,,g (estimated)
20260713060215_000233F.MP4,14,2026-07-13T11:02:29+00:00,40.8159668,-96.6941081,0.0,mph,active,-0.048,-0.192,,g (estimated)
20260713060215_000233F.MP4,15,2026-07-13T11:02:30+00:00,40.8159709,-96.6941081,0.0,mph,active,-0.048,-0.192,,g (estimated)
20260713060215_000233F.MP4,16,2026-07-13T11:02:31+00:00,40.8159709,-96.6941081,0.0,mph,active,-0.048,-0.14400000000000002,,g (estimated)
20260713060215_000233F.MP4,17,2026-07-13T11:02:32+00:00,40.8159709,-96.6941081,0.0,mph,active,-0.048,-0.14400000000000002,,g (estimated)
20260713060215_000233F.MP4,18,2026-07-13T11:02:33+00:00,40.8159668,-96.6941081,0.0,mph,active,-0.048,-0.192,,g (estimated)
20260713060215_000233F.MP4,19,2026-07-13T11:02:34+00:00,40.8159668,-96.6941081,0.0,mph,active,-0.048,-0.192,,g (estimated)
20260713060215_000233F.MP4,20,2026-07-13T11:02:35+00:00,40.8159587,-96.6941081,0.0,mph,active,-0.048,-0.192,,g (estimated)
20260713060215_000233F.MP4,21,2026-07-13T11:02:36+00:00,40.8159587,-96.6941243,0.0,mph,active,-0.048,-0.14400000000000002,,g (estimated)
20260713060215_000233F.MP4,22,2026-07-13T11:02:37+00:00,40.8159546,-96.6941243,0.0,mph,active,-0.048,-0.192,,g (estimated)
20260713060215_000233F.MP4,23,2026-07-13T11:02:38+00:00,40.8159546,-96.6941243,0.0,mph,active,-0.048,-0.192,,g (estimated)
20260713060215_000233F.MP4,24,2026-07-13T11:02:39+00:00,40.8159546,-96.6941243,0.0,mph,active,-0.048,-0.192,,g (estimated)
20260713060215_000233F.MP4,25,2026-07-13T11:02:40+00:00,40.8159505,-96.6941243,0.0,mph,active,-0.048,-0.336,,g (estimated)
20260713060215_000233F.MP4,26,2026-07-13T11:02:41+00:00,40.8159505,-96.6941243,0.0,mph,active,-0.096,-0.384,,g (estimated)
20260713060215_000233F.MP4,27,2026-07-13T11:02:42+00:00,40.8159465,-96.6941243,4.42,mph,active,0.0,-0.336,,g (estimated)
20260713060215_000233F.MP4,28,2026-07-13T11:02:43+00:00,40.8159098,-96.6941243,6.78,mph,active,-0.048,-0.28800000000000003,,g (estimated)
20260713060215_000233F.MP4,29,2026-07-13T11:02:44+00:00,40.815861,-96.6941243,9.7,mph,active,-0.096,-0.384,,g (estimated)
20260713060215_000233F.MP4,30,2026-07-13T11:02:45+00:00,40.8157959,-96.6941243,12.92,mph,active,0.0,-0.24,,g (estimated)
20260713060215_000233F.MP4,31,2026-07-13T11:02:46+00:00,40.8157186,-96.6941081,15.72,mph,active,0.0,-0.384,,g (estimated)
20260713060215_000233F.MP4,32,2026-07-13T11:02:47+00:00,40.8156372,-96.6941081,17.87,mph,active,-0.14400000000000002,-0.28800000000000003,,g (estimated)
20260713060215_000233F.MP4,33,2026-07-13T11:02:48+00:00,40.8155477,-96.6941081,19.88,mph,active,-0.096,-0.24,,g (estimated)
20260713060215_000233F.MP4,34,2026-07-13T11:02:49+00:00,40.8154541,-96.6941081,21.36,mph,active,-0.096,-0.14400000000000002,,g (estimated)
20260713060215_000233F.MP4,35,2026-07-13T11:02:50+00:00,40.8153564,-96.6941081,22.12,mph,active,-0.096,-0.096,,g (estimated)
20260713060215_000233F.MP4,36,2026-07-13T11:02:51+00:00,40.8152547,-96.6941081,21.22,mph,active,-0.096,-0.048,,g (estimated)
20260713060215_000233F.MP4,37,2026-07-13T11:02:52+00:00,40.8151652,-96.6941081,19.91,mph,active,-0.096,-0.096,,g (estimated)
20260713060215_000233F.MP4,38,2026-07-13T11:02:53+00:00,40.8150798,-96.6941081,17.31,mph,active,-0.096,-0.048,,g (estimated)
20260713060215_000233F.MP4,39,2026-07-13T11:02:54+00:00,40.8150106,-96.6941081,14.9,mph,active,-0.096,-0.048,,g (estimated)
20260713060215_000233F.MP4,40,2026-07-13T11:02:55+00:00,40.8149455,-96.6941081,13.08,mph,active,-0.096,0.0,,g (estimated)
20260713060215_000233F.MP4,41,2026-07-13T11:02:56+00:00,40.8148966,-96.6941081,10.59,mph,active,-0.048,0.0,,g (estimated)
20260713060215_000233F.MP4,42,2026-07-13T11:02:57+00:00,40.8148682,-96.6941081,6.93,mph,active,-0.096,-0.048,,g (estimated)
20260713060215_000233F.MP4,43,2026-07-13T11:02:58+00:00,40.8148519,-96.6940918,3.36,mph,active,-0.096,-0.192,,g (estimated)
20260713060215_000233F.MP4,44,2026-07-13T11:02:59+00:00,40.8148478,-96.6940918,0.0,mph,active,-0.096,-0.14400000000000002,,g (estimated)
20260713060215_000233F.MP4,45,2026-07-13T11:03:00+00:00,40.8148478,-96.6940918,0.0,mph,active,-0.096,-0.192,,g (estimated)
20260713060215_000233F.MP4,46,2026-07-13T11:03:01+00:00,40.8148478,-96.6940918,0.0,mph,active,-0.096,-0.192,,g (estimated)
20260713060215_000233F.MP4,47,2026-07-13T11:03:02+00:00,40.8148478,-96.6940918,0.0,mph,active,-0.096,-0.14400000000000002,,g (estimated)
20260713060215_000233F.MP4,48,2026-07-13T11:03:03+00:00,40.8148478,-96.6940918,0.0,mph,active,-0.096,-0.192,,g (estimated)
20260713060215_000233F.MP4,49,2026-07-13T11:03:04+00:00,40.8148438,-96.6940918,0.0,mph,active,-0.096,-0.192,,g (estimated)
20260713060215_000233F.MP4,50,2026-07-13T11:03:05+00:00,40.8148438,-96.6940918,0.0,mph,active,-0.096,-0.192,,g (estimated)
20260713060215_000233F.MP4,51,2026-07-13T11:03:06+00:00,40.8148438,-96.6940918,0.0,mph,active,-0.096,-0.14400000000000002,,g (estimated)
20260713060215_000233F.MP4,52,2026-07-13T11:03:07+00:00,40.8148478,-96.6940918,0.0,mph,active,-0.096,-0.192,,g (estimated)
20260713060215_000233F.MP4,53,2026-07-13T11:03:08+00:00,40.8148478,-96.6940918,0.0,mph,active,-0.096,-0.192,,g (estimated)
20260713060215_000233F.MP4,54,2026-07-13T11:03:09+00:00,40.8148478,-96.6940918,0.0,mph,active,-0.096,-0.192,,g (estimated)
20260713060215_000233F.MP4,55,2026-07-13T11:03:10+00:00,40.8148478,-96.6940918,0.0,mph,active,-0.096,-0.24,,g (estimated)
20260713060215_000233F.MP4,56,2026-07-13T11:03:11+00:00,40.8148478,-96.6940918,0.0,mph,active,-0.096,-0.384,,g (estimated)
20260713060215_000233F.MP4,57,2026-07-13T11:03:12+00:00,40.8148478,-96.6940918,1.74,mph,active,-0.096,-0.28800000000000003,,g (estimated)
20260713060215_000233F.MP4,58,2026-07-13T11:03:13+00:00,40.8148397,-96.6940918,4.35,mph,active,-0.096,-0.24,,g (estimated)
20260713060215_000233F.MP4,59,2026-07-13T11:03:14+00:00,40.8148071,-96.6940918,6.21,mph,active,-0.096,-0.24,,g (estimated)
20260713060315_000234F.MP4,0,2026-07-13T11:03:15+00:00,40.8147664,-96.6940918,8.39,mph,active,-0.048,-0.28800000000000003,,g (estimated)
20260713060315_000234F.MP4,1,2026-07-13T11:03:16+00:00,40.8147013,-96.6940918,12.33,mph,active,-0.096,-0.24,,g (estimated)
20260713060315_000234F.MP4,2,2026-07-13T11:03:17+00:00,40.8146281,-96.6940918,15.0,mph,active,-0.048,-0.336,,g (estimated)
20260713060315_000234F.MP4,3,2026-07-13T11:03:18+00:00,40.8145549,-96.6940918,16.15,mph,active,-0.096,-0.336,,g (estimated)
20260713060315_000234F.MP4,4,2026-07-13T11:03:19+00:00,40.8144735,-96.6940918,17.93,mph,active,-0.048,-0.14400000000000002,,g (estimated)
20260713060315_000234F.MP4,5,2026-07-13T11:03:20+00:00,40.814388,-96.6940918,19.05,mph,active,-0.14400000000000002,-0.192,,g (estimated)
20260713060315_000234F.MP4,6,2026-07-13T11:03:21+00:00,40.8142944,-96.6940918,20.0,mph,active,-0.048,-0.14400000000000002,,g (estimated)
20260713060315_000234F.MP4,7,2026-07-13T11:03:22+00:00,40.8142008,-96.6940918,20.04,mph,active,-0.048,-0.096,,g (estimated)
20260713060315_000234F.MP4,8,2026-07-13T11:03:23+00:00,40.8141113,-96.6940918,18.88,mph,active,-0.096,-0.096,,g (estimated)
20260713060315_000234F.MP4,9,2026-07-13T11:03:24+00:00,40.8140299,-96.6940918,17.01,mph,active,-0.096,-0.048,,g (estimated)
20260713060315_000234F.MP4,10,2026-07-13T11:03:25+00:00,40.8139567,-96.6940918,14.89,mph,active,-0.096,0.0,,g (estimated)
20260713060315_000234F.MP4,11,2026-07-13T11:03:26+00:00,40.8138916,-96.6940918,12.74,mph,active,-0.048,0.0,,g (estimated)
20260713060315_000234F.MP4,12,2026-07-13T11:03:27+00:00,40.8138428,-96.6940918,10.63,mph,active,-0.096,0.0,,g (estimated)
20260713060315_000234F.MP4,13,2026-07-13T11:03:28+00:00,40.8138062,-96.6940918,7.98,mph,active,-0.096,-0.096,,g (estimated)
20260713060315_000234F.MP4,14,2026-07-13T11:03:29+00:00,40.8137858,-96.6940755,4.4,mph,active,-0.096,-0.096,,g (estimated)
20260713060315_000234F.MP4,15,2026-07-13T11:03:30+00:00,40.8137817,-96.6940918,0.0,mph,active,-0.096,-0.192,,g (estimated)
20260713060315_000234F.MP4,16,2026-07-13T11:03:31+00:00,40.8137817,-96.6940918,0.0,mph,active,-0.096,-0.192,,g (estimated)
20260713060315_000234F.MP4,17,2026-07-13T11:03:32+00:00,40.8137817,-96.6940918,0.0,mph,active,-0.096,-0.192,,g (estimated)
20260713060315_000234F.MP4,18,2026-07-13T11:03:33+00:00,40.8137817,-96.6940918,0.0,mph,active,-0.096,-0.192,,g (estimated)
20260713060315_000234F.MP4,19,2026-07-13T11:03:34+00:00,40.8137817,-96.6940918,0.0,mph,active,-0.096,-0.14400000000000002,,g (estimated)
20260713060315_000234F.MP4,20,2026-07-13T11:03:35+00:00,40.8137817,-96.6940918,0.0,mph,active,-0.096,-0.192,,g (estimated)
20260713060315_000234F.MP4,21,2026-07-13T11:03:36+00:00,40.8137817,-96.6940918,0.0,mph,active,-0.096,-0.14400000000000002,,g (estimated)
20260713060315_000234F.MP4,22,2026-07-13T11:03:37+00:00,40.8137817,-96.6940918,0.0,mph,active,-0.096,-0.192,,g (estimated)
20260713060315_000234F.MP4,23,2026-07-13T11:03:38+00:00,40.8137817,-96.6940918,0.0,mph,active,-0.096,-0.192,,g (estimated)
20260713060315_000234F.MP4,24,2026-07-13T11:03:39+00:00,40.8137858,-96.6940918,0.0,mph,active,-0.096,-0.14400000000000002,,g (estimated)
20260713060315_000234F.MP4,25,2026-07-13T11:03:40+00:00,40.8137858,-96.6940918,0.0,mph,active,-0.096,-0.192,,g (estimated)
20260713060315_000234F.MP4,26,2026-07-13T11:03:41+00:00,40.8137899,-96.6940918,0.0,mph,active,-0.096,-0.192,,g (estimated)
20260713060315_000234F.MP4,27,2026-07-13T11:03:42+00:00,40.8137899,-96.6940918,0.0,mph,active,-0.096,-0.192,,g (estimated)
20260713060315_000234F.MP4,28,2026-07-13T11:03:43+00:00,40.8137939,-96.6940918,0.0,mph,active,-0.096,-0.192,,g (estimated)
20260713060315_000234F.MP4,29,2026-07-13T11:03:44+00:00,40.813798,-96.6940918,0.0,mph,active,-0.096,-0.192,,g (estimated)
20260713060315_000234F.MP4,30,2026-07-13T11:03:45+00:00,40.813798,-96.6940918,0.0,mph,active,-0.096,-0.192,,g (estimated)
20260713060315_000234F.MP4,31,2026-07-13T11:03:46+00:00,40.813798,-96.6940918,0.0,mph,active,-0.096,-0.192,,g (estimated)
20260713060315_000234F.MP4,32,2026-07-13T11:03:47+00:00,40.813798,-96.6940918,0.0,mph,active,-0.096,-0.192,,g (estimated)
20260713060315_000234F.MP4,33,2026-07-13T11:03:48+00:00,40.813798,-96.6940918,0.0,mph,active,-0.096,-0.192,,g (estimated)
20260713060315_000234F.MP4,34,2026-07-13T11:03:49+00:00,40.813798,-96.6940918,0.0,mph,active,-0.096,-0.192,,g (estimated)
20260713060315_000234F.MP4,35,2026-07-13T11:03:50+00:00,40.813798,-96.6940918,0.0,mph,active,-0.096,-0.14400000000000002,,g (estimated)
20260713060315_000234F.MP4,36,2026-07-13T11:03:51+00:00,40.813798,-96.6940918,0.0,mph,active,-0.096,-0.192,,g (estimated)
20260713060315_000234F.MP4,37,2026-07-13T11:03:52+00:00,40.813798,-96.6940918,0.0,mph,active,-0.096,-0.14400000000000002,,g (estimated)
20260713060315_000234F.MP4,38,2026-07-13T11:03:53+00:00,40.813798,-96.6940918,0.0,mph,active,-0.096,-0.192,,g (estimated)
20260713060315_000234F.MP4,39,2026-07-13T11:03:54+00:00,40.813798,-96.6940918,0.0,mph,active,-0.096,-0.14400000000000002,,g (estimated)
20260713060315_000234F.MP4,40,2026-07-13T11:03:55+00:00,40.813798,-96.6940918,0.0,mph,active,-0.096,-0.14400000000000002,,g (estimated)
20260713060315_000234F.MP4,41,2026-07-13T11:03:56+00:00,40.813798,-96.6940918,0.0,mph,active,-0.096,-0.14400000000000002,,g (estimated)
20260713060315_000234F.MP4,42,2026-07-13T11:03:57+00:00,40.813798,-96.6940918,0.0,mph,active,-0.096,-0.192,,g (estimated)
20260713060315_000234F.MP4,43,2026-07-13T11:03:58+00:00,40.813798,-96.6940918,0.0,mph,active,-0.096,-0.336,,g (estimated)
20260713060315_000234F.MP4,44,2026-07-13T11:03:59+00:00,40.813798,-96.6940918,0.0,mph,active,-0.096,-0.336,,g (estimated)
20260713060315_000234F.MP4,45,2026-07-13T11:04:00+00:00,40.8137939,-96.6940918,3.39,mph,active,-0.048,-0.336,,g (estimated)
20260713060315_000234F.MP4,46,2026-07-13T11:04:01+00:00,40.8137736,-96.6940918,6.3,mph,active,0.0,-0.336,,g (estimated)
20260713060315_000234F.MP4,47,2026-07-13T11:04:02+00:00,40.813737,-96.6940918,9.77,mph,active,-0.096,-0.24,,g (estimated)
20260713060315_000234F.MP4,48,2026-07-13T11:04:03+00:00,40.8136759,-96.6940918,13.25,mph,active,-0.048,-0.24,,g (estimated)
20260713060315_000234F.MP4,49,2026-07-13T11:04:04+00:00,40.8136149,-96.6940918,14.53,mph,active,-0.14400000000000002,-0.384,,g (estimated)
20260713060315_000234F.MP4,50,2026-07-13T11:04:05+00:00,40.8135417,-96.6940918,16.45,mph,active,-0.096,-0.28800000000000003,,g (estimated)
20260713060315_000234F.MP4,51,2026-07-13T11:04:06+00:00,40.8134603,-96.6940918,18.19,mph,active,-0.048,-0.24,,g (estimated)
20260713060315_000234F.MP4,52,2026-07-13T11:04:07+00:00,40.8133708,-96.6941081,20.05,mph,active,-0.048,-0.24,,g (estimated)
20260713060315_000234F.MP4,53,2026-07-13T11:04:08+00:00,40.8132731,-96.6941081,20.85,mph,active,-0.14400000000000002,-0.14400000000000002,,g (estimated)
20260713060315_000234F.MP4,54,2026-07-13T11:04:09+00:00,40.8131755,-96.6941081,21.26,mph,active,-0.096,-0.14400000000000002,,g (estimated)
20260713060315_000234F.MP4,55,2026-07-13T11:04:10+00:00,40.8130737,-96.6941081,21.24,mph,active,-0.096,-0.14400000000000002,,g (estimated)
20260713060315_000234F.MP4,56,2026-07-13T11:04:11+00:00,40.8129761,-96.6941081,19.6,mph,active,-0.096,0.0,,g (estimated)
20260713060315_000234F.MP4,57,2026-07-13T11:04:12+00:00,40.8128906,-96.6940918,17.59,mph,active,-0.096,0.0,,g (estimated)
20260713060315_000234F.MP4,58,2026-07-13T11:04:13+00:00,40.8128174,-96.6940918,15.15,mph,active,-0.096,-0.048,,g (estimated)
20260713060315_000234F.MP4,59,2026-07-13T11:04:14+00:00,40.8127523,-96.6940918,12.91,mph,active,-0.096,-0.048,,g (estimated)
20260713060415_000235F.MP4,0,2026-07-13T11:04:15+00:00,40.8127035,-96.6940918,10.24,mph,active,-0.048,0.0,,g (estimated)
20260713060415_000235F.MP4,1,2026-07-13T11:04:16+00:00,40.8126668,-96.6940918,7.26,mph,active,-0.096,0.0,,g (estimated)
20260713060415_000235F.MP4,2,2026-07-13T11:04:17+00:00,40.8126506,-96.6940918,4.52,mph,active,-0.096,-0.048,,g (estimated)
20260713060415_000235F.MP4,3,2026-07-13T11:04:18+00:00,40.8126465,-96.6940918,0.0,mph,active,-0.096,-0.14400000000000002,,g (estimated)
20260713060415_000235F.MP4,4,2026-07-13T11:04:19+00:00,40.8126465,-96.6940918,0.0,mph,active,-0.096,-0.192,,g (estimated)
20260713060415_000235F.MP4,5,2026-07-13T11:04:20+00:00,40.8126465,-96.6940918,0.0,mph,active,-0.096,-0.14400000000000002,,g (estimated)
20260713060415_000235F.MP4,6,2026-07-13T11:04:21+00:00,40.8126465,-96.6940918,0.0,mph,active,-0.096,-0.24,,g (estimated)
20260713060415_000235F.MP4,7,2026-07-13T11:04:22+00:00,40.8126465,-96.6940918,0.0,mph,active,-0.096,-0.336,,g (estimated)
20260713060415_000235F.MP4,8,2026-07-13T11:04:23+00:00,40.8126465,-96.6940918,3.88,mph,active,-0.048,-0.384,,g (estimated)
20260713060415_000235F.MP4,9,2026-07-13T11:04:24+00:00,40.8126261,-96.6940918,5.34,mph,active,-0.096,-0.336,,g (estimated)
20260713060415_000235F.MP4,10,2026-07-13T11:04:25+00:00,40.8125936,-96.6940918,8.24,mph,active,-0.096,-0.28800000000000003,,g (estimated)
20260713060415_000235F.MP4,11,2026-07-13T11:04:26+00:00,40.8125366,-96.6940918,10.56,mph,active,-0.096,-0.28800000000000003,,g (estimated)
20260713060415_000235F.MP4,12,2026-07-13T11:04:27+00:00,40.8124756,-96.6940918,13.25,mph,active,-0.096,-0.28800000000000003,,g (estimated)
20260713060415_000235F.MP4,13,2026-07-13T11:04:28+00:00,40.8123942,-96.6940918,15.67,mph,active,-0.14400000000000002,-0.336,,g (estimated)
20260713060415_000235F.MP4,14,2026-07-13T11:04:29+00:00,40.8122965,-96.6940755,19.15,mph,active,-0.096,-0.192,,g (estimated)
20260713060415_000235F.MP4,15,2026-07-13T11:04:30+00:00,40.8121948,-96.6940755,20.9,mph,active,-0.096,-0.24,,g (estimated)
20260713060415_000235F.MP4,16,2026-07-13T11:04:31+00:00,40.8120931,-96.6940755,22.27,mph,active,-0.048,-0.14400000000000002,,g (estimated)
20260713060415_000235F.MP4,17,2026-07-13T11:04:32+00:00,40.8119873,-96.6940755,23.36,mph,active,-0.096,-0.28800000000000003,,g (estimated)
20260713060415_000235F.MP4,18,2026-07-13T11:04:33+00:00,40.8118815,-96.6940755,23.85,mph,active,-0.096,-0.28800000000000003,,g (estimated)
20260713060415_000235F.MP4,19,2026-07-13T11:04:34+00:00,40.8117716,-96.6940755,24.39,mph,active,-0.096,-0.24,,g (estimated)
20260713060415_000235F.MP4,20,2026-07-13T11:04:35+00:00,40.8116536,-96.6940755,25.41,mph,active,-0.096,-0.24,,g (estimated)
20260713060415_000235F.MP4,21,2026-07-13T11:04:36+00:00,40.8115397,-96.6940918,26.33,mph,active,-0.048,-0.096,,g (estimated)
20260713060415_000235F.MP4,22,2026-07-13T11:04:37+00:00,40.8114176,-96.6940918,26.51,mph,active,-0.096,-0.048,,g (estimated)
20260713060415_000235F.MP4,23,2026-07-13T11:04:38+00:00,40.8112915,-96.6940918,26.79,mph,active,-0.14400000000000002,-0.14400000000000002,,g (estimated)
20260713060415_000235F.MP4,24,2026-07-13T11:04:39+00:00,40.8111654,-96.6940918,27.06,mph,active,-0.048,-0.24,,g (estimated)
20260713060415_000235F.MP4,25,2026-07-13T11:04:40+00:00,40.8110352,-96.6940918,27.01,mph,active,-0.096,-0.192,,g (estimated)
20260713060415_000235F.MP4,26,2026-07-13T11:04:41+00:00,40.810909,-96.6940918,27.05,mph,active,-0.14400000000000002,-0.24,,g (estimated)
20260713060415_000235F.MP4,27,2026-07-13T11:04:42+00:00,40.8107788,-96.6941081,27.47,mph,active,-0.14400000000000002,-0.192,,g (estimated)
20260713060415_000235F.MP4,28,2026-07-13T11:04:43+00:00,40.8106527,-96.6941081,27.29,mph,active,-0.192,-0.28800000000000003,,g (estimated)
20260713060415_000235F.MP4,29,2026-07-13T11:04:44+00:00,40.8105265,-96.6941081,26.96,mph,active,-0.096,-0.096,,g (estimated)
20260713060415_000235F.MP4,30,2026-07-13T11:04:45+00:00,40.8104004,-96.6941081,26.78,mph,active,-0.096,-0.192,,g (estimated)
20260713060415_000235F.MP4,31,2026-07-13T11:04:46+00:00,40.8102783,-96.6941081,25.65,mph,active,-0.048,-0.14400000000000002,,g (estimated)
20260713060415_000235F.MP4,32,2026-07-13T11:04:47+00:00,40.8101644,-96.6941081,24.05,mph,active,0.0,-0.048,,g (estimated)
20260713060415_000235F.MP4,33,2026-07-13T11:04:48+00:00,40.8100586,-96.6941081,22.97,mph,active,-0.048,0.0,,g (estimated)
20260713060415_000235F.MP4,34,2026-07-13T11:04:49+00:00,40.8099528,-96.6941081,22.3,mph,active,-0.048,-0.096,,g (estimated)
20260713060415_000235F.MP4,35,2026-07-13T11:04:50+00:00,40.8098511,-96.6941243,21.31,mph,active,-0.096,-0.048,,g (estimated)
20260713060415_000235F.MP4,36,2026-07-13T11:04:51+00:00,40.8097534,-96.6941243,20.61,mph,active,-0.096,-0.096,,g (estimated)
20260713060415_000235F.MP4,37,2026-07-13T11:04:52+00:00,40.8096639,-96.6941243,18.04,mph,active,-0.14400000000000002,-0.048,,g (estimated)
20260713060415_000235F.MP4,38,2026-07-13T11:04:53+00:00,40.8095866,-96.6941243,16.17,mph,active,-0.048,-0.096,,g (estimated)
20260713060415_000235F.MP4,39,2026-07-13T11:04:54+00:00,40.8095215,-96.6941243,13.79,mph,active,-0.14400000000000002,-0.048,,g (estimated)
20260713060415_000235F.MP4,40,2026-07-13T11:04:55+00:00,40.8094604,-96.6941243,12.13,mph,active,-0.096,-0.048,,g (estimated)
20260713060415_000235F.MP4,41,2026-07-13T11:04:56+00:00,40.8094116,-96.6941243,9.81,mph,active,-0.048,-0.048,,g (estimated)
20260713060415_000235F.MP4,42,2026-07-13T11:04:57+00:00,40.809375,-96.6941243,6.67,mph,active,-0.048,-0.192,,g (estimated)
20260713060415_000235F.MP4,43,2026-07-13T11:04:58+00:00,40.8093465,-96.6941243,5.81,mph,active,-0.048,-0.192,,g (estimated)
20260713060415_000235F.MP4,44,2026-07-13T11:04:59+00:00,40.809318,-96.6941243,6.12,mph,active,0.0,-0.24,,g (estimated)
20260713060415_000235F.MP4,45,2026-07-13T11:05:00+00:00,40.8092936,-96.6941081,7.59,mph,active,0.048,-0.24,,g (estimated)
20260713060415_000235F.MP4,46,2026-07-13T11:05:01+00:00,40.809257,-96.6940918,8.8,mph,active,0.192,-0.192,,g (estimated)
20260713060415_000235F.MP4,47,2026-07-13T11:05:02+00:00,40.8092204,-96.6940592,10.03,mph,active,0.048,-0.24,,g (estimated)
20260713060415_000235F.MP4,48,2026-07-13T11:05:03+00:00,40.8091919,-96.6940104,11.79,mph,active,0.048,-0.24,,g (estimated)
20260713060415_000235F.MP4,49,2026-07-13T11:05:04+00:00,40.8091715,-96.693929,13.37,mph,active,0.0,-0.24,,g (estimated)
20260713060415_000235F.MP4,50,2026-07-13T11:05:05+00:00,40.8091675,-96.6938314,15.37,mph,active,0.0,-0.24,,g (estimated)
20260713060415_000235F.MP4,51,2026-07-13T11:05:06+00:00,40.8091715,-96.6937174,17.24,mph,active,-0.048,-0.24,,g (estimated)
20260713060415_000235F.MP4,52,2026-07-13T11:05:07+00:00,40.8091756,-96.6936035,18.92,mph,active,-0.096,-0.28800000000000003,,g (estimated)
20260713060415_000235F.MP4,53,2026-07-13T11:05:08+00:00,40.8091919,-96.6934733,20.16,mph,active,-0.096,-0.192,,g (estimated)
20260713060415_000235F.MP4,54,2026-07-13T11:05:09+00:00,40.8092,-96.6933594,21.31,mph,active,-0.048,-0.24,,g (estimated)
20260713060415_000235F.MP4,55,2026-07-13T11:05:10+00:00,40.8092082,-96.6932129,22.8,mph,active,-0.096,-0.14400000000000002,,g (estimated)
20260713060415_000235F.MP4,56,2026-07-13T11:05:11+00:00,40.8092082,-96.6930664,24.0,mph,active,-0.096,-0.28800000000000003,,g (estimated)
20260713060415_000235F.MP4,57,2026-07-13T11:05:12+00:00,40.8092082,-96.6929199,24.63,mph,active,-0.048,-0.192,,g (estimated)
20260713060415_000235F.MP4,58,2026-07-13T11:05:13+00:00,40.8092082,-96.6927572,25.23,mph,active,-0.048,-0.28800000000000003,,g (estimated)
20260713060415_000235F.MP4,59,2026-07-13T11:05:14+00:00,40.8092082,-96.6926107,26.02,mph,active,-0.14400000000000002,-0.192,,g (estimated)
20260713060515_000236F.MP4,0,2026-07-13T11:05:15+00:00,40.8092082,-96.6924479,26.89,mph,active,-0.048,-0.14400000000000002,,g (estimated)
20260713060515_000236F.MP4,1,2026-07-13T11:05:16+00:00,40.8092082,-96.6922852,27.44,mph,active,-0.14400000000000002,-0.192,,g (estimated)
20260713060515_000236F.MP4,2,2026-07-13T11:05:17+00:00,40.8092082,-96.6921061,27.17,mph,active,-0.096,-0.096,,g (estimated)
20260713060515_000236F.MP4,3,2026-07-13T11:05:18+00:00,40.8092082,-96.6919434,26.15,mph,active,-0.096,-0.048,,g (estimated)
20260713060515_000236F.MP4,4,2026-07-13T11:05:19+00:00,40.8092082,-96.6917969,24.72,mph,active,0.0,-0.048,,g (estimated)
20260713060515_000236F.MP4,5,2026-07-13T11:05:20+00:00,40.8092082,-96.6916504,22.73,mph,active,-0.096,-0.14400000000000002,,g (estimated)
20260713060515_000236F.MP4,6,2026-07-13T11:05:21+00:00,40.8092163,-96.6915202,20.92,mph,active,-0.096,-0.096,,g (estimated)
20260713060515_000236F.MP4,7,2026-07-13T11:05:22+00:00,40.8092285,-96.69139,20.11,mph,active,-0.048,-0.096,,g (estimated)
20260713060515_000236F.MP4,8,2026-07-13T11:05:23+00:00,40.8092367,-96.691276,18.52,mph,active,-0.096,-0.048,,g (estimated)
20260713060515_000236F.MP4,9,2026-07-13T11:05:24+00:00,40.8092407,-96.6911621,16.89,mph,active,-0.048,-0.048,,g (estimated)
20260713060515_000236F.MP4,10,2026-07-13T11:05:25+00:00,40.8092407,-96.6910645,14.68,mph,active,-0.048,-0.048,,g (estimated)
20260713060515_000236F.MP4,11,2026-07-13T11:05:26+00:00,40.8092407,-96.6909831,12.52,mph,active,-0.048,-0.048,,g (estimated)
20260713060515_000236F.MP4,12,2026-07-13T11:05:27+00:00,40.8092407,-96.690918,9.7,mph,active,-0.048,0.0,,g (estimated)
20260713060515_000236F.MP4,13,2026-07-13T11:05:28+00:00,40.8092367,-96.6908854,6.38,mph,active,-0.048,-0.048,,g (estimated)
20260713060515_000236F.MP4,14,2026-07-13T11:05:29+00:00,40.8092367,-96.6908529,3.59,mph,active,-0.048,-0.048,,g (estimated)
20260713060515_000236F.MP4,15,2026-07-13T11:05:30+00:00,40.8092407,-96.6908529,0.0,mph,active,-0.048,-0.14400000000000002,,g (estimated)
20260713060515_000236F.MP4,16,2026-07-13T11:05:31+00:00,40.8092367,-96.6908529,0.0,mph,active,-0.048,-0.192,,g (estimated)
20260713060515_000236F.MP4,17,2026-07-13T11:05:32+00:00,40.8092367,-96.6908529,0.0,mph,active,-0.096,-0.14400000000000002,,g (estimated)
20260713060515_000236F.MP4,18,2026-07-13T11:05:33+00:00,40.8092367,-96.6908529,0.0,mph,active,-0.096,-0.14400000000000002,,g (estimated)
20260713060515_000236F.MP4,19,2026-07-13T11:05:34+00:00,40.8092367,-96.6908529,0.0,mph,active,-0.048,-0.192,,g (estimated)
20260713060515_000236F.MP4,20,2026-07-13T11:05:35+00:00,40.8092367,-96.6908529,0.0,mph,active,-0.048,-0.192,,g (estimated)
20260713060515_000236F.MP4,21,2026-07-13T11:05:36+00:00,40.8092367,-96.6908529,0.0,mph,active,-0.048,-0.192,,g (estimated)
20260713060515_000236F.MP4,22,2026-07-13T11:05:37+00:00,40.8092367,-96.6908529,0.0,mph,active,-0.048,-0.192,,g (estimated)
20260713060515_000236F.MP4,23,2026-07-13T11:05:38+00:00,40.8092367,-96.6908529,0.0,mph,active,0.0,-0.336,,g (estimated)
20260713060515_000236F.MP4,24,2026-07-13T11:05:39+00:00,40.8092367,-96.6908529,0.0,mph,active,-0.048,-0.192,,g (estimated)
20260713060515_000236F.MP4,25,2026-07-13T11:05:40+00:00,40.8092367,-96.6908529,0.0,mph,active,0.0,-0.28800000000000003,,g (estimated)
20260713060515_000236F.MP4,26,2026-07-13T11:05:41+00:00,40.8092407,-96.6908366,3.25,mph,active,0.0,-0.28800000000000003,,g (estimated)
20260713060515_000236F.MP4,27,2026-07-13T11:05:42+00:00,40.8092448,-96.690804,5.55,mph,active,0.048,-0.192,,g (estimated)
20260713060515_000236F.MP4,28,2026-07-13T11:05:43+00:00,40.8092489,-96.6907715,7.16,mph,active,0.048,-0.192,,g (estimated)
20260713060515_000236F.MP4,29,2026-07-13T11:05:44+00:00,40.8092651,-96.6907389,7.78,mph,active,0.048,-0.192,,g (estimated)
20260713060515_000236F.MP4,30,2026-07-13T11:05:45+00:00,40.8092936,-96.6906901,9.31,mph,active,0.096,-0.14400000000000002,,g (estimated)
20260713060515_000236F.MP4,31,2026-07-13T11:05:46+00:00,40.8093302,-96.6906576,10.32,mph,active,0.0,-0.24,,g (estimated)
20260713060515_000236F.MP4,32,2026-07-13T11:05:47+00:00,40.8093791,-96.6906413,11.74,mph,active,-0.14400000000000002,-0.24,,g (estimated)
20260713060515_000236F.MP4,33,2026-07-13T11:05:48+00:00,40.809436,-96.6906413,13.58,mph,active,0.0,-0.192,,g (estimated)
20260713060515_000236F.MP4,34,2026-07-13T11:05:49+00:00,40.8095052,-96.6906413,15.3,mph,active,-0.048,-0.28800000000000003,,g (estimated)
20260713060515_000236F.MP4,35,2026-07-13T11:05:50+00:00,40.8095785,-96.6906413,15.98,mph,active,0.048,-0.096,,g (estimated)
20260713060515_000236F.MP4,36,2026-07-13T11:05:51+00:00,40.8096517,-96.6906576,16.26,mph,active,0.096,0.048,,g (estimated)
20260713060515_000236F.MP4,37,2026-07-13T11:05:52+00:00,40.809729,-96.6906576,16.05,mph,active,0.0,-0.048,,g (estimated)
20260713060515_000236F.MP4,38,2026-07-13T11:05:53+00:00,40.8098022,-96.6906576,14.94,mph,active,-0.096,0.0,,g (estimated)
20260713060515_000236F.MP4,39,2026-07-13T11:05:54+00:00,40.8098674,-96.6906576,13.32,mph,active,-0.096,-0.048,,g (estimated)
20260713060515_000236F.MP4,40,2026-07-13T11:05:55+00:00,40.8099284,-96.6906576,10.69,mph,active,-0.192,-0.096,,g (estimated)
20260713060515_000236F.MP4,41,2026-07-13T11:05:56+00:00,40.8099731,-96.6906576,7.76,mph,active,0.0,-0.048,,g (estimated)
20260713060515_000236F.MP4,42,2026-07-13T11:05:57+00:00,40.8099976,-96.6906413,5.3,mph,active,-0.048,-0.048,,g (estimated)
20260713060515_000236F.MP4,43,2026-07-13T11:05:58+00:00,40.8100098,-96.6906576,2.65,mph,active,0.0,-0.14400000000000002,,g (estimated)
20260713060515_000236F.MP4,44,2026-07-13T11:05:59+00:00,40.8100098,-96.6906576,0.0,mph,active,0.0,-0.14400000000000002,,g (estimated)
20260713060515_000236F.MP4,45,2026-07-13T11:06:00+00:00,40.8100098,-96.6906576,0.0,mph,active,0.0,-0.14400000000000002,,g (estimated)
20260713060515_000236F.MP4,46,2026-07-13T11:06:01+00:00,40.8100098,-96.6906576,0.0,mph,active,0.0,-0.14400000000000002,,g (estimated)
20260713060515_000236F.MP4,47,2026-07-13T11:06:02+00:00,40.8100098,-96.6906576,0.0,mph,active,0.0,-0.14400000000000002,,g (estimated)
20260713060515_000236F.MP4,48,2026-07-13T11:06:03+00:00,40.8100138,-96.6906576,0.0,mph,active,0.0,-0.14400000000000002,,g (estimated)
20260713060515_000236F.MP4,49,2026-07-13T11:06:04+00:00,40.8100179,-96.6906576,0.0,mph,active,0.0,-0.192,,g (estimated)
20260713060515_000236F.MP4,50,2026-07-13T11:06:05+00:00,40.8100179,-96.6906576,0.0,mph,active,0.0,-0.14400000000000002,,g (estimated)
20260713060515_000236F.MP4,51,2026-07-13T11:06:06+00:00,40.8100179,-96.6906576,0.0,mph,active,0.0,-0.14400000000000002,,g (estimated)
20260713060515_000236F.MP4,52,2026-07-13T11:06:07+00:00,40.8100179,-96.6906576,0.0,mph,active,0.0,-0.192,,g (estimated)
20260713060515_000236F.MP4,53,2026-07-13T11:06:08+00:00,40.810022,-96.6906576,0.0,mph,active,0.0,-0.192,,g (estimated)
20260713060515_000236F.MP4,54,2026-07-13T11:06:09+00:00,40.810022,-96.6906576,0.0,mph,active,0.0,-0.14400000000000002,,g (estimated)
20260713060515_000236F.MP4,55,2026-07-13T11:06:10+00:00,40.810026,-96.6906576,0.0,mph,active,0.0,-0.14400000000000002,,g (estimated)
20260713060515_000236F.MP4,56,2026-07-13T11:06:11+00:00,40.810026,-96.6906576,0.0,mph,active,0.0,-0.192,,g (estimated)
20260713060515_000236F.MP4,57,2026-07-13T11:06:12+00:00,40.8100301,-96.6906576,0.0,mph,active,0.0,-0.14400000000000002,,g (estimated)
20260713060515_000236F.MP4,58,2026-07-13T11:06:13+00:00,40.8100301,-96.6906576,0.0,mph,active,0.0,-0.14400000000000002,,g (estimated)
20260713060515_000236F.MP4,59,2026-07-13T11:06:14+00:00,40.8100342,-96.6906576,0.0,mph,active,0.0,-0.192,,g (estimated)
20260713060615_000237F.MP4,0,2026-07-13T11:06:15+00:00,40.8100382,-96.6906576,0.0,mph,active,0.0,-0.14400000000000002,,g (estimated)
20260713060615_000237F.MP4,1,2026-07-13T11:06:16+00:00,40.8100423,-96.6906576,0.0,mph,active,0.0,-0.14400000000000002,,g (estimated)
20260713060615_000237F.MP4,2,2026-07-13T11:06:17+00:00,40.8100464,-96.6906576,0.0,mph,active,0.0,-0.192,,g (estimated)
20260713060615_000237F.MP4,3,2026-07-13T11:06:18+00:00,40.8100464,-96.6906576,0.0,mph,active,0.0,-0.192,,g (estimated)
20260713060615_000237F.MP4,4,2026-07-13T11:06:19+00:00,40.8100505,-96.6906576,0.0,mph,active,0.0,-0.192,,g (estimated)
20260713060615_000237F.MP4,5,2026-07-13T11:06:20+00:00,40.8100505,-96.6906576,0.0,mph,active,0.0,-0.14400000000000002,,g (estimated)
20260713060615_000237F.MP4,6,2026-07-13T11:06:21+00:00,40.8100545,-96.6906576,0.0,mph,active,0.0,-0.14400000000000002,,g (estimated)
20260713060615_000237F.MP4,7,2026-07-13T11:06:22+00:00,40.8100545,-96.6906576,0.0,mph,active,0.0,-0.192,,g (estimated)
20260713060615_000237F.MP4,8,2026-07-13T11:06:23+00:00,40.8100545,-96.6906576,0.0,mph,active,0.0,-0.192,,g (estimated)
20260713060615_000237F.MP4,9,2026-07-13T11:06:24+00:00,40.8100545,-96.6906576,0.0,mph,active,0.0,-0.192,,g (estimated)
20260713060615_000237F.MP4,10,2026-07-13T11:06:25+00:00,40.8100545,-96.6906576,0.0,mph,active,0.0,-0.192,,g (estimated)
20260713060615_000237F.MP4,11,2026-07-13T11:06:26+00:00,40.8100545,-96.6906576,0.0,mph,active,0.0,-0.192,,g (estimated)
20260713060615_000237F.MP4,12,2026-07-13T11:06:27+00:00,40.8100586,-96.6906576,0.0,mph,active,0.0,-0.14400000000000002,,g (estimated)
20260713060615_000237F.MP4,13,2026-07-13T11:06:28+00:00,40.8100586,-96.6906576,0.0,mph,active,0.0,-0.192,,g (estimated)
20260713060615_000237F.MP4,14,2026-07-13T11:06:29+00:00,40.8100586,-96.6906413,0.0,mph,active,0.0,-0.14400000000000002,,g (estimated)
20260713060615_000237F.MP4,15,2026-07-13T11:06:30+00:00,40.8100586,-96.6906576,0.0,mph,active,0.0,-0.192,,g (estimated)
20260713060615_000237F.MP4,16,2026-07-13T11:06:31+00:00,40.8100586,-96.6906576,0.0,mph,active,-0.048,-0.14400000000000002,,g (estimated)
20260713060615_000237F.MP4,17,2026-07-13T11:06:32+00:00,40.8100586,-96.6906413,0.0,mph,active,0.0,-0.14400000000000002,,g (estimated)
20260713060615_000237F.MP4,18,2026-07-13T11:06:33+00:00,40.8100586,-96.6906413,0.0,mph,active,0.0,-0.14400000000000002,,g (estimated)
20260713060615_000237F.MP4,19,2026-07-13T11:06:34+00:00,40.8100586,-96.6906413,0.0,mph,active,0.0,-0.192,,g (estimated)
20260713060615_000237F.MP4,20,2026-07-13T11:06:35+00:00,40.8100586,-96.6906413,0.0,mph,active,0.0,-0.192,,g (estimated)
20260713060615_000237F.MP4,21,2026-07-13T11:06:36+00:00,40.8100545,-96.6906413,0.0,mph,active,0.0,-0.24,,g (estimated)
20260713060615_000237F.MP4,22,2026-07-13T11:06:37+00:00,40.8100545,-96.6906413,0.0,mph,active,0.0,-0.384,,g (estimated)
20260713060615_000237F.MP4,23,2026-07-13T11:06:38+00:00,40.8100545,-96.6906413,1.41,mph,active,0.0,-0.336,,g (estimated)
20260713060615_000237F.MP4,24,2026-07-13T11:06:39+00:00,40.8100627,-96.6906413,4.39,mph,active,-0.096,-0.336,,g (estimated)
20260713060615_000237F.MP4,25,2026-07-13T11:06:40+00:00,40.8100993,-96.690625,8.4,mph,active,-0.048,-0.28800000000000003,,g (estimated)
20260713060615_000237F.MP4,26,2026-07-13T11:06:41+00:00,40.81014,-96.690625,11.39,mph,active,-0.048,-0.28800000000000003,,g (estimated)
20260713060615_000237F.MP4,27,2026-07-13T11:06:42+00:00,40.810201,-96.690625,14.04,mph,active,0.0,-0.24,,g (estimated)
20260713060615_000237F.MP4,28,2026-07-13T11:06:43+00:00,40.8102743,-96.690625,16.19,mph,active,-0.048,-0.24,,g (estimated)
20260713060615_000237F.MP4,29,2026-07-13T11:06:44+00:00,40.8103516,-96.6906413,17.74,mph,active,-0.14400000000000002,-0.24,,g (estimated)
20260713060615_000237F.MP4,30,2026-07-13T11:06:45+00:00,40.810437,-96.6906413,19.4,mph,active,0.0,-0.14400000000000002,,g (estimated)
20260713060615_000237F.MP4,31,2026-07-13T11:06:46+00:00,40.8105265,-96.6906413,19.93,mph,active,-0.048,-0.096,,g (estimated)
20260713060615_000237F.MP4,32,2026-07-13T11:06:47+00:00,40.8106201,-96.6906576,21.42,mph,active,-0.096,-0.048,,g (estimated)
20260713060615_000237F.MP4,33,2026-07-13T11:06:48+00:00,40.8107178,-96.6906576,21.78,mph,active,-0.048,-0.048,,g (estimated)
20260713060615_000237F.MP4,34,2026-07-13T11:06:49+00:00,40.8108114,-96.6906738,20.36,mph,active,0.0,-0.096,,g (estimated)
20260713060615_000237F.MP4,35,2026-07-13T11:06:50+00:00,40.8109009,-96.6906901,19.31,mph,active,-0.048,-0.096,,g (estimated)
20260713060615_000237F.MP4,36,2026-07-13T11:06:51+00:00,40.8109863,-96.6906901,18.16,mph,active,-0.048,-0.048,,g (estimated)
20260713060615_000237F.MP4,37,2026-07-13T11:06:52+00:00,40.8110555,-96.6906901,16.28,mph,active,-0.14400000000000002,-0.048,,g (estimated)
20260713060615_000237F.MP4,38,2026-07-13T11:06:53+00:00,40.8111165,-96.6906901,14.01,mph,active,-0.192,-0.048,,g (estimated)
20260713060615_000237F.MP4,39,2026-07-13T11:06:54+00:00,40.8111735,-96.6906901,11.32,mph,active,-0.336,-0.096,,g (estimated)
20260713060615_000237F.MP4,40,2026-07-13T11:06:55+00:00,40.8112183,-96.6906738,9.42,mph,active,-0.28800000000000003,-0.096,,g (estimated)
20260713060615_000237F.MP4,41,2026-07-13T11:06:56+00:00,40.8112549,-96.6906413,8.67,mph,active,-0.28800000000000003,-0.14400000000000002,,g (estimated)
20260713060615_000237F.MP4,42,2026-07-13T11:06:57+00:00,40.8112874,-96.6905924,7.48,mph,active,-0.24,-0.14400000000000002,,g (estimated)
20260713060615_000237F.MP4,43,2026-07-13T11:06:58+00:00,40.8112996,-96.6905599,6.59,mph,active,-0.14400000000000002,-0.192,,g (estimated)
20260713060615_000237F.MP4,44,2026-07-13T11:06:59+00:00,40.8112874,-96.6905111,6.78,mph,active,-0.192,-0.14400000000000002,,g (estimated)
20260713060615_000237F.MP4,45,2026-07-13T11:07:00+00:00,40.811263,-96.6904785,7.53,mph,active,-0.096,-0.096,,g (estimated)
20260713060615_000237F.MP4,46,2026-07-13T11:07:01+00:00,40.8112264,-96.6904622,7.48,mph,active,-0.096,-0.24,,g (estimated)
20260713060615_000237F.MP4,47,2026-07-13T11:07:02+00:00,40.8111898,-96.690446,7.42,mph,active,-0.048,-0.192,,g (estimated)
20260713060615_000237F.MP4,48,2026-07-13T11:07:03+00:00,40.8111532,-96.690446,7.49,mph,active,-0.048,-0.192,,g (estimated)
20260713060615_000237F.MP4,49,2026-07-13T11:07:04+00:00,40.8111125,-96.690446,8.49,mph,active,0.0,-0.192,,g (estimated)
20260713060615_000237F.MP4,50,2026-07-13T11:07:05+00:00,40.8110677,-96.690446,8.7,mph,active,-0.048,-0.192,,g (estimated)
20260713060615_000237F.MP4,51,2026-07-13T11:07:06+00:00,40.8110229,-96.690446,8.39,mph,active,0.0,-0.14400000000000002,,g (estimated)
20260713060615_000237F.MP4,52,2026-07-13T11:07:07+00:00,40.8109823,-96.6904297,8.32,mph,active,0.0,-0.14400000000000002,,g (estimated)
20260713060615_000237F.MP4,53,2026-07-13T11:07:08+00:00,40.8109497,-96.6904134,7.51,mph,active,0.0,-0.14400000000000002,,g (estimated)
20260713060615_000237F.MP4,54,2026-07-13T11:07:09+00:00,40.8109172,-96.6903809,7.32,mph,active,0.0,-0.14400000000000002,,g (estimated)
20260713060615_000237F.MP4,55,2026-07-13T11:07:10+00:00,40.8108927,-96.6903483,7.39,mph,active,0.0,-0.192,,g (estimated)
20260713060615_000237F.MP4,56,2026-07-13T11:07:11+00:00,40.8108805,-96.6903158,7.66,mph,active,0.0,-0.192,,g (estimated)
20260713060615_000237F.MP4,57,2026-07-13T11:07:12+00:00,40.8108765,-96.6902507,8.74,mph,active,-0.096,-0.24,,g (estimated)
20260713060615_000237F.MP4,58,2026-07-13T11:07:13+00:00,40.8108765,-96.6902018,8.7,mph,active,-0.096,-0.192,,g (estimated)
20260713060615_000237F.MP4,59,2026-07-13T11:07:14+00:00,40.8108805,-96.690153,9.07,mph,active,-0.14400000000000002,-0.048,,g (estimated)
20260713060715_000238F.MP4,0,2026-07-13T11:07:15+00:00,40.8108846,-96.6900879,9.01,mph,active,-0.14400000000000002,-0.14400000000000002,,g (estimated)
20260713060715_000238F.MP4,1,2026-07-13T11:07:16+00:00,40.8108846,-96.6900391,7.76,mph,active,-0.192,-0.14400000000000002,,g (estimated)
20260713060715_000238F.MP4,2,2026-07-13T11:07:17+00:00,40.8108765,-96.6900065,7.08,mph,active,-0.14400000000000002,-0.192,,g (estimated)
20260713060715_000238F.MP4,3,2026-07-13T11:07:18+00:00,40.8108602,-96.6899577,7.04,mph,active,-0.14400000000000002,-0.24,,g (estimated)
20260713060715_000238F.MP4,4,2026-07-13T11:07:19+00:00,40.8108317,-96.6899251,7.36,mph,active,-0.14400000000000002,-0.192,,g (estimated)
20260713060715_000238F.MP4,5,2026-07-13T11:07:20+00:00,40.8108032,-96.6899089,7.96,mph,active,-0.048,-0.14400000000000002,,g (estimated)
20260713060715_000238F.MP4,6,2026-07-13T11:07:21+00:00,40.8107666,-96.6898926,7.45,mph,active,-0.048,-0.192,,g (estimated)
20260713060715_000238F.MP4,7,2026-07-13T11:07:22+00:00,40.81073,-96.6898926,8.05,mph,active,-0.048,-0.192,,g (estimated)
20260713060715_000238F.MP4,8,2026-07-13T11:07:23+00:00,40.8106893,-96.6898926,9.0,mph,active,-0.048,-0.14400000000000002,,g (estimated)
20260713060715_000238F.MP4,9,2026-07-13T11:07:24+00:00,40.8106445,-96.6898926,8.94,mph,active,-0.048,-0.192,,g (estimated)
20260713060715_000238F.MP4,10,2026-07-13T11:07:25+00:00,40.8106038,-96.6899089,8.68,mph,active,-0.048,-0.14400000000000002,,g (estimated)
20260713060715_000238F.MP4,11,2026-07-13T11:07:26+00:00,40.8105591,-96.6899089,8.89,mph,active,-0.048,-0.14400000000000002,,g (estimated)
20260713060715_000238F.MP4,12,2026-07-13T11:07:27+00:00,40.8105184,-96.6899089,9.09,mph,active,0.0,-0.096,,g (estimated)
20260713060715_000238F.MP4,13,2026-07-13T11:07:28+00:00,40.8104736,-96.6899089,9.27,mph,active,0.0,-0.192,,g (estimated)
20260713060715_000238F.MP4,14,2026-07-13T11:07:29+00:00,40.8104329,-96.6899089,9.49,mph,active,0.0,-0.14400000000000002,,g (estimated)
20260713060715_000238F.MP4,15,2026-07-13T11:07:30+00:00,40.8103882,-96.6899089,9.41,mph,active,0.048,-0.192,,g (estimated)
20260713060715_000238F.MP4,16,2026-07-13T11:07:31+00:00,40.8103434,-96.6899089,9.06,mph,active,0.096,-0.096,,g (estimated)
20260713060715_000238F.MP4,17,2026-07-13T11:07:32+00:00,40.8102987,-96.6899089,9.07,mph,active,0.0,-0.14400000000000002,,g (estimated)
20260713060715_000238F.MP4,18,2026-07-13T11:07:33+00:00,40.810262,-96.6898926,8.69,mph,active,0.0,-0.14400000000000002,,g (estimated)
20260713060715_000238F.MP4,19,2026-07-13T11:07:34+00:00,40.8102295,-96.68986,9.11,mph,active,0.0,-0.096,,g (estimated)
20260713060715_000238F.MP4,20,2026-07-13T11:07:35+00:00,40.8102051,-96.6898112,8.86,mph,active,0.0,-0.096,,g (estimated)
20260713060715_000238F.MP4,21,2026-07-13T11:07:36+00:00,40.8101969,-96.6897624,8.58,mph,active,0.0,-0.096,,g (estimated)
20260713060715_000238F.MP4,22,2026-07-13T11:07:37+00:00,40.8101929,-96.6896973,8.61,mph,active,-0.096,-0.096,,g (estimated)
20260713060715_000238F.MP4,23,2026-07-13T11:07:38+00:00,40.8101929,-96.6896484,6.88,mph,active,-0.096,-0.096,,g (estimated)
20260713060715_000238F.MP4,24,2026-07-13T11:07:39+00:00,40.8101969,-96.6896159,5.4,mph,active,-0.096,-0.192,,g (estimated)
20260713060715_000238F.MP4,25,2026-07-13T11:07:40+00:00,40.810201,-96.6895833,4.61,mph,active,-0.096,-0.096,,g (estimated)
20260713060715_000238F.MP4,26,2026-07-13T11:07:41+00:00,40.810201,-96.6895671,2.75,mph,active,-0.096,-0.096,,g (estimated)
20260713060715_000238F.MP4,27,2026-07-13T11:07:42+00:00,40.8102051,-96.6895508,0.0,mph,active,-0.096,-0.24,,g (estimated)
20260713060715_000238F.MP4,28,2026-07-13T11:07:43+00:00,40.8102051,-96.6895508,0.0,mph,active,-0.048,-0.24,,g (estimated)
20260713060715_000238F.MP4,29,2026-07-13T11:07:44+00:00,40.8102091,-96.6895508,0.0,mph,active,0.0,-0.24,,g (estimated)
20260713060715_000238F.MP4,30,2026-07-13T11:07:45+00:00,40.8102132,-96.6895508,0.0,mph,active,0.0,-0.24,,g (estimated)
20260713060715_000238F.MP4,31,2026-07-13T11:07:46+00:00,40.8102254,-96.6895345,0.0,mph,active,0.0,-0.192,,g (estimated)
20260713060715_000238F.MP4,32,2026-07-13T11:07:47+00:00,40.8102376,-96.6895182,6.27,mph,active,0.0,-0.192,,g (estimated)
20260713060715_000238F.MP4,33,2026-07-13T11:07:48+00:00,40.8102702,-96.689502,7.81,mph,active,0.0,-0.28800000000000003,,g (estimated)
20260713060715_000238F.MP4,34,2026-07-13T11:07:49+00:00,40.8103149,-96.6894857,8.96,mph,active,0.0,-0.192,,g (estimated)
20260713060715_000238F.MP4,35,2026-07-13T11:07:50+00:00,40.8103638,-96.6894857,10.69,mph,active,-0.048,-0.14400000000000002,,g (estimated)
20260713060715_000238F.MP4,36,2026-07-13T11:07:51+00:00,40.8104167,-96.6894694,11.31,mph,active,-0.048,-0.192,,g (estimated)
20260713060715_000238F.MP4,37,2026-07-13T11:07:52+00:00,40.8104736,-96.6894694,12.1,mph,active,-0.048,-0.24,,g (estimated)
20260713060715_000238F.MP4,38,2026-07-13T11:07:53+00:00,40.8105306,-96.6894694,12.26,mph,active,-0.096,-0.14400000000000002,,g (estimated)
20260713060715_000238F.MP4,39,2026-07-13T11:07:54+00:00,40.8105957,-96.6894694,13.42,mph,active,-0.048,-0.192,,g (estimated)
20260713060715_000238F.MP4,40,2026-07-13T11:07:55+00:00,40.8106608,-96.6894694,14.14,mph,active,-0.048,-0.14400000000000002,,g (estimated)
20260713060715_000238F.MP4,41,2026-07-13T11:07:56+00:00,40.81073,-96.6894694,13.6,mph,active,-0.096,-0.14400000000000002,,g (estimated)
20260713060715_000238F.MP4,42,2026-07-13T11:07:57+00:00,40.810791,-96.6894531,13.41,mph,active,0.0,-0.096,,g (estimated)
20260713060715_000238F.MP4,43,2026-07-13T11:07:58+00:00,40.8108521,-96.6894531,12.87,mph,active,-0.048,-0.096,,g (estimated)
20260713060715_000238F.MP4,44,2026-07-13T11:07:59+00:00,40.8109131,-96.6894531,12.01,mph,active,-0.048,-0.14400000000000002,,g (estimated)
20260713060715_000238F.MP4,45,2026-07-13T11:08:00+00:00,40.8109619,-96.6894531,10.84,mph,active,-0.048,-0.096,,g (estimated)
20260713060715_000238F.MP4,46,2026-07-13T11:08:01+00:00,40.8110107,-96.6894531,10.08,mph,active,-0.048,-0.096,,g (estimated)
20260713060715_000238F.MP4,47,2026-07-13T11:08:02+00:00,40.8110514,-96.6894368,9.14,mph,active,0.0,-0.048,,g (estimated)
20260713060715_000238F.MP4,48,2026-07-13T11:08:03+00:00,40.8110921,-96.6894368,7.78,mph,active,0.0,-0.048,,g (estimated)
20260713060715_000238F.MP4,49,2026-07-13T11:08:04+00:00,40.8111247,-96.6894368,6.3,mph,active,-0.048,-0.14400000000000002,,g (estimated)
20260713060715_000238F.MP4,50,2026-07-13T11:08:05+00:00,40.8111491,-96.6894368,4.88,mph,active,-0.048,-0.096,,g (estimated)
20260713060715_000238F.MP4,51,2026-07-13T11:08:06+00:00,40.8111654,-96.6894368,3.01,mph,active,-0.048,-0.192,,g (estimated)
20260713060715_000238F.MP4,52,2026-07-13T11:08:07+00:00,40.8111735,-96.6894368,0.0,mph,active,-0.048,-0.14400000000000002,,g (estimated)
20260713060715_000238F.MP4,53,2026-07-13T11:08:08+00:00,40.8111735,-96.6894368,0.0,mph,active,-0.048,-0.14400000000000002,,g (estimated)
20260713060715_000238F.MP4,54,2026-07-13T11:08:09+00:00,40.8111735,-96.6894368,0.0,mph,active,-0.048,-0.14400000000000002,,g (estimated)
20260713060715_000238F.MP4,55,2026-07-13T11:08:10+00:00,40.8111776,-96.6894368,0.0,mph,active,-0.048,-0.14400000000000002,,g (estimated)
20260713060715_000238F.MP4,56,2026-07-13T11:08:11+00:00,40.8111735,-96.6894206,0.0,mph,active,-0.048,-0.14400000000000002,,g (estimated)
20260713060715_000238F.MP4,57,2026-07-13T11:08:12+00:00,40.8111735,-96.6894206,0.0,mph,active,-0.048,-0.14400000000000002,,g (estimated)
20260713060715_000238F.MP4,58,2026-07-13T11:08:13+00:00,40.8111694,-96.6894206,0.0,mph,active,-0.048,-0.14400000000000002,,g (estimated)
20260713060715_000238F.MP4,59,2026-07-13T11:08:14+00:00,40.8111694,-96.6894368,0.0,mph,active,-0.048,-0.14400000000000002,,g (estimated)
20260713060815_000239F.MP4,0,2026-07-13T11:08:15+00:00,40.8111735,-96.6894368,0.0,mph,active,-0.048,-0.14400000000000002,,g (estimated)
20260713060815_000239F.MP4,1,2026-07-13T11:08:16+00:00,40.8111735,-96.6894368,0.0,mph,active,-0.048,-0.14400000000000002,,g (estimated)
20260713060815_000239F.MP4,2,2026-07-13T11:08:17+00:00,40.8111735,-96.6894368,0.0,mph,active,-0.048,-0.14400000000000002,,g (estimated)
20260713060815_000239F.MP4,3,2026-07-13T11:08:18+00:00,40.8111735,-96.6894206,0.0,mph,active,-0.048,-0.14400000000000002,,g (estimated)
20260713060815_000239F.MP4,4,2026-07-13T11:08:19+00:00,40.8111694,-96.6894206,0.0,mph,active,-0.048,-0.14400000000000002,,g (estimated)
20260713060815_000239F.MP4,5,2026-07-13T11:08:20+00:00,40.8111694,-96.6894206,0.0,mph,active,-0.048,-0.14400000000000002,,g (estimated)
20260713060815_000239F.MP4,6,2026-07-13T11:08:21+00:00,40.8111694,-96.6894206,0.0,mph,active,-0.048,-0.14400000000000002,,g (estimated)
20260713060815_000239F.MP4,7,2026-07-13T11:08:22+00:00,40.8111694,-96.6894206,0.0,mph,active,-0.048,-0.14400000000000002,,g (estimated)
20260713060815_000239F.MP4,8,2026-07-13T11:08:23+00:00,40.8111694,-96.6894206,0.0,mph,active,-0.048,-0.192,,g (estimated)
20260713060815_000239F.MP4,9,2026-07-13T11:08:24+00:00,40.8111694,-96.6894206,0.0,mph,active,-0.048,-0.14400000000000002,,g (estimated)
20260713060815_000239F.MP4,10,2026-07-13T11:08:25+00:00,40.8111694,-96.6894206,0.0,mph,active,-0.048,-0.14400000000000002,,g (estimated)
20260713060815_000239F.MP4,11,2026-07-13T11:08:26+00:00,40.8111694,-96.6894206,0.0,mph,active,-0.048,-0.192,,g (estimated)
20260713060815_000239F.MP4,12,2026-07-13T11:08:27+00:00,40.8111694,-96.6894206,0.0,mph,active,-0.048,-0.14400000000000002,,g (estimated)
20260713060815_000239F.MP4,13,2026-07-13T11:08:28+00:00,40.8111694,-96.6894206,0.0,mph,active,-0.096,-0.192,,g (estimated)
20260713060815_000239F.MP4,14,2026-07-13T11:08:29+00:00,40.8111694,-96.6894206,0.0,mph,active,-0.048,-0.14400000000000002,,g (estimated)
20260713060815_000239F.MP4,15,2026-07-13T11:08:30+00:00,40.8111694,-96.6894206,0.0,mph,active,-0.048,-0.14400000000000002,,g (estimated)
20260713060815_000239F.MP4,16,2026-07-13T11:08:31+00:00,40.8111694,-96.6894206,0.0,mph,active,-0.048,-0.14400000000000002,,g (estimated)
20260713060815_000239F.MP4,17,2026-07-13T11:08:32+00:00,40.8111694,-96.6894206,0.0,mph,active,-0.048,-0.14400000000000002,,g (estimated)
20260713060815_000239F.MP4,18,2026-07-13T11:08:33+00:00,40.8111694,-96.6894206,0.0,mph,active,-0.048,-0.14400000000000002,,g (estimated)
20260713060815_000239F.MP4,19,2026-07-13T11:08:34+00:00,40.8111694,-96.6894206,0.0,mph,active,-0.048,-0.14400000000000002,,g (estimated)
20260713060815_000239F.MP4,20,2026-07-13T11:08:35+00:00,40.8111694,-96.6894206,0.0,mph,active,-0.048,-0.14400000000000002,,g (estimated)
20260713060815_000239F.MP4,21,2026-07-13T11:08:36+00:00,40.8111694,-96.6894206,0.0,mph,active,-0.048,-0.14400000000000002,,g (estimated)
20260713060815_000239F.MP4,22,2026-07-13T11:08:37+00:00,40.8111654,-96.6894206,0.0,mph,active,-0.048,-0.14400000000000002,,g (estimated)
20260713060815_000239F.MP4,23,2026-07-13T11:08:38+00:00,40.8111654,-96.6894206,0.0,mph,active,-0.048,-0.14400000000000002,,g (estimated)
20260713060815_000239F.MP4,24,2026-07-13T11:08:39+00:00,40.8111654,-96.6894206,0.0,mph,active,-0.048,-0.14400000000000002,,g (estimated)
20260713060815_000239F.MP4,25,2026-07-13T11:08:40+00:00,40.8111654,-96.6894206,0.0,mph,active,-0.048,-0.14400000000000002,,g (estimated)
20260713060815_000239F.MP4,26,2026-07-13T11:08:41+00:00,40.8111654,-96.6894206,0.0,mph,active,-0.048,-0.14400000000000002,,g (estimated)
20260713060815_000239F.MP4,27,2026-07-13T11:08:42+00:00,40.8111654,-96.6894206,0.0,mph,active,-0.048,-0.14400000000000002,,g (estimated)
20260713060815_000239F.MP4,28,2026-07-13T11:08:43+00:00,40.8111613,-96.6894206,0.0,mph,active,-0.048,-0.14400000000000002,,g (estimated)
20260713060815_000239F.MP4,29,2026-07-13T11:08:44+00:00,40.8111613,-96.6894206,0.0,mph,active,-0.048,-0.192,,g (estimated)
20260713060815_000239F.MP4,30,2026-07-13T11:08:45+00:00,40.8111572,-96.6894206,0.0,mph,active,-0.048,-0.14400000000000002,,g (estimated)
20260713060815_000239F.MP4,31,2026-07-13T11:08:46+00:00,40.8111572,-96.6894206,0.0,mph,active,-0.048,-0.14400000000000002,,g (estimated)
20260713060815_000239F.MP4,32,2026-07-13T11:08:47+00:00,40.8111572,-96.6894206,0.0,mph,active,-0.048,-0.14400000000000002,,g (estimated)
20260713060815_000239F.MP4,33,2026-07-13T11:08:48+00:00,40.8111572,-96.6894206,0.0,mph,active,-0.048,-0.14400000000000002,,g (estimated)
20260713060815_000239F.MP4,34,2026-07-13T11:08:49+00:00,40.8111572,-96.6894368,0.0,mph,active,-0.048,-0.14400000000000002,,g (estimated)
20260713060815_000239F.MP4,35,2026-07-13T11:08:50+00:00,40.8111532,-96.6894368,0.0,mph,active,-0.048,-0.096,,g (estimated)
20260713060815_000239F.MP4,36,2026-07-13T11:08:51+00:00,40.8111532,-96.6894368,0.0,mph,active,-0.048,-0.14400000000000002,,g (estimated)
20260713060815_000239F.MP4,37,2026-07-13T11:08:52+00:00,40.8111532,-96.6894368,0.0,mph,active,-0.048,-0.14400000000000002,,g (estimated)
20260713060815_000239F.MP4,38,2026-07-13T11:08:53+00:00,40.8111532,-96.6894368,0.0,mph,active,-0.048,-0.14400000000000002,,g (estimated)
20260713060815_000239F.MP4,39,2026-07-13T11:08:54+00:00,40.8111491,-96.6894368,0.0,mph,active,-0.048,-0.14400000000000002,,g (estimated)
20260713060815_000239F.MP4,40,2026-07-13T11:08:55+00:00,40.8111491,-96.6894368,0.0,mph,active,-0.048,-0.14400000000000002,,g (estimated)
20260713060815_000239F.MP4,41,2026-07-13T11:08:56+00:00,40.8111491,-96.6894368,0.0,mph,active,-0.048,-0.14400000000000002,,g (estimated)
20260713060815_000239F.MP4,42,2026-07-13T11:08:57+00:00,40.811145,-96.6894368,0.0,mph,active,-0.048,-0.14400000000000002,,g (estimated)
20260713060815_000239F.MP4,43,2026-07-13T11:08:58+00:00,40.811145,-96.6894368,0.0,mph,active,-0.048,-0.14400000000000002,,g (estimated)
20260713060815_000239F.MP4,44,2026-07-13T11:08:59+00:00,40.811145,-96.6894368,0.0,mph,active,-0.048,-0.14400000000000002,,g (estimated)
20260713060815_000239F.MP4,45,2026-07-13T11:09:00+00:00,40.811145,-96.6894368,0.0,mph,active,-0.048,-0.192,,g (estimated)
20260713060815_000239F.MP4,46,2026-07-13T11:09:01+00:00,40.8111491,-96.6894368,0.0,mph,active,-0.048,-0.14400000000000002,,g (estimated)
20260713060815_000239F.MP4,47,2026-07-13T11:09:02+00:00,40.8111491,-96.6894368,0.0,mph,active,-0.048,-0.14400000000000002,,g (estimated)
20260713060815_000239F.MP4,48,2026-07-13T11:09:03+00:00,40.8111491,-96.6894368,0.0,mph,active,-0.048,-0.14400000000000002,,g (estimated)
20260713060815_000239F.MP4,49,2026-07-13T11:09:04+00:00,40.8111491,-96.6894368,0.0,mph,active,-0.048,-0.096,,g (estimated)
20260713060815_000239F.MP4,50,2026-07-13T11:09:05+00:00,40.8111532,-96.6894368,0.0,mph,active,-0.048,-0.096,,g (estimated)
20260713060815_000239F.MP4,51,2026-07-13T11:09:06+00:00,40.8111532,-96.6894368,0.0,mph,active,-0.048,-0.14400000000000002,,g (estimated)
20260713060815_000239F.MP4,52,2026-07-13T11:09:07+00:00,40.8111491,-96.6894368,0.0,mph,active,-0.048,-0.14400000000000002,,g (estimated)
20260713060815_000239F.MP4,53,2026-07-13T11:09:08+00:00,40.8111491,-96.6894368,0.0,mph,active,-0.048,-0.14400000000000002,,g (estimated)
20260713060815_000239F.MP4,54,2026-07-13T11:09:09+00:00,40.8111491,-96.6894368,0.0,mph,active,-0.048,-0.14400000000000002,,g (estimated)
20260713060815_000239F.MP4,55,2026-07-13T11:09:10+00:00,40.8111491,-96.6894368,0.0,mph,active,-0.048,-0.14400000000000002,,g (estimated)
20260713060815_000239F.MP4,56,2026-07-13T11:09:11+00:00,40.8111491,-96.6894368,0.0,mph,active,-0.048,-0.14400000000000002,,g (estimated)
20260713060815_000239F.MP4,57,2026-07-13T11:09:12+00:00,40.811145,-96.6894368,0.0,mph,active,-0.048,-0.192,,g (estimated)
20260713060815_000239F.MP4,58,2026-07-13T11:09:13+00:00,40.811145,-96.6894368,0.0,mph,active,-0.048,-0.14400000000000002,,g (estimated)
20260713060815_000239F.MP4,59,2026-07-13T11:09:14+00:00,40.811145,-96.6894368,0.0,mph,active,-0.096,-0.14400000000000002,,g (estimated)
20260713060915_000240F.MP4,0,2026-07-13T11:09:15+00:00,40.811145,-96.6894368,0.0,mph,active,-0.048,-0.14400000000000002,,g (estimated)
20260713060915_000240F.MP4,1,2026-07-13T11:09:16+00:00,40.811145,-96.6894368,0.0,mph,active,-0.048,-0.14400000000000002,,g (estimated)
20260713060915_000240F.MP4,2,2026-07-13T11:09:17+00:00,40.811145,-96.6894368,0.0,mph,active,-0.048,-0.14400000000000002,,g (estimated)
20260713060915_000240F.MP4,3,2026-07-13T11:09:18+00:00,40.811145,-96.6894368,0.0,mph,active,-0.048,-0.14400000000000002,,g (estimated)
20260713060915_000240F.MP4,4,2026-07-13T11:09:19+00:00,40.811145,-96.6894368,0.0,mph,active,-0.048,-0.14400000000000002,,g (estimated)
20260713060915_000240F.MP4,5,2026-07-13T11:09:20+00:00,40.811145,-96.6894368,0.0,mph,active,-0.048,-0.14400000000000002,,g (estimated)
20260713060915_000240F.MP4,6,2026-07-13T11:09:21+00:00,40.811145,-96.6894368,0.0,mph,active,-0.048,-0.14400000000000002,,g (estimated)
20260713060915_000240F.MP4,7,2026-07-13T11:09:22+00:00,40.811145,-96.6894368,0.0,mph,active,-0.048,-0.14400000000000002,,g (estimated)
20260713060915_000240F.MP4,8,2026-07-13T11:09:23+00:00,40.811145,-96.6894368,0.0,mph,active,-0.048,-0.14400000000000002,,g (estimated)
20260713060915_000240F.MP4,9,2026-07-13T11:09:24+00:00,40.811145,-96.6894368,0.0,mph,active,-0.048,-0.14400000000000002,,g (estimated)
20260713060915_000240F.MP4,10,2026-07-13T11:09:25+00:00,40.8111491,-96.6894368,0.0,mph,active,-0.048,-0.14400000000000002,,g (estimated)
20260713060915_000240F.MP4,11,2026-07-13T11:09:26+00:00,40.8111491,-96.6894368,0.0,mph,active,-0.048,-0.192,,g (estimated)
20260713060915_000240F.MP4,12,2026-07-13T11:09:27+00:00,40.8111491,-96.6894368,0.0,mph,active,-0.048,-0.14400000000000002,,g (estimated)
20260713060915_000240F.MP4,13,2026-07-13T11:09:28+00:00,40.8111491,-96.6894368,0.0,mph,active,-0.048,-0.14400000000000002,,g (estimated)
20260713060915_000240F.MP4,14,2026-07-13T11:09:29+00:00,40.811145,-96.6894368,0.0,mph,active,-0.048,-0.192,,g (estimated)
20260713060915_000240F.MP4,15,2026-07-13T11:09:30+00:00,40.8111491,-96.6894368,0.0,mph,active,-0.048,-0.14400000000000002,,g (estimated)
20260713060915_000240F.MP4,16,2026-07-13T11:09:31+00:00,40.8111491,-96.6894368,0.0,mph,active,-0.048,-0.14400000000000002,,g (estimated)
20260713060915_000240F.MP4,17,2026-07-13T11:09:32+00:00,40.8111491,-96.6894368,0.0,mph,active,-0.048,-0.14400000000000002,,g (estimated)
20260713060915_000240F.MP4,18,2026-07-13T11:09:33+00:00,40.8111491,-96.6894368,0.0,mph,active,-0.048,-0.14400000000000002,,g (estimated)
20260713060915_000240F.MP4,19,2026-07-13T11:09:34+00:00,40.8111491,-96.6894368,0.0,mph,active,-0.048,-0.14400000000000002,,g (estimated)
20260713060915_000240F.MP4,20,2026-07-13T11:09:35+00:00,40.8111491,-96.6894368,0.0,mph,active,-0.048,-0.14400000000000002,,g (estimated)
20260713060915_000240F.MP4,21,2026-07-13T11:09:36+00:00,40.8111491,-96.6894368,0.0,mph,active,-0.048,-0.14400000000000002,,g (estimated)
20260713060915_000240F.MP4,22,2026-07-13T11:09:37+00:00,40.8111491,-96.6894368,0.0,mph,active,-0.048,-0.14400000000000002,,g (estimated)
20260713060915_000240F.MP4,23,2026-07-13T11:09:38+00:00,40.8111491,-96.6894368,0.0,mph,active,-0.048,-0.14400000000000002,,g (estimated)
20260713060915_000240F.MP4,24,2026-07-13T11:09:39+00:00,40.8111532,-96.6894368,0.0,mph,active,-0.048,-0.14400000000000002,,g (estimated)
20260713060915_000240F.MP4,25,2026-07-13T11:09:40+00:00,40.8111532,-96.6894368,0.0,mph,active,-0.048,-0.14400000000000002,,g (estimated)
20260713060915_000240F.MP4,26,2026-07-13T11:09:41+00:00,40.8111532,-96.6894368,0.0,mph,active,-0.048,-0.14400000000000002,,g (estimated)
20260713060915_000240F.MP4,27,2026-07-13T11:09:42+00:00,40.8111532,-96.6894368,0.0,mph,active,-0.048,-0.14400000000000002,,g (estimated)
20260713060915_000240F.MP4,28,2026-07-13T11:09:43+00:00,40.8111532,-96.6894368,0.0,mph,active,-0.048,-0.14400000000000002,,g (estimated)
20260713060915_000240F.MP4,29,2026-07-13T11:09:44+00:00,40.8111532,-96.6894368,0.0,mph,active,-0.048,-0.14400000000000002,,g (estimated)
20260713060915_000240F.MP4,30,2026-07-13T11:09:45+00:00,40.8111572,-96.6894368,0.0,mph,active,-0.048,-0.14400000000000002,,g (estimated)
20260713060915_000240F.MP4,31,2026-07-13T11:09:46+00:00,40.8111613,-96.6894368,0.0,mph,active,-0.048,-0.14400000000000002,,g (estimated)
20260713060915_000240F.MP4,32,2026-07-13T11:09:47+00:00,40.8111654,-96.6894368,0.0,mph,active,-0.048,-0.14400000000000002,,g (estimated)
20260713060915_000240F.MP4,33,2026-07-13T11:09:48+00:00,40.8111654,-96.6894368,0.0,mph,active,-0.048,-0.14400000000000002,,g (estimated)
20260713060915_000240F.MP4,34,2026-07-13T11:09:49+00:00,40.8111654,-96.6894368,0.0,mph,active,-0.048,-0.14400000000000002,,g (estimated)
20260713060915_000240F.MP4,35,2026-07-13T11:09:50+00:00,40.8111654,-96.6894368,0.0,mph,active,-0.048,-0.14400000000000002,,g (estimated)
20260713060915_000240F.MP4,36,2026-07-13T11:09:51+00:00,40.8111654,-96.6894368,0.0,mph,active,-0.048,-0.14400000000000002,,g (estimated)
20260713060915_000240F.MP4,37,2026-07-13T11:09:52+00:00,40.8111654,-96.6894368,0.0,mph,active,-0.048,-0.14400000000000002,,g (estimated)
20260713060915_000240F.MP4,38,2026-07-13T11:09:53+00:00,40.8111654,-96.6894368,0.0,mph,active,-0.048,-0.14400000000000002,,g (estimated)
20260713060915_000240F.MP4,39,2026-07-13T11:09:54+00:00,40.8111654,-96.6894368,0.0,mph,active,-0.048,-0.14400000000000002,,g (estimated)
20260713060915_000240F.MP4,40,2026-07-13T11:09:55+00:00,40.8111654,-96.6894368,0.0,mph,active,-0.048,-0.14400000000000002,,g (estimated)
20260713060915_000240F.MP4,41,2026-07-13T11:09:56+00:00,40.8111654,-96.6894368,0.0,mph,active,-0.048,-0.14400000000000002,,g (estimated)
20260713060915_000240F.MP4,42,2026-07-13T11:09:57+00:00,40.8111654,-96.6894368,0.0,mph,active,-0.048,-0.14400000000000002,,g (estimated)
20260713060915_000240F.MP4,43,2026-07-13T11:09:58+00:00,40.8111654,-96.6894368,0.0,mph,active,-0.048,-0.14400000000000002,,g (estimated)
20260713060915_000240F.MP4,44,2026-07-13T11:09:59+00:00,40.8111654,-96.6894368,0.0,mph,active,-0.048,-0.14400000000000002,,g (estimated)
20260713060915_000240F.MP4,45,2026-07-13T11:10:00+00:00,40.8111654,-96.6894368,0.0,mph,active,-0.048,-0.14400000000000002,,g (estimated)
20260713060915_000240F.MP4,46,2026-07-13T11:10:01+00:00,40.8111654,-96.6894368,0.0,mph,active,-0.048,-0.14400000000000002,,g (estimated)
20260713060915_000240F.MP4,47,2026-07-13T11:10:02+00:00,40.8111654,-96.6894368,0.0,mph,active,-0.048,-0.14400000000000002,,g (estimated)
20260713060915_000240F.MP4,48,2026-07-13T11:10:03+00:00,40.8111654,-96.6894368,0.0,mph,active,-0.048,-0.14400000000000002,,g (estimated)
20260713060915_000240F.MP4,49,2026-07-13T11:10:04+00:00,40.8111654,-96.6894368,0.0,mph,active,-0.048,-0.14400000000000002,,g (estimated)
20260713060915_000240F.MP4,50,2026-07-13T11:10:05+00:00,40.8111654,-96.6894368,0.0,mph,active,-0.048,-0.14400000000000002,,g (estimated)
20260713060915_000240F.MP4,51,2026-07-13T11:10:06+00:00,40.8111654,-96.6894368,0.0,mph,active,-0.048,-0.14400000000000002,,g (estimated)
20260713060915_000240F.MP4,52,2026-07-13T11:10:07+00:00,40.8111613,-96.6894368,0.0,mph,active,-0.048,-0.14400000000000002,,g (estimated)
20260713060915_000240F.MP4,53,2026-07-13T11:10:08+00:00,40.8111613,-96.6894368,0.0,mph,active,-0.048,-0.14400000000000002,,g (estimated)
20260713060915_000240F.MP4,54,2026-07-13T11:10:09+00:00,40.8111613,-96.6894368,0.0,mph,active,-0.048,-0.14400000000000002,,g (estimated)
20260713060915_000240F.MP4,55,2026-07-13T11:10:10+00:00,40.8111572,-96.6894368,0.0,mph,active,-0.048,-0.14400000000000002,,g (estimated)
20260713060915_000240F.MP4,56,2026-07-13T11:10:11+00:00,40.8111532,-96.6894368,0.0,mph,active,-0.048,-0.14400000000000002,,g (estimated)
20260713060915_000240F.MP4,57,2026-07-13T11:10:12+00:00,40.8111532,-96.6894368,0.0,mph,active,-0.048,-0.14400000000000002,,g (estimated)
20260713060915_000240F.MP4,58,2026-07-13T11:10:13+00:00,40.8111491,-96.6894368,0.0,mph,active,-0.048,-0.14400000000000002,,g (estimated)
20260713060915_000240F.MP4,59,2026-07-13T11:10:14+00:00,40.8111491,-96.6894368,0.0,mph,active,-0.096,-0.14400000000000002,,g (estimated)
20260713061015_000242F.MP4,0,2026-07-13T11:10:15+00:00,40.8111491,-96.6894368,0.0,mph,active,-0.048,-0.14400000000000002,,g (estimated)
20260713061015_000242F.MP4,1,2026-07-13T11:10:16+00:00,40.8111491,-96.6894368,0.0,mph,active,-0.048,-0.14400000000000002,,g (estimated)
20260713061015_000242F.MP4,2,2026-07-13T11:10:17+00:00,40.8111532,-96.6894368,0.0,mph,active,-0.048,-0.192,,g (estimated)
20260713061015_000242F.MP4,3,2026-07-13T11:10:18+00:00,40.8111532,-96.6894368,0.0,mph,active,-0.048,-0.14400000000000002,,g (estimated)
20260713061015_000242F.MP4,4,2026-07-13T11:10:19+00:00,40.8111532,-96.6894368,0.0,mph,active,-0.048,-0.14400000000000002,,g (estimated)
20260713061015_000242F.MP4,5,2026-07-13T11:10:20+00:00,40.8111532,-96.6894368,0.0,mph,active,-0.048,-0.14400000000000002,,g (estimated)
20260713061015_000242F.MP4,6,2026-07-13T11:10:21+00:00,40.8111532,-96.6894368,0.0,mph,active,-0.048,-0.14400000000000002,,g (estimated)
20260713061015_000242F.MP4,7,2026-07-13T11:10:22+00:00,40.8111572,-96.6894206,0.0,mph,active,-0.048,-0.14400000000000002,,g (estimated)
20260713061015_000242F.MP4,8,2026-07-13T11:10:23+00:00,40.8111572,-96.6894206,0.0,mph,active,-0.048,-0.192,,g (estimated)
20260713061015_000242F.MP4,9,2026-07-13T11:10:24+00:00,40.8111572,-96.6894206,0.0,mph,active,-0.048,-0.14400000000000002,,g (estimated)
20260713061015_000242F.MP4,10,2026-07-13T11:10:25+00:00,40.8111572,-96.6894206,0.0,mph,active,-0.048,-0.14400000000000002,,g (estimated)
20260713061015_000242F.MP4,11,2026-07-13T11:10:26+00:00,40.8111572,-96.6894206,0.0,mph,active,-0.048,-0.14400000000000002,,g (estimated)
20260713061015_000242F.MP4,12,2026-07-13T11:10:27+00:00,40.8111572,-96.6894206,0.0,mph,active,-0.048,-0.14400000000000002,,g (estimated)
20260713061015_000242F.MP4,13,2026-07-13T11:10:28+00:00,40.8111572,-96.6894206,0.0,mph,active,-0.048,-0.14400000000000002,,g (estimated)
20260713061015_000242F.MP4,14,2026-07-13T11:10:29+00:00,40.8111572,-96.6894206,0.0,mph,active,-0.048,-0.14400000000000002,,g (estimated)
20260713061015_000242F.MP4,15,2026-07-13T11:10:30+00:00,40.8111572,-96.6894206,0.0,mph,active,-0.048,-0.14400000000000002,,g (estimated)
20260713061015_000242F.MP4,16,2026-07-13T11:10:31+00:00,40.8111613,-96.6894206,0.0,mph,active,-0.048,-0.14400000000000002,,g (estimated)
20260713061015_000242F.MP4,17,2026-07-13T11:10:32+00:00,40.8111613,-96.6894043,0.0,mph,active,-0.048,-0.14400000000000002,,g (estimated)
20260713061015_000242F.MP4,18,2026-07-13T11:10:33+00:00,40.8111613,-96.6894043,0.0,mph,active,-0.048,-0.14400000000000002,,g (estimated)
20260713061015_000242F.MP4,19,2026-07-13T11:10:34+00:00,40.8111613,-96.6894043,0.0,mph,active,-0.048,-0.192,,g (estimated)
20260713061015_000242F.MP4,20,2026-07-13T11:10:35+00:00,40.8111613,-96.6894043,0.0,mph,active,-0.048,-0.14400000000000002,,g (estimated)
20260713061015_000242F.MP4,21,2026-07-13T11:10:36+00:00,40.8111572,-96.6894043,0.0,mph,active,-0.048,-0.14400000000000002,,g (estimated)
20260713061015_000242F.MP4,22,2026-07-13T11:10:37+00:00,40.8111572,-96.6894043,0.0,mph,active,-0.048,-0.14400000000000002,,g (estimated)
20260713061015_000242F.MP4,23,2026-07-13T11:10:38+00:00,40.8111572,-96.6894043,0.0,mph,active,-0.048,-0.14400000000000002,,g (estimated)
20260713061015_000242F.MP4,24,2026-07-13T11:10:39+00:00,40.8111532,-96.6894043,0.0,mph,active,-0.048,-0.14400000000000002,,g (estimated)
20260713061015_000242F.MP4,25,2026-07-13T11:10:40+00:00,40.8111532,-96.6894043,0.0,mph,active,-0.048,-0.192,,g (estimated)
20260713061015_000242F.MP4,26,2026-07-13T11:10:41+00:00,40.8111532,-96.6894043,0.0,mph,active,-0.048,-0.14400000000000002,,g (estimated)
20260713061015_000242F.MP4,27,2026-07-13T11:10:42+00:00,40.8111532,-96.6894206,0.0,mph,active,-0.048,-0.14400000000000002,,g (estimated)
20260713061015_000242F.MP4,28,2026-07-13T11:10:43+00:00,40.8111572,-96.6894206,0.0,mph,active,-0.048,-0.14400000000000002,,g (estimated)
20260713061015_000242F.MP4,29,2026-07-13T11:10:44+00:00,40.8111572,-96.6894206,0.0,mph,active,-0.048,-0.14400000000000002,,g (estimated)
20260713061015_000242F.MP4,30,2026-07-13T11:10:45+00:00,40.8111572,-96.6894206,0.0,mph,active,-0.048,-0.14400000000000002,,g (estimated)
20260713061015_000242F.MP4,31,2026-07-13T11:10:46+00:00,40.8111532,-96.6894206,0.0,mph,active,-0.048,-0.14400000000000002,,g (estimated)
20260713061015_000242F.MP4,32,2026-07-13T11:10:47+00:00,40.8111532,-96.6894206,0.0,mph,active,-0.048,-0.14400000000000002,,g (estimated)
20260713061015_000242F.MP4,33,2026-07-13T11:10:48+00:00,40.8111532,-96.6894206,0.0,mph,active,-0.048,-0.14400000000000002,,g (estimated)
20260713061015_000242F.MP4,34,2026-07-13T11:10:49+00:00,40.8111532,-96.6894206,0.0,mph,active,-0.048,-0.14400000000000002,,g (estimated)
20260713061015_000242F.MP4,35,2026-07-13T11:10:50+00:00,40.8111532,-96.6894206,0.0,mph,active,-0.048,-0.14400000000000002,,g (estimated)
20260713061015_000242F.MP4,36,2026-07-13T11:10:51+00:00,40.8111532,-96.6894206,0.0,mph,active,-0.048,-0.192,,g (estimated)
20260713061015_000242F.MP4,37,2026-07-13T11:10:52+00:00,40.8111532,-96.6894206,0.0,mph,active,-0.048,-0.14400000000000002,,g (estimated)
20260713061015_000242F.MP4,38,2026-07-13T11:10:53+00:00,40.8111491,-96.6894206,0.0,mph,active,-0.096,-0.14400000000000002,,g (estimated)
20260713061015_000242F.MP4,39,2026-07-13T11:10:54+00:00,40.8111532,-96.6894206,0.0,mph,active,-0.048,-0.14400000000000002,,g (estimated)
20260713061015_000242F.MP4,40,2026-07-13T11:10:55+00:00,40.8111532,-96.6894206,0.0,mph,active,-0.048,-0.14400000000000002,,g (estimated)
20260713061015_000242F.MP4,41,2026-07-13T11:10:56+00:00,40.8111572,-96.6894206,0.0,mph,active,-0.048,-0.14400000000000002,,g (estimated)
20260713061015_000242F.MP4,42,2026-07-13T11:10:57+00:00,40.8111572,-96.6894206,0.0,mph,active,-0.048,-0.14400000000000002,,g (estimated)
20260713061015_000242F.MP4,43,2026-07-13T11:10:58+00:00,40.8111572,-96.6894206,0.0,mph,active,-0.048,-0.14400000000000002,,g (estimated)
20260713061015_000242F.MP4,44,2026-07-13T11:10:59+00:00,40.8111532,-96.6894368,0.0,mph,active,-0.048,-0.14400000000000002,,g (estimated)
20260713061015_000242F.MP4,45,2026-07-13T11:11:00+00:00,40.8111532,-96.6894368,0.0,mph,active,-0.048,-0.14400000000000002,,g (estimated)
20260713061015_000242F.MP4,46,2026-07-13T11:11:01+00:00,40.8111491,-96.6894368,0.0,mph,active,-0.048,-0.14400000000000002,,g (estimated)
20260713061015_000242F.MP4,47,2026-07-13T11:11:02+00:00,40.8111491,-96.6894368,0.0,mph,active,-0.048,-0.14400000000000002,,g (estimated)
20260713061015_000242F.MP4,48,2026-07-13T11:11:03+00:00,40.8111491,-96.6894368,0.0,mph,active,-0.048,-0.14400000000000002,,g (estimated)
20260713061015_000242F.MP4,49,2026-07-13T11:11:04+00:00,40.8111491,-96.6894368,0.0,mph,active,-0.048,-0.14400000000000002,,g (estimated)
20260713061015_000242F.MP4,50,2026-07-13T11:11:05+00:00,40.8111491,-96.6894368,0.0,mph,active,-0.048,-0.14400000000000002,,g (estimated)
20260713061015_000242F.MP4,51,2026-07-13T11:11:06+00:00,40.8111491,-96.6894206,0.0,mph,active,-0.048,-0.192,,g (estimated)
20260713061015_000242F.MP4,52,2026-07-13T11:11:07+00:00,40.8111532,-96.6894206,0.0,mph,active,-0.048,-0.14400000000000002,,g (estimated)
20260713061015_000242F.MP4,53,2026-07-13T11:11:08+00:00,40.8111532,-96.6894206,0.0,mph,active,-0.048,-0.14400000000000002,,g (estimated)
20260713061015_000242F.MP4,54,2026-07-13T11:11:09+00:00,40.8111532,-96.6894206,0.0,mph,active,-0.048,-0.14400000000000002,,g (estimated)
20260713061015_000242F.MP4,55,2026-07-13T11:11:10+00:00,40.8111572,-96.6894206,0.0,mph,active,-0.048,-0.192,,g (estimated)
20260713061015_000242F.MP4,56,2026-07-13T11:11:11+00:00,40.8111572,-96.6894206,0.0,mph,active,-0.048,-0.192,,g (estimated)
20260713061015_000242F.MP4,57,2026-07-13T11:11:12+00:00,40.8111572,-96.6894206,1.11,mph,active,-0.048,-0.192,,g (estimated)
20260713061015_000242F.MP4,58,2026-07-13T11:11:13+00:00,40.8111654,-96.6894206,2.15,mph,active,-0.048,-0.192,,g (estimated)
20260713061015_000242F.MP4,59,2026-07-13T11:11:14+00:00,40.8111776,-96.6894206,2.07,mph,active,-0.048,-0.192,,g (estimated)
20260713061115_000243F.MP4,0,2026-07-13T11:11:15+00:00,40.8111938,-96.6894206,2.66,mph,active,-0.048,-0.192,,g (estimated)
20260713061115_000243F.MP4,1,2026-07-13T11:11:16+00:00,40.8112101,-96.6894206,4.19,mph,active,0.0,-0.24,,g (estimated)
20260713061115_000243F.MP4,2,2026-07-13T11:11:17+00:00,40.8112345,-96.6894368,5.34,mph,active,0.0,-0.14400000000000002,,g (estimated)
20260713061115_000243F.MP4,3,2026-07-13T11:11:18+00:00,40.8112549,-96.6894531,6.03,mph,active,0.0,-0.192,,g (estimated)
20260713061115_000243F.MP4,4,2026-07-13T11:11:19+00:00,40.8112712,-96.6894857,6.4,mph,active,0.0,-0.192,,g (estimated)
20260713061115_000243F.MP4,5,2026-07-13T11:11:20+00:00,40.8112834,-96.6895182,7.14,mph,active,-0.048,-0.14400000000000002,,g (estimated)
20260713061115_000243F.MP4,6,2026-07-13T11:11:21+00:00,40.8112874,-96.6895671,7.21,mph,active,-0.096,-0.192,,g (estimated)
20260713061115_000243F.MP4,7,2026-07-13T11:11:22+00:00,40.8112915,-96.6896159,7.4,mph,active,-0.048,-0.192,,g (estimated)
20260713061115_000243F.MP4,8,2026-07-13T11:11:23+00:00,40.8112956,-96.6896647,7.4,mph,active,-0.048,0.0,,g (estimated)
20260713061115_000243F.MP4,9,2026-07-13T11:11:24+00:00,40.8112956,-96.6897135,7.85,mph,active,-0.048,-0.096,,g (estimated)
20260713061115_000243F.MP4,10,2026-07-13T11:11:25+00:00,40.8112956,-96.6897461,5.26,mph,active,-0.096,-0.048,,g (estimated)
20260713061115_000243F.MP4,11,2026-07-13T11:11:26+00:00,40.8112956,-96.6897786,3.07,mph,active,-0.048,-0.192,,g (estimated)
20260713061115_000243F.MP4,12,2026-07-13T11:11:27+00:00,40.8112996,-96.6897949,2.17,mph,active,-0.048,-0.28800000000000003,,g (estimated)
20260713061115_000243F.MP4,13,2026-07-13T11:11:28+00:00,40.8112996,-96.6898275,3.69,mph,active,-0.096,-0.192,,g (estimated)
20260713061115_000243F.MP4,14,2026-07-13T11:11:29+00:00,40.8113037,-96.68986,5.47,mph,active,0.0,-0.14400000000000002,,g (estimated)
20260713061115_000243F.MP4,15,2026-07-13T11:11:30+00:00,40.8112996,-96.6898926,7.43,mph,active,-0.048,-0.192,,g (estimated)
20260713061115_000243F.MP4,16,2026-07-13T11:11:31+00:00,40.8112996,-96.6899577,8.68,mph,active,-0.048,-0.14400000000000002,,g (estimated)
20260713061115_000243F.MP4,17,2026-07-13T11:11:32+00:00,40.8112996,-96.6900065,9.72,mph,active,-0.096,-0.14400000000000002,,g (estimated)
20260713061115_000243F.MP4,18,2026-07-13T11:11:33+00:00,40.8112956,-96.6900716,10.07,mph,active,-0.096,-0.192,,g (estimated)
20260713061115_000243F.MP4,19,2026-07-13T11:11:34+00:00,40.8112956,-96.6901367,10.46,mph,active,-0.096,-0.14400000000000002,,g (estimated)
20260713061115_000243F.MP4,20,2026-07-13T11:11:35+00:00,40.8112956,-96.6902018,10.69,mph,active,-0.048,-0.192,,g (estimated)
20260713061115_000243F.MP4,21,2026-07-13T11:11:36+00:00,40.8112915,-96.6902669,10.7,mph,active,-0.096,-0.048,,g (estimated)
20260713061115_000243F.MP4,22,2026-07-13T11:11:37+00:00,40.8112915,-96.690332,10.3,mph,active,-0.096,-0.096,,g (estimated)
20260713061115_000243F.MP4,23,2026-07-13T11:11:38+00:00,40.8112874,-96.6903971,9.05,mph,active,-0.048,-0.048,,g (estimated)
20260713061115_000243F.MP4,24,2026-07-13T11:11:39+00:00,40.8112915,-96.690446,7.4,mph,active,-0.048,0.0,,g (estimated)
20260713061115_000243F.MP4,25,2026-07-13T11:11:40+00:00,40.8112915,-96.6904948,5.08,mph,active,-0.048,-0.048,,g (estimated)
20260713061115_000243F.MP4,26,2026-07-13T11:11:41+00:00,40.8112915,-96.6905111,2.48,mph,active,-0.048,-0.24,,g (estimated)
20260713061115_000243F.MP4,27,2026-07-13T11:11:42+00:00,40.8112956,-96.6905111,0.0,mph,active,-0.048,-0.14400000000000002,,g (estimated)
20260713061115_000243F.MP4,28,2026-07-13T11:11:43+00:00,40.8112996,-96.6905111,0.0,mph,active,-0.048,-0.192,,g (estimated)
20260713061115_000243F.MP4,29,2026-07-13T11:11:44+00:00,40.8112996,-96.6905111,0.0,mph,active,-0.048,-0.24,,g (estimated)
20260713061115_000243F.MP4,30,2026-07-13T11:11:45+00:00,40.8113037,-96.6905111,0.0,mph,active,-0.048,-0.24,,g (estimated)
20260713061115_000243F.MP4,31,2026-07-13T11:11:46+00:00,40.8113037,-96.6905273,0.0,mph,active,-0.048,-0.192,,g (estimated)
20260713061115_000243F.MP4,32,2026-07-13T11:11:47+00:00,40.8113037,-96.6905273,0.0,mph,active,-0.096,-0.192,,g (estimated)
20260713061115_000243F.MP4,33,2026-07-13T11:11:48+00:00,40.8113037,-96.6905436,0.0,mph,active,-0.048,-0.14400000000000002,,g (estimated)
20260713061115_000243F.MP4,34,2026-07-13T11:11:49+00:00,40.8113037,-96.6905599,0.0,mph,active,-0.096,-0.24,,g (estimated)
20260713061115_000243F.MP4,35,2026-07-13T11:11:50+00:00,40.8113037,-96.6905599,0.0,mph,active,-0.096,-0.192,,g (estimated)
20260713061115_000243F.MP4,36,2026-07-13T11:11:51+00:00,40.8113118,-96.6905762,3.77,mph,active,-0.24,-0.14400000000000002,,g (estimated)
20260713061115_000243F.MP4,37,2026-07-13T11:11:52+00:00,40.8113241,-96.6906087,5.42,mph,active,-0.192,-0.24,,g (estimated)
20260713061115_000243F.MP4,38,2026-07-13T11:11:53+00:00,40.8113485,-96.6906413,6.96,mph,active,-0.192,-0.192,,g (estimated)
20260713061115_000243F.MP4,39,2026-07-13T11:11:54+00:00,40.8113892,-96.6906576,7.14,mph,active,-0.192,-0.24,,g (estimated)
20260713061115_000243F.MP4,40,2026-07-13T11:11:55+00:00,40.8114339,-96.6906738,9.15,mph,active,-0.048,-0.28800000000000003,,g (estimated)
20260713061115_000243F.MP4,41,2026-07-13T11:11:56+00:00,40.8114909,-96.6906738,11.38,mph,active,0.0,-0.24,,g (estimated)
20260713061115_000243F.MP4,42,2026-07-13T11:11:57+00:00,40.8115519,-96.6906738,13.53,mph,active,0.0,-0.24,,g (estimated)
20260713061115_000243F.MP4,43,2026-07-13T11:11:58+00:00,40.8116211,-96.6906738,15.02,mph,active,-0.096,-0.192,,g (estimated)
20260713061115_000243F.MP4,44,2026-07-13T11:11:59+00:00,40.8116943,-96.6906576,16.38,mph,active,0.0,-0.192,,g (estimated)
20260713061115_000243F.MP4,45,2026-07-13T11:12:00+00:00,40.8117716,-96.6906576,16.67,mph,active,0.0,-0.24,,g (estimated)
20260713061115_000243F.MP4,46,2026-07-13T11:12:01+00:00,40.811849,-96.6906576,16.96,mph,active,0.0,-0.14400000000000002,,g (estimated)
20260713061115_000243F.MP4,47,2026-07-13T11:12:02+00:00,40.8119263,-96.6906576,16.88,mph,active,0.0,-0.14400000000000002,,g (estimated)
20260713061115_000243F.MP4,48,2026-07-13T11:12:03+00:00,40.8120036,-96.6906576,15.76,mph,active,0.0,-0.096,,g (estimated)
20260713061115_000243F.MP4,49,2026-07-13T11:12:04+00:00,40.8120728,-96.6906413,14.73,mph,active,0.0,-0.048,,g (estimated)
20260713061115_000243F.MP4,50,2026-07-13T11:12:05+00:00,40.8121379,-96.6906413,14.03,mph,active,0.0,0.0,,g (estimated)
20260713061115_000243F.MP4,51,2026-07-13T11:12:06+00:00,40.8121989,-96.6906413,12.52,mph,active,-0.048,0.0,,g (estimated)
20260713061115_000243F.MP4,52,2026-07-13T11:12:07+00:00,40.8122477,-96.6906413,10.12,mph,active,0.0,0.0,,g (estimated)
20260713061115_000243F.MP4,53,2026-07-13T11:12:08+00:00,40.8122884,-96.6906413,7.51,mph,active,0.0,0.0,,g (estimated)
20260713061115_000243F.MP4,54,2026-07-13T11:12:09+00:00,40.8123169,-96.6906413,4.56,mph,active,-0.048,-0.096,,g (estimated)
20260713061115_000243F.MP4,55,2026-07-13T11:12:10+00:00,40.812325,-96.6906738,0.0,mph,active,0.0,-0.192,,g (estimated)
20260713061115_000243F.MP4,56,2026-07-13T11:12:11+00:00,40.8123169,-96.6906738,0.0,mph,active,0.0,-0.336,,g (estimated)
20260713061115_000243F.MP4,57,2026-07-13T11:12:12+00:00,40.812325,-96.6906576,0.0,mph,active,0.0,-0.28800000000000003,,g (estimated)
20260713061115_000243F.MP4,58,2026-07-13T11:12:13+00:00,40.8123372,-96.6906576,0.0,mph,active,0.0,-0.28800000000000003,,g (estimated)
20260713061115_000243F.MP4,59,2026-07-13T11:12:14+00:00,40.8123657,-96.6906738,3.88,mph,active,0.0,-0.28800000000000003,,g (estimated)
20260713061215_000244F.MP4,0,2026-07-13T11:12:15+00:00,40.8123901,-96.6906738,7.18,mph,active,0.096,-0.24,,g (estimated)
20260713061215_000244F.MP4,1,2026-07-13T11:12:16+00:00,40.812439,-96.6906901,9.42,mph,active,0.048,-0.192,,g (estimated)
20260713061215_000244F.MP4,2,2026-07-13T11:12:17+00:00,40.8124837,-96.6907227,10.23,mph,active,0.096,-0.14400000000000002,,g (estimated)
20260713061215_000244F.MP4,3,2026-07-13T11:12:18+00:00,40.8125081,-96.6907878,11.48,mph,active,0.096,-0.192,,g (estimated)
20260713061215_000244F.MP4,4,2026-07-13T11:12:19+00:00,40.8125244,-96.6908529,12.1,mph,active,-0.048,-0.28800000000000003,,g (estimated)
20260713061215_000244F.MP4,5,2026-07-13T11:12:20+00:00,40.8125285,-96.6909342,13.07,mph,active,-0.048,-0.14400000000000002,,g (estimated)
20260713061215_000244F.MP4,6,2026-07-13T11:12:21+00:00,40.8125285,-96.6910319,14.89,mph,active,0.0,-0.192,,g (estimated)
20260713061215_000244F.MP4,7,2026-07-13T11:12:22+00:00,40.8125203,-96.6911296,16.11,mph,active,-0.048,-0.24,,g (estimated)
20260713061215_000244F.MP4,8,2026-07-13T11:12:23+00:00,40.8125203,-96.6912272,17.27,mph,active,-0.048,-0.192,,g (estimated)
20260713061215_000244F.MP4,9,2026-07-13T11:12:24+00:00,40.8125163,-96.6913411,18.41,mph,active,-0.048,-0.192,,g (estimated)
20260713061215_000244F.MP4,10,2026-07-13T11:12:25+00:00,40.8125122,-96.6914551,19.28,mph,active,0.0,-0.192,,g (estimated)
20260713061215_000244F.MP4,11,2026-07-13T11:12:26+00:00,40.8125163,-96.6915853,19.67,mph,active,0.0,-0.24,,g (estimated)
20260713061215_000244F.MP4,12,2026-07-13T11:12:27+00:00,40.8125203,-96.6917155,20.01,mph,active,0.0,-0.24,,g (estimated)
20260713061215_000244F.MP4,13,2026-07-13T11:12:28+00:00,40.8125285,-96.6918457,20.92,mph,active,-0.048,-0.096,,g (estimated)
20260713061215_000244F.MP4,14,2026-07-13T11:12:29+00:00,40.8125244,-96.6919759,21.23,mph,active,-0.048,-0.24,,g (estimated)
20260713061215_000244F.MP4,15,2026-07-13T11:12:30+00:00,40.8125244,-96.6921061,21.16,mph,active,-0.096,-0.14400000000000002,,g (estimated)
20260713061215_000244F.MP4,16,2026-07-13T11:12:31+00:00,40.8125244,-96.6922201,20.64,mph,active,-0.048,-0.14400000000000002,,g (estimated)
20260713061215_000244F.MP4,17,2026-07-13T11:12:32+00:00,40.8125244,-96.6923503,20.96,mph,active,-0.048,-0.096,,g (estimated)
20260713061215_000244F.MP4,18,2026-07-13T11:12:33+00:00,40.8125244,-96.6924805,20.63,mph,active,0.0,-0.192,,g (estimated)
20260713061215_000244F.MP4,19,2026-07-13T11:12:34+00:00,40.8125163,-96.6926107,20.63,mph,active,0.0,-0.192,,g (estimated)
20260713061215_000244F.MP4,20,2026-07-13T11:12:35+00:00,40.8125163,-96.6927409,20.1,mph,active,-0.048,-0.14400000000000002,,g (estimated)
20260713061215_000244F.MP4,21,2026-07-13T11:12:36+00:00,40.8125203,-96.6928548,19.56,mph,active,-0.048,-0.096,,g (estimated)
20260713061215_000244F.MP4,22,2026-07-13T11:12:37+00:00,40.8125203,-96.6929688,18.89,mph,active,-0.048,-0.14400000000000002,,g (estimated)
20260713061215_000244F.MP4,23,2026-07-13T11:12:38+00:00,40.8125203,-96.6930827,18.96,mph,active,-0.048,-0.096,,g (estimated)
20260713061215_000244F.MP4,24,2026-07-13T11:12:39+00:00,40.8125203,-96.6931966,17.75,mph,active,-0.048,-0.14400000000000002,,g (estimated)
20260713061215_000244F.MP4,25,2026-07-13T11:12:40+00:00,40.8125163,-96.6932943,15.76,mph,active,-0.096,-0.048,,g (estimated)
20260713061215_000244F.MP4,26,2026-07-13T11:12:41+00:00,40.8125163,-96.6933919,14.2,mph,active,-0.048,0.0,,g (estimated)
20260713061215_000244F.MP4,27,2026-07-13T11:12:42+00:00,40.8125163,-96.6934733,12.13,mph,active,-0.048,0.0,,g (estimated)
20260713061215_000244F.MP4,28,2026-07-13T11:12:43+00:00,40.8125163,-96.6935384,10.02,mph,active,0.0,0.0,,g (estimated)
20260713061215_000244F.MP4,29,2026-07-13T11:12:44+00:00,40.8125163,-96.6935872,7.33,mph,active,-0.048,0.0,,g (estimated)
20260713061215_000244F.MP4,30,2026-07-13T11:12:45+00:00,40.8125163,-96.6936198,4.54,mph,active,-0.048,-0.048,,g (estimated)
20260713061215_000244F.MP4,31,2026-07-13T11:12:46+00:00,40.8125203,-96.6936361,2.05,mph,active,-0.048,-0.192,,g (estimated)
20260713061215_000244F.MP4,32,2026-07-13T11:12:47+00:00,40.8125244,-96.6936523,0.0,mph,active,-0.048,-0.14400000000000002,,g (estimated)
20260713061215_000244F.MP4,33,2026-07-13T11:12:48+00:00,40.8125244,-96.6936523,0.0,mph,active,-0.048,-0.192,,g (estimated)
20260713061215_000244F.MP4,34,2026-07-13T11:12:49+00:00,40.8125244,-96.6936523,0.0,mph,active,-0.048,-0.14400000000000002,,g (estimated)
20260713061215_000244F.MP4,35,2026-07-13T11:12:50+00:00,40.8125285,-96.6936361,0.0,mph,active,-0.048,-0.14400000000000002,,g (estimated)
20260713061215_000244F.MP4,36,2026-07-13T11:12:51+00:00,40.8125285,-96.6936361,0.0,mph,active,-0.048,-0.192,,g (estimated)
20260713061215_000244F.MP4,37,2026-07-13T11:12:52+00:00,40.8125285,-96.6936361,0.0,mph,active,-0.048,-0.192,,g (estimated)
20260713061215_000244F.MP4,38,2026-07-13T11:12:53+00:00,40.8125285,-96.6936361,0.0,mph,active,-0.048,-0.192,,g (estimated)
20260713061215_000244F.MP4,39,2026-07-13T11:12:54+00:00,40.8125285,-96.6936361,0.0,mph,active,-0.048,-0.192,,g (estimated)
20260713061215_000244F.MP4,40,2026-07-13T11:12:55+00:00,40.8125285,-96.6936361,0.0,mph,active,0.0,-0.192,,g (estimated)
20260713061215_000244F.MP4,41,2026-07-13T11:12:56+00:00,40.8125326,-96.6936361,0.0,mph,active,-0.048,-0.28800000000000003,,g (estimated)
20260713061215_000244F.MP4,42,2026-07-13T11:12:57+00:00,40.8125285,-96.6936361,0.0,mph,active,-0.048,-0.336,,g (estimated)
20260713061215_000244F.MP4,43,2026-07-13T11:12:58+00:00,40.8125285,-96.6936523,3.21,mph,active,0.0,-0.24,,g (estimated)
20260713061215_000244F.MP4,44,2026-07-13T11:12:59+00:00,40.8125244,-96.6936686,5.96,mph,active,0.0,-0.28800000000000003,,g (estimated)
20260713061215_000244F.MP4,45,2026-07-13T11:13:00+00:00,40.8125203,-96.6937174,8.98,mph,active,-0.048,-0.24,,g (estimated)
20260713061215_000244F.MP4,46,2026-07-13T11:13:01+00:00,40.8125163,-96.6937826,11.7,mph,active,-0.048,-0.24,,g (estimated)
20260713061215_000244F.MP4,47,2026-07-13T11:13:02+00:00,40.8125122,-96.6938639,13.49,mph,active,-0.14400000000000002,-0.28800000000000003,,g (estimated)
20260713061215_000244F.MP4,48,2026-07-13T11:13:03+00:00,40.8125081,-96.6939779,15.85,mph,active,0.0,-0.24,,g (estimated)
20260713061215_000244F.MP4,49,2026-07-13T11:13:04+00:00,40.8125081,-96.6940755,17.16,mph,active,-0.048,-0.24,,g (estimated)
20260713061215_000244F.MP4,50,2026-07-13T11:13:05+00:00,40.8125041,-96.6941895,18.7,mph,active,0.0,-0.384,,g (estimated)
20260713061215_000244F.MP4,51,2026-07-13T11:13:06+00:00,40.8125041,-96.6943197,19.88,mph,active,-0.048,-0.048,,g (estimated)
20260713061215_000244F.MP4,52,2026-07-13T11:13:07+00:00,40.8125041,-96.6944336,20.8,mph,active,-0.048,-0.096,,g (estimated)
20260713061215_000244F.MP4,53,2026-07-13T11:13:08+00:00,40.8125,-96.6945638,21.05,mph,active,0.0,-0.336,,g (estimated)
20260713061215_000244F.MP4,54,2026-07-13T11:13:09+00:00,40.8125,-96.6947103,21.62,mph,active,0.0,-0.14400000000000002,,g (estimated)
20260713061215_000244F.MP4,55,2026-07-13T11:13:10+00:00,40.8125,-96.6948405,21.58,mph,active,0.0,-0.192,,g (estimated)
20260713061215_000244F.MP4,56,2026-07-13T11:13:11+00:00,40.8124959,-96.6949707,21.75,mph,active,0.0,-0.096,,g (estimated)
20260713061215_000244F.MP4,57,2026-07-13T11:13:12+00:00,40.8124919,-96.6951172,21.41,mph,active,-0.048,-0.14400000000000002,,g (estimated)
20260713061215_000244F.MP4,58,2026-07-13T11:13:13+00:00,40.8124919,-96.6952474,21.33,mph,active,-0.048,-0.14400000000000002,,g (estimated)
20260713061215_000244F.MP4,59,2026-07-13T11:13:14+00:00,40.8124919,-96.6953613,20.67,mph,active,0.0,-0.14400000000000002,,g (estimated)
20260713061315_000245F.MP4,0,2026-07-13T11:13:15+00:00,40.8124959,-96.6954915,20.39,mph,active,0.0,-0.192,,g (estimated)
20260713061315_000245F.MP4,1,2026-07-13T11:13:16+00:00,40.8125,-96.6956055,19.87,mph,active,0.0,-0.14400000000000002,,g (estimated)
20260713061315_000245F.MP4,2,2026-07-13T11:13:17+00:00,40.8125,-96.6957357,19.65,mph,active,-0.048,-0.14400000000000002,,g (estimated)
20260713061315_000245F.MP4,3,2026-07-13T11:13:18+00:00,40.8125041,-96.6958496,19.68,mph,active,0.0,-0.192,,g (estimated)
20260713061315_000245F.MP4,4,2026-07-13T11:13:19+00:00,40.8125081,-96.6959798,19.64,mph,active,-0.048,-0.096,,g (estimated)
20260713061315_000245F.MP4,5,2026-07-13T11:13:20+00:00,40.8125081,-96.6960938,18.84,mph,active,-0.048,-0.14400000000000002,,g (estimated)
20260713061315_000245F.MP4,6,2026-07-13T11:13:21+00:00,40.8125081,-96.6962077,18.0,mph,active,-0.048,-0.096,,g (estimated)
20260713061315_000245F.MP4,7,2026-07-13T11:13:22+00:00,40.8125081,-96.6963216,16.01,mph,active,0.0,0.0,,g (estimated)
20260713061315_000245F.MP4,8,2026-07-13T11:13:23+00:00,40.8125081,-96.696403,14.15,mph,active,-0.048,0.0,,g (estimated)
20260713061315_000245F.MP4,9,2026-07-13T11:13:24+00:00,40.8125081,-96.6964844,12.59,mph,active,0.0,0.0,,g (estimated)
20260713061315_000245F.MP4,10,2026-07-13T11:13:25+00:00,40.8125122,-96.6965658,9.85,mph,active,0.0,0.0,,g (estimated)
20260713061315_000245F.MP4,11,2026-07-13T11:13:26+00:00,40.8125122,-96.6966146,6.45,mph,active,0.0,0.0,,g (estimated)
20260713061315_000245F.MP4,12,2026-07-13T11:13:27+00:00,40.8125081,-96.6966309,3.46,mph,active,-0.048,-0.192,,g (estimated)
20260713061315_000245F.MP4,13,2026-07-13T11:13:28+00:00,40.8125122,-96.6966309,0.0,mph,active,-0.048,-0.14400000000000002,,g (estimated)
20260713061315_000245F.MP4,14,2026-07-13T11:13:29+00:00,40.8125081,-96.6966309,0.0,mph,active,-0.048,-0.192,,g (estimated)
20260713061315_000245F.MP4,15,2026-07-13T11:13:30+00:00,40.8125122,-96.6966309,0.0,mph,active,-0.048,-0.14400000000000002,,g (estimated)
20260713061315_000245F.MP4,16,2026-07-13T11:13:31+00:00,40.8125122,-96.6966471,0.0,mph,active,-0.048,-0.14400000000000002,,g (estimated)
20260713061315_000245F.MP4,17,2026-07-13T11:13:32+00:00,40.8125122,-96.6966471,0.0,mph,active,-0.048,-0.192,,g (estimated)
20260713061315_000245F.MP4,18,2026-07-13T11:13:33+00:00,40.8125122,-96.6966471,0.0,mph,active,0.0,-0.192,,g (estimated)
20260713061315_000245F.MP4,19,2026-07-13T11:13:34+00:00,40.8125122,-96.6966471,0.0,mph,active,-0.048,-0.14400000000000002,,g (estimated)
20260713061315_000245F.MP4,20,2026-07-13T11:13:35+00:00,40.8125122,-96.6966471,0.0,mph,active,-0.048,-0.14400000000000002,,g (estimated)
20260713061315_000245F.MP4,21,2026-07-13T11:13:36+00:00,40.8125081,-96.6966471,0.0,mph,active,-0.048,-0.14400000000000002,,g (estimated)
20260713061315_000245F.MP4,22,2026-07-13T11:13:37+00:00,40.8125081,-96.6966471,0.0,mph,active,-0.048,-0.14400000000000002,,g (estimated)
20260713061315_000245F.MP4,23,2026-07-13T11:13:38+00:00,40.8125081,-96.6966471,0.0,mph,active,-0.048,-0.192,,g (estimated)
20260713061315_000245F.MP4,24,2026-07-13T11:13:39+00:00,40.8125041,-96.6966309,0.0,mph,active,-0.048,-0.192,,g (estimated)
20260713061315_000245F.MP4,25,2026-07-13T11:13:40+00:00,40.8125,-96.6966309,0.0,mph,active,-0.048,-0.192,,g (estimated)
20260713061315_000245F.MP4,26,2026-07-13T11:13:41+00:00,40.8125,-96.6966309,0.0,mph,active,-0.048,-0.14400000000000002,,g (estimated)
20260713061315_000245F.MP4,27,2026-07-13T11:13:42+00:00,40.8125041,-96.6966309,0.0,mph,active,-0.048,-0.192,,g (estimated)
20260713061315_000245F.MP4,28,2026-07-13T11:13:43+00:00,40.8125081,-96.6966309,0.0,mph,active,-0.048,-0.192,,g (estimated)
20260713061315_000245F.MP4,29,2026-07-13T11:13:44+00:00,40.8125081,-96.6966309,0.0,mph,active,-0.048,-0.192,,g (estimated)
20260713061315_000245F.MP4,30,2026-07-13T11:13:45+00:00,40.8125041,-96.6966309,0.0,mph,active,-0.048,-0.14400000000000002,,g (estimated)
20260713061315_000245F.MP4,31,2026-07-13T11:13:46+00:00,40.8125041,-96.6966309,0.0,mph,active,-0.048,-0.192,,g (estimated)
20260713061315_000245F.MP4,32,2026-07-13T11:13:47+00:00,40.8125041,-96.6966309,0.0,mph,active,-0.048,-0.14400000000000002,,g (estimated)
20260713061315_000245F.MP4,33,2026-07-13T11:13:48+00:00,40.8125041,-96.6966309,0.0,mph,active,-0.048,-0.14400000000000002,,g (estimated)
20260713061315_000245F.MP4,34,2026-07-13T11:13:49+00:00,40.8125041,-96.6966309,0.0,mph,active,-0.048,-0.192,,g (estimated)
20260713061315_000245F.MP4,35,2026-07-13T11:13:50+00:00,40.8125041,-96.6966309,0.0,mph,active,-0.048,-0.14400000000000002,,g (estimated)
20260713061315_000245F.MP4,36,2026-07-13T11:13:51+00:00,40.8125041,-96.6966309,0.0,mph,active,-0.048,-0.14400000000000002,,g (estimated)
20260713061315_000245F.MP4,37,2026-07-13T11:13:52+00:00,40.8125041,-96.6966309,0.0,mph,active,-0.048,-0.192,,g (estimated)
20260713061315_000245F.MP4,38,2026-07-13T11:13:53+00:00,40.8125041,-96.6966309,0.0,mph,active,-0.048,-0.14400000000000002,,g (estimated)
20260713061315_000245F.MP4,39,2026-07-13T11:13:54+00:00,40.8125041,-96.6966309,0.98,mph,active,-0.048,-0.14400000000000002,,g (estimated)
20260713061315_000245F.MP4,40,2026-07-13T11:13:55+00:00,40.8125,-96.6966309,0.0,mph,active,-0.048,-0.192,,g (estimated)
20260713061315_000245F.MP4,41,2026-07-13T11:13:56+00:00,40.8125,-96.6966309,0.0,mph,active,-0.048,-0.192,,g (estimated)
20260713061315_000245F.MP4,42,2026-07-13T11:13:57+00:00,40.8125,-96.6966309,0.0,mph,active,-0.048,-0.14400000000000002,,g (estimated)
20260713061315_000245F.MP4,43,2026-07-13T11:13:58+00:00,40.8125,-96.6966309,0.0,mph,active,-0.048,-0.14400000000000002,,g (estimated)
20260713061315_000245F.MP4,44,2026-07-13T11:13:59+00:00,40.8125,-96.6966309,0.0,mph,active,-0.048,-0.14400000000000002,,g (estimated)
20260713061315_000245F.MP4,45,2026-07-13T11:14:00+00:00,40.8125041,-96.6966309,0.0,mph,active,-0.048,-0.14400000000000002,,g (estimated)
20260713061315_000245F.MP4,46,2026-07-13T11:14:01+00:00,40.8125041,-96.6966146,0.0,mph,active,-0.048,-0.192,,g (estimated)
20260713061315_000245F.MP4,47,2026-07-13T11:14:02+00:00,40.8125041,-96.6966146,0.0,mph,active,-0.048,-0.14400000000000002,,g (estimated)
20260713061315_000245F.MP4,48,2026-07-13T11:14:03+00:00,40.8125041,-96.6966146,0.0,mph,active,-0.048,-0.192,,g (estimated)
20260713061315_000245F.MP4,49,2026-07-13T11:14:04+00:00,40.8125041,-96.6966146,0.0,mph,active,-0.048,-0.14400000000000002,,g (estimated)
20260713061315_000245F.MP4,50,2026-07-13T11:14:05+00:00,40.8125041,-96.6966146,0.0,mph,active,-0.048,-0.192,,g (estimated)
20260713061315_000245F.MP4,51,2026-07-13T11:14:06+00:00,40.8125081,-96.6966146,0.0,mph,active,-0.048,-0.384,,g (estimated)
20260713061315_000245F.MP4,52,2026-07-13T11:14:07+00:00,40.8125081,-96.6966146,1.71,mph,active,-0.048,-0.336,,g (estimated)
20260713061315_000245F.MP4,53,2026-07-13T11:14:08+00:00,40.8125081,-96.6966309,4.84,mph,active,-0.048,-0.336,,g (estimated)
20260713061315_000245F.MP4,54,2026-07-13T11:14:09+00:00,40.8125081,-96.6966634,7.6,mph,active,-0.048,-0.192,,g (estimated)
20260713061315_000245F.MP4,55,2026-07-13T11:14:10+00:00,40.8125081,-96.6967285,10.61,mph,active,-0.048,-0.28800000000000003,,g (estimated)
20260713061315_000245F.MP4,56,2026-07-13T11:14:11+00:00,40.8125081,-96.6968099,13.08,mph,active,-0.048,-0.24,,g (estimated)
20260713061315_000245F.MP4,57,2026-07-13T11:14:12+00:00,40.8125081,-96.6968913,14.73,mph,active,0.0,-0.28800000000000003,,g (estimated)
20260713061315_000245F.MP4,58,2026-07-13T11:14:13+00:00,40.8125081,-96.6969889,16.43,mph,active,-0.048,-0.28800000000000003,,g (estimated)
20260713061315_000245F.MP4,59,2026-07-13T11:14:14+00:00,40.8125081,-96.6970866,18.4,mph,active,0.0,-0.192,,g (estimated)
20260713061415_000246F.MP4,0,2026-07-13T11:14:15+00:00,40.8125081,-96.6972168,19.87,mph,active,-0.048,-0.24,,g (estimated)
20260713061415_000246F.MP4,1,2026-07-13T11:14:16+00:00,40.8125122,-96.6973307,20.35,mph,active,-0.048,-0.14400000000000002,,g (estimated)
20260713061415_000246F.MP4,2,2026-07-13T11:14:17+00:00,40.8125122,-96.6974609,20.38,mph,active,0.0,-0.096,,g (estimated)
20260713061415_000246F.MP4,3,2026-07-13T11:14:18+00:00,40.8125163,-96.6975911,20.23,mph,active,0.0,-0.14400000000000002,,g (estimated)
20260713061415_000246F.MP4,4,2026-07-13T11:14:19+00:00,40.8125163,-96.6977051,18.55,mph,active,0.0,-0.048,,g (estimated)
20260713061415_000246F.MP4,5,2026-07-13T11:14:20+00:00,40.8125122,-96.697819,16.56,mph,active,-0.048,0.0,,g (estimated)
20260713061415_000246F.MP4,6,2026-07-13T11:14:21+00:00,40.8125122,-96.6979167,14.0,mph,active,0.0,0.0,,g (estimated)
20260713061415_000246F.MP4,7,2026-07-13T11:14:22+00:00,40.8125163,-96.6979818,10.76,mph,active,0.0,0.0,,g (estimated)
20260713061415_000246F.MP4,8,2026-07-13T11:14:23+00:00,40.8125163,-96.6980306,7.5,mph,active,0.0,-0.048,,g (estimated)
20260713061415_000246F.MP4,9,2026-07-13T11:14:24+00:00,40.8125203,-96.6980632,3.84,mph,active,-0.048,-0.096,,g (estimated)
20260713061415_000246F.MP4,10,2026-07-13T11:14:25+00:00,40.8125203,-96.6980794,0.0,mph,active,-0.096,-0.192,,g (estimated)
20260713061415_000246F.MP4,11,2026-07-13T11:14:26+00:00,40.8125203,-96.6980794,0.0,mph,active,-0.048,-0.192,,g (estimated)
20260713061415_000246F.MP4,12,2026-07-13T11:14:27+00:00,40.8125203,-96.6980794,0.0,mph,active,0.0,-0.14400000000000002,,g (estimated)
20260713061415_000246F.MP4,13,2026-07-13T11:14:28+00:00,40.8125203,-96.6980794,0.0,mph,active,-0.048,-0.192,,g (estimated)
20260713061415_000246F.MP4,14,2026-07-13T11:14:29+00:00,40.8125203,-96.6980794,0.0,mph,active,0.0,-0.14400000000000002,,g (estimated)
20260713061415_000246F.MP4,15,2026-07-13T11:14:30+00:00,40.8125203,-96.6980794,0.0,mph,active,-0.048,-0.192,,g (estimated)
20260713061415_000246F.MP4,16,2026-07-13T11:14:31+00:00,40.8125163,-96.6980794,0.0,mph,active,-0.048,-0.192,,g (estimated)
20260713061415_000246F.MP4,17,2026-07-13T11:14:32+00:00,40.8125163,-96.6980794,0.0,mph,active,0.0,-0.192,,g (estimated)
20260713061415_000246F.MP4,18,2026-07-13T11:14:33+00:00,40.8125081,-96.6980794,0.0,mph,active,-0.048,-0.192,,g (estimated)
20260713061415_000246F.MP4,19,2026-07-13T11:14:34+00:00,40.8125081,-96.6980794,0.0,mph,active,0.0,-0.192,,g (estimated)
20260713061415_000246F.MP4,20,2026-07-13T11:14:35+00:00,40.8125081,-96.6980632,0.0,mph,active,-0.048,-0.192,,g (estimated)
20260713061415_000246F.MP4,21,2026-07-13T11:14:36+00:00,40.8125081,-96.6980632,0.0,mph,active,-0.048,-0.192,,g (estimated)
20260713061415_000246F.MP4,22,2026-07-13T11:14:37+00:00,40.8125041,-96.6980632,0.0,mph,active,-0.048,-0.14400000000000002,,g (estimated)
20260713061415_000246F.MP4,23,2026-07-13T11:14:38+00:00,40.8125,-96.6980632,0.0,mph,active,0.0,-0.192,,g (estimated)
20260713061415_000246F.MP4,24,2026-07-13T11:14:39+00:00,40.8125,-96.6980632,0.0,mph,active,-0.048,-0.192,,g (estimated)
20260713061415_000246F.MP4,25,2026-07-13T11:14:40+00:00,40.8125,-96.6980632,0.0,mph,active,-0.048,-0.192,,g (estimated)
20260713061415_000246F.MP4,26,2026-07-13T11:14:41+00:00,40.8125,-96.6980632,0.0,mph,active,0.0,-0.192,,g (estimated)
20260713061415_000246F.MP4,27,2026-07-13T11:14:42+00:00,40.8125,-96.6980632,0.0,mph,active,0.0,-0.14400000000000002,,g (estimated)
20260713061415_000246F.MP4,28,2026-07-13T11:14:43+00:00,40.8125,-96.6980632,0.0,mph,active,-0.048,-0.192,,g (estimated)
20260713061415_000246F.MP4,29,2026-07-13T11:14:44+00:00,40.8125,-96.6980632,0.0,mph,active,-0.048,-0.384,,g (estimated)
20260713061415_000246F.MP4,30,2026-07-13T11:14:45+00:00,40.8125,-96.6980632,1.5,mph,active,-0.048,-0.384,,g (estimated)
20260713061415_000246F.MP4,31,2026-07-13T11:14:46+00:00,40.8125,-96.6980632,5.44,mph,active,0.0,-0.336,,g (estimated)
20260713061415_000246F.MP4,32,2026-07-13T11:14:47+00:00,40.8125081,-96.6981283,8.6,mph,active,-0.048,-0.28800000000000003,,g (estimated)
20260713061415_000246F.MP4,33,2026-07-13T11:14:48+00:00,40.8125081,-96.6981934,11.09,mph,active,0.0,-0.28800000000000003,,g (estimated)
20260713061415_000246F.MP4,34,2026-07-13T11:14:49+00:00,40.8125081,-96.6982747,13.52,mph,active,-0.048,-0.24,,g (estimated)
20260713061415_000246F.MP4,35,2026-07-13T11:14:50+00:00,40.8125041,-96.6983724,15.37,mph,active,-0.048,-0.28800000000000003,,g (estimated)
20260713061415_000246F.MP4,36,2026-07-13T11:14:51+00:00,40.8125081,-96.6984701,16.62,mph,active,-0.048,-0.192,,g (estimated)
20260713061415_000246F.MP4,37,2026-07-13T11:14:52+00:00,40.8125041,-96.698584,18.39,mph,active,-0.048,-0.24,,g (estimated)
20260713061415_000246F.MP4,38,2026-07-13T11:14:53+00:00,40.8125081,-96.6986979,19.99,mph,active,-0.048,-0.14400000000000002,,g (estimated)
20260713061415_000246F.MP4,39,2026-07-13T11:14:54+00:00,40.8125122,-96.6988281,20.57,mph,active,0.0,-0.048,,g (estimated)
20260713061415_000246F.MP4,40,2026-07-13T11:14:55+00:00,40.8125163,-96.6989583,19.85,mph,active,0.0,-0.048,,g (estimated)
20260713061415_000246F.MP4,41,2026-07-13T11:14:56+00:00,40.8125163,-96.6990723,17.81,mph,active,0.0,-0.048,,g (estimated)
20260713061415_000246F.MP4,42,2026-07-13T11:14:57+00:00,40.8125163,-96.6991699,15.62,mph,active,-0.048,-0.048,,g (estimated)
20260713061415_000246F.MP4,43,2026-07-13T11:14:58+00:00,40.8125122,-96.6992513,12.94,mph,active,-0.048,0.0,,g (estimated)
20260713061415_000246F.MP4,44,2026-07-13T11:14:59+00:00,40.8125163,-96.6993327,10.28,mph,active,0.0,-0.048,,g (estimated)
20260713061415_000246F.MP4,45,2026-07-13T11:15:00+00:00,40.8125203,-96.6993815,7.71,mph,active,-0.048,0.0,,g (estimated)
20260713061415_000246F.MP4,46,2026-07-13T11:15:01+00:00,40.8125203,-96.6994141,4.9,mph,active,0.0,-0.048,,g (estimated)
20260713061415_000246F.MP4,47,2026-07-13T11:15:02+00:00,40.8125203,-96.6994303,2.42,mph,active,0.0,-0.096,,g (estimated)
20260713061415_000246F.MP4,48,2026-07-13T11:15:03+00:00,40.8125203,-96.6994466,0.0,mph,active,0.0,-0.14400000000000002,,g (estimated)
20260713061415_000246F.MP4,49,2026-07-13T11:15:04+00:00,40.8125203,-96.6994303,0.0,mph,active,0.0,-0.24,,g (estimated)
20260713061415_000246F.MP4,50,2026-07-13T11:15:05+00:00,40.8125203,-96.6994303,0.0,mph,active,0.0,-0.336,,g (estimated)
20260713061415_000246F.MP4,51,2026-07-13T11:15:06+00:00,40.8125203,-96.6994303,0.0,mph,active,0.0,-0.384,,g (estimated)
20260713061415_000246F.MP4,52,2026-07-13T11:15:07+00:00,40.8125203,-96.6994466,0.0,mph,active,0.0,-0.28800000000000003,,g (estimated)
20260713061415_000246F.MP4,53,2026-07-13T11:15:08+00:00,40.8125285,-96.6994629,5.51,mph,active,-0.048,-0.336,,g (estimated)
20260713061415_000246F.MP4,54,2026-07-13T11:15:09+00:00,40.8125285,-96.699528,8.77,mph,active,-0.048,-0.24,,g (estimated)
20260713061415_000246F.MP4,55,2026-07-13T11:15:10+00:00,40.8125285,-96.6995931,11.78,mph,active,0.0,-0.28800000000000003,,g (estimated)
20260713061415_000246F.MP4,56,2026-07-13T11:15:11+00:00,40.8125326,-96.6996745,15.08,mph,active,-0.048,-0.28800000000000003,,g (estimated)
20260713061415_000246F.MP4,57,2026-07-13T11:15:12+00:00,40.8125326,-96.6997721,17.1,mph,active,0.0,0.0,,g (estimated)
20260713061415_000246F.MP4,58,2026-07-13T11:15:13+00:00,40.8125326,-96.6998861,18.43,mph,active,0.0,-0.192,,g (estimated)
20260713061415_000246F.MP4,59,2026-07-13T11:15:14+00:00,40.8125366,-96.7000163,18.78,mph,active,-0.048,-0.14400000000000002,,g (estimated)
20260713061515_000247F.MP4,0,2026-07-13T11:15:15+00:00,40.8125326,-96.7001302,19.66,mph,active,0.0,-0.192,,g (estimated)
20260713061515_000247F.MP4,1,2026-07-13T11:15:16+00:00,40.8125285,-96.7002604,20.52,mph,active,0.0,-0.14400000000000002,,g (estimated)
20260713061515_000247F.MP4,2,2026-07-13T11:15:17+00:00,40.8125285,-96.7003906,21.27,mph,active,0.0,-0.14400000000000002,,g (estimated)
20260713061515_000247F.MP4,3,2026-07-13T11:15:18+00:00,40.8125285,-96.7005371,21.86,mph,active,0.0,-0.14400000000000002,,g (estimated)
20260713061515_000247F.MP4,4,2026-07-13T11:15:19+00:00,40.8125244,-96.7006673,22.24,mph,active,0.0,-0.14400000000000002,,g (estimated)
20260713061515_000247F.MP4,5,2026-07-13T11:15:20+00:00,40.8125203,-96.7008138,21.66,mph,active,-0.048,-0.14400000000000002,,g (estimated)
20260713061515_000247F.MP4,6,2026-07-13T11:15:21+00:00,40.8125203,-96.700944,21.29,mph,active,-0.096,-0.24,,g (estimated)
20260713061515_000247F.MP4,7,2026-07-13T11:15:22+00:00,40.8125285,-96.7010742,21.29,mph,active,-0.048,-0.14400000000000002,,g (estimated)
20260713061515_000247F.MP4,8,2026-07-13T11:15:23+00:00,40.8125366,-96.7012207,21.63,mph,active,0.0,-0.096,,g (estimated)
20260713061515_000247F.MP4,9,2026-07-13T11:15:24+00:00,40.8125448,-96.7013509,21.92,mph,active,-0.048,-0.14400000000000002,,g (estimated)
20260713061515_000247F.MP4,10,2026-07-13T11:15:25+00:00,40.8125448,-96.7014974,21.09,mph,active,-0.048,-0.096,,g (estimated)
20260713061515_000247F.MP4,11,2026-07-13T11:15:26+00:00,40.8125448,-96.7016113,21.15,mph,active,0.0,-0.14400000000000002,,g (estimated)
20260713061515_000247F.MP4,12,2026-07-13T11:15:27+00:00,40.8125448,-96.7017415,20.09,mph,active,-0.048,-0.048,,g (estimated)
20260713061515_000247F.MP4,13,2026-07-13T11:15:28+00:00,40.8125448,-96.7018717,18.96,mph,active,-0.048,-0.048,,g (estimated)
20260713061515_000247F.MP4,14,2026-07-13T11:15:29+00:00,40.8125488,-96.7019694,17.01,mph,active,-0.048,-0.048,,g (estimated)
20260713061515_000247F.MP4,15,2026-07-13T11:15:30+00:00,40.8125488,-96.7020671,14.46,mph,active,-0.048,-0.048,,g (estimated)
20260713061515_000247F.MP4,16,2026-07-13T11:15:31+00:00,40.812557,-96.7021647,12.05,mph,active,0.0,-0.048,,g (estimated)
20260713061515_000247F.MP4,17,2026-07-13T11:15:32+00:00,40.812557,-96.7022298,9.36,mph,active,-0.048,-0.096,,g (estimated)
20260713061515_000247F.MP4,18,2026-07-13T11:15:33+00:00,40.812561,-96.7022786,6.58,mph,active,0.0,-0.096,,g (estimated)
20260713061515_000247F.MP4,19,2026-07-13T11:15:34+00:00,40.8125651,-96.7023112,4.46,mph,active,0.0,-0.096,,g (estimated)
20260713061515_000247F.MP4,20,2026-07-13T11:15:35+00:00,40.8125651,-96.7023275,2.66,mph,active,0.0,-0.096,,g (estimated)
20260713061515_000247F.MP4,21,2026-07-13T11:15:36+00:00,40.8125651,-96.7023275,0.0,mph,active,-0.048,-0.14400000000000002,,g (estimated)
20260713061515_000247F.MP4,22,2026-07-13T11:15:37+00:00,40.8125651,-96.7023275,0.0,mph,active,0.0,-0.192,,g (estimated)
20260713061515_000247F.MP4,23,2026-07-13T11:15:38+00:00,40.8125651,-96.7023275,0.0,mph,active,0.0,-0.14400000000000002,,g (estimated)
20260713061515_000247F.MP4,24,2026-07-13T11:15:39+00:00,40.8125692,-96.7023437,0.0,mph,active,0.0,-0.14400000000000002,,g (estimated)
20260713061515_000247F.MP4,25,2026-07-13T11:15:40+00:00,40.8125651,-96.7023275,0.0,mph,active,-0.048,-0.24,,g (estimated)
20260713061515_000247F.MP4,26,2026-07-13T11:15:41+00:00,40.8125651,-96.7023275,0.0,mph,active,0.0,-0.336,,g (estimated)
20260713061515_000247F.MP4,27,2026-07-13T11:15:42+00:00,40.8125692,-96.7023275,0.0,mph,active,-0.048,-0.336,,g (estimated)
20260713061515_000247F.MP4,28,2026-07-13T11:15:43+00:00,40.8125692,-96.7023437,4.46,mph,active,0.0,-0.28800000000000003,,g (estimated)
20260713061515_000247F.MP4,29,2026-07-13T11:15:44+00:00,40.8125651,-96.7023926,7.16,mph,active,0.0,-0.28800000000000003,,g (estimated)
20260713061515_000247F.MP4,30,2026-07-13T11:15:45+00:00,40.812557,-96.7024414,9.03,mph,active,0.0,-0.28800000000000003,,g (estimated)
20260713061515_000247F.MP4,31,2026-07-13T11:15:46+00:00,40.8125407,-96.7024902,11.23,mph,active,-0.048,-0.24,,g (estimated)
20260713061515_000247F.MP4,32,2026-07-13T11:15:47+00:00,40.8125244,-96.7025716,13.44,mph,active,-0.048,-0.24,,g (estimated)
20260713061515_000247F.MP4,33,2026-07-13T11:15:48+00:00,40.8125081,-96.702653,15.15,mph,active,0.0,-0.192,,g (estimated)
20260713061515_000247F.MP4,34,2026-07-13T11:15:49+00:00,40.8125,-96.7027507,16.81,mph,active,0.0,-0.24,,g (estimated)
20260713061515_000247F.MP4,35,2026-07-13T11:15:50+00:00,40.8125041,-96.7028646,17.96,mph,active,0.0,-0.192,,g (estimated)
20260713061515_000247F.MP4,36,2026-07-13T11:15:51+00:00,40.8125041,-96.7029785,18.83,mph,active,0.0,-0.14400000000000002,,g (estimated)
20260713061515_000247F.MP4,37,2026-07-13T11:15:52+00:00,40.8124756,-96.7030762,19.37,mph,active,-0.048,-0.192,,g (estimated)
20260713061515_000247F.MP4,38,2026-07-13T11:15:53+00:00,40.8124674,-96.7031901,19.35,mph,active,-0.048,-0.096,,g (estimated)
20260713061515_000247F.MP4,39,2026-07-13T11:15:54+00:00,40.8124593,-96.703304,18.58,mph,active,0.0,-0.048,,g (estimated)
20260713061515_000247F.MP4,40,2026-07-13T11:15:55+00:00,40.8124552,-96.703418,18.13,mph,active,-0.048,-0.048,,g (estimated)
20260713061515_000247F.MP4,41,2026-07-13T11:15:56+00:00,40.8124349,-96.7034993,15.36,mph,active,-0.096,0.0,,g (estimated)
20260713061515_000247F.MP4,42,2026-07-13T11:15:57+00:00,40.8124349,-96.703597,12.25,mph,active,-0.048,-0.096,,g (estimated)
20260713061515_000247F.MP4,43,2026-07-13T11:15:58+00:00,40.8124268,-96.7036621,9.81,mph,active,0.0,-0.192,,g (estimated)
20260713061515_000247F.MP4,44,2026-07-13T11:15:59+00:00,40.8124227,-96.7037109,8.51,mph,active,-0.048,-0.28800000000000003,,g (estimated)
20260713061515_000247F.MP4,45,2026-07-13T11:16:00+00:00,40.8124227,-96.703776,9.4,mph,active,0.0,-0.24,,g (estimated)
20260713061515_000247F.MP4,46,2026-07-13T11:16:01+00:00,40.8124186,-96.7038411,10.7,mph,active,-0.048,-0.24,,g (estimated)
20260713061515_000247F.MP4,47,2026-07-13T11:16:02+00:00,40.8124146,-96.7039225,12.52,mph,active,-0.048,-0.24,,g (estimated)
20260713061515_000247F.MP4,48,2026-07-13T11:16:03+00:00,40.8124186,-96.7040202,15.29,mph,active,-0.048,-0.24,,g (estimated)
20260713061515_000247F.MP4,49,2026-07-13T11:16:04+00:00,40.8124512,-96.7041504,17.61,mph,active,-0.048,-0.24,,g (estimated)
20260713061515_000247F.MP4,50,2026-07-13T11:16:05+00:00,40.8124674,-96.7042806,19.76,mph,active,-0.048,-0.192,,g (estimated)
20260713061515_000247F.MP4,51,2026-07-13T11:16:06+00:00,40.8124797,-96.7044108,20.63,mph,active,0.0,-0.24,,g (estimated)
20260713061515_000247F.MP4,52,2026-07-13T11:16:07+00:00,40.8124919,-96.7045573,21.9,mph,active,-0.096,-0.24,,g (estimated)
20260713061515_000247F.MP4,53,2026-07-13T11:16:08+00:00,40.8125081,-96.7046875,22.18,mph,active,-0.048,-0.14400000000000002,,g (estimated)
20260713061515_000247F.MP4,54,2026-07-13T11:16:09+00:00,40.8125163,-96.704834,22.24,mph,active,-0.048,-0.192,,g (estimated)
20260713061515_000247F.MP4,55,2026-07-13T11:16:10+00:00,40.8125244,-96.7049805,22.45,mph,active,-0.048,-0.14400000000000002,,g (estimated)
20260713061515_000247F.MP4,56,2026-07-13T11:16:11+00:00,40.8125326,-96.7051107,22.45,mph,active,-0.048,-0.192,,g (estimated)
20260713061515_000247F.MP4,57,2026-07-13T11:16:12+00:00,40.8125366,-96.7052572,23.03,mph,active,-0.096,-0.192,,g (estimated)
20260713061515_000247F.MP4,58,2026-07-13T11:16:13+00:00,40.8125407,-96.7054036,23.05,mph,active,0.0,-0.192,,g (estimated)
20260713061515_000247F.MP4,59,2026-07-13T11:16:14+00:00,40.8125529,-96.7055501,23.08,mph,active,0.0,-0.096,,g (estimated)
20260713061615_000248F.MP4,0,2026-07-13T11:16:15+00:00,40.812561,-96.7056966,23.01,mph,active,0.0,-0.24,,g (estimated)
20260713061615_000248F.MP4,1,2026-07-13T11:16:16+00:00,40.8125651,-96.7058431,22.99,mph,active,-0.048,-0.096,,g (estimated)
20260713061615_000248F.MP4,2,2026-07-13T11:16:17+00:00,40.8125651,-96.7059896,22.37,mph,active,-0.048,-0.192,,g (estimated)
20260713061615_000248F.MP4,3,2026-07-13T11:16:18+00:00,40.8125732,-96.7061198,21.3,mph,active,-0.048,-0.192,,g (estimated)
20260713061615_000248F.MP4,4,2026-07-13T11:16:19+00:00,40.8125732,-96.7062337,20.79,mph,active,0.0,-0.096,,g (estimated)
20260713061615_000248F.MP4,5,2026-07-13T11:16:20+00:00,40.8125773,-96.7063639,20.28,mph,active,0.0,0.0,,g (estimated)
20260713061615_000248F.MP4,6,2026-07-13T11:16:21+00:00,40.8125814,-96.7064941,19.16,mph,active,0.0,0.0,,g (estimated)
20260713061615_000248F.MP4,7,2026-07-13T11:16:22+00:00,40.8125854,-96.7066081,17.23,mph,active,-0.096,0.0,,g (estimated)
20260713061615_000248F.MP4,8,2026-07-13T11:16:23+00:00,40.8125854,-96.7067057,14.9,mph,active,0.0,-0.048,,g (estimated)
20260713061615_000248F.MP4,9,2026-07-13T11:16:24+00:00,40.8125732,-96.7067708,12.28,mph,active,-0.048,0.0,,g (estimated)
20260713061615_000248F.MP4,10,2026-07-13T11:16:25+00:00,40.8125692,-96.7068197,8.71,mph,active,0.0,0.0,,g (estimated)
20260713061615_000248F.MP4,11,2026-07-13T11:16:26+00:00,40.812561,-96.7068522,5.07,mph,active,-0.048,-0.096,,g (estimated)
20260713061615_000248F.MP4,12,2026-07-13T11:16:27+00:00,40.812557,-96.7068848,2.69,mph,active,-0.048,-0.14400000000000002,,g (estimated)
20260713061615_000248F.MP4,13,2026-07-13T11:16:28+00:00,40.8125529,-96.7068848,0.0,mph,active,0.0,-0.192,,g (estimated)
20260713061615_000248F.MP4,14,2026-07-13T11:16:29+00:00,40.8125529,-96.7068848,0.0,mph,active,0.0,-0.14400000000000002,,g (estimated)
20260713061615_000248F.MP4,15,2026-07-13T11:16:30+00:00,40.8125529,-96.7068848,0.0,mph,active,-0.048,-0.24,,g (estimated)
20260713061615_000248F.MP4,16,2026-07-13T11:16:31+00:00,40.812557,-96.7068848,0.0,mph,active,0.0,-0.384,,g (estimated)
20260713061615_000248F.MP4,17,2026-07-13T11:16:32+00:00,40.812557,-96.7068848,0.0,mph,active,-0.048,-0.28800000000000003,,g (estimated)
20260713061615_000248F.MP4,18,2026-07-13T11:16:33+00:00,40.812557,-96.7068848,4.22,mph,active,-0.192,-0.28800000000000003,,g (estimated)
20260713061615_000248F.MP4,19,2026-07-13T11:16:34+00:00,40.8125244,-96.706901,5.88,mph,active,-0.336,-0.24,,g (estimated)
20260713061615_000248F.MP4,20,2026-07-13T11:16:35+00:00,40.8125122,-96.7069336,6.07,mph,active,-0.14400000000000002,-0.24,,g (estimated)
20260713061615_000248F.MP4,21,2026-07-13T11:16:36+00:00,40.8125244,-96.7069661,5.29,mph,active,-0.384,-0.336,,g (estimated)
20260713061615_000248F.MP4,22,2026-07-13T11:16:37+00:00,40.8125651,-96.7069987,8.14,mph,active,-0.048,-0.28800000000000003,,g (estimated)
20260713061615_000248F.MP4,23,2026-07-13T11:16:38+00:00,40.812618,-96.7070312,8.09,mph,active,0.0,-0.24,,g (estimated)
20260713061615_000248F.MP4,24,2026-07-13T11:16:39+00:00,40.812675,-96.7070312,10.33,mph,active,0.0,-0.192,,g (estimated)
20260713061615_000248F.MP4,25,2026-07-13T11:16:40+00:00,40.8127441,-96.707015,12.56,mph,active,0.0,-0.24,,g (estimated)
20260713061615_000248F.MP4,26,2026-07-13T11:16:41+00:00,40.8128215,-96.7069987,14.8,mph,active,0.0,-0.192,,g (estimated)
20260713061615_000248F.MP4,27,2026-07-13T11:16:42+00:00,40.8129069,-96.7069824,14.83,mph,active,0.096,-0.14400000000000002,,g (estimated)
20260713061615_000248F.MP4,28,2026-07-13T11:16:43+00:00,40.8129924,-96.7069824,17.22,mph,active,-0.048,-0.192,,g (estimated)
20260713061615_000248F.MP4,29,2026-07-13T11:16:44+00:00,40.8130819,-96.7069824,16.18,mph,active,0.14400000000000002,-0.384,,g (estimated)
20260713061615_000248F.MP4,30,2026-07-13T11:16:45+00:00,40.8131592,-96.7069824,15.05,mph,active,0.0,-0.048,,g (estimated)
20260713061615_000248F.MP4,31,2026-07-13T11:16:46+00:00,40.8132284,-96.7069824,13.32,mph,active,-0.048,0.048,,g (estimated)
20260713061615_000248F.MP4,32,2026-07-13T11:16:47+00:00,40.8132935,-96.7069824,12.49,mph,active,-0.048,-0.048,,g (estimated)
20260713061615_000248F.MP4,33,2026-07-13T11:16:48+00:00,40.8133464,-96.7069824,9.92,mph,active,-0.048,-0.096,,g (estimated)
20260713061615_000248F.MP4,34,2026-07-13T11:16:49+00:00,40.813387,-96.7069824,7.14,mph,active,0.0,0.0,,g (estimated)
20260713061615_000248F.MP4,35,2026-07-13T11:16:50+00:00,40.8134196,-96.7069824,4.5,mph,active,-0.048,-0.048,,g (estimated)
20260713061615_000248F.MP4,36,2026-07-13T11:16:51+00:00,40.813444,-96.7069824,2.14,mph,active,-0.048,-0.192,,g (estimated)
20260713061615_000248F.MP4,37,2026-07-13T11:16:52+00:00,40.8134481,-96.7069824,0.0,mph,active,-0.048,-0.192,,g (estimated)
20260713061615_000248F.MP4,38,2026-07-13T11:16:53+00:00,40.8134481,-96.7069824,0.0,mph,active,-0.048,-0.14400000000000002,,g (estimated)
20260713061615_000248F.MP4,39,2026-07-13T11:16:54+00:00,40.8134521,-96.7069824,0.0,mph,active,0.0,-0.192,,g (estimated)
20260713061615_000248F.MP4,40,2026-07-13T11:16:55+00:00,40.8134521,-96.7069824,0.0,mph,active,0.0,-0.192,,g (estimated)
20260713061615_000248F.MP4,41,2026-07-13T11:16:56+00:00,40.8134562,-96.7069824,0.0,mph,active,0.0,-0.192,,g (estimated)
20260713061615_000248F.MP4,42,2026-07-13T11:16:57+00:00,40.8134562,-96.7069824,0.0,mph,active,-0.048,-0.192,,g (estimated)
20260713061615_000248F.MP4,43,2026-07-13T11:16:58+00:00,40.8134562,-96.7069824,0.0,mph,active,-0.048,-0.14400000000000002,,g (estimated)
20260713061615_000248F.MP4,44,2026-07-13T11:16:59+00:00,40.8134562,-96.7069824,0.0,mph,active,-0.048,-0.192,,g (estimated)
20260713061615_000248F.MP4,45,2026-07-13T11:17:00+00:00,40.8134562,-96.7069824,0.0,mph,active,-0.048,-0.14400000000000002,,g (estimated)
20260713061615_000248F.MP4,46,2026-07-13T11:17:01+00:00,40.8134562,-96.7069824,0.0,mph,active,-0.048,-0.14400000000000002,,g (estimated)
20260713061615_000248F.MP4,47,2026-07-13T11:17:02+00:00,40.8134562,-96.7069824,0.0,mph,active,-0.048,-0.192,,g (estimated)
20260713061615_000248F.MP4,48,2026-07-13T11:17:03+00:00,40.8134562,-96.7069824,0.0,mph,active,-0.048,-0.192,,g (estimated)
20260713061615_000248F.MP4,49,2026-07-13T11:17:04+00:00,40.8134562,-96.7069824,0.0,mph,active,0.0,-0.192,,g (estimated)
20260713061615_000248F.MP4,50,2026-07-13T11:17:05+00:00,40.8134521,-96.7069824,0.0,mph,active,0.0,-0.192,,g (estimated)
20260713061615_000248F.MP4,51,2026-07-13T11:17:06+00:00,40.8134521,-96.7069824,0.0,mph,active,0.0,-0.14400000000000002,,g (estimated)
20260713061615_000248F.MP4,52,2026-07-13T11:17:07+00:00,40.8134521,-96.7069824,0.0,mph,active,-0.048,-0.192,,g (estimated)
20260713061615_000248F.MP4,53,2026-07-13T11:17:08+00:00,40.8134521,-96.7069824,0.0,mph,active,0.0,-0.14400000000000002,,g (estimated)
20260713061615_000248F.MP4,54,2026-07-13T11:17:09+00:00,40.8134521,-96.7069824,0.0,mph,active,-0.048,-0.192,,g (estimated)
20260713061615_000248F.MP4,55,2026-07-13T11:17:10+00:00,40.8134481,-96.7069824,0.0,mph,active,-0.048,-0.192,,g (estimated)
20260713061615_000248F.MP4,56,2026-07-13T11:17:11+00:00,40.8134481,-96.7069824,0.0,mph,active,0.0,-0.14400000000000002,,g (estimated)
20260713061615_000248F.MP4,57,2026-07-13T11:17:12+00:00,40.8134521,-96.7069824,0.0,mph,active,0.0,-0.192,,g (estimated)
20260713061615_000248F.MP4,58,2026-07-13T11:17:13+00:00,40.8134521,-96.7069824,0.0,mph,active,0.0,-0.14400000000000002,,g (estimated)
20260713061615_000248F.MP4,59,2026-07-13T11:17:14+00:00,40.8134562,-96.7069824,0.0,mph,active,-0.048,-0.192,,g (estimated)
20260713061715_000249F.MP4,0,2026-07-13T11:17:15+00:00,40.8134603,-96.7069824,0.0,mph,active,0.0,-0.192,,g (estimated)
20260713061715_000249F.MP4,1,2026-07-13T11:17:16+00:00,40.8134603,-96.7069824,0.0,mph,active,-0.048,-0.14400000000000002,,g (estimated)
20260713061715_000249F.MP4,2,2026-07-13T11:17:17+00:00,40.8134603,-96.7069824,0.0,mph,active,0.0,-0.192,,g (estimated)
20260713061715_000249F.MP4,3,2026-07-13T11:17:18+00:00,40.8134603,-96.7069824,0.0,mph,active,0.0,-0.192,,g (estimated)
20260713061715_000249F.MP4,4,2026-07-13T11:17:19+00:00,40.8134603,-96.7069824,0.0,mph,active,0.0,-0.192,,g (estimated)
20260713061715_000249F.MP4,5,2026-07-13T11:17:20+00:00,40.8134603,-96.7069824,0.0,mph,active,-0.048,-0.192,,g (estimated)
20260713061715_000249F.MP4,6,2026-07-13T11:17:21+00:00,40.8134603,-96.7069824,0.0,mph,active,-0.048,-0.192,,g (estimated)
20260713061715_000249F.MP4,7,2026-07-13T11:17:22+00:00,40.8134644,-96.7069661,0.0,mph,active,-0.048,-0.336,,g (estimated)
20260713061715_000249F.MP4,8,2026-07-13T11:17:23+00:00,40.8134644,-96.7069661,1.99,mph,active,0.0,-0.384,,g (estimated)
20260713061715_000249F.MP4,9,2026-07-13T11:17:24+00:00,40.8134806,-96.7069824,5.04,mph,active,-0.048,-0.28800000000000003,,g (estimated)
20260713061715_000249F.MP4,10,2026-07-13T11:17:25+00:00,40.8135132,-96.7069987,9.26,mph,active,-0.048,-0.384,,g (estimated)
20260713061715_000249F.MP4,11,2026-07-13T11:17:26+00:00,40.8135701,-96.7069987,12.81,mph,active,-0.048,-0.384,,g (estimated)
20260713061715_000249F.MP4,12,2026-07-13T11:17:27+00:00,40.8136353,-96.7069987,14.49,mph,active,-0.28800000000000003,-0.28800000000000003,,g (estimated)
20260713061715_000249F.MP4,13,2026-07-13T11:17:28+00:00,40.8137085,-96.7069987,16.18,mph,active,0.048,-0.192,,g (estimated)
20260713061715_000249F.MP4,14,2026-07-13T11:17:29+00:00,40.8137899,-96.7069987,17.54,mph,active,-0.096,-0.14400000000000002,,g (estimated)
20260713061715_000249F.MP4,15,2026-07-13T11:17:30+00:00,40.8138753,-96.7069987,17.75,mph,active,-0.048,-0.192,,g (estimated)
20260713061715_000249F.MP4,16,2026-07-13T11:17:31+00:00,40.8139608,-96.7069987,18.11,mph,active,-0.048,-0.192,,g (estimated)
20260713061715_000249F.MP4,17,2026-07-13T11:17:32+00:00,40.8140503,-96.7069824,18.59,mph,active,-0.048,-0.192,,g (estimated)
20260713061715_000249F.MP4,18,2026-07-13T11:17:33+00:00,40.8141398,-96.7069824,19.12,mph,active,0.0,-0.192,,g (estimated)
20260713061715_000249F.MP4,19,2026-07-13T11:17:34+00:00,40.8142293,-96.7069661,19.61,mph,active,-0.048,-0.24,,g (estimated)
20260713061715_000249F.MP4,20,2026-07-13T11:17:35+00:00,40.8143229,-96.7069661,20.65,mph,active,-0.096,-0.14400000000000002,,g (estimated)
20260713061715_000249F.MP4,21,2026-07-13T11:17:36+00:00,40.8144246,-96.7069661,21.72,mph,active,-0.048,-0.192,,g (estimated)
20260713061715_000249F.MP4,22,2026-07-13T11:17:37+00:00,40.8145304,-96.7069661,22.43,mph,active,0.0,-0.14400000000000002,,g (estimated)
20260713061715_000249F.MP4,23,2026-07-13T11:17:38+00:00,40.8146403,-96.7069661,22.46,mph,active,0.0,0.0,,g (estimated)
20260713061715_000249F.MP4,24,2026-07-13T11:17:39+00:00,40.8147461,-96.7069661,23.02,mph,active,-0.096,-0.14400000000000002,,g (estimated)
20260713061715_000249F.MP4,25,2026-07-13T11:17:40+00:00,40.814856,-96.7069661,23.26,mph,active,-0.048,-0.14400000000000002,,g (estimated)
20260713061715_000249F.MP4,26,2026-07-13T11:17:41+00:00,40.8149618,-96.7069661,22.58,mph,active,-0.048,-0.14400000000000002,,g (estimated)
20260713061715_000249F.MP4,27,2026-07-13T11:17:42+00:00,40.8150675,-96.7069824,21.96,mph,active,-0.048,-0.14400000000000002,,g (estimated)
20260713061715_000249F.MP4,28,2026-07-13T11:17:43+00:00,40.8151693,-96.7069824,21.02,mph,active,0.048,-0.14400000000000002,,g (estimated)
20260713061715_000249F.MP4,29,2026-07-13T11:17:44+00:00,40.8152669,-96.7069824,19.95,mph,active,-0.048,-0.14400000000000002,,g (estimated)
20260713061715_000249F.MP4,30,2026-07-13T11:17:45+00:00,40.8153524,-96.7069824,19.08,mph,active,0.0,-0.048,,g (estimated)
20260713061715_000249F.MP4,31,2026-07-13T11:17:46+00:00,40.8154338,-96.7069987,18.34,mph,active,0.0,-0.048,,g (estimated)
20260713061715_000249F.MP4,32,2026-07-13T11:17:47+00:00,40.8155151,-96.7069987,17.0,mph,active,-0.192,-0.14400000000000002,,g (estimated)
20260713061715_000249F.MP4,33,2026-07-13T11:17:48+00:00,40.8155924,-96.7069987,15.9,mph,active,-0.096,-0.14400000000000002,,g (estimated)
20260713061715_000249F.MP4,34,2026-07-13T11:17:49+00:00,40.8156698,-96.7069987,15.45,mph,active,-0.048,-0.24,,g (estimated)
20260713061715_000249F.MP4,35,2026-07-13T11:17:50+00:00,40.8157471,-96.7069987,15.8,mph,active,0.0,-0.192,,g (estimated)
20260713061715_000249F.MP4,36,2026-07-13T11:17:51+00:00,40.8158285,-96.7069987,16.58,mph,active,-0.048,-0.192,,g (estimated)
20260713061715_000249F.MP4,37,2026-07-13T11:17:52+00:00,40.8159098,-96.7069824,18.4,mph,active,0.0,-0.192,,g (estimated)
20260713061715_000249F.MP4,38,2026-07-13T11:17:53+00:00,40.8159993,-96.7069824,19.43,mph,active,-0.048,-0.28800000000000003,,g (estimated)
20260713061715_000249F.MP4,39,2026-07-13T11:17:54+00:00,40.816097,-96.7069824,20.78,mph,active,-0.048,-0.192,,g (estimated)
20260713061715_000249F.MP4,40,2026-07-13T11:17:55+00:00,40.8161947,-96.7069824,22.52,mph,active,-0.048,-0.192,,g (estimated)
20260713061715_000249F.MP4,41,2026-07-13T11:17:56+00:00,40.8163005,-96.7069987,23.72,mph,active,-0.048,-0.28800000000000003,,g (estimated)
20260713061715_000249F.MP4,42,2026-07-13T11:17:57+00:00,40.8164144,-96.7069987,24.85,mph,active,-0.048,-0.14400000000000002,,g (estimated)
20260713061715_000249F.MP4,43,2026-07-13T11:17:58+00:00,40.8165365,-96.7069987,25.85,mph,active,-0.096,0.0,,g (estimated)
20260713061715_000249F.MP4,44,2026-07-13T11:17:59+00:00,40.8166585,-96.707015,27.3,mph,active,-0.048,-0.192,,g (estimated)
20260713061715_000249F.MP4,45,2026-07-13T11:18:00+00:00,40.8167928,-96.707015,28.21,mph,active,0.0,-0.096,,g (estimated)
20260713061715_000249F.MP4,46,2026-07-13T11:18:01+00:00,40.8169189,-96.707015,27.45,mph,active,0.0,-0.336,,g (estimated)
20260713061715_000249F.MP4,47,2026-07-13T11:18:02+00:00,40.8170451,-96.7070312,28.33,mph,active,0.0,-0.24,,g (estimated)
20260713061715_000249F.MP4,48,2026-07-13T11:18:03+00:00,40.8171672,-96.7070475,28.54,mph,active,-0.048,-0.14400000000000002,,g (estimated)
20260713061715_000249F.MP4,49,2026-07-13T11:18:04+00:00,40.8172933,-96.7070801,28.62,mph,active,0.0,-0.24,,g (estimated)
20260713061715_000249F.MP4,50,2026-07-13T11:18:05+00:00,40.8174194,-96.7071126,28.4,mph,active,-0.096,-0.192,,g (estimated)
20260713061715_000249F.MP4,51,2026-07-13T11:18:06+00:00,40.8175496,-96.7071777,29.5,mph,active,-0.048,-0.096,,g (estimated)
20260713061715_000249F.MP4,52,2026-07-13T11:18:07+00:00,40.8176799,-96.7072266,29.81,mph,active,0.0,-0.192,,g (estimated)
20260713061715_000249F.MP4,53,2026-07-13T11:18:08+00:00,40.8178101,-96.7072917,29.01,mph,active,0.0,-0.096,,g (estimated)
20260713061715_000249F.MP4,54,2026-07-13T11:18:09+00:00,40.8179281,-96.707373,27.99,mph,active,0.0,-0.048,,g (estimated)
20260713061715_000249F.MP4,55,2026-07-13T11:18:10+00:00,40.8180461,-96.7074382,26.84,mph,active,-0.048,-0.14400000000000002,,g (estimated)
20260713061715_000249F.MP4,56,2026-07-13T11:18:11+00:00,40.81816,-96.7075195,26.89,mph,active,0.0,0.0,,g (estimated)
20260713061715_000249F.MP4,57,2026-07-13T11:18:12+00:00,40.8182699,-96.7076009,26.63,mph,active,0.0,0.14400000000000002,,g (estimated)
20260713061715_000249F.MP4,58,2026-07-13T11:18:13+00:00,40.8183757,-96.707666,25.26,mph,active,-0.048,-0.096,,g (estimated)
20260713061715_000249F.MP4,59,2026-07-13T11:18:14+00:00,40.8184814,-96.7077311,24.35,mph,active,-0.048,-0.096,,g (estimated)
20260713061815_000250F.MP4,0,2026-07-13T11:18:15+00:00,40.8185791,-96.7077962,23.16,mph,active,0.0,-0.14400000000000002,,g (estimated)
20260713061815_000250F.MP4,1,2026-07-13T11:18:16+00:00,40.8186727,-96.7078613,22.57,mph,active,-0.096,-0.192,,g (estimated)
20260713061815_000250F.MP4,2,2026-07-13T11:18:17+00:00,40.8187703,-96.7079264,22.9,mph,active,-0.048,-0.192,,g (estimated)
20260713061815_000250F.MP4,3,2026-07-13T11:18:18+00:00,40.8188639,-96.7079915,22.84,mph,active,-0.096,-0.14400000000000002,,g (estimated)
20260713061815_000250F.MP4,4,2026-07-13T11:18:19+00:00,40.8189616,-96.7080566,23.51,mph,active,0.0,-0.096,,g (estimated)
20260713061815_000250F.MP4,5,2026-07-13T11:18:20+00:00,40.8190674,-96.7081055,23.49,mph,active,-0.048,-0.192,,g (estimated)
20260713061815_000250F.MP4,6,2026-07-13T11:18:21+00:00,40.8191732,-96.7081543,23.74,mph,active,-0.14400000000000002,-0.192,,g (estimated)
20260713061815_000250F.MP4,7,2026-07-13T11:18:22+00:00,40.819279,-96.7082031,23.57,mph,active,-0.048,-0.192,,g (estimated)
20260713061815_000250F.MP4,8,2026-07-13T11:18:23+00:00,40.8193848,-96.7082357,23.65,mph,active,-0.096,-0.096,,g (estimated)
20260713061815_000250F.MP4,9,2026-07-13T11:18:24+00:00,40.8194906,-96.7082682,23.7,mph,active,-0.048,-0.14400000000000002,,g (estimated)
20260713061815_000250F.MP4,10,2026-07-13T11:18:25+00:00,40.8195964,-96.7083008,23.32,mph,active,-0.048,-0.096,,g (estimated)
20260713061815_000250F.MP4,11,2026-07-13T11:18:26+00:00,40.8196981,-96.7083171,23.0,mph,active,0.0,-0.192,,g (estimated)
20260713061815_000250F.MP4,12,2026-07-13T11:18:27+00:00,40.8198079,-96.7083333,23.18,mph,active,-0.048,-0.28800000000000003,,g (estimated)
20260713061815_000250F.MP4,13,2026-07-13T11:18:28+00:00,40.8199178,-96.7083496,23.71,mph,active,-0.096,-0.24,,g (estimated)
20260713061815_000250F.MP4,14,2026-07-13T11:18:29+00:00,40.8200358,-96.7083496,24.51,mph,active,-0.048,-0.28800000000000003,,g (estimated)
20260713061815_000250F.MP4,15,2026-07-13T11:18:30+00:00,40.8201497,-96.7083659,25.14,mph,active,0.0,-0.096,,g (estimated)
20260713061815_000250F.MP4,16,2026-07-13T11:18:31+00:00,40.8202677,-96.7083659,25.12,mph,active,-0.192,-0.192,,g (estimated)
20260713061815_000250F.MP4,17,2026-07-13T11:18:32+00:00,40.8203857,-96.7083659,25.2,mph,active,-0.048,-0.192,,g (estimated)
20260713061815_000250F.MP4,18,2026-07-13T11:18:33+00:00,40.8205037,-96.7083659,25.2,mph,active,-0.096,-0.096,,g (estimated)
20260713061815_000250F.MP4,19,2026-07-13T11:18:34+00:00,40.8206136,-96.7083659,24.15,mph,active,-0.096,-0.192,,g (estimated)
20260713061815_000250F.MP4,20,2026-07-13T11:18:35+00:00,40.8207235,-96.7083496,23.33,mph,active,-0.096,-0.192,,g (estimated)
20260713061815_000250F.MP4,21,2026-07-13T11:18:36+00:00,40.8208293,-96.7083333,23.06,mph,active,0.0,-0.096,,g (estimated)
20260713061815_000250F.MP4,22,2026-07-13T11:18:37+00:00,40.8209269,-96.7083333,22.83,mph,active,-0.048,-0.28800000000000003,,g (estimated)
20260713061815_000250F.MP4,23,2026-07-13T11:18:38+00:00,40.8210327,-96.7083008,23.65,mph,active,-0.096,-0.096,,g (estimated)
20260713061815_000250F.MP4,24,2026-07-13T11:18:39+00:00,40.8211304,-96.7082682,23.36,mph,active,-0.096,-0.192,,g (estimated)
20260713061815_000250F.MP4,25,2026-07-13T11:18:40+00:00,40.821224,-96.7082194,22.63,mph,active,-0.096,-0.24,,g (estimated)
20260713061815_000250F.MP4,26,2026-07-13T11:18:41+00:00,40.8213135,-96.7081706,21.74,mph,active,-0.048,-0.14400000000000002,,g (estimated)
20260713061815_000250F.MP4,27,2026-07-13T11:18:42+00:00,40.8214111,-96.7081217,22.47,mph,active,-0.14400000000000002,-0.192,,g (estimated)
20260713061815_000250F.MP4,28,2026-07-13T11:18:43+00:00,40.8214966,-96.7080729,22.43,mph,active,-0.048,-0.096,,g (estimated)
20260713061815_000250F.MP4,29,2026-07-13T11:18:44+00:00,40.8215902,-96.7080078,21.92,mph,active,0.0,-0.096,,g (estimated)
20260713061815_000250F.MP4,30,2026-07-13T11:18:45+00:00,40.8216756,-96.7079427,21.86,mph,active,-0.048,-0.096,,g (estimated)
20260713061815_000250F.MP4,31,2026-07-13T11:18:46+00:00,40.821757,-96.7078939,20.42,mph,active,-0.048,0.0,,g (estimated)
20260713061815_000250F.MP4,32,2026-07-13T11:18:47+00:00,40.8218384,-96.7078288,18.81,mph,active,-0.14400000000000002,0.0,,g (estimated)
20260713061815_000250F.MP4,33,2026-07-13T11:18:48+00:00,40.8219116,-96.7077637,16.17,mph,active,-0.048,0.0,,g (estimated)
20260713061815_000250F.MP4,34,2026-07-13T11:18:49+00:00,40.8219645,-96.7077148,13.2,mph,active,-0.096,-0.14400000000000002,,g (estimated)
20260713061815_000250F.MP4,35,2026-07-13T11:18:50+00:00,40.8220052,-96.707666,10.97,mph,active,-0.096,-0.24,,g (estimated)
20260713061815_000250F.MP4,36,2026-07-13T11:18:51+00:00,40.8220337,-96.7076172,10.48,mph,active,0.0,-0.336,,g (estimated)
20260713061815_000250F.MP4,37,2026-07-13T11:18:52+00:00,40.8220662,-96.7075521,11.91,mph,active,0.0,-0.192,,g (estimated)
20260713061815_000250F.MP4,38,2026-07-13T11:18:53+00:00,40.8220947,-96.707487,14.06,mph,active,0.0,-0.336,,g (estimated)
20260713061815_000250F.MP4,39,2026-07-13T11:18:54+00:00,40.8221395,-96.7074219,16.19,mph,active,0.0,-0.192,,g (estimated)
20260713061815_000250F.MP4,40,2026-07-13T11:18:55+00:00,40.8221965,-96.7073405,17.75,mph,active,-0.048,-0.192,,g (estimated)
20260713061815_000250F.MP4,41,2026-07-13T11:18:56+00:00,40.8222697,-96.7072754,19.86,mph,active,0.0,-0.28800000000000003,,g (estimated)
20260713061815_000250F.MP4,42,2026-07-13T11:18:57+00:00,40.822347,-96.7072103,20.86,mph,active,0.0,-0.24,,g (estimated)
20260713061815_000250F.MP4,43,2026-07-13T11:18:58+00:00,40.8224325,-96.7071289,22.35,mph,active,-0.048,-0.192,,g (estimated)
20260713061815_000250F.MP4,44,2026-07-13T11:18:59+00:00,40.822522,-96.7070475,23.4,mph,active,-0.14400000000000002,-0.192,,g (estimated)
20260713061815_000250F.MP4,45,2026-07-13T11:19:00+00:00,40.8226074,-96.7069661,23.37,mph,active,-0.14400000000000002,-0.14400000000000002,,g (estimated)
20260713061815_000250F.MP4,46,2026-07-13T11:19:01+00:00,40.8226929,-96.7068685,23.35,mph,active,-0.24,-0.192,,g (estimated)
20260713061815_000250F.MP4,47,2026-07-13T11:19:02+00:00,40.8227702,-96.7067708,24.14,mph,active,-0.14400000000000002,-0.24,,g (estimated)
20260713061815_000250F.MP4,48,2026-07-13T11:19:03+00:00,40.8228475,-96.7066406,25.88,mph,active,0.0,-0.28800000000000003,,g (estimated)
20260713061815_000250F.MP4,49,2026-07-13T11:19:04+00:00,40.8229248,-96.7065104,27.74,mph,active,0.0,-0.048,,g (estimated)
20260713061815_000250F.MP4,50,2026-07-13T11:19:05+00:00,40.822998,-96.7063639,28.87,mph,active,-0.048,-0.24,,g (estimated)
20260713061815_000250F.MP4,51,2026-07-13T11:19:06+00:00,40.8230754,-96.7062012,30.31,mph,active,0.0,-0.24,,g (estimated)
20260713061815_000250F.MP4,52,2026-07-13T11:19:07+00:00,40.8231567,-96.7060384,31.62,mph,active,0.0,-0.192,,g (estimated)
20260713061815_000250F.MP4,53,2026-07-13T11:19:08+00:00,40.8232422,-96.7058757,32.55,mph,active,0.0,-0.14400000000000002,,g (estimated)
20260713061815_000250F.MP4,54,2026-07-13T11:19:09+00:00,40.8233317,-96.7056966,33.76,mph,active,-0.048,-0.096,,g (estimated)
20260713061815_000250F.MP4,55,2026-07-13T11:19:10+00:00,40.8234253,-96.7055339,34.17,mph,active,0.0,-0.14400000000000002,,g (estimated)
20260713061815_000250F.MP4,56,2026-07-13T11:19:11+00:00,40.8235148,-96.7053548,34.57,mph,active,-0.048,-0.192,,g (estimated)
20260713061815_000250F.MP4,57,2026-07-13T11:19:12+00:00,40.8236003,-96.7051758,32.87,mph,active,0.0,-0.14400000000000002,,g (estimated)
20260713061815_000250F.MP4,58,2026-07-13T11:19:13+00:00,40.8236857,-96.705013,32.46,mph,active,0.0,-0.096,,g (estimated)
20260713061815_000250F.MP4,59,2026-07-13T11:19:14+00:00,40.8237671,-96.7048503,32.1,mph,active,0.0,-0.096,,g (estimated)
20260713061915_000251F.MP4,0,2026-07-13T11:19:15+00:00,40.8238525,-96.7046875,32.07,mph,active,0.0,-0.14400000000000002,,g (estimated)
20260713061915_000251F.MP4,1,2026-07-13T11:19:16+00:00,40.8239339,-96.7045247,32.11,mph,active,0.0,-0.14400000000000002,,g (estimated)
20260713061915_000251F.MP4,2,2026-07-13T11:19:17+00:00,40.8240194,-96.704362,31.68,mph,active,-0.048,-0.192,,g (estimated)
20260713061915_000251F.MP4,3,2026-07-13T11:19:18+00:00,40.8241048,-96.7041992,33.0,mph,active,-0.048,-0.192,,g (estimated)
20260713061915_000251F.MP4,4,2026-07-13T11:19:19+00:00,40.8241903,-96.7040365,33.03,mph,active,0.0,-0.192,,g (estimated)
20260713061915_000251F.MP4,5,2026-07-13T11:19:20+00:00,40.8242757,-96.7038574,32.89,mph,active,-0.048,-0.192,,g (estimated)
20260713061915_000251F.MP4,6,2026-07-13T11:19:21+00:00,40.8243612,-96.7036947,33.75,mph,active,-0.048,-0.192,,g (estimated)
20260713061915_000251F.MP4,7,2026-07-13T11:19:22+00:00,40.8244507,-96.7035156,33.79,mph,active,-0.048,-0.14400000000000002,,g (estimated)
20260713061915_000251F.MP4,8,2026-07-13T11:19:23+00:00,40.8245402,-96.7033529,33.86,mph,active,-0.096,-0.096,,g (estimated)
20260713061915_000251F.MP4,9,2026-07-13T11:19:24+00:00,40.8246297,-96.7031901,33.62,mph,active,-0.096,-0.14400000000000002,,g (estimated)
20260713061915_000251F.MP4,10,2026-07-13T11:19:25+00:00,40.8247152,-96.7030111,32.8,mph,active,0.0,-0.048,,g (estimated)
20260713061915_000251F.MP4,11,2026-07-13T11:19:26+00:00,40.8247965,-96.7028483,31.66,mph,active,-0.048,-0.048,,g (estimated)
20260713061915_000251F.MP4,12,2026-07-13T11:19:27+00:00,40.8248739,-96.7027018,29.49,mph,active,-0.048,-0.096,,g (estimated)
20260713061915_000251F.MP4,13,2026-07-13T11:19:28+00:00,40.8249471,-96.7025553,27.69,mph,active,-0.14400000000000002,0.0,,g (estimated)
20260713061915_000251F.MP4,14,2026-07-13T11:19:29+00:00,40.8250163,-96.7024251,26.04,mph,active,-0.192,-0.096,,g (estimated)
20260713061915_000251F.MP4,15,2026-07-13T11:19:30+00:00,40.8250773,-96.7022949,24.6,mph,active,-0.048,0.0,,g (estimated)
20260713061915_000251F.MP4,16,2026-07-13T11:19:31+00:00,40.8251302,-96.7021647,22.91,mph,active,0.0,-0.048,,g (estimated)
20260713061915_000251F.MP4,17,2026-07-13T11:19:32+00:00,40.825179,-96.7020508,21.28,mph,active,0.0,-0.14400000000000002,,g (estimated)
20260713061915_000251F.MP4,18,2026-07-13T11:19:33+00:00,40.8252279,-96.7019531,20.47,mph,active,0.0,-0.24,,g (estimated)
20260713061915_000251F.MP4,19,2026-07-13T11:19:34+00:00,40.8252767,-96.7018392,20.24,mph,active,0.0,-0.192,,g (estimated)
20260713061915_000251F.MP4,20,2026-07-13T11:19:35+00:00,40.8253296,-96.7017415,20.64,mph,active,-0.096,-0.192,,g (estimated)
20260713061915_000251F.MP4,21,2026-07-13T11:19:36+00:00,40.8253825,-96.7016276,21.27,mph,active,-0.096,-0.192,,g (estimated)
20260713061915_000251F.MP4,22,2026-07-13T11:19:37+00:00,40.8254354,-96.7015299,21.94,mph,active,0.0,-0.192,,g (estimated)
20260713061915_000251F.MP4,23,2026-07-13T11:19:38+00:00,40.8254883,-96.701416,22.62,mph,active,0.0,-0.24,,g (estimated)
20260713061915_000251F.MP4,24,2026-07-13T11:19:39+00:00,40.8255452,-96.7013021,23.41,mph,active,-0.048,-0.14400000000000002,,g (estimated)
20260713061915_000251F.MP4,25,2026-07-13T11:19:40+00:00,40.8256063,-96.7011719,24.2,mph,active,0.0,-0.24,,g (estimated)
20260713061915_000251F.MP4,26,2026-07-13T11:19:41+00:00,40.8256673,-96.7010579,24.88,mph,active,0.0,-0.192,,g (estimated)
20260713061915_000251F.MP4,27,2026-07-13T11:19:42+00:00,40.8257324,-96.7009277,25.57,mph,active,-0.048,-0.24,,g (estimated)
20260713061915_000251F.MP4,28,2026-07-13T11:19:43+00:00,40.8257975,-96.7007813,26.18,mph,active,0.0,-0.192,,g (estimated)
20260713061915_000251F.MP4,29,2026-07-13T11:19:44+00:00,40.8258626,-96.700651,26.75,mph,active,0.0,-0.192,,g (estimated)
20260713061915_000251F.MP4,30,2026-07-13T11:19:45+00:00,40.8259318,-96.7005208,27.03,mph,active,-0.048,-0.24,,g (estimated)
20260713061915_000251F.MP4,31,2026-07-13T11:19:46+00:00,40.826001,-96.7003743,27.06,mph,active,0.0,-0.24,,g (estimated)
20260713061915_000251F.MP4,32,2026-07-13T11:19:47+00:00,40.8260661,-96.7002279,27.12,mph,active,0.0,-0.192,,g (estimated)
20260713061915_000251F.MP4,33,2026-07-13T11:19:48+00:00,40.8261353,-96.7000977,26.89,mph,active,-0.048,-0.192,,g (estimated)
20260713061915_000251F.MP4,34,2026-07-13T11:19:49+00:00,40.8262004,-96.6999512,26.32,mph,active,-0.048,-0.048,,g (estimated)
20260713061915_000251F.MP4,35,2026-07-13T11:19:50+00:00,40.8262614,-96.699821,25.16,mph,active,0.0,-0.14400000000000002,,g (estimated)
20260713061915_000251F.MP4,36,2026-07-13T11:19:51+00:00,40.8263143,-96.6996908,23.64,mph,active,-0.096,-0.14400000000000002,,g (estimated)
20260713061915_000251F.MP4,37,2026-07-13T11:19:52+00:00,40.8263631,-96.6995605,22.34,mph,active,0.0,-0.14400000000000002,,g (estimated)
20260713061915_000251F.MP4,38,2026-07-13T11:19:53+00:00,40.8264119,-96.6994466,21.04,mph,active,-0.048,-0.14400000000000002,,g (estimated)
20260713061915_000251F.MP4,39,2026-07-13T11:19:54+00:00,40.8264567,-96.6993327,20.22,mph,active,0.0,-0.096,,g (estimated)
20260713061915_000251F.MP4,40,2026-07-13T11:19:55+00:00,40.8265015,-96.699235,18.44,mph,active,0.0,-0.048,,g (estimated)
20260713061915_000251F.MP4,41,2026-07-13T11:19:56+00:00,40.8265422,-96.6991374,16.7,mph,active,-0.048,-0.048,,g (estimated)
20260713061915_000251F.MP4,42,2026-07-13T11:19:57+00:00,40.8265788,-96.699056,14.17,mph,active,-0.096,-0.048,,g (estimated)
20260713061915_000251F.MP4,43,2026-07-13T11:19:58+00:00,40.8266073,-96.6990072,10.98,mph,active,-0.096,-0.096,,g (estimated)
20260713061915_000251F.MP4,44,2026-07-13T11:19:59+00:00,40.8266276,-96.6989583,8.06,mph,active,-0.048,-0.096,,g (estimated)
20260713061915_000251F.MP4,45,2026-07-13T11:20:00+00:00,40.8266357,-96.6989258,5.35,mph,active,0.0,-0.048,,g (estimated)
20260713061915_000251F.MP4,46,2026-07-13T11:20:01+00:00,40.8266398,-96.6989095,2.45,mph,active,-0.048,-0.096,,g (estimated)
20260713061915_000251F.MP4,47,2026-07-13T11:20:02+00:00,40.8266398,-96.6988932,0.0,mph,active,-0.048,-0.192,,g (estimated)
20260713061915_000251F.MP4,48,2026-07-13T11:20:03+00:00,40.8266398,-96.6988932,0.0,mph,active,-0.048,-0.336,,g (estimated)
20260713061915_000251F.MP4,49,2026-07-13T11:20:04+00:00,40.8266439,-96.6988932,0.0,mph,active,-0.048,-0.336,,g (estimated)
20260713061915_000251F.MP4,50,2026-07-13T11:20:05+00:00,40.8266439,-96.698877,0.0,mph,active,-0.14400000000000002,-0.28800000000000003,,g (estimated)
20260713061915_000251F.MP4,51,2026-07-13T11:20:06+00:00,40.8266479,-96.6988444,7.2,mph,active,-0.192,-0.192,,g (estimated)
20260713061915_000251F.MP4,52,2026-07-13T11:20:07+00:00,40.8266439,-96.6987956,9.08,mph,active,-0.384,-0.24,,g (estimated)
20260713061915_000251F.MP4,53,2026-07-13T11:20:08+00:00,40.8266317,-96.6987467,9.1,mph,active,-0.28800000000000003,-0.28800000000000003,,g (estimated)
20260713061915_000251F.MP4,54,2026-07-13T11:20:09+00:00,40.8265951,-96.6986979,11.79,mph,active,-0.048,-0.24,,g (estimated)
20260713061915_000251F.MP4,55,2026-07-13T11:20:10+00:00,40.8265422,-96.6986491,14.48,mph,active,-0.048,-0.24,,g (estimated)
20260713061915_000251F.MP4,56,2026-07-13T11:20:11+00:00,40.826473,-96.6986165,16.59,mph,active,0.0,-0.28800000000000003,,g (estimated)
20260713061915_000251F.MP4,57,2026-07-13T11:20:12+00:00,40.8263916,-96.6985677,18.98,mph,active,0.048,-0.192,,g (estimated)
20260713061915_000251F.MP4,58,2026-07-13T11:20:13+00:00,40.8263021,-96.6985189,21.37,mph,active,0.0,-0.14400000000000002,,g (estimated)
20260713061915_000251F.MP4,59,2026-07-13T11:20:14+00:00,40.8262044,-96.6984701,23.63,mph,active,-0.048,-0.192,,g (estimated)
20260713062015_000252F.MP4,0,2026-07-13T11:20:15+00:00,40.8261027,-96.6983887,25.21,mph,active,-0.048,-0.28800000000000003,,g (estimated)
20260713062015_000252F.MP4,1,2026-07-13T11:20:16+00:00,40.8259969,-96.6983236,26.47,mph,active,-0.048,-0.192,,g (estimated)
20260713062015_000252F.MP4,2,2026-07-13T11:20:17+00:00,40.825883,-96.6982422,26.93,mph,active,0.0,-0.096,,g (estimated)
20260713062015_000252F.MP4,3,2026-07-13T11:20:18+00:00,40.8257731,-96.6981771,28.28,mph,active,-0.048,-0.14400000000000002,,g (estimated)
20260713062015_000252F.MP4,4,2026-07-13T11:20:19+00:00,40.8256551,-96.6980794,28.67,mph,active,0.0,-0.096,,g (estimated)
20260713062015_000252F.MP4,5,2026-07-13T11:20:20+00:00,40.825533,-96.6979818,30.72,mph,active,-0.048,-0.192,,g (estimated)
20260713062015_000252F.MP4,6,2026-07-13T11:20:21+00:00,40.825411,-96.6978841,31.7,mph,active,-0.14400000000000002,-0.192,,g (estimated)
20260713062015_000252F.MP4,7,2026-07-13T11:20:22+00:00,40.8252848,-96.6977702,32.65,mph,active,-0.096,-0.24,,g (estimated)
20260713062015_000252F.MP4,8,2026-07-13T11:20:23+00:00,40.8251546,-96.6976562,32.85,mph,active,0.0,-0.096,,g (estimated)
20260713062015_000252F.MP4,9,2026-07-13T11:20:24+00:00,40.8250244,-96.6975586,33.34,mph,active,0.0,-0.096,,g (estimated)
20260713062015_000252F.MP4,10,2026-07-13T11:20:25+00:00,40.8248942,-96.6974447,33.32,mph,active,0.0,-0.192,,g (estimated)
20260713062015_000252F.MP4,11,2026-07-13T11:20:26+00:00,40.8247681,-96.6973307,33.37,mph,active,-0.048,0.0,,g (estimated)
20260713062015_000252F.MP4,12,2026-07-13T11:20:27+00:00,40.824646,-96.6972005,33.61,mph,active,0.048,-0.192,,g (estimated)
20260713062015_000252F.MP4,13,2026-07-13T11:20:28+00:00,40.8245199,-96.6970866,33.26,mph,active,-0.048,-0.096,,g (estimated)
20260713062015_000252F.MP4,14,2026-07-13T11:20:29+00:00,40.8243937,-96.6969727,33.05,mph,active,0.0,0.0,,g (estimated)
20260713062015_000252F.MP4,15,2026-07-13T11:20:30+00:00,40.8242757,-96.6968424,31.06,mph,active,0.0,0.0,,g (estimated)
20260713062015_000252F.MP4,16,2026-07-13T11:20:31+00:00,40.8241699,-96.6967285,28.02,mph,active,0.0,0.096,,g (estimated)
20260713062015_000252F.MP4,17,2026-07-13T11:20:32+00:00,40.8240723,-96.6966309,24.68,mph,active,-0.048,-0.048,,g (estimated)
20260713062015_000252F.MP4,18,2026-07-13T11:20:33+00:00,40.8239909,-96.6965332,21.9,mph,active,0.0,0.0,,g (estimated)
20260713062015_000252F.MP4,19,2026-07-13T11:20:34+00:00,40.8239136,-96.6964518,19.95,mph,active,0.0,0.0,,g (estimated)
20260713062015_000252F.MP4,20,2026-07-13T11:20:35+00:00,40.8238485,-96.6963867,16.61,mph,active,-0.096,0.0,,g (estimated)
20260713062015_000252F.MP4,21,2026-07-13T11:20:36+00:00,40.8237956,-96.6963379,13.44,mph,active,-0.048,0.0,,g (estimated)
20260713062015_000252F.MP4,22,2026-07-13T11:20:37+00:00,40.823763,-96.6963053,8.07,mph,active,0.0,0.0,,g (estimated)
20260713062015_000252F.MP4,23,2026-07-13T11:20:38+00:00,40.8237427,-96.6962891,4.39,mph,active,-0.048,0.0,,g (estimated)
20260713062015_000252F.MP4,24,2026-07-13T11:20:39+00:00,40.8237427,-96.6962728,0.0,mph,active,-0.048,-0.192,,g (estimated)
20260713062015_000252F.MP4,25,2026-07-13T11:20:40+00:00,40.8237427,-96.6962728,0.0,mph,active,-0.048,-0.192,,g (estimated)
20260713062015_000252F.MP4,26,2026-07-13T11:20:41+00:00,40.8237467,-96.6962891,0.0,mph,active,-0.048,-0.192,,g (estimated)
20260713062015_000252F.MP4,27,2026-07-13T11:20:42+00:00,40.8237467,-96.6962891,0.0,mph,active,0.0,-0.14400000000000002,,g (estimated)
20260713062015_000252F.MP4,28,2026-07-13T11:20:43+00:00,40.8237467,-96.6962891,0.0,mph,active,-0.048,-0.192,,g (estimated)
20260713062015_000252F.MP4,29,2026-07-13T11:20:44+00:00,40.8237467,-96.6962891,0.0,mph,active,0.0,-0.192,,g (estimated)
20260713062015_000252F.MP4,30,2026-07-13T11:20:45+00:00,40.8237467,-96.6962891,0.0,mph,active,0.0,-0.192,,g (estimated)
20260713062015_000252F.MP4,31,2026-07-13T11:20:46+00:00,40.8237467,-96.6962891,0.0,mph,active,0.0,-0.192,,g (estimated)
20260713062015_000252F.MP4,32,2026-07-13T11:20:47+00:00,40.8237467,-96.6962891,0.0,mph,active,0.0,-0.14400000000000002,,g (estimated)
20260713062015_000252F.MP4,33,2026-07-13T11:20:48+00:00,40.8237467,-96.6962891,0.0,mph,active,0.0,-0.14400000000000002,,g (estimated)
20260713062015_000252F.MP4,34,2026-07-13T11:20:49+00:00,40.8237508,-96.6962891,0.0,mph,active,-0.048,-0.14400000000000002,,g (estimated)
20260713062015_000252F.MP4,35,2026-07-13T11:20:50+00:00,40.8237508,-96.6962891,0.0,mph,active,-0.048,-0.192,,g (estimated)
20260713062015_000252F.MP4,36,2026-07-13T11:20:51+00:00,40.8237508,-96.6962891,0.0,mph,active,-0.048,-0.14400000000000002,,g (estimated)
20260713062015_000252F.MP4,37,2026-07-13T11:20:52+00:00,40.8237549,-96.6962891,0.0,mph,active,-0.048,-0.192,,g (estimated)
20260713062015_000252F.MP4,38,2026-07-13T11:20:53+00:00,40.8237549,-96.6962891,0.0,mph,active,-0.048,-0.14400000000000002,,g (estimated)
20260713062015_000252F.MP4,39,2026-07-13T11:20:54+00:00,40.8237549,-96.6962891,0.0,mph,active,-0.048,-0.14400000000000002,,g (estimated)
20260713062015_000252F.MP4,40,2026-07-13T11:20:55+00:00,40.823759,-96.6962891,0.0,mph,active,-0.048,-0.14400000000000002,,g (estimated)
20260713062015_000252F.MP4,41,2026-07-13T11:20:56+00:00,40.823759,-96.6962891,0.0,mph,active,0.0,-0.24,,g (estimated)
20260713062015_000252F.MP4,42,2026-07-13T11:20:57+00:00,40.823759,-96.6962891,0.0,mph,active,0.0,-0.384,,g (estimated)
20260713062015_000252F.MP4,43,2026-07-13T11:20:58+00:00,40.8237549,-96.6962891,1.2,mph,active,-0.048,-0.336,,g (estimated)
20260713062015_000252F.MP4,44,2026-07-13T11:20:59+00:00,40.8237508,-96.6962891,3.91,mph,active,0.0,-0.336,,g (estimated)
20260713062015_000252F.MP4,45,2026-07-13T11:21:00+00:00,40.8237305,-96.6962565,7.31,mph,active,-0.048,-0.28800000000000003,,g (estimated)
20260713062015_000252F.MP4,46,2026-07-13T11:21:01+00:00,40.8236938,-96.696224,11.02,mph,active,-0.048,-0.336,,g (estimated)
20260713062015_000252F.MP4,47,2026-07-13T11:21:02+00:00,40.823645,-96.6961751,13.69,mph,active,0.0,-0.28800000000000003,,g (estimated)
20260713062015_000252F.MP4,48,2026-07-13T11:21:03+00:00,40.8235881,-96.69611,16.36,mph,active,0.0,-0.24,,g (estimated)
20260713062015_000252F.MP4,49,2026-07-13T11:21:04+00:00,40.8235148,-96.6960286,18.97,mph,active,-0.048,-0.28800000000000003,,g (estimated)
20260713062015_000252F.MP4,50,2026-07-13T11:21:05+00:00,40.8234416,-96.6959473,21.03,mph,active,-0.048,-0.24,,g (estimated)
20260713062015_000252F.MP4,51,2026-07-13T11:21:06+00:00,40.8233602,-96.6958659,22.94,mph,active,0.0,-0.24,,g (estimated)
20260713062015_000252F.MP4,52,2026-07-13T11:21:07+00:00,40.8232707,-96.6957682,24.48,mph,active,0.0,-0.192,,g (estimated)
20260713062015_000252F.MP4,53,2026-07-13T11:21:08+00:00,40.8231812,-96.6956706,25.83,mph,active,0.0,-0.28800000000000003,,g (estimated)
20260713062015_000252F.MP4,54,2026-07-13T11:21:09+00:00,40.8230876,-96.6955729,27.12,mph,active,-0.048,-0.192,,g (estimated)
20260713062015_000252F.MP4,55,2026-07-13T11:21:10+00:00,40.8229899,-96.695459,27.9,mph,active,0.0,-0.192,,g (estimated)
20260713062015_000252F.MP4,56,2026-07-13T11:21:11+00:00,40.8228963,-96.6953288,28.78,mph,active,0.0,-0.192,,g (estimated)
20260713062015_000252F.MP4,57,2026-07-13T11:21:12+00:00,40.8227987,-96.6952148,29.61,mph,active,0.0,-0.14400000000000002,,g (estimated)
20260713062015_000252F.MP4,58,2026-07-13T11:21:13+00:00,40.822701,-96.6950684,30.34,mph,active,0.0,-0.192,,g (estimated)
20260713062015_000252F.MP4,59,2026-07-13T11:21:14+00:00,40.8226034,-96.6949382,30.6,mph,active,0.0,-0.14400000000000002,,g (estimated)
20260713062115_000253F.MP4,0,2026-07-13T11:21:15+00:00,40.8225098,-96.6947917,30.89,mph,active,0.0,-0.096,,g (estimated)
20260713062115_000253F.MP4,1,2026-07-13T11:21:16+00:00,40.8224202,-96.6946452,30.63,mph,active,-0.096,-0.24,,g (estimated)
20260713062115_000253F.MP4,2,2026-07-13T11:21:17+00:00,40.8223307,-96.6944987,30.31,mph,active,-0.048,-0.14400000000000002,,g (estimated)
20260713062115_000253F.MP4,3,2026-07-13T11:21:18+00:00,40.8222412,-96.6943685,29.56,mph,active,-0.048,-0.14400000000000002,,g (estimated)
20260713062115_000253F.MP4,4,2026-07-13T11:21:19+00:00,40.8221517,-96.694222,29.23,mph,active,-0.048,-0.14400000000000002,,g (estimated)
20260713062115_000253F.MP4,5,2026-07-13T11:21:20+00:00,40.8220662,-96.6940918,29.28,mph,active,-0.048,-0.14400000000000002,,g (estimated)
20260713062115_000253F.MP4,6,2026-07-13T11:21:21+00:00,40.8219767,-96.6939616,29.25,mph,active,-0.048,-0.14400000000000002,,g (estimated)
20260713062115_000253F.MP4,7,2026-07-13T11:21:22+00:00,40.8218872,-96.6938151,29.56,mph,active,-0.048,-0.192,,g (estimated)
20260713062115_000253F.MP4,8,2026-07-13T11:21:23+00:00,40.8217977,-96.6936849,29.35,mph,active,-0.096,-0.048,,g (estimated)
20260713062115_000253F.MP4,9,2026-07-13T11:21:24+00:00,40.8217122,-96.6935547,29.31,mph,active,-0.096,-0.048,,g (estimated)
20260713062115_000253F.MP4,10,2026-07-13T11:21:25+00:00,40.8216268,-96.6934245,27.02,mph,active,-0.096,-0.048,,g (estimated)
20260713062115_000253F.MP4,11,2026-07-13T11:21:26+00:00,40.8215413,-96.6933105,24.5,mph,active,-0.048,0.0,,g (estimated)
20260713062115_000253F.MP4,12,2026-07-13T11:21:27+00:00,40.821464,-96.6932129,21.63,mph,active,-0.048,0.0,,g (estimated)
20260713062115_000253F.MP4,13,2026-07-13T11:21:28+00:00,40.8213949,-96.6931315,19.29,mph,active,-0.048,0.0,,g (estimated)
20260713062115_000253F.MP4,14,2026-07-13T11:21:29+00:00,40.8213298,-96.6930501,16.96,mph,active,-0.048,0.0,,g (estimated)
20260713062115_000253F.MP4,15,2026-07-13T11:21:30+00:00,40.8212769,-96.6930013,14.14,mph,active,-0.048,0.0,,g (estimated)
20260713062115_000253F.MP4,16,2026-07-13T11:21:31+00:00,40.8212362,-96.6929525,10.05,mph,active,-0.048,0.0,,g (estimated)
20260713062115_000253F.MP4,17,2026-07-13T11:21:32+00:00,40.8212118,-96.6929362,5.16,mph,active,-0.048,-0.048,,g (estimated)
20260713062115_000253F.MP4,18,2026-07-13T11:21:33+00:00,40.8212036,-96.6929362,0.0,mph,active,-0.048,-0.192,,g (estimated)
20260713062115_000253F.MP4,19,2026-07-13T11:21:34+00:00,40.8212036,-96.6929199,0.0,mph,active,-0.048,-0.14400000000000002,,g (estimated)
20260713062115_000253F.MP4,20,2026-07-13T11:21:35+00:00,40.8212036,-96.6929362,0.0,mph,active,-0.048,-0.192,,g (estimated)
20260713062115_000253F.MP4,21,2026-07-13T11:21:36+00:00,40.8212077,-96.6929362,0.0,mph,active,-0.048,-0.192,,g (estimated)
20260713062115_000253F.MP4,22,2026-07-13T11:21:37+00:00,40.8212077,-96.6929362,0.0,mph,active,-0.048,-0.192,,g (estimated)
20260713062115_000253F.MP4,23,2026-07-13T11:21:38+00:00,40.8212118,-96.6929362,0.0,mph,active,-0.048,-0.192,,g (estimated)
20260713062115_000253F.MP4,24,2026-07-13T11:21:39+00:00,40.8212118,-96.6929362,0.0,mph,active,-0.048,-0.14400000000000002,,g (estimated)
20260713062115_000253F.MP4,25,2026-07-13T11:21:40+00:00,40.8212118,-96.6929362,0.0,mph,active,-0.048,-0.192,,g (estimated)
20260713062115_000253F.MP4,26,2026-07-13T11:21:41+00:00,40.8212158,-96.6929362,0.0,mph,active,-0.048,-0.14400000000000002,,g (estimated)
20260713062115_000253F.MP4,27,2026-07-13T11:21:42+00:00,40.8212158,-96.6929362,0.0,mph,active,-0.048,-0.192,,g (estimated)
20260713062115_000253F.MP4,28,2026-07-13T11:21:43+00:00,40.8212199,-96.6929362,0.0,mph,active,-0.048,-0.192,,g (estimated)
20260713062115_000253F.MP4,29,2026-07-13T11:21:44+00:00,40.8212199,-96.6929362,0.0,mph,active,-0.048,-0.14400000000000002,,g (estimated)
20260713062115_000253F.MP4,30,2026-07-13T11:21:45+00:00,40.8212199,-96.6929362,0.0,mph,active,-0.048,-0.14400000000000002,,g (estimated)
20260713062115_000253F.MP4,31,2026-07-13T11:21:46+00:00,40.821224,-96.6929362,0.0,mph,active,-0.048,-0.14400000000000002,,g (estimated)
20260713062115_000253F.MP4,32,2026-07-13T11:21:47+00:00,40.821224,-96.6929362,0.0,mph,active,-0.048,-0.14400000000000002,,g (estimated)
20260713062115_000253F.MP4,33,2026-07-13T11:21:48+00:00,40.821224,-96.6929362,0.0,mph,active,-0.048,-0.192,,g (estimated)
20260713062115_000253F.MP4,34,2026-07-13T11:21:49+00:00,40.821228,-96.6929362,0.0,mph,active,-0.048,-0.14400000000000002,,g (estimated)
20260713062115_000253F.MP4,35,2026-07-13T11:21:50+00:00,40.821228,-96.6929362,0.0,mph,active,-0.048,-0.192,,g (estimated)
20260713062115_000253F.MP4,36,2026-07-13T11:21:51+00:00,40.821228,-96.6929362,0.0,mph,active,-0.048,-0.192,,g (estimated)
20260713062115_000253F.MP4,37,2026-07-13T11:21:52+00:00,40.821228,-96.6929362,0.0,mph,active,-0.048,-0.192,,g (estimated)
20260713062115_000253F.MP4,38,2026-07-13T11:21:53+00:00,40.8212321,-96.6929362,0.0,mph,active,-0.048,-0.192,,g (estimated)
20260713062115_000253F.MP4,39,2026-07-13T11:21:54+00:00,40.8212362,-96.6929525,0.0,mph,active,-0.048,-0.14400000000000002,,g (estimated)
20260713062115_000253F.MP4,40,2026-07-13T11:21:55+00:00,40.8212362,-96.6929525,0.0,mph,active,-0.048,-0.192,,g (estimated)
20260713062115_000253F.MP4,41,2026-07-13T11:21:56+00:00,40.8212362,-96.6929525,0.0,mph,active,-0.048,-0.14400000000000002,,g (estimated)
20260713062115_000253F.MP4,42,2026-07-13T11:21:57+00:00,40.8212362,-96.6929525,0.0,mph,active,-0.048,-0.192,,g (estimated)
20260713062115_000253F.MP4,43,2026-07-13T11:21:58+00:00,40.8212362,-96.6929525,0.0,mph,active,-0.048,-0.192,,g (estimated)
20260713062115_000253F.MP4,44,2026-07-13T11:21:59+00:00,40.8212362,-96.6929525,0.0,mph,active,-0.048,-0.24,,g (estimated)
20260713062115_000253F.MP4,45,2026-07-13T11:22:00+00:00,40.8212362,-96.6929525,0.0,mph,active,0.0,-0.336,,g (estimated)
20260713062115_000253F.MP4,46,2026-07-13T11:22:01+00:00,40.8212362,-96.6929525,2.1,mph,active,-0.048,-0.336,,g (estimated)
20260713062115_000253F.MP4,47,2026-07-13T11:22:02+00:00,40.821228,-96.6929525,3.68,mph,active,-0.048,-0.336,,g (estimated)
20260713062115_000253F.MP4,48,2026-07-13T11:22:03+00:00,40.8212036,-96.6929199,7.99,mph,active,-0.048,-0.28800000000000003,,g (estimated)
20260713062115_000253F.MP4,49,2026-07-13T11:22:04+00:00,40.8211629,-96.6928874,11.68,mph,active,-0.048,-0.24,,g (estimated)
20260713062115_000253F.MP4,50,2026-07-13T11:22:05+00:00,40.821106,-96.6928385,14.2,mph,active,-0.096,-0.336,,g (estimated)
20260713062115_000253F.MP4,51,2026-07-13T11:22:06+00:00,40.8210449,-96.6927897,16.04,mph,active,-0.048,-0.192,,g (estimated)
20260713062115_000253F.MP4,52,2026-07-13T11:22:07+00:00,40.8209717,-96.6927409,18.43,mph,active,-0.096,-0.28800000000000003,,g (estimated)
20260713062115_000253F.MP4,53,2026-07-13T11:22:08+00:00,40.8208903,-96.6926758,20.33,mph,active,-0.096,-0.192,,g (estimated)
20260713062115_000253F.MP4,54,2026-07-13T11:22:09+00:00,40.8207926,-96.692627,22.68,mph,active,-0.096,-0.24,,g (estimated)
20260713062115_000253F.MP4,55,2026-07-13T11:22:10+00:00,40.8206868,-96.6925781,24.65,mph,active,-0.048,-0.24,,g (estimated)
20260713062115_000253F.MP4,56,2026-07-13T11:22:11+00:00,40.820577,-96.692513,25.96,mph,active,-0.096,-0.24,,g (estimated)
20260713062115_000253F.MP4,57,2026-07-13T11:22:12+00:00,40.8204549,-96.6924642,26.78,mph,active,-0.14400000000000002,-0.28800000000000003,,g (estimated)
20260713062115_000253F.MP4,58,2026-07-13T11:22:13+00:00,40.8203328,-96.6924154,27.7,mph,active,-0.096,-0.192,,g (estimated)
20260713062115_000253F.MP4,59,2026-07-13T11:22:14+00:00,40.8202026,-96.6923828,28.16,mph,active,-0.096,-0.14400000000000002,,g (estimated)
20260713062215_000254F.MP4,0,2026-07-13T11:22:15+00:00,40.8200765,-96.6923503,28.6,mph,active,-0.14400000000000002,-0.24,,g (estimated)
20260713062215_000254F.MP4,1,2026-07-13T11:22:16+00:00,40.8199382,-96.6923177,29.54,mph,active,-0.096,-0.14400000000000002,,g (estimated)
20260713062215_000254F.MP4,2,2026-07-13T11:22:17+00:00,40.8197957,-96.6923177,29.37,mph,active,-0.048,-0.048,,g (estimated)
20260713062215_000254F.MP4,3,2026-07-13T11:22:18+00:00,40.8196533,-96.6923014,29.68,mph,active,-0.048,-0.096,,g (estimated)
20260713062215_000254F.MP4,4,2026-07-13T11:22:19+00:00,40.8195109,-96.6923014,28.96,mph,active,0.0,-0.14400000000000002,,g (estimated)
20260713062215_000254F.MP4,5,2026-07-13T11:22:20+00:00,40.8193685,-96.6923014,28.93,mph,active,0.0,-0.14400000000000002,,g (estimated)
20260713062215_000254F.MP4,6,2026-07-13T11:22:21+00:00,40.8192301,-96.6923014,28.91,mph,active,-0.096,-0.24,,g (estimated)
20260713062215_000254F.MP4,7,2026-07-13T11:22:22+00:00,40.8190918,-96.6923014,29.28,mph,active,-0.14400000000000002,-0.192,,g (estimated)
20260713062215_000254F.MP4,8,2026-07-13T11:22:23+00:00,40.8189535,-96.6923014,29.48,mph,active,-0.14400000000000002,-0.096,,g (estimated)
20260713062215_000254F.MP4,9,2026-07-13T11:22:24+00:00,40.8188151,-96.6923177,29.51,mph,active,-0.14400000000000002,-0.192,,g (estimated)
20260713062215_000254F.MP4,10,2026-07-13T11:22:25+00:00,40.8186727,-96.6923503,30.24,mph,active,-0.14400000000000002,-0.14400000000000002,,g (estimated)
20260713062215_000254F.MP4,11,2026-07-13T11:22:26+00:00,40.8185343,-96.6923828,30.42,mph,active,-0.14400000000000002,-0.14400000000000002,,g (estimated)
20260713062215_000254F.MP4,12,2026-07-13T11:22:27+00:00,40.8184001,-96.6924316,30.39,mph,active,-0.14400000000000002,-0.14400000000000002,,g (estimated)
20260713062215_000254F.MP4,13,2026-07-13T11:22:28+00:00,40.8182739,-96.6924967,29.51,mph,active,-0.14400000000000002,-0.14400000000000002,,g (estimated)
20260713062215_000254F.MP4,14,2026-07-13T11:22:29+00:00,40.8181559,-96.6925944,29.45,mph,active,-0.14400000000000002,-0.192,,g (estimated)
20260713062215_000254F.MP4,15,2026-07-13T11:22:30+00:00,40.818042,-96.6926758,29.1,mph,active,-0.14400000000000002,-0.192,,g (estimated)
20260713062215_000254F.MP4,16,2026-07-13T11:22:31+00:00,40.8179281,-96.6927734,29.33,mph,active,-0.14400000000000002,-0.336,,g (estimated)
20260713062215_000254F.MP4,17,2026-07-13T11:22:32+00:00,40.8178223,-96.6928874,29.72,mph,active,-0.048,-0.192,,g (estimated)
20260713062215_000254F.MP4,18,2026-07-13T11:22:33+00:00,40.8177205,-96.6930013,29.27,mph,active,-0.096,-0.048,,g (estimated)
20260713062215_000254F.MP4,19,2026-07-13T11:22:34+00:00,40.8176229,-96.6931152,29.35,mph,active,-0.048,-0.096,,g (estimated)
20260713062215_000254F.MP4,20,2026-07-13T11:22:35+00:00,40.8175252,-96.6932292,28.83,mph,active,0.0,-0.192,,g (estimated)
20260713062215_000254F.MP4,21,2026-07-13T11:22:36+00:00,40.8174316,-96.6933594,28.67,mph,active,0.0,-0.048,,g (estimated)
20260713062215_000254F.MP4,22,2026-07-13T11:22:37+00:00,40.817334,-96.6934733,27.69,mph,active,0.0,-0.096,,g (estimated)
20260713062215_000254F.MP4,23,2026-07-13T11:22:38+00:00,40.8172363,-96.693571,27.84,mph,active,0.048,-0.048,,g (estimated)
20260713062215_000254F.MP4,24,2026-07-13T11:22:39+00:00,40.8171305,-96.6936686,27.7,mph,active,0.048,-0.192,,g (estimated)
20260713062215_000254F.MP4,25,2026-07-13T11:22:40+00:00,40.8170247,-96.6937663,27.43,mph,active,0.0,-0.14400000000000002,,g (estimated)
20260713062215_000254F.MP4,26,2026-07-13T11:22:41+00:00,40.8169067,-96.6938314,27.96,mph,active,0.0,-0.14400000000000002,,g (estimated)
20260713062215_000254F.MP4,27,2026-07-13T11:22:42+00:00,40.8167847,-96.6938802,27.95,mph,active,0.0,-0.096,,g (estimated)
20260713062215_000254F.MP4,28,2026-07-13T11:22:43+00:00,40.8166585,-96.693929,27.79,mph,active,0.0,-0.14400000000000002,,g (estimated)
20260713062215_000254F.MP4,29,2026-07-13T11:22:44+00:00,40.8165283,-96.6939779,26.83,mph,active,0.0,-0.096,,g (estimated)
20260713062215_000254F.MP4,30,2026-07-13T11:22:45+00:00,40.8164103,-96.6940104,25.41,mph,active,0.0,0.0,,g (estimated)
20260713062215_000254F.MP4,31,2026-07-13T11:22:46+00:00,40.8162964,-96.694043,22.63,mph,active,0.0,0.0,,g (estimated)
20260713062215_000254F.MP4,32,2026-07-13T11:22:47+00:00,40.8162028,-96.694043,20.05,mph,active,0.0,0.0,,g (estimated)
20260713062215_000254F.MP4,33,2026-07-13T11:22:48+00:00,40.8161133,-96.6940592,17.57,mph,active,-0.048,0.0,,g (estimated)
20260713062215_000254F.MP4,34,2026-07-13T11:22:49+00:00,40.81604,-96.6940592,14.11,mph,active,-0.048,0.0,,g (estimated)
20260713062215_000254F.MP4,35,2026-07-13T11:22:50+00:00,40.8159953,-96.6940755,8.46,mph,active,-0.048,0.0,,g (estimated)
20260713062215_000254F.MP4,36,2026-07-13T11:22:51+00:00,40.8159668,-96.6940755,4.87,mph,active,-0.048,-0.096,,g (estimated)
20260713062215_000254F.MP4,37,2026-07-13T11:22:52+00:00,40.8159505,-96.6940918,0.0,mph,active,-0.048,-0.192,,g (estimated)
20260713062215_000254F.MP4,38,2026-07-13T11:22:53+00:00,40.8159465,-96.6940918,0.0,mph,active,-0.048,-0.192,,g (estimated)
20260713062215_000254F.MP4,39,2026-07-13T11:22:54+00:00,40.8159546,-96.6940918,0.0,mph,active,-0.048,-0.192,,g (estimated)
20260713062215_000254F.MP4,40,2026-07-13T11:22:55+00:00,40.8159546,-96.6940918,0.0,mph,active,-0.048,-0.28800000000000003,,g (estimated)
20260713062215_000254F.MP4,41,2026-07-13T11:22:56+00:00,40.8159546,-96.6940918,0.0,mph,active,-0.048,-0.384,,g (estimated)
20260713062215_000254F.MP4,42,2026-07-13T11:22:57+00:00,40.8159546,-96.6940918,0.0,mph,active,-0.096,-0.384,,g (estimated)
20260713062215_000254F.MP4,43,2026-07-13T11:22:58+00:00,40.8159302,-96.6940918,7.24,mph,active,-0.048,-0.24,,g (estimated)
20260713062215_000254F.MP4,44,2026-07-13T11:22:59+00:00,40.8158854,-96.6940918,9.32,mph,active,-0.048,-0.28800000000000003,,g (estimated)
20260713062215_000254F.MP4,45,2026-07-13T11:23:00+00:00,40.8158285,-96.6940918,11.63,mph,active,-0.048,-0.28800000000000003,,g (estimated)
20260713062215_000254F.MP4,46,2026-07-13T11:23:01+00:00,40.8157633,-96.6940918,14.0,mph,active,0.0,-0.24,,g (estimated)
20260713062215_000254F.MP4,47,2026-07-13T11:23:02+00:00,40.8156901,-96.6940918,16.28,mph,active,-0.048,-0.24,,g (estimated)
20260713062215_000254F.MP4,48,2026-07-13T11:23:03+00:00,40.8156006,-96.6940918,18.05,mph,active,-0.096,-0.192,,g (estimated)
20260713062215_000254F.MP4,49,2026-07-13T11:23:04+00:00,40.8155111,-96.6940755,18.8,mph,active,-0.096,-0.24,,g (estimated)
20260713062215_000254F.MP4,50,2026-07-13T11:23:05+00:00,40.8154134,-96.6940755,20.38,mph,active,-0.096,-0.14400000000000002,,g (estimated)
20260713062215_000254F.MP4,51,2026-07-13T11:23:06+00:00,40.8153117,-96.6940755,20.79,mph,active,-0.14400000000000002,-0.14400000000000002,,g (estimated)
20260713062215_000254F.MP4,52,2026-07-13T11:23:07+00:00,40.815214,-96.6940755,20.57,mph,active,-0.096,0.0,,g (estimated)
20260713062215_000254F.MP4,53,2026-07-13T11:23:08+00:00,40.8151164,-96.6940592,19.53,mph,active,-0.096,-0.048,,g (estimated)
20260713062215_000254F.MP4,54,2026-07-13T11:23:09+00:00,40.8150269,-96.6940592,18.0,mph,active,-0.096,0.0,,g (estimated)
20260713062215_000254F.MP4,55,2026-07-13T11:23:10+00:00,40.8149495,-96.6940592,15.01,mph,active,-0.096,0.0,,g (estimated)
20260713062215_000254F.MP4,56,2026-07-13T11:23:11+00:00,40.8148885,-96.6940592,12.26,mph,active,-0.096,0.0,,g (estimated)
20260713062215_000254F.MP4,57,2026-07-13T11:23:12+00:00,40.8148397,-96.6940592,8.37,mph,active,-0.096,-0.192,,g (estimated)
20260713062215_000254F.MP4,58,2026-07-13T11:23:13+00:00,40.8148112,-96.6940592,5.6,mph,active,-0.096,-0.384,,g (estimated)
20260713062215_000254F.MP4,59,2026-07-13T11:23:14+00:00,40.8147949,-96.6940592,3.81,mph,active,-0.096,-0.336,,g (estimated)
20260713062315_000255F.MP4,0,2026-07-13T11:23:15+00:00,40.8147786,-96.6940592,6.0,mph,active,-0.096,-0.24,,g (estimated)
20260713062315_000255F.MP4,1,2026-07-13T11:23:16+00:00,40.814742,-96.6940592,9.11,mph,active,-0.096,-0.336,,g (estimated)
20260713062315_000255F.MP4,2,2026-07-13T11:23:17+00:00,40.8146932,-96.6940755,11.45,mph,active,-0.048,-0.28800000000000003,,g (estimated)
20260713062315_000255F.MP4,3,2026-07-13T11:23:18+00:00,40.8146362,-96.6940755,13.47,mph,active,-0.048,-0.336,,g (estimated)
20260713062315_000255F.MP4,4,2026-07-13T11:23:19+00:00,40.8145671,-96.6940755,16.17,mph,active,-0.096,-0.096,,g (estimated)
20260713062315_000255F.MP4,5,2026-07-13T11:23:20+00:00,40.8144897,-96.6940592,17.71,mph,active,-0.096,-0.24,,g (estimated)
20260713062315_000255F.MP4,6,2026-07-13T11:23:21+00:00,40.8144084,-96.6940592,19.14,mph,active,-0.096,-0.28800000000000003,,g (estimated)
20260713062315_000255F.MP4,7,2026-07-13T11:23:22+00:00,40.8143188,-96.6940755,20.23,mph,active,-0.048,-0.192,,g (estimated)
20260713062315_000255F.MP4,8,2026-07-13T11:23:23+00:00,40.8142253,-96.6940755,21.14,mph,active,-0.096,-0.14400000000000002,,g (estimated)
20260713062315_000255F.MP4,9,2026-07-13T11:23:24+00:00,40.8141276,-96.6940592,21.47,mph,active,-0.096,-0.096,,g (estimated)
20260713062315_000255F.MP4,10,2026-07-13T11:23:25+00:00,40.8140299,-96.6940592,19.84,mph,active,-0.096,-0.048,,g (estimated)
20260713062315_000255F.MP4,11,2026-07-13T11:23:26+00:00,40.8139486,-96.6940592,16.77,mph,active,-0.096,0.048,,g (estimated)
20260713062315_000255F.MP4,12,2026-07-13T11:23:27+00:00,40.8138835,-96.6940592,13.5,mph,active,-0.096,0.0,,g (estimated)
20260713062315_000255F.MP4,13,2026-07-13T11:23:28+00:00,40.8138306,-96.6940592,9.99,mph,active,-0.096,0.096,,g (estimated)
20260713062315_000255F.MP4,14,2026-07-13T11:23:29+00:00,40.813798,-96.6940592,6.08,mph,active,-0.096,-0.048,,g (estimated)
20260713062315_000255F.MP4,15,2026-07-13T11:23:30+00:00,40.8137858,-96.6940592,3.38,mph,active,-0.096,-0.14400000000000002,,g (estimated)
20260713062315_000255F.MP4,16,2026-07-13T11:23:31+00:00,40.8137817,-96.6940592,0.0,mph,active,-0.096,-0.14400000000000002,,g (estimated)
20260713062315_000255F.MP4,17,2026-07-13T11:23:32+00:00,40.8137858,-96.6940592,0.0,mph,active,-0.096,-0.192,,g (estimated)
20260713062315_000255F.MP4,18,2026-07-13T11:23:33+00:00,40.8137899,-96.6940755,0.0,mph,active,-0.096,-0.192,,g (estimated)
20260713062315_000255F.MP4,19,2026-07-13T11:23:34+00:00,40.8137899,-96.6940755,0.0,mph,active,-0.096,-0.14400000000000002,,g (estimated)
20260713062315_000255F.MP4,20,2026-07-13T11:23:35+00:00,40.8137899,-96.6940755,0.0,mph,active,-0.096,-0.14400000000000002,,g (estimated)
20260713062315_000255F.MP4,21,2026-07-13T11:23:36+00:00,40.8137899,-96.6940755,0.0,mph,active,-0.096,-0.192,,g (estimated)
20260713062315_000255F.MP4,22,2026-07-13T11:23:37+00:00,40.8137899,-96.6940755,0.0,mph,active,-0.096,-0.14400000000000002,,g (estimated)
20260713062315_000255F.MP4,23,2026-07-13T11:23:38+00:00,40.8137899,-96.6940755,0.0,mph,active,-0.096,-0.14400000000000002,,g (estimated)
20260713062315_000255F.MP4,24,2026-07-13T11:23:39+00:00,40.8137899,-96.6940592,0.0,mph,active,-0.096,-0.192,,g (estimated)
20260713062315_000255F.MP4,25,2026-07-13T11:23:40+00:00,40.8137899,-96.6940592,0.0,mph,active,-0.048,-0.14400000000000002,,g (estimated)
20260713062315_000255F.MP4,26,2026-07-13T11:23:41+00:00,40.8137899,-96.6940592,0.0,mph,active,-0.096,-0.192,,g (estimated)
20260713062315_000255F.MP4,27,2026-07-13T11:23:42+00:00,40.8137899,-96.6940592,0.0,mph,active,-0.096,-0.14400000000000002,,g (estimated)
20260713062315_000255F.MP4,28,2026-07-13T11:23:43+00:00,40.8137899,-96.6940592,0.0,mph,active,-0.096,-0.14400000000000002,,g (estimated)
20260713062315_000255F.MP4,29,2026-07-13T11:23:44+00:00,40.8137899,-96.6940592,0.0,mph,active,-0.096,-0.14400000000000002,,g (estimated)
20260713062315_000255F.MP4,30,2026-07-13T11:23:45+00:00,40.8137899,-96.6940592,0.0,mph,active,-0.096,-0.14400000000000002,,g (estimated)
20260713062315_000255F.MP4,31,2026-07-13T11:23:46+00:00,40.8137899,-96.6940592,0.0,mph,active,-0.096,-0.192,,g (estimated)
20260713062315_000255F.MP4,32,2026-07-13T11:23:47+00:00,40.8137899,-96.6940592,0.0,mph,active,-0.096,-0.192,,g (estimated)
20260713062315_000255F.MP4,33,2026-07-13T11:23:48+00:00,40.8137899,-96.694043,0.0,mph,active,-0.096,-0.14400000000000002,,g (estimated)
20260713062315_000255F.MP4,34,2026-07-13T11:23:49+00:00,40.8137899,-96.694043,0.0,mph,active,-0.096,-0.192,,g (estimated)
20260713062315_000255F.MP4,35,2026-07-13T11:23:50+00:00,40.8137858,-96.694043,0.0,mph,active,-0.096,-0.14400000000000002,,g (estimated)
20260713062315_000255F.MP4,36,2026-07-13T11:23:51+00:00,40.8137858,-96.694043,0.0,mph,active,-0.096,-0.192,,g (estimated)
20260713062315_000255F.MP4,37,2026-07-13T11:23:52+00:00,40.8137858,-96.694043,0.0,mph,active,-0.096,-0.14400000000000002,,g (estimated)
20260713062315_000255F.MP4,38,2026-07-13T11:23:53+00:00,40.8137858,-96.694043,0.0,mph,active,-0.096,-0.14400000000000002,,g (estimated)
20260713062315_000255F.MP4,39,2026-07-13T11:23:54+00:00,40.8137858,-96.694043,0.0,mph,active,-0.096,-0.192,,g (estimated)
20260713062315_000255F.MP4,40,2026-07-13T11:23:55+00:00,40.8137858,-96.694043,0.0,mph,active,-0.048,-0.14400000000000002,,g (estimated)
20260713062315_000255F.MP4,41,2026-07-13T11:23:56+00:00,40.8137858,-96.694043,0.0,mph,active,-0.048,-0.14400000000000002,,g (estimated)
20260713062315_000255F.MP4,42,2026-07-13T11:23:57+00:00,40.8137858,-96.694043,0.0,mph,active,-0.096,-0.192,,g (estimated)
20260713062315_000255F.MP4,43,2026-07-13T11:23:58+00:00,40.8137858,-96.694043,0.0,mph,active,-0.096,-0.336,,g (estimated)
20260713062315_000255F.MP4,44,2026-07-13T11:23:59+00:00,40.8137817,-96.694043,1.31,mph,active,0.0,-0.336,,g (estimated)
20260713062315_000255F.MP4,45,2026-07-13T11:24:00+00:00,40.8137777,-96.694043,4.65,mph,active,-0.048,-0.336,,g (estimated)
20260713062315_000255F.MP4,46,2026-07-13T11:24:01+00:00,40.8137451,-96.6940267,8.55,mph,active,-0.048,-0.336,,g (estimated)
20260713062315_000255F.MP4,47,2026-07-13T11:24:02+00:00,40.8137004,-96.6940267,11.31,mph,active,-0.096,-0.24,,g (estimated)
20260713062315_000255F.MP4,48,2026-07-13T11:24:03+00:00,40.8136353,-96.6940267,13.19,mph,active,0.0,-0.192,,g (estimated)
20260713062315_000255F.MP4,49,2026-07-13T11:24:04+00:00,40.8135661,-96.6940267,15.18,mph,active,-0.048,-0.192,,g (estimated)
20260713062315_000255F.MP4,50,2026-07-13T11:24:05+00:00,40.8134847,-96.6940267,17.91,mph,active,-0.096,-0.192,,g (estimated)
20260713062315_000255F.MP4,51,2026-07-13T11:24:06+00:00,40.8133993,-96.6940267,18.93,mph,active,0.0,-0.24,,g (estimated)
20260713062315_000255F.MP4,52,2026-07-13T11:24:07+00:00,40.8133097,-96.6940267,20.37,mph,active,-0.048,-0.24,,g (estimated)
20260713062315_000255F.MP4,53,2026-07-13T11:24:08+00:00,40.813208,-96.6940267,22.17,mph,active,-0.048,-0.192,,g (estimated)
20260713062315_000255F.MP4,54,2026-07-13T11:24:09+00:00,40.8130981,-96.6940267,23.6,mph,active,0.0,-0.24,,g (estimated)
20260713062315_000255F.MP4,55,2026-07-13T11:24:10+00:00,40.8129883,-96.694043,24.23,mph,active,-0.096,-0.192,,g (estimated)
20260713062315_000255F.MP4,56,2026-07-13T11:24:11+00:00,40.8128703,-96.694043,25.18,mph,active,-0.14400000000000002,-0.14400000000000002,,g (estimated)
20260713062315_000255F.MP4,57,2026-07-13T11:24:12+00:00,40.8127523,-96.694043,25.98,mph,active,-0.14400000000000002,-0.14400000000000002,,g (estimated)
20260713062315_000255F.MP4,58,2026-07-13T11:24:13+00:00,40.8126302,-96.694043,26.84,mph,active,-0.14400000000000002,-0.24,,g (estimated)
20260713062315_000255F.MP4,59,2026-07-13T11:24:14+00:00,40.8125041,-96.694043,27.52,mph,active,-0.096,-0.096,,g (estimated)
20260713062415_000256F.MP4,0,2026-07-13T11:24:15+00:00,40.8123739,-96.694043,28.09,mph,active,-0.096,-0.192,,g (estimated)
20260713062415_000256F.MP4,1,2026-07-13T11:24:16+00:00,40.8122396,-96.6940592,28.68,mph,active,-0.14400000000000002,-0.192,,g (estimated)
20260713062415_000256F.MP4,2,2026-07-13T11:24:17+00:00,40.8121094,-96.6940592,28.67,mph,active,-0.048,-0.192,,g (estimated)
20260713062415_000256F.MP4,3,2026-07-13T11:24:18+00:00,40.8119751,-96.6940592,29.06,mph,active,-0.14400000000000002,-0.14400000000000002,,g (estimated)
20260713062415_000256F.MP4,4,2026-07-13T11:24:19+00:00,40.8118368,-96.6940592,29.27,mph,active,-0.048,-0.192,,g (estimated)
20260713062415_000256F.MP4,5,2026-07-13T11:24:20+00:00,40.8116984,-96.6940592,30.24,mph,active,-0.048,-0.14400000000000002,,g (estimated)
20260713062415_000256F.MP4,6,2026-07-13T11:24:21+00:00,40.8115601,-96.6940592,29.92,mph,active,-0.096,-0.192,,g (estimated)
20260713062415_000256F.MP4,7,2026-07-13T11:24:22+00:00,40.8114258,-96.6940592,29.36,mph,active,-0.14400000000000002,-0.14400000000000002,,g (estimated)
20260713062415_000256F.MP4,8,2026-07-13T11:24:23+00:00,40.8112915,-96.6940592,29.63,mph,active,-0.096,-0.24,,g (estimated)
20260713062415_000256F.MP4,9,2026-07-13T11:24:24+00:00,40.8111532,-96.6940592,29.74,mph,active,-0.048,-0.192,,g (estimated)
20260713062415_000256F.MP4,10,2026-07-13T11:24:25+00:00,40.8110189,-96.6940592,29.28,mph,active,-0.096,-0.192,,g (estimated)
20260713062415_000256F.MP4,11,2026-07-13T11:24:26+00:00,40.8108805,-96.6940755,29.09,mph,active,-0.096,-0.096,,g (estimated)
20260713062415_000256F.MP4,12,2026-07-13T11:24:27+00:00,40.8107463,-96.6940755,29.02,mph,active,-0.048,-0.096,,g (estimated)
20260713062415_000256F.MP4,13,2026-07-13T11:24:28+00:00,40.810612,-96.6940755,28.59,mph,active,-0.14400000000000002,-0.192,,g (estimated)
20260713062415_000256F.MP4,14,2026-07-13T11:24:29+00:00,40.8104818,-96.6940755,28.65,mph,active,-0.096,-0.096,,g (estimated)
20260713062415_000256F.MP4,15,2026-07-13T11:24:30+00:00,40.8103516,-96.6940755,27.58,mph,active,-0.14400000000000002,-0.192,,g (estimated)
20260713062415_000256F.MP4,16,2026-07-13T11:24:31+00:00,40.8102254,-96.6940755,26.89,mph,active,-0.096,-0.14400000000000002,,g (estimated)
20260713062415_000256F.MP4,17,2026-07-13T11:24:32+00:00,40.8101034,-96.6940755,26.46,mph,active,-0.048,-0.096,,g (estimated)
20260713062415_000256F.MP4,18,2026-07-13T11:24:33+00:00,40.8099813,-96.6940755,26.2,mph,active,-0.048,-0.14400000000000002,,g (estimated)
20260713062415_000256F.MP4,19,2026-07-13T11:24:34+00:00,40.8098633,-96.6940755,25.3,mph,active,-0.048,-0.192,,g (estimated)
20260713062415_000256F.MP4,20,2026-07-13T11:24:35+00:00,40.8097493,-96.6940918,23.14,mph,active,-0.096,-0.048,,g (estimated)
20260713062415_000256F.MP4,21,2026-07-13T11:24:36+00:00,40.8096476,-96.6940755,20.84,mph,active,-0.048,0.0,,g (estimated)
20260713062415_000256F.MP4,22,2026-07-13T11:24:37+00:00,40.809554,-96.6940918,18.6,mph,active,-0.096,0.0,,g (estimated)
20260713062415_000256F.MP4,23,2026-07-13T11:24:38+00:00,40.8094767,-96.6940918,15.96,mph,active,-0.096,0.0,,g (estimated)
20260713062415_000256F.MP4,24,2026-07-13T11:24:39+00:00,40.8094157,-96.6940918,13.08,mph,active,-0.14400000000000002,0.0,,g (estimated)
20260713062415_000256F.MP4,25,2026-07-13T11:24:40+00:00,40.8093669,-96.6940918,9.73,mph,active,-0.048,0.0,,g (estimated)
20260713062415_000256F.MP4,26,2026-07-13T11:24:41+00:00,40.8093384,-96.6940918,6.22,mph,active,-0.096,-0.048,,g (estimated)
20260713062415_000256F.MP4,27,2026-07-13T11:24:42+00:00,40.809318,-96.6940918,3.1,mph,active,-0.048,-0.096,,g (estimated)
20260713062415_000256F.MP4,28,2026-07-13T11:24:43+00:00,40.8093099,-96.6940592,0.0,mph,active,-0.096,-0.14400000000000002,,g (estimated)
20260713062415_000256F.MP4,29,2026-07-13T11:24:44+00:00,40.8093099,-96.6940592,0.0,mph,active,-0.096,-0.14400000000000002,,g (estimated)
20260713062415_000256F.MP4,30,2026-07-13T11:24:45+00:00,40.8093099,-96.6940592,0.0,mph,active,-0.048,-0.14400000000000002,,g (estimated)
20260713062415_000256F.MP4,31,2026-07-13T11:24:46+00:00,40.809314,-96.6940592,0.0,mph,active,-0.048,-0.14400000000000002,,g (estimated)
20260713062415_000256F.MP4,32,2026-07-13T11:24:47+00:00,40.809318,-96.6940592,0.0,mph,active,-0.096,-0.14400000000000002,,g (estimated)
20260713062415_000256F.MP4,33,2026-07-13T11:24:48+00:00,40.809318,-96.6940592,0.0,mph,active,-0.048,-0.24,,g (estimated)
20260713062415_000256F.MP4,34,2026-07-13T11:24:49+00:00,40.809318,-96.6940592,0.0,mph,active,-0.048,-0.28800000000000003,,g (estimated)
20260713062415_000256F.MP4,35,2026-07-13T11:24:50+00:00,40.809314,-96.6940592,3.57,mph,active,0.0,-0.28800000000000003,,g (estimated)
20260713062415_000256F.MP4,36,2026-07-13T11:24:51+00:00,40.8092936,-96.6940755,6.18,mph,active,0.048,-0.14400000000000002,,g (estimated)
20260713062415_000256F.MP4,37,2026-07-13T11:24:52+00:00,40.809257,-96.6940592,8.37,mph,active,0.14400000000000002,-0.24,,g (estimated)
20260713062415_000256F.MP4,38,2026-07-13T11:24:53+00:00,40.8092163,-96.694043,10.09,mph,active,0.096,-0.24,,g (estimated)
20260713062415_000256F.MP4,39,2026-07-13T11:24:54+00:00,40.8091878,-96.6939941,11.42,mph,active,0.048,-0.24,,g (estimated)
20260713062415_000256F.MP4,40,2026-07-13T11:24:55+00:00,40.8091634,-96.6939128,13.9,mph,active,0.0,-0.336,,g (estimated)
20260713062415_000256F.MP4,41,2026-07-13T11:24:56+00:00,40.8091471,-96.6938314,16.71,mph,active,-0.048,-0.24,,g (estimated)
20260713062415_000256F.MP4,42,2026-07-13T11:24:57+00:00,40.8091431,-96.6937174,18.33,mph,active,-0.096,-0.28800000000000003,,g (estimated)
20260713062415_000256F.MP4,43,2026-07-13T11:24:58+00:00,40.8091553,-96.6936035,19.73,mph,active,-0.096,-0.24,,g (estimated)
20260713062415_000256F.MP4,44,2026-07-13T11:24:59+00:00,40.8091634,-96.6934733,20.99,mph,active,-0.096,-0.28800000000000003,,g (estimated)
20260713062415_000256F.MP4,45,2026-07-13T11:25:00+00:00,40.8091675,-96.6933268,22.3,mph,active,-0.048,-0.192,,g (estimated)
20260713062415_000256F.MP4,46,2026-07-13T11:25:01+00:00,40.8091715,-96.6931966,23.21,mph,active,-0.096,-0.24,,g (estimated)
20260713062415_000256F.MP4,47,2026-07-13T11:25:02+00:00,40.8091715,-96.6930339,24.34,mph,active,-0.048,-0.14400000000000002,,g (estimated)
20260713062415_000256F.MP4,48,2026-07-13T11:25:03+00:00,40.8091756,-96.6928874,25.09,mph,active,-0.048,-0.24,,g (estimated)
20260713062415_000256F.MP4,49,2026-07-13T11:25:04+00:00,40.8091756,-96.6927246,25.86,mph,active,-0.096,-0.14400000000000002,,g (estimated)
20260713062415_000256F.MP4,50,2026-07-13T11:25:05+00:00,40.8091797,-96.6925781,26.34,mph,active,-0.096,-0.24,,g (estimated)
20260713062415_000256F.MP4,51,2026-07-13T11:25:06+00:00,40.8091797,-96.6924154,26.87,mph,active,-0.048,-0.14400000000000002,,g (estimated)
20260713062415_000256F.MP4,52,2026-07-13T11:25:07+00:00,40.8091797,-96.6922363,26.94,mph,active,-0.096,-0.192,,g (estimated)
20260713062415_000256F.MP4,53,2026-07-13T11:25:08+00:00,40.8091797,-96.6920736,26.89,mph,active,-0.048,-0.096,,g (estimated)
20260713062415_000256F.MP4,54,2026-07-13T11:25:09+00:00,40.8091797,-96.6919108,27.2,mph,active,-0.048,-0.096,,g (estimated)
20260713062415_000256F.MP4,55,2026-07-13T11:25:10+00:00,40.8091797,-96.691748,25.63,mph,active,-0.048,0.0,,g (estimated)
20260713062415_000256F.MP4,56,2026-07-13T11:25:11+00:00,40.8091797,-96.6916016,24.48,mph,active,-0.048,-0.048,,g (estimated)
20260713062415_000256F.MP4,57,2026-07-13T11:25:12+00:00,40.8091838,-96.6914551,23.41,mph,active,-0.096,-0.096,,g (estimated)
20260713062415_000256F.MP4,58,2026-07-13T11:25:13+00:00,40.8091919,-96.6913086,22.52,mph,active,-0.096,-0.14400000000000002,,g (estimated)
20260713062415_000256F.MP4,59,2026-07-13T11:25:14+00:00,40.8091919,-96.6911784,20.85,mph,active,-0.096,-0.048,,g (estimated)
20260713062515_000257F.MP4,0,2026-07-13T11:25:15+00:00,40.8092,-96.6910482,19.81,mph,active,-0.048,-0.048,,g (estimated)
20260713062515_000257F.MP4,1,2026-07-13T11:25:16+00:00,40.8092082,-96.6909342,17.91,mph,active,-0.096,0.0,,g (estimated)
20260713062515_000257F.MP4,2,2026-07-13T11:25:17+00:00,40.8092082,-96.6908366,15.22,mph,active,0.0,-0.096,,g (estimated)
20260713062515_000257F.MP4,3,2026-07-13T11:25:18+00:00,40.8092082,-96.6907552,12.97,mph,active,0.096,-0.096,,g (estimated)
20260713062515_000257F.MP4,4,2026-07-13T11:25:19+00:00,40.8092285,-96.6907064,10.23,mph,active,0.096,-0.14400000000000002,,g (estimated)
20260713062515_000257F.MP4,5,2026-07-13T11:25:20+00:00,40.809257,-96.6906576,9.59,mph,active,0.0,-0.192,,g (estimated)
20260713062515_000257F.MP4,6,2026-07-13T11:25:21+00:00,40.8092896,-96.6906087,8.77,mph,active,0.048,-0.24,,g (estimated)
20260713062515_000257F.MP4,7,2026-07-13T11:25:22+00:00,40.8093384,-96.6905924,10.34,mph,active,0.048,-0.24,,g (estimated)
20260713062515_000257F.MP4,8,2026-07-13T11:25:23+00:00,40.8093994,-96.6905924,12.77,mph,active,-0.096,-0.192,,g (estimated)
20260713062515_000257F.MP4,9,2026-07-13T11:25:24+00:00,40.8094686,-96.6905924,14.11,mph,active,-0.048,-0.336,,g (estimated)
20260713062515_000257F.MP4,10,2026-07-13T11:25:25+00:00,40.8095418,-96.6905924,15.32,mph,active,-0.048,-0.14400000000000002,,g (estimated)
20260713062515_000257F.MP4,11,2026-07-13T11:25:26+00:00,40.8096232,-96.6905924,16.65,mph,active,-0.096,-0.28800000000000003,,g (estimated)
20260713062515_000257F.MP4,12,2026-07-13T11:25:27+00:00,40.8097087,-96.6906087,17.66,mph,active,0.0,-0.192,,g (estimated)
20260713062515_000257F.MP4,13,2026-07-13T11:25:28+00:00,40.8097941,-96.6906087,18.54,mph,active,0.0,-0.14400000000000002,,g (estimated)
20260713062515_000257F.MP4,14,2026-07-13T11:25:29+00:00,40.8098877,-96.6906087,19.18,mph,active,-0.192,-0.192,,g (estimated)
20260713062515_000257F.MP4,15,2026-07-13T11:25:30+00:00,40.8099813,-96.6906087,19.8,mph,active,-0.24,-0.192,,g (estimated)
20260713062515_000257F.MP4,16,2026-07-13T11:25:31+00:00,40.8100789,-96.690625,20.69,mph,active,0.14400000000000002,-0.28800000000000003,,g (estimated)
20260713062515_000257F.MP4,17,2026-07-13T11:25:32+00:00,40.8101766,-96.690625,20.7,mph,active,-0.14400000000000002,-0.14400000000000002,,g (estimated)
20260713062515_000257F.MP4,18,2026-07-13T11:25:33+00:00,40.8102743,-96.690625,20.13,mph,active,0.0,-0.28800000000000003,,g (estimated)
20260713062515_000257F.MP4,19,2026-07-13T11:25:34+00:00,40.8103719,-96.690625,20.86,mph,active,0.0,-0.192,,g (estimated)
20260713062515_000257F.MP4,20,2026-07-13T11:25:35+00:00,40.8104655,-96.690625,21.08,mph,active,0.096,-0.048,,g (estimated)
20260713062515_000257F.MP4,21,2026-07-13T11:25:36+00:00,40.8105672,-96.6906087,22.17,mph,active,0.0,-0.14400000000000002,,g (estimated)
20260713062515_000257F.MP4,22,2026-07-13T11:25:37+00:00,40.8106689,-96.6906087,22.45,mph,active,-0.192,-0.192,,g (estimated)
20260713062515_000257F.MP4,23,2026-07-13T11:25:38+00:00,40.8107747,-96.6906087,22.39,mph,active,0.0,-0.14400000000000002,,g (estimated)
20260713062515_000257F.MP4,24,2026-07-13T11:25:39+00:00,40.8108724,-96.6906087,21.66,mph,active,0.0,-0.048,,g (estimated)
20260713062515_000257F.MP4,25,2026-07-13T11:25:40+00:00,40.8109701,-96.6906087,20.47,mph,active,0.0,0.048,,g (estimated)
20260713062515_000257F.MP4,26,2026-07-13T11:25:41+00:00,40.8110596,-96.690625,19.32,mph,active,-0.096,0.0,,g (estimated)
20260713062515_000257F.MP4,27,2026-07-13T11:25:42+00:00,40.811141,-96.690625,16.04,mph,active,-0.192,0.0,,g (estimated)
20260713062515_000257F.MP4,28,2026-07-13T11:25:43+00:00,40.811202,-96.6906087,12.25,mph,active,-0.192,-0.096,,g (estimated)
20260713062515_000257F.MP4,29,2026-07-13T11:25:44+00:00,40.8112427,-96.6906087,9.36,mph,active,-0.28800000000000003,-0.048,,g (estimated)
20260713062515_000257F.MP4,30,2026-07-13T11:25:45+00:00,40.8112752,-96.6905924,7.78,mph,active,-0.24,-0.096,,g (estimated)
20260713062515_000257F.MP4,31,2026-07-13T11:25:46+00:00,40.8112956,-96.6905599,6.88,mph,active,-0.096,-0.096,,g (estimated)
20260713062515_000257F.MP4,32,2026-07-13T11:25:47+00:00,40.8113037,-96.6905273,5.82,mph,active,-0.192,-0.14400000000000002,,g (estimated)
20260713062515_000257F.MP4,33,2026-07-13T11:25:48+00:00,40.8112996,-96.6904948,5.88,mph,active,-0.24,-0.096,,g (estimated)
20260713062515_000257F.MP4,34,2026-07-13T11:25:49+00:00,40.8112834,-96.6904622,6.32,mph,active,-0.14400000000000002,-0.192,,g (estimated)
20260713062515_000257F.MP4,35,2026-07-13T11:25:50+00:00,40.8112508,-96.690446,6.38,mph,active,-0.096,-0.24,,g (estimated)
20260713062515_000257F.MP4,36,2026-07-13T11:25:51+00:00,40.8112101,-96.690446,7.44,mph,active,-0.096,-0.28800000000000003,,g (estimated)
20260713062515_000257F.MP4,37,2026-07-13T11:25:52+00:00,40.8111654,-96.690446,8.18,mph,active,0.0,-0.192,,g (estimated)
20260713062515_000257F.MP4,38,2026-07-13T11:25:53+00:00,40.8111165,-96.690446,8.91,mph,active,-0.048,-0.14400000000000002,,g (estimated)
20260713062515_000257F.MP4,39,2026-07-13T11:25:54+00:00,40.8110718,-96.690446,8.98,mph,active,0.0,-0.14400000000000002,,g (estimated)
20260713062515_000257F.MP4,40,2026-07-13T11:25:55+00:00,40.8110229,-96.690446,8.73,mph,active,0.0,-0.14400000000000002,,g (estimated)
20260713062515_000257F.MP4,41,2026-07-13T11:25:56+00:00,40.8109782,-96.6904297,8.39,mph,active,0.048,-0.14400000000000002,,g (estimated)
20260713062515_000257F.MP4,42,2026-07-13T11:25:57+00:00,40.8109456,-96.6903971,7.72,mph,active,0.048,-0.192,,g (estimated)
20260713062515_000257F.MP4,43,2026-07-13T11:25:58+00:00,40.8109253,-96.6903646,7.47,mph,active,0.0,-0.192,,g (estimated)
20260713062515_000257F.MP4,44,2026-07-13T11:25:59+00:00,40.810909,-96.690332,8.35,mph,active,-0.048,-0.192,,g (estimated)
20260713062515_000257F.MP4,45,2026-07-13T11:26:00+00:00,40.8108968,-96.6902669,8.7,mph,active,-0.096,-0.14400000000000002,,g (estimated)
20260713062515_000257F.MP4,46,2026-07-13T11:26:01+00:00,40.8108887,-96.6902181,8.66,mph,active,-0.096,-0.14400000000000002,,g (estimated)
20260713062515_000257F.MP4,47,2026-07-13T11:26:02+00:00,40.8108846,-96.6901693,8.9,mph,active,-0.048,-0.096,,g (estimated)
20260713062515_000257F.MP4,48,2026-07-13T11:26:03+00:00,40.8108724,-96.6901204,8.66,mph,active,-0.048,-0.096,,g (estimated)
20260713062515_000257F.MP4,49,2026-07-13T11:26:04+00:00,40.8108602,-96.6900716,6.64,mph,active,-0.14400000000000002,-0.24,,g (estimated)
20260713062515_000257F.MP4,50,2026-07-13T11:26:05+00:00,40.8108521,-96.6900391,6.23,mph,active,-0.192,-0.192,,g (estimated)
20260713062515_000257F.MP4,51,2026-07-13T11:26:06+00:00,40.8108398,-96.6899902,6.9,mph,active,-0.192,-0.24,,g (estimated)
20260713062515_000257F.MP4,52,2026-07-13T11:26:07+00:00,40.8108114,-96.6899577,7.93,mph,active,-0.24,-0.14400000000000002,,g (estimated)
20260713062515_000257F.MP4,53,2026-07-13T11:26:08+00:00,40.8107747,-96.6899414,8.91,mph,active,-0.14400000000000002,-0.192,,g (estimated)
20260713062515_000257F.MP4,54,2026-07-13T11:26:09+00:00,40.810734,-96.6899251,9.72,mph,active,-0.048,-0.096,,g (estimated)
20260713062515_000257F.MP4,55,2026-07-13T11:26:10+00:00,40.8106893,-96.6899251,10.03,mph,active,-0.096,-0.192,,g (estimated)
20260713062515_000257F.MP4,56,2026-07-13T11:26:11+00:00,40.8106364,-96.6899089,10.43,mph,active,-0.048,-0.192,,g (estimated)
20260713062515_000257F.MP4,57,2026-07-13T11:26:12+00:00,40.8105876,-96.6899089,10.4,mph,active,0.0,-0.096,,g (estimated)
20260713062515_000257F.MP4,58,2026-07-13T11:26:13+00:00,40.8105347,-96.6899089,10.45,mph,active,0.0,-0.14400000000000002,,g (estimated)
20260713062515_000257F.MP4,59,2026-07-13T11:26:14+00:00,40.8104818,-96.6899089,10.48,mph,active,0.0,-0.14400000000000002,,g (estimated)
20260713062615_000258F.MP4,0,2026-07-13T11:26:15+00:00,40.8104248,-96.6899089,10.54,mph,active,0.0,-0.096,,g (estimated)
20260713062615_000258F.MP4,1,2026-07-13T11:26:16+00:00,40.810376,-96.6899089,10.49,mph,active,0.0,-0.096,,g (estimated)
20260713062615_000258F.MP4,2,2026-07-13T11:26:17+00:00,40.8103271,-96.6899089,9.86,mph,active,0.048,-0.096,,g (estimated)
20260713062615_000258F.MP4,3,2026-07-13T11:26:18+00:00,40.8102865,-96.6899089,8.71,mph,active,0.0,-0.14400000000000002,,g (estimated)
20260713062615_000258F.MP4,4,2026-07-13T11:26:19+00:00,40.8102498,-96.6898763,8.1,mph,active,0.0,-0.192,,g (estimated)
20260713062615_000258F.MP4,5,2026-07-13T11:26:20+00:00,40.8102214,-96.68986,8.08,mph,active,0.048,-0.14400000000000002,,g (estimated)
20260713062615_000258F.MP4,6,2026-07-13T11:26:21+00:00,40.8102051,-96.6898112,8.02,mph,active,0.0,-0.192,,g (estimated)
20260713062615_000258F.MP4,7,2026-07-13T11:26:22+00:00,40.8101969,-96.6897624,7.97,mph,active,-0.048,-0.192,,g (estimated)
20260713062615_000258F.MP4,8,2026-07-13T11:26:23+00:00,40.8101969,-96.6896973,8.54,mph,active,-0.048,-0.192,,g (estimated)
20260713062615_000258F.MP4,9,2026-07-13T11:26:24+00:00,40.810201,-96.6896484,8.55,mph,active,-0.096,-0.096,,g (estimated)
20260713062615_000258F.MP4,10,2026-07-13T11:26:25+00:00,40.8102051,-96.6895996,7.73,mph,active,-0.096,-0.096,,g (estimated)
20260713062615_000258F.MP4,11,2026-07-13T11:26:26+00:00,40.8102091,-96.6895671,5.95,mph,active,0.0,-0.14400000000000002,,g (estimated)
20260713062615_000258F.MP4,12,2026-07-13T11:26:27+00:00,40.8102091,-96.6895345,3.69,mph,active,0.0,-0.24,,g (estimated)
20260713062615_000258F.MP4,13,2026-07-13T11:26:28+00:00,40.8102173,-96.6895182,3.64,mph,active,0.096,-0.24,,g (estimated)
20260713062615_000258F.MP4,14,2026-07-13T11:26:29+00:00,40.8102295,-96.6894857,5.73,mph,active,0.0,-0.24,,g (estimated)
20260713062615_000258F.MP4,15,2026-07-13T11:26:30+00:00,40.810258,-96.6894694,7.76,mph,active,0.0,-0.24,,g (estimated)
20260713062615_000258F.MP4,16,2026-07-13T11:26:31+00:00,40.8102987,-96.6894531,9.52,mph,active,-0.048,-0.192,,g (estimated)
20260713062615_000258F.MP4,17,2026-07-13T11:26:32+00:00,40.8103516,-96.6894531,11.02,mph,active,-0.048,-0.14400000000000002,,g (estimated)
20260713062615_000258F.MP4,18,2026-07-13T11:26:33+00:00,40.8104045,-96.6894531,11.35,mph,active,0.0,-0.14400000000000002,,g (estimated)
20260713062615_000258F.MP4,19,2026-07-13T11:26:34+00:00,40.8104614,-96.6894368,12.02,mph,active,-0.048,-0.14400000000000002,,g (estimated)
20260713062615_000258F.MP4,20,2026-07-13T11:26:35+00:00,40.8105184,-96.6894368,12.03,mph,active,-0.048,-0.14400000000000002,,g (estimated)
20260713062615_000258F.MP4,21,2026-07-13T11:26:36+00:00,40.8105835,-96.6894368,12.47,mph,active,-0.096,-0.192,,g (estimated)
20260713062615_000258F.MP4,22,2026-07-13T11:26:37+00:00,40.8106405,-96.6894368,13.01,mph,active,-0.096,-0.192,,g (estimated)
20260713062615_000258F.MP4,23,2026-07-13T11:26:38+00:00,40.8107015,-96.6894206,12.99,mph,active,-0.048,-0.14400000000000002,,g (estimated)
20260713062615_000258F.MP4,24,2026-07-13T11:26:39+00:00,40.8107666,-96.6894368,13.48,mph,active,-0.048,-0.14400000000000002,,g (estimated)
20260713062615_000258F.MP4,25,2026-07-13T11:26:40+00:00,40.8108276,-96.6894206,12.91,mph,active,-0.048,-0.096,,g (estimated)
20260713062615_000258F.MP4,26,2026-07-13T11:26:41+00:00,40.8108887,-96.6894206,12.41,mph,active,-0.048,-0.14400000000000002,,g (estimated)
20260713062615_000258F.MP4,27,2026-07-13T11:26:42+00:00,40.8109416,-96.6894206,12.19,mph,active,-0.096,-0.14400000000000002,,g (estimated)
20260713062615_000258F.MP4,28,2026-07-13T11:26:43+00:00,40.8109985,-96.6894206,11.39,mph,active,-0.048,-0.048,,g (estimated)
20260713062615_000258F.MP4,29,2026-07-13T11:26:44+00:00,40.8110514,-96.6894043,10.7,mph,active,-0.048,-0.096,,g (estimated)
20260713062615_000258F.MP4,30,2026-07-13T11:26:45+00:00,40.8110962,-96.6894043,9.3,mph,active,-0.048,0.0,,g (estimated)
20260713062615_000258F.MP4,31,2026-07-13T11:26:46+00:00,40.8111328,-96.6894043,7.12,mph,active,-0.048,-0.096,,g (estimated)
20260713062615_000258F.MP4,32,2026-07-13T11:26:47+00:00,40.8111572,-96.689388,4.21,mph,active,-0.096,0.0,,g (estimated)
20260713062615_000258F.MP4,33,2026-07-13T11:26:48+00:00,40.8111694,-96.689388,0.0,mph,active,-0.096,-0.14400000000000002,,g (estimated)
20260713062615_000258F.MP4,34,2026-07-13T11:26:49+00:00,40.8111694,-96.689388,0.0,mph,active,-0.048,-0.192,,g (estimated)
20260713062615_000258F.MP4,35,2026-07-13T11:26:50+00:00,40.8111735,-96.689388,0.0,mph,active,-0.048,-0.14400000000000002,,g (estimated)
20260713062615_000258F.MP4,36,2026-07-13T11:26:51+00:00,40.8111694,-96.689388,0.0,mph,active,-0.048,-0.192,,g (estimated)
20260713062615_000258F.MP4,37,2026-07-13T11:26:52+00:00,40.8111694,-96.689388,0.0,mph,active,-0.048,-0.14400000000000002,,g (estimated)
20260713062615_000258F.MP4,38,2026-07-13T11:26:53+00:00,40.8111694,-96.689388,0.0,mph,active,-0.048,-0.14400000000000002,,g (estimated)
20260713062615_000258F.MP4,39,2026-07-13T11:26:54+00:00,40.8111694,-96.6894043,0.0,mph,active,-0.048,-0.14400000000000002,,g (estimated)
20260713062615_000258F.MP4,40,2026-07-13T11:26:55+00:00,40.8111694,-96.6894043,0.0,mph,active,-0.048,-0.14400000000000002,,g (estimated)
20260713062615_000258F.MP4,41,2026-07-13T11:26:56+00:00,40.8111694,-96.6894043,0.0,mph,active,-0.048,-0.14400000000000002,,g (estimated)
20260713062615_000258F.MP4,42,2026-07-13T11:26:57+00:00,40.8111694,-96.6894043,0.0,mph,active,-0.048,-0.14400000000000002,,g (estimated)
20260713062615_000258F.MP4,43,2026-07-13T11:26:58+00:00,40.8111694,-96.6894043,0.0,mph,active,-0.048,-0.14400000000000002,,g (estimated)
20260713062615_000258F.MP4,44,2026-07-13T11:26:59+00:00,40.8111654,-96.6894043,0.0,mph,active,-0.048,-0.14400000000000002,,g (estimated)
20260713062615_000258F.MP4,45,2026-07-13T11:27:00+00:00,40.8111654,-96.6894043,0.0,mph,active,-0.048,-0.14400000000000002,,g (estimated)
20260713062615_000258F.MP4,46,2026-07-13T11:27:01+00:00,40.8111654,-96.6894043,0.0,mph,active,-0.048,-0.14400000000000002,,g (estimated)
20260713062615_000258F.MP4,47,2026-07-13T11:27:02+00:00,40.8111654,-96.6894043,0.0,mph,active,-0.048,-0.14400000000000002,,g (estimated)
20260713062615_000258F.MP4,48,2026-07-13T11:27:03+00:00,40.8111654,-96.6894043,0.0,mph,active,-0.048,-0.14400000000000002,,g (estimated)
20260713062615_000258F.MP4,49,2026-07-13T11:27:04+00:00,40.8111654,-96.6894043,0.0,mph,active,-0.048,-0.14400000000000002,,g (estimated)
20260713062615_000258F.MP4,50,2026-07-13T11:27:05+00:00,40.8111654,-96.6894043,0.0,mph,active,-0.048,-0.14400000000000002,,g (estimated)
20260713062615_000258F.MP4,51,2026-07-13T11:27:06+00:00,40.8111654,-96.6894043,0.0,mph,active,-0.048,-0.14400000000000002,,g (estimated)
20260713062615_000258F.MP4,52,2026-07-13T11:27:07+00:00,40.8111654,-96.6894043,0.0,mph,active,-0.048,-0.096,,g (estimated)
20260713062615_000258F.MP4,53,2026-07-13T11:27:08+00:00,40.8111613,-96.6894043,0.0,mph,active,-0.048,-0.192,,g (estimated)
20260713062615_000258F.MP4,54,2026-07-13T11:27:09+00:00,40.8111613,-96.6894043,0.0,mph,active,-0.048,-0.14400000000000002,,g (estimated)
20260713062615_000258F.MP4,55,2026-07-13T11:27:10+00:00,40.8111572,-96.6894043,0.0,mph,active,-0.048,-0.14400000000000002,,g (estimated)
20260713062615_000258F.MP4,56,2026-07-13T11:27:11+00:00,40.8111572,-96.6894043,0.0,mph,active,-0.048,-0.14400000000000002,,g (estimated)
20260713062615_000258F.MP4,57,2026-07-13T11:27:12+00:00,40.8111532,-96.6894043,0.0,mph,active,-0.048,-0.192,,g (estimated)
20260713062615_000258F.MP4,58,2026-07-13T11:27:13+00:00,40.8111532,-96.6894043,0.0,mph,active,-0.048,-0.14400000000000002,,g (estimated)
20260713062615_000258F.MP4,59,2026-07-13T11:27:14+00:00,40.8111572,-96.6894043,0.0,mph,active,-0.048,-0.14400000000000002,,g (estimated)
20260713062715_000259F.MP4,0,2026-07-13T11:27:15+00:00,40.8111572,-96.6894043,0.0,mph,active,-0.048,-0.14400000000000002,,g (estimated)
20260713062715_000259F.MP4,1,2026-07-13T11:27:16+00:00,40.8111572,-96.6894043,0.0,mph,active,-0.048,-0.14400000000000002,,g (estimated)
20260713062715_000259F.MP4,2,2026-07-13T11:27:17+00:00,40.8111572,-96.6894043,0.0,mph,active,-0.048,-0.14400000000000002,,g (estimated)
20260713062715_000259F.MP4,3,2026-07-13T11:27:18+00:00,40.8111572,-96.6894043,0.0,mph,active,-0.048,-0.14400000000000002,,g (estimated)
20260713062715_000259F.MP4,4,2026-07-13T11:27:19+00:00,40.8111572,-96.6894043,0.0,mph,active,-0.048,-0.14400000000000002,,g (estimated)
20260713062715_000259F.MP4,5,2026-07-13T11:27:20+00:00,40.8111613,-96.6894043,0.0,mph,active,-0.048,-0.14400000000000002,,g (estimated)
20260713062715_000259F.MP4,6,2026-07-13T11:27:21+00:00,40.8111613,-96.6894043,0.0,mph,active,-0.048,-0.14400000000000002,,g (estimated)
20260713062715_000259F.MP4,7,2026-07-13T11:27:22+00:00,40.8111613,-96.6894043,0.0,mph,active,-0.048,-0.14400000000000002,,g (estimated)
20260713062715_000259F.MP4,8,2026-07-13T11:27:23+00:00,40.8111613,-96.6894043,0.0,mph,active,-0.048,-0.14400000000000002,,g (estimated)
20260713062715_000259F.MP4,9,2026-07-13T11:27:24+00:00,40.8111613,-96.6894043,0.0,mph,active,-0.048,-0.14400000000000002,,g (estimated)
20260713062715_000259F.MP4,10,2026-07-13T11:27:25+00:00,40.8111613,-96.6894043,0.0,mph,active,-0.048,-0.14400000000000002,,g (estimated)
20260713062715_000259F.MP4,11,2026-07-13T11:27:26+00:00,40.8111613,-96.6894043,0.0,mph,active,-0.048,-0.14400000000000002,,g (estimated)
20260713062715_000259F.MP4,12,2026-07-13T11:27:27+00:00,40.8111613,-96.6894043,0.0,mph,active,-0.048,-0.14400000000000002,,g (estimated)
20260713062715_000259F.MP4,13,2026-07-13T11:27:28+00:00,40.8111572,-96.6894043,0.0,mph,active,-0.048,-0.14400000000000002,,g (estimated)
20260713062715_000259F.MP4,14,2026-07-13T11:27:29+00:00,40.8111572,-96.6894043,0.0,mph,active,-0.048,-0.14400000000000002,,g (estimated)
20260713062715_000259F.MP4,15,2026-07-13T11:27:30+00:00,40.8111572,-96.6894043,0.0,mph,active,-0.048,-0.14400000000000002,,g (estimated)
20260713062715_000259F.MP4,16,2026-07-13T11:27:31+00:00,40.8111532,-96.6894043,0.0,mph,active,-0.048,-0.14400000000000002,,g (estimated)
20260713062715_000259F.MP4,17,2026-07-13T11:27:32+00:00,40.8111532,-96.6894043,0.0,mph,active,-0.048,-0.14400000000000002,,g (estimated)
20260713062715_000259F.MP4,18,2026-07-13T11:27:33+00:00,40.8111532,-96.6894043,0.0,mph,active,-0.096,-0.14400000000000002,,g (estimated)
20260713062715_000259F.MP4,19,2026-07-13T11:27:34+00:00,40.8111532,-96.6894043,0.0,mph,active,-0.048,-0.192,,g (estimated)
20260713062715_000259F.MP4,20,2026-07-13T11:27:35+00:00,40.8111532,-96.6894043,0.0,mph,active,-0.048,-0.14400000000000002,,g (estimated)
20260713062715_000259F.MP4,21,2026-07-13T11:27:36+00:00,40.8111532,-96.6894043,0.0,mph,active,-0.096,-0.192,,g (estimated)
20260713062715_000259F.MP4,22,2026-07-13T11:27:37+00:00,40.8111532,-96.6894043,0.0,mph,active,-0.048,-0.14400000000000002,,g (estimated)
20260713062715_000259F.MP4,23,2026-07-13T11:27:38+00:00,40.8111532,-96.6894043,0.0,mph,active,-0.048,-0.14400000000000002,,g (estimated)
20260713062715_000259F.MP4,24,2026-07-13T11:27:39+00:00,40.8111532,-96.6894043,0.0,mph,active,-0.048,-0.14400000000000002,,g (estimated)
20260713062715_000259F.MP4,25,2026-07-13T11:27:40+00:00,40.8111572,-96.6894043,0.0,mph,active,-0.048,-0.14400000000000002,,g (estimated)
20260713062715_000259F.MP4,26,2026-07-13T11:27:41+00:00,40.8111613,-96.6894043,0.0,mph,active,-0.048,-0.14400000000000002,,g (estimated)
20260713062715_000259F.MP4,27,2026-07-13T11:27:42+00:00,40.8111613,-96.6894043,0.0,mph,active,-0.048,-0.14400000000000002,,g (estimated)
20260713062715_000259F.MP4,28,2026-07-13T11:27:43+00:00,40.8111613,-96.6894043,0.0,mph,active,-0.048,-0.14400000000000002,,g (estimated)
20260713062715_000259F.MP4,29,2026-07-13T11:27:44+00:00,40.8111613,-96.6894043,0.0,mph,active,-0.048,-0.14400000000000002,,g (estimated)
20260713062715_000259F.MP4,30,2026-07-13T11:27:45+00:00,40.8111613,-96.689388,0.0,mph,active,-0.048,-0.14400000000000002,,g (estimated)
20260713062715_000259F.MP4,31,2026-07-13T11:27:46+00:00,40.8111654,-96.689388,0.0,mph,active,-0.048,-0.14400000000000002,,g (estimated)
20260713062715_000259F.MP4,32,2026-07-13T11:27:47+00:00,40.8111654,-96.689388,0.0,mph,active,-0.048,-0.14400000000000002,,g (estimated)
20260713062715_000259F.MP4,33,2026-07-13T11:27:48+00:00,40.8111654,-96.689388,0.0,mph,active,-0.048,-0.14400000000000002,,g (estimated)
20260713062715_000259F.MP4,34,2026-07-13T11:27:49+00:00,40.8111694,-96.689388,0.0,mph,active,-0.048,-0.14400000000000002,,g (estimated)
20260713062715_000259F.MP4,35,2026-07-13T11:27:50+00:00,40.8111694,-96.6894043,0.0,mph,active,-0.048,-0.14400000000000002,,g (estimated)
20260713062715_000259F.MP4,36,2026-07-13T11:27:51+00:00,40.8111735,-96.6894043,0.0,mph,active,-0.048,-0.14400000000000002,,g (estimated)
20260713062715_000259F.MP4,37,2026-07-13T11:27:52+00:00,40.8111735,-96.6894043,0.0,mph,active,-0.048,-0.14400000000000002,,g (estimated)
20260713062715_000259F.MP4,38,2026-07-13T11:27:53+00:00,40.8111735,-96.6894043,0.0,mph,active,-0.048,-0.14400000000000002,,g (estimated)
20260713062715_000259F.MP4,39,2026-07-13T11:27:54+00:00,40.8111735,-96.6894043,0.0,mph,active,-0.048,-0.14400000000000002,,g (estimated)
20260713062715_000259F.MP4,40,2026-07-13T11:27:55+00:00,40.8111735,-96.6894043,0.0,mph,active,-0.048,-0.14400000000000002,,g (estimated)
20260713062715_000259F.MP4,41,2026-07-13T11:27:56+00:00,40.8111735,-96.6894043,0.0,mph,active,-0.048,-0.14400000000000002,,g (estimated)
20260713062715_000259F.MP4,42,2026-07-13T11:27:57+00:00,40.8111735,-96.6894043,0.0,mph,active,-0.048,-0.14400000000000002,,g (estimated)
20260713062715_000259F.MP4,43,2026-07-13T11:27:58+00:00,40.8111735,-96.6894043,0.0,mph,active,-0.048,-0.14400000000000002,,g (estimated)
20260713062715_000259F.MP4,44,2026-07-13T11:27:59+00:00,40.8111735,-96.6894043,0.0,mph,active,-0.048,-0.14400000000000002,,g (estimated)
20260713062715_000259F.MP4,45,2026-07-13T11:28:00+00:00,40.8111694,-96.6894043,0.0,mph,active,-0.048,-0.14400000000000002,,g (estimated)
20260713062715_000259F.MP4,46,2026-07-13T11:28:01+00:00,40.8111694,-96.6894043,0.0,mph,active,-0.048,-0.14400000000000002,,g (estimated)
20260713062715_000259F.MP4,47,2026-07-13T11:28:02+00:00,40.8111654,-96.6894043,0.0,mph,active,-0.048,-0.14400000000000002,,g (estimated)
20260713062715_000259F.MP4,48,2026-07-13T11:28:03+00:00,40.8111654,-96.6894043,0.0,mph,active,-0.048,-0.14400000000000002,,g (estimated)
20260713062715_000259F.MP4,49,2026-07-13T11:28:04+00:00,40.8111613,-96.6894043,0.0,mph,active,-0.048,-0.14400000000000002,,g (estimated)
20260713062715_000259F.MP4,50,2026-07-13T11:28:05+00:00,40.8111613,-96.6894043,0.0,mph,active,-0.048,-0.14400000000000002,,g (estimated)
20260713062715_000259F.MP4,51,2026-07-13T11:28:06+00:00,40.8111613,-96.6894043,0.0,mph,active,-0.048,-0.14400000000000002,,g (estimated)
20260713062715_000259F.MP4,52,2026-07-13T11:28:07+00:00,40.8111613,-96.6894043,0.0,mph,active,-0.048,-0.14400000000000002,,g (estimated)
20260713062715_000259F.MP4,53,2026-07-13T11:28:08+00:00,40.8111613,-96.6894043,0.0,mph,active,-0.048,-0.14400000000000002,,g (estimated)
20260713062715_000259F.MP4,54,2026-07-13T11:28:09+00:00,40.8111613,-96.6894043,0.0,mph,active,-0.048,-0.14400000000000002,,g (estimated)
20260713062715_000259F.MP4,55,2026-07-13T11:28:10+00:00,40.8111613,-96.6894043,0.0,mph,active,-0.096,-0.192,,g (estimated)
20260713062715_000259F.MP4,56,2026-07-13T11:28:11+00:00,40.8111613,-96.6894043,0.0,mph,active,-0.048,-0.14400000000000002,,g (estimated)
20260713062715_000259F.MP4,57,2026-07-13T11:28:12+00:00,40.8111572,-96.6894043,0.0,mph,active,-0.048,-0.14400000000000002,,g (estimated)
20260713062715_000259F.MP4,58,2026-07-13T11:28:13+00:00,40.8111572,-96.6894043,0.0,mph,active,-0.048,-0.14400000000000002,,g (estimated)
20260713062715_000259F.MP4,59,2026-07-13T11:28:14+00:00,40.8111572,-96.6894043,0.0,mph,active,-0.048,-0.14400000000000002,,g (estimated)
20260713062815_000260F.MP4,0,2026-07-13T11:28:15+00:00,40.8111532,-96.6894043,0.0,mph,active,-0.048,-0.14400000000000002,,g (estimated)
20260713062815_000260F.MP4,1,2026-07-13T11:28:16+00:00,40.8111532,-96.6894043,0.0,mph,active,-0.048,-0.14400000000000002,,g (estimated)
20260713062815_000260F.MP4,2,2026-07-13T11:28:17+00:00,40.8111491,-96.6894043,0.0,mph,active,-0.048,-0.14400000000000002,,g (estimated)
20260713062815_000260F.MP4,3,2026-07-13T11:28:18+00:00,40.8111491,-96.6894043,0.0,mph,active,-0.048,-0.14400000000000002,,g (estimated)
20260713062815_000260F.MP4,4,2026-07-13T11:28:19+00:00,40.811145,-96.6894043,0.0,mph,active,-0.048,-0.14400000000000002,,g (estimated)
20260713062815_000260F.MP4,5,2026-07-13T11:28:20+00:00,40.811145,-96.6894043,0.0,mph,active,-0.048,-0.14400000000000002,,g (estimated)
20260713062815_000260F.MP4,6,2026-07-13T11:28:21+00:00,40.811145,-96.6894043,0.0,mph,active,-0.048,-0.14400000000000002,,g (estimated)
20260713062815_000260F.MP4,7,2026-07-13T11:28:22+00:00,40.811145,-96.6894043,0.0,mph,active,-0.048,-0.14400000000000002,,g (estimated)
20260713062815_000260F.MP4,8,2026-07-13T11:28:23+00:00,40.811145,-96.6894043,0.0,mph,active,-0.048,-0.14400000000000002,,g (estimated)
20260713062815_000260F.MP4,9,2026-07-13T11:28:24+00:00,40.811145,-96.6894043,0.0,mph,active,-0.048,-0.14400000000000002,,g (estimated)
20260713062815_000260F.MP4,10,2026-07-13T11:28:25+00:00,40.811145,-96.6894043,0.0,mph,active,-0.048,-0.14400000000000002,,g (estimated)
20260713062815_000260F.MP4,11,2026-07-13T11:28:26+00:00,40.811145,-96.6894043,0.0,mph,active,-0.048,-0.14400000000000002,,g (estimated)
20260713062815_000260F.MP4,12,2026-07-13T11:28:27+00:00,40.811145,-96.6894043,0.0,mph,active,-0.048,-0.14400000000000002,,g (estimated)
20260713062815_000260F.MP4,13,2026-07-13T11:28:28+00:00,40.811145,-96.6894043,0.0,mph,active,-0.048,-0.14400000000000002,,g (estimated)
20260713062815_000260F.MP4,14,2026-07-13T11:28:29+00:00,40.8111491,-96.6894043,0.0,mph,active,-0.048,-0.14400000000000002,,g (estimated)
20260713062815_000260F.MP4,15,2026-07-13T11:28:30+00:00,40.8111491,-96.6894043,0.0,mph,active,-0.048,-0.14400000000000002,,g (estimated)
20260713062815_000260F.MP4,16,2026-07-13T11:28:31+00:00,40.8111532,-96.6894043,0.0,mph,active,-0.048,-0.14400000000000002,,g (estimated)
20260713062815_000260F.MP4,17,2026-07-13T11:28:32+00:00,40.8111532,-96.6894043,0.0,mph,active,-0.048,-0.14400000000000002,,g (estimated)
20260713062815_000260F.MP4,18,2026-07-13T11:28:33+00:00,40.8111532,-96.6894043,0.0,mph,active,-0.048,-0.14400000000000002,,g (estimated)
20260713062815_000260F.MP4,19,2026-07-13T11:28:34+00:00,40.8111491,-96.6894043,0.0,mph,active,-0.048,-0.14400000000000002,,g (estimated)
20260713062815_000260F.MP4,20,2026-07-13T11:28:35+00:00,40.8111491,-96.6894043,0.0,mph,active,-0.048,-0.14400000000000002,,g (estimated)
20260713062815_000260F.MP4,21,2026-07-13T11:28:36+00:00,40.8111491,-96.6894043,0.0,mph,active,-0.048,-0.14400000000000002,,g (estimated)
20260713062815_000260F.MP4,22,2026-07-13T11:28:37+00:00,40.8111491,-96.6894043,0.0,mph,active,-0.048,-0.14400000000000002,,g (estimated)
20260713062815_000260F.MP4,23,2026-07-13T11:28:38+00:00,40.8111491,-96.6894043,0.0,mph,active,-0.048,-0.14400000000000002,,g (estimated)
20260713062815_000260F.MP4,24,2026-07-13T11:28:39+00:00,40.8111532,-96.6894043,0.0,mph,active,-0.048,-0.14400000000000002,,g (estimated)
20260713062815_000260F.MP4,25,2026-07-13T11:28:40+00:00,40.8111532,-96.6894043,0.0,mph,active,-0.048,-0.14400000000000002,,g (estimated)
20260713062815_000260F.MP4,26,2026-07-13T11:28:41+00:00,40.8111491,-96.6894043,0.0,mph,active,-0.048,-0.14400000000000002,,g (estimated)
20260713062815_000260F.MP4,27,2026-07-13T11:28:42+00:00,40.8111491,-96.6894043,0.0,mph,active,-0.048,-0.14400000000000002,,g (estimated)
20260713062815_000260F.MP4,28,2026-07-13T11:28:43+00:00,40.8111491,-96.6894043,0.0,mph,active,-0.048,-0.14400000000000002,,g (estimated)
20260713062815_000260F.MP4,29,2026-07-13T11:28:44+00:00,40.8111491,-96.6894043,0.0,mph,active,-0.048,-0.14400000000000002,,g (estimated)
20260713062815_000260F.MP4,30,2026-07-13T11:28:45+00:00,40.811145,-96.6894043,0.0,mph,active,-0.048,-0.096,,g (estimated)
20260713062815_000260F.MP4,31,2026-07-13T11:28:46+00:00,40.811145,-96.6894043,0.0,mph,active,-0.048,-0.14400000000000002,,g (estimated)
20260713062815_000260F.MP4,32,2026-07-13T11:28:47+00:00,40.811145,-96.6894043,0.0,mph,active,-0.048,-0.14400000000000002,,g (estimated)
20260713062815_000260F.MP4,33,2026-07-13T11:28:48+00:00,40.811145,-96.6894043,0.0,mph,active,-0.048,-0.14400000000000002,,g (estimated)
20260713062815_000260F.MP4,34,2026-07-13T11:28:49+00:00,40.811145,-96.6894043,0.0,mph,active,-0.048,-0.14400000000000002,,g (estimated)
20260713062815_000260F.MP4,35,2026-07-13T11:28:50+00:00,40.811145,-96.6894043,0.0,mph,active,-0.048,-0.14400000000000002,,g (estimated)
20260713062815_000260F.MP4,36,2026-07-13T11:28:51+00:00,40.811145,-96.6894043,0.0,mph,active,-0.048,-0.14400000000000002,,g (estimated)
20260713062815_000260F.MP4,37,2026-07-13T11:28:52+00:00,40.811145,-96.6894043,0.0,mph,active,-0.048,-0.192,,g (estimated)
20260713062815_000260F.MP4,38,2026-07-13T11:28:53+00:00,40.811145,-96.6894043,0.0,mph,active,-0.048,-0.14400000000000002,,g (estimated)
20260713062815_000260F.MP4,39,2026-07-13T11:28:54+00:00,40.811145,-96.6894043,0.0,mph,active,-0.048,-0.14400000000000002,,g (estimated)
20260713062815_000260F.MP4,40,2026-07-13T11:28:55+00:00,40.811145,-96.6894043,0.0,mph,active,-0.048,-0.14400000000000002,,g (estimated)
20260713062815_000260F.MP4,41,2026-07-13T11:28:56+00:00,40.8111491,-96.6894043,0.0,mph,active,-0.048,-0.14400000000000002,,g (estimated)
20260713062815_000260F.MP4,42,2026-07-13T11:28:57+00:00,40.8111491,-96.6894043,0.0,mph,active,-0.048,-0.14400000000000002,,g (estimated)
20260713062815_000260F.MP4,43,2026-07-13T11:28:58+00:00,40.8111532,-96.6894206,0.0,mph,active,-0.048,-0.14400000000000002,,g (estimated)
20260713062815_000260F.MP4,44,2026-07-13T11:28:59+00:00,40.8111532,-96.6894206,0.0,mph,active,-0.048,-0.14400000000000002,,g (estimated)
20260713062815_000260F.MP4,45,2026-07-13T11:29:00+00:00,40.8111532,-96.6894206,0.0,mph,active,-0.048,-0.14400000000000002,,g (estimated)
20260713062815_000260F.MP4,46,2026-07-13T11:29:01+00:00,40.8111491,-96.6894206,0.0,mph,active,-0.048,-0.14400000000000002,,g (estimated)
20260713062815_000260F.MP4,47,2026-07-13T11:29:02+00:00,40.8111491,-96.6894206,0.0,mph,active,-0.048,-0.14400000000000002,,g (estimated)
20260713062815_000260F.MP4,48,2026-07-13T11:29:03+00:00,40.8111491,-96.6894206,0.0,mph,active,-0.048,-0.14400000000000002,,g (estimated)
20260713062815_000260F.MP4,49,2026-07-13T11:29:04+00:00,40.8111491,-96.6894206,0.0,mph,active,-0.048,-0.14400000000000002,,g (estimated)
20260713062815_000260F.MP4,50,2026-07-13T11:29:05+00:00,40.8111491,-96.6894206,0.0,mph,active,-0.048,-0.14400000000000002,,g (estimated)
20260713062815_000260F.MP4,51,2026-07-13T11:29:06+00:00,40.8111491,-96.6894206,0.0,mph,active,-0.048,-0.14400000000000002,,g (estimated)
20260713062815_000260F.MP4,52,2026-07-13T11:29:07+00:00,40.8111491,-96.6894206,0.0,mph,active,-0.048,-0.14400000000000002,,g (estimated)
20260713062815_000260F.MP4,53,2026-07-13T11:29:08+00:00,40.8111491,-96.6894206,0.0,mph,active,-0.048,-0.14400000000000002,,g (estimated)
20260713062815_000260F.MP4,54,2026-07-13T11:29:09+00:00,40.8111532,-96.6894206,0.0,mph,active,-0.048,-0.14400000000000002,,g (estimated)
20260713062815_000260F.MP4,55,2026-07-13T11:29:10+00:00,40.8111532,-96.6894206,0.0,mph,active,-0.048,-0.14400000000000002,,g (estimated)
20260713062815_000260F.MP4,56,2026-07-13T11:29:11+00:00,40.8111532,-96.6894206,0.0,mph,active,-0.096,-0.14400000000000002,,g (estimated)
20260713062815_000260F.MP4,57,2026-07-13T11:29:12+00:00,40.8111532,-96.6894206,0.0,mph,active,-0.048,-0.14400000000000002,,g (estimated)
20260713062815_000260F.MP4,58,2026-07-13T11:29:13+00:00,40.8111572,-96.6894206,0.0,mph,active,-0.048,-0.14400000000000002,,g (estimated)
20260713062815_000260F.MP4,59,2026-07-13T11:29:14+00:00,40.8111613,-96.6894206,0.0,mph,active,-0.048,-0.14400000000000002,,g (estimated)
20260713062915_000261F.MP4,0,2026-07-13T11:29:15+00:00,40.8111654,-96.6894206,0.0,mph,active,-0.048,-0.14400000000000002,,g (estimated)
20260713062915_000261F.MP4,1,2026-07-13T11:29:16+00:00,40.8111654,-96.6894206,0.0,mph,active,-0.048,-0.14400000000000002,,g (estimated)
20260713062915_000261F.MP4,2,2026-07-13T11:29:17+00:00,40.8111654,-96.6894206,0.0,mph,active,-0.048,-0.14400000000000002,,g (estimated)
20260713062915_000261F.MP4,3,2026-07-13T11:29:18+00:00,40.8111694,-96.6894206,0.0,mph,active,-0.048,-0.14400000000000002,,g (estimated)
20260713062915_000261F.MP4,4,2026-07-13T11:29:19+00:00,40.8111694,-96.6894206,0.0,mph,active,-0.048,-0.14400000000000002,,g (estimated)
20260713062915_000261F.MP4,5,2026-07-13T11:29:20+00:00,40.8111735,-96.6894206,0.0,mph,active,-0.048,-0.14400000000000002,,g (estimated)
20260713062915_000261F.MP4,6,2026-07-13T11:29:21+00:00,40.8111735,-96.6894206,0.0,mph,active,-0.048,-0.14400000000000002,,g (estimated)
20260713062915_000261F.MP4,7,2026-07-13T11:29:22+00:00,40.8111776,-96.6894206,0.0,mph,active,-0.048,-0.14400000000000002,,g (estimated)
20260713062915_000261F.MP4,8,2026-07-13T11:29:23+00:00,40.8111776,-96.6894206,0.0,mph,active,-0.048,-0.14400000000000002,,g (estimated)
20260713062915_000261F.MP4,9,2026-07-13T11:29:24+00:00,40.8111816,-96.6894368,0.0,mph,active,-0.048,-0.192,,g (estimated)
20260713062915_000261F.MP4,10,2026-07-13T11:29:25+00:00,40.8111816,-96.6894368,0.0,mph,active,-0.048,-0.14400000000000002,,g (estimated)
20260713062915_000261F.MP4,11,2026-07-13T11:29:26+00:00,40.8111816,-96.6894368,0.0,mph,active,-0.048,-0.14400000000000002,,g (estimated)
20260713062915_000261F.MP4,12,2026-07-13T11:29:27+00:00,40.8111857,-96.6894368,0.0,mph,active,-0.048,-0.14400000000000002,,g (estimated)
20260713062915_000261F.MP4,13,2026-07-13T11:29:28+00:00,40.8111857,-96.6894368,0.0,mph,active,-0.048,-0.14400000000000002,,g (estimated)
20260713062915_000261F.MP4,14,2026-07-13T11:29:29+00:00,40.8111857,-96.6894368,0.0,mph,active,-0.048,-0.14400000000000002,,g (estimated)
20260713062915_000261F.MP4,15,2026-07-13T11:29:30+00:00,40.8111857,-96.6894368,0.0,mph,active,-0.048,-0.14400000000000002,,g (estimated)
20260713062915_000261F.MP4,16,2026-07-13T11:29:31+00:00,40.8111816,-96.6894368,0.0,mph,active,-0.048,-0.14400000000000002,,g (estimated)
20260713062915_000261F.MP4,17,2026-07-13T11:29:32+00:00,40.8111816,-96.6894368,0.0,mph,active,-0.048,-0.14400000000000002,,g (estimated)
20260713062915_000261F.MP4,18,2026-07-13T11:29:33+00:00,40.8111816,-96.6894368,0.0,mph,active,-0.048,-0.14400000000000002,,g (estimated)
20260713062915_000261F.MP4,19,2026-07-13T11:29:34+00:00,40.8111816,-96.6894368,0.0,mph,active,-0.048,-0.14400000000000002,,g (estimated)
20260713062915_000261F.MP4,20,2026-07-13T11:29:35+00:00,40.8111857,-96.6894368,0.0,mph,active,-0.048,-0.14400000000000002,,g (estimated)
20260713062915_000261F.MP4,21,2026-07-13T11:29:36+00:00,40.8111857,-96.6894368,0.0,mph,active,-0.048,-0.14400000000000002,,g (estimated)
20260713062915_000261F.MP4,22,2026-07-13T11:29:37+00:00,40.8111857,-96.6894368,0.0,mph,active,-0.048,-0.14400000000000002,,g (estimated)
20260713062915_000261F.MP4,23,2026-07-13T11:29:38+00:00,40.8111857,-96.6894368,0.0,mph,active,-0.048,-0.14400000000000002,,g (estimated)
20260713062915_000261F.MP4,24,2026-07-13T11:29:39+00:00,40.8111857,-96.6894368,0.0,mph,active,-0.048,-0.14400000000000002,,g (estimated)
20260713062915_000261F.MP4,25,2026-07-13T11:29:40+00:00,40.8111857,-96.6894368,0.0,mph,active,-0.048,-0.14400000000000002,,g (estimated)
20260713062915_000261F.MP4,26,2026-07-13T11:29:41+00:00,40.8111857,-96.6894368,0.0,mph,active,-0.048,-0.14400000000000002,,g (estimated)
20260713062915_000261F.MP4,27,2026-07-13T11:29:42+00:00,40.8111816,-96.6894368,0.0,mph,active,-0.048,-0.14400000000000002,,g (estimated)
20260713062915_000261F.MP4,28,2026-07-13T11:29:43+00:00,40.8111816,-96.6894368,0.0,mph,active,-0.048,-0.14400000000000002,,g (estimated)
20260713062915_000261F.MP4,29,2026-07-13T11:29:44+00:00,40.8111816,-96.6894206,0.0,mph,active,-0.048,-0.14400000000000002,,g (estimated)
20260713062915_000261F.MP4,30,2026-07-13T11:29:45+00:00,40.8111816,-96.6894206,0.0,mph,active,-0.048,-0.14400000000000002,,g (estimated)
20260713062915_000261F.MP4,31,2026-07-13T11:29:46+00:00,40.8111816,-96.6894206,0.0,mph,active,-0.048,-0.14400000000000002,,g (estimated)
20260713062915_000261F.MP4,32,2026-07-13T11:29:47+00:00,40.8111816,-96.6894206,0.0,mph,active,-0.048,-0.14400000000000002,,g (estimated)
20260713062915_000261F.MP4,33,2026-07-13T11:29:48+00:00,40.8111816,-96.6894206,0.0,mph,active,-0.048,-0.14400000000000002,,g (estimated)
20260713062915_000261F.MP4,34,2026-07-13T11:29:49+00:00,40.8111816,-96.6894206,0.0,mph,active,-0.048,-0.14400000000000002,,g (estimated)
20260713062915_000261F.MP4,35,2026-07-13T11:29:50+00:00,40.8111816,-96.6894206,0.0,mph,active,-0.048,-0.14400000000000002,,g (estimated)
20260713062915_000261F.MP4,36,2026-07-13T11:29:51+00:00,40.8111776,-96.6894206,0.0,mph,active,-0.048,-0.14400000000000002,,g (estimated)
20260713062915_000261F.MP4,37,2026-07-13T11:29:52+00:00,40.8111776,-96.6894206,0.0,mph,active,-0.048,-0.14400000000000002,,g (estimated)
20260713062915_000261F.MP4,38,2026-07-13T11:29:53+00:00,40.8111776,-96.6894206,0.0,mph,active,-0.048,-0.14400000000000002,,g (estimated)
20260713062915_000261F.MP4,39,2026-07-13T11:29:54+00:00,40.8111776,-96.6894206,0.0,mph,active,-0.048,-0.14400000000000002,,g (estimated)
20260713062915_000261F.MP4,40,2026-07-13T11:29:55+00:00,40.8111776,-96.6894206,0.0,mph,active,-0.048,-0.14400000000000002,,g (estimated)
20260713062915_000261F.MP4,41,2026-07-13T11:29:56+00:00,40.8111776,-96.6894206,0.0,mph,active,-0.048,-0.14400000000000002,,g (estimated)
20260713062915_000261F.MP4,42,2026-07-13T11:29:57+00:00,40.8111776,-96.6894206,0.0,mph,active,-0.048,-0.14400000000000002,,g (estimated)
20260713062915_000261F.MP4,43,2026-07-13T11:29:58+00:00,40.8111776,-96.6894206,0.0,mph,active,-0.048,-0.14400000000000002,,g (estimated)
20260713062915_000261F.MP4,44,2026-07-13T11:29:59+00:00,40.8111776,-96.6894206,0.0,mph,active,-0.048,-0.14400000000000002,,g (estimated)
20260713062915_000261F.MP4,45,2026-07-13T11:30:00+00:00,40.8111776,-96.6894206,0.0,mph,active,-0.048,-0.192,,g (estimated)
20260713062915_000261F.MP4,46,2026-07-13T11:30:01+00:00,40.8111776,-96.6894206,0.0,mph,active,-0.048,-0.14400000000000002,,g (estimated)
20260713062915_000261F.MP4,47,2026-07-13T11:30:02+00:00,40.8111776,-96.6894206,0.0,mph,active,-0.048,-0.14400000000000002,,g (estimated)
20260713062915_000261F.MP4,48,2026-07-13T11:30:03+00:00,40.8111776,-96.6894206,0.0,mph,active,-0.048,-0.14400000000000002,,g (estimated)
20260713062915_000261F.MP4,49,2026-07-13T11:30:04+00:00,40.8111776,-96.6894206,0.0,mph,active,-0.048,-0.14400000000000002,,g (estimated)
20260713062915_000261F.MP4,50,2026-07-13T11:30:05+00:00,40.8111776,-96.6894206,0.0,mph,active,-0.048,-0.14400000000000002,,g (estimated)
20260713062915_000261F.MP4,51,2026-07-13T11:30:06+00:00,40.8111776,-96.6894206,0.0,mph,active,-0.048,-0.14400000000000002,,g (estimated)
20260713062915_000261F.MP4,52,2026-07-13T11:30:07+00:00,40.8111776,-96.6894206,0.0,mph,active,-0.048,-0.14400000000000002,,g (estimated)
20260713062915_000261F.MP4,53,2026-07-13T11:30:08+00:00,40.8111735,-96.6894206,0.0,mph,active,-0.048,-0.14400000000000002,,g (estimated)
20260713062915_000261F.MP4,54,2026-07-13T11:30:09+00:00,40.8111735,-96.6894206,0.0,mph,active,-0.048,-0.14400000000000002,,g (estimated)
20260713062915_000261F.MP4,55,2026-07-13T11:30:10+00:00,40.8111776,-96.6894206,0.0,mph,active,-0.048,-0.14400000000000002,,g (estimated)
20260713062915_000261F.MP4,56,2026-07-13T11:30:11+00:00,40.8111735,-96.6894206,0.0,mph,active,-0.048,-0.14400000000000002,,g (estimated)
20260713062915_000261F.MP4,57,2026-07-13T11:30:12+00:00,40.8111735,-96.6894206,0.0,mph,active,-0.048,-0.14400000000000002,,g (estimated)
20260713062915_000261F.MP4,58,2026-07-13T11:30:13+00:00,40.8111735,-96.6894206,0.0,mph,active,-0.048,-0.14400000000000002,,g (estimated)
20260713062915_000261F.MP4,59,2026-07-13T11:30:14+00:00,40.8111735,-96.6894206,0.0,mph,active,-0.048,-0.14400000000000002,,g (estimated)
20260713063015_000262F.MP4,0,2026-07-13T11:30:15+00:00,40.8111735,-96.6894206,0.0,mph,active,-0.048,-0.14400000000000002,,g (estimated)
20260713063015_000262F.MP4,1,2026-07-13T11:30:16+00:00,40.8111735,-96.6894206,0.0,mph,active,-0.048,-0.192,,g (estimated)
20260713063015_000262F.MP4,2,2026-07-13T11:30:17+00:00,40.8111735,-96.6894206,0.0,mph,active,-0.048,-0.14400000000000002,,g (estimated)
20260713063015_000262F.MP4,3,2026-07-13T11:30:18+00:00,40.8111735,-96.6894206,0.0,mph,active,-0.048,-0.14400000000000002,,g (estimated)
20260713063015_000262F.MP4,4,2026-07-13T11:30:19+00:00,40.8111735,-96.6894206,0.0,mph,active,-0.048,-0.096,,g (estimated)
20260713063015_000262F.MP4,5,2026-07-13T11:30:20+00:00,40.8111735,-96.6894206,0.0,mph,active,-0.048,-0.14400000000000002,,g (estimated)
20260713063015_000262F.MP4,6,2026-07-13T11:30:21+00:00,40.8111694,-96.6894206,0.0,mph,active,-0.048,-0.14400000000000002,,g (estimated)
20260713063015_000262F.MP4,7,2026-07-13T11:30:22+00:00,40.8111694,-96.6894206,0.0,mph,active,-0.048,-0.14400000000000002,,g (estimated)
20260713063015_000262F.MP4,8,2026-07-13T11:30:23+00:00,40.8111694,-96.6894206,0.0,mph,active,-0.048,-0.14400000000000002,,g (estimated)
20260713063015_000262F.MP4,9,2026-07-13T11:30:24+00:00,40.8111694,-96.6894206,0.0,mph,active,-0.048,-0.14400000000000002,,g (estimated)
20260713063015_000262F.MP4,10,2026-07-13T11:30:25+00:00,40.8111694,-96.6894206,0.0,mph,active,-0.048,-0.14400000000000002,,g (estimated)
20260713063015_000262F.MP4,11,2026-07-13T11:30:26+00:00,40.8111694,-96.6894206,0.0,mph,active,-0.048,-0.14400000000000002,,g (estimated)
20260713063015_000262F.MP4,12,2026-07-13T11:30:27+00:00,40.8111694,-96.6894206,0.0,mph,active,-0.048,-0.14400000000000002,,g (estimated)
20260713063015_000262F.MP4,13,2026-07-13T11:30:28+00:00,40.8111694,-96.6894206,0.0,mph,active,-0.048,-0.14400000000000002,,g (estimated)
20260713063015_000262F.MP4,14,2026-07-13T11:30:29+00:00,40.8111694,-96.6894206,0.0,mph,active,-0.048,-0.14400000000000002,,g (estimated)
20260713063015_000262F.MP4,15,2026-07-13T11:30:30+00:00,40.8111694,-96.6894206,0.0,mph,active,-0.048,-0.14400000000000002,,g (estimated)
20260713063015_000262F.MP4,16,2026-07-13T11:30:31+00:00,40.8111654,-96.6894206,0.0,mph,active,-0.048,-0.14400000000000002,,g (estimated)
20260713063015_000262F.MP4,17,2026-07-13T11:30:32+00:00,40.8111694,-96.6894206,0.0,mph,active,-0.048,-0.14400000000000002,,g (estimated)
20260713063015_000262F.MP4,18,2026-07-13T11:30:33+00:00,40.8111694,-96.6894206,0.0,mph,active,-0.048,-0.14400000000000002,,g (estimated)
20260713063015_000262F.MP4,19,2026-07-13T11:30:34+00:00,40.8111654,-96.6894206,0.0,mph,active,-0.048,-0.14400000000000002,,g (estimated)
20260713063015_000262F.MP4,20,2026-07-13T11:30:35+00:00,40.8111654,-96.6894206,0.0,mph,active,-0.048,-0.14400000000000002,,g (estimated)
20260713063015_000262F.MP4,21,2026-07-13T11:30:36+00:00,40.8111654,-96.6894206,0.0,mph,active,-0.048,-0.192,,g (estimated)
20260713063015_000262F.MP4,22,2026-07-13T11:30:37+00:00,40.8111654,-96.6894206,0.0,mph,active,-0.048,-0.14400000000000002,,g (estimated)
20260713063015_000262F.MP4,23,2026-07-13T11:30:38+00:00,40.8111654,-96.6894206,0.0,mph,active,-0.048,-0.14400000000000002,,g (estimated)
20260713063015_000262F.MP4,24,2026-07-13T11:30:39+00:00,40.8111654,-96.6894206,0.0,mph,active,-0.048,-0.14400000000000002,,g (estimated)
20260713063015_000262F.MP4,25,2026-07-13T11:30:40+00:00,40.8111654,-96.6894206,0.0,mph,active,-0.048,-0.14400000000000002,,g (estimated)
20260713063015_000262F.MP4,26,2026-07-13T11:30:41+00:00,40.8111654,-96.6894206,0.0,mph,active,-0.048,-0.14400000000000002,,g (estimated)
20260713063015_000262F.MP4,27,2026-07-13T11:30:42+00:00,40.8111654,-96.6894206,0.0,mph,active,-0.048,-0.14400000000000002,,g (estimated)
20260713063015_000262F.MP4,28,2026-07-13T11:30:43+00:00,40.8111654,-96.6894206,0.0,mph,active,-0.048,-0.14400000000000002,,g (estimated)
20260713063015_000262F.MP4,29,2026-07-13T11:30:44+00:00,40.8111654,-96.6894206,0.0,mph,active,-0.048,-0.14400000000000002,,g (estimated)
20260713063015_000262F.MP4,30,2026-07-13T11:30:45+00:00,40.8111654,-96.6894206,0.0,mph,active,-0.048,-0.14400000000000002,,g (estimated)
20260713063015_000262F.MP4,31,2026-07-13T11:30:46+00:00,40.8111654,-96.6894206,0.0,mph,active,-0.048,-0.14400000000000002,,g (estimated)
20260713063015_000262F.MP4,32,2026-07-13T11:30:47+00:00,40.8111654,-96.6894206,0.0,mph,active,-0.048,-0.14400000000000002,,g (estimated)
20260713063015_000262F.MP4,33,2026-07-13T11:30:48+00:00,40.8111654,-96.6894206,0.0,mph,active,-0.048,-0.14400000000000002,,g (estimated)
20260713063015_000262F.MP4,34,2026-07-13T11:30:49+00:00,40.8111613,-96.6894206,0.0,mph,active,-0.048,-0.14400000000000002,,g (estimated)
20260713063015_000262F.MP4,35,2026-07-13T11:30:50+00:00,40.8111613,-96.6894206,0.0,mph,active,-0.048,-0.14400000000000002,,g (estimated)
20260713063015_000262F.MP4,36,2026-07-13T11:30:51+00:00,40.8111613,-96.6894206,0.0,mph,active,-0.048,-0.192,,g (estimated)
20260713063015_000262F.MP4,37,2026-07-13T11:30:52+00:00,40.8111654,-96.6894206,0.0,mph,active,-0.048,-0.14400000000000002,,g (estimated)
20260713063015_000262F.MP4,38,2026-07-13T11:30:53+00:00,40.8111654,-96.6894206,0.0,mph,active,-0.048,-0.14400000000000002,,g (estimated)
20260713063015_000262F.MP4,39,2026-07-13T11:30:54+00:00,40.8111654,-96.6894206,0.0,mph,active,-0.048,-0.14400000000000002,,g (estimated)
20260713063015_000262F.MP4,40,2026-07-13T11:30:55+00:00,40.8111654,-96.6894368,0.0,mph,active,-0.048,-0.192,,g (estimated)
20260713063015_000262F.MP4,41,2026-07-13T11:30:56+00:00,40.8111654,-96.6894368,0.0,mph,active,-0.048,-0.14400000000000002,,g (estimated)
20260713063015_000262F.MP4,42,2026-07-13T11:30:57+00:00,40.8111654,-96.6894368,0.0,mph,active,-0.048,-0.14400000000000002,,g (estimated)
20260713063015_000262F.MP4,43,2026-07-13T11:30:58+00:00,40.8111654,-96.6894368,0.0,mph,active,-0.048,-0.14400000000000002,,g (estimated)
20260713063015_000262F.MP4,44,2026-07-13T11:30:59+00:00,40.8111694,-96.6894368,0.0,mph,active,-0.048,-0.14400000000000002,,g (estimated)
20260713063015_000262F.MP4,45,2026-07-13T11:31:00+00:00,40.8111694,-96.6894368,0.0,mph,active,-0.048,-0.14400000000000002,,g (estimated)
20260713063015_000262F.MP4,46,2026-07-13T11:31:01+00:00,40.8111735,-96.6894206,0.0,mph,active,-0.048,-0.14400000000000002,,g (estimated)
20260713063015_000262F.MP4,47,2026-07-13T11:31:02+00:00,40.8111694,-96.6894206,0.0,mph,active,-0.048,-0.14400000000000002,,g (estimated)
20260713063015_000262F.MP4,48,2026-07-13T11:31:03+00:00,40.8111694,-96.6894206,0.0,mph,active,-0.048,-0.14400000000000002,,g (estimated)
20260713063015_000262F.MP4,49,2026-07-13T11:31:04+00:00,40.8111694,-96.6894206,0.0,mph,active,-0.048,-0.14400000000000002,,g (estimated)
20260713063015_000262F.MP4,50,2026-07-13T11:31:05+00:00,40.8111694,-96.6894206,0.0,mph,active,-0.048,-0.14400000000000002,,g (estimated)
20260713063015_000262F.MP4,51,2026-07-13T11:31:06+00:00,40.8111694,-96.6894368,0.0,mph,active,-0.048,-0.14400000000000002,,g (estimated)
20260713063015_000262F.MP4,52,2026-07-13T11:31:07+00:00,40.8111654,-96.6894368,0.0,mph,active,-0.048,-0.14400000000000002,,g (estimated)
20260713063015_000262F.MP4,53,2026-07-13T11:31:08+00:00,40.8111654,-96.6894368,0.0,mph,active,-0.048,-0.14400000000000002,,g (estimated)
20260713063015_000262F.MP4,54,2026-07-13T11:31:09+00:00,40.8111654,-96.6894368,0.0,mph,active,-0.048,-0.14400000000000002,,g (estimated)
20260713063015_000262F.MP4,55,2026-07-13T11:31:10+00:00,40.8111654,-96.6894368,0.0,mph,active,-0.048,-0.14400000000000002,,g (estimated)
20260713063015_000262F.MP4,56,2026-07-13T11:31:11+00:00,40.8111654,-96.6894368,0.0,mph,active,-0.048,-0.14400000000000002,,g (estimated)
20260713063015_000262F.MP4,57,2026-07-13T11:31:12+00:00,40.8111654,-96.6894368,0.0,mph,active,-0.048,-0.14400000000000002,,g (estimated)
20260713063015_000262F.MP4,58,2026-07-13T11:31:13+00:00,40.8111654,-96.6894368,0.0,mph,active,-0.048,-0.14400000000000002,,g (estimated)
20260713063015_000262F.MP4,59,2026-07-13T11:31:14+00:00,40.8111654,-96.6894368,0.0,mph,active,-0.048,-0.14400000000000002,,g (estimated)
20260713063115_000263F.MP4,0,2026-07-13T11:31:15+00:00,40.8111654,-96.6894368,0.0,mph,active,-0.048,-0.14400000000000002,,g (estimated)
20260713063115_000263F.MP4,1,2026-07-13T11:31:16+00:00,40.8111654,-96.6894368,0.0,mph,active,-0.048,-0.14400000000000002,,g (estimated)
20260713063115_000263F.MP4,2,2026-07-13T11:31:17+00:00,40.8111654,-96.6894368,0.0,mph,active,-0.048,-0.14400000000000002,,g (estimated)
20260713063115_000263F.MP4,3,2026-07-13T11:31:18+00:00,40.8111654,-96.6894368,0.0,mph,active,-0.048,-0.14400000000000002,,g (estimated)
20260713063115_000263F.MP4,4,2026-07-13T11:31:19+00:00,40.8111654,-96.6894368,0.0,mph,active,-0.048,-0.14400000000000002,,g (estimated)
20260713063115_000263F.MP4,5,2026-07-13T11:31:20+00:00,40.8111654,-96.6894368,0.0,mph,active,-0.048,-0.14400000000000002,,g (estimated)
20260713063115_000263F.MP4,6,2026-07-13T11:31:21+00:00,40.8111654,-96.6894368,0.0,mph,active,-0.048,-0.14400000000000002,,g (estimated)
20260713063115_000263F.MP4,7,2026-07-13T11:31:22+00:00,40.8111654,-96.6894368,0.0,mph,active,-0.048,-0.14400000000000002,,g (estimated)
20260713063115_000263F.MP4,8,2026-07-13T11:31:23+00:00,40.8111654,-96.6894368,0.0,mph,active,-0.048,-0.14400000000000002,,g (estimated)
20260713063115_000263F.MP4,9,2026-07-13T11:31:24+00:00,40.8111654,-96.6894368,0.0,mph,active,-0.048,-0.14400000000000002,,g (estimated)
20260713063115_000263F.MP4,10,2026-07-13T11:31:25+00:00,40.8111694,-96.6894206,0.0,mph,active,-0.048,-0.14400000000000002,,g (estimated)
20260713063115_000263F.MP4,11,2026-07-13T11:31:26+00:00,40.8111694,-96.6894206,0.0,mph,active,-0.048,-0.14400000000000002,,g (estimated)
20260713063115_000263F.MP4,12,2026-07-13T11:31:27+00:00,40.8111694,-96.6894206,0.0,mph,active,-0.048,-0.14400000000000002,,g (estimated)
20260713063115_000263F.MP4,13,2026-07-13T11:31:28+00:00,40.8111694,-96.6894206,0.0,mph,active,-0.048,-0.14400000000000002,,g (estimated)
20260713063115_000263F.MP4,14,2026-07-13T11:31:29+00:00,40.8111694,-96.6894368,0.0,mph,active,-0.048,-0.14400000000000002,,g (estimated)
20260713063115_000263F.MP4,15,2026-07-13T11:31:30+00:00,40.8111694,-96.6894368,0.0,mph,active,-0.048,-0.14400000000000002,,g (estimated)
20260713063115_000263F.MP4,16,2026-07-13T11:31:31+00:00,40.8111694,-96.6894368,0.0,mph,active,-0.048,-0.14400000000000002,,g (estimated)
20260713063115_000263F.MP4,17,2026-07-13T11:31:32+00:00,40.8111694,-96.6894368,0.0,mph,active,-0.048,-0.14400000000000002,,g (estimated)
20260713063115_000263F.MP4,18,2026-07-13T11:31:33+00:00,40.8111694,-96.6894368,0.0,mph,active,-0.048,-0.14400000000000002,,g (estimated)
20260713063115_000263F.MP4,19,2026-07-13T11:31:34+00:00,40.8111694,-96.6894368,0.0,mph,active,-0.048,-0.14400000000000002,,g (estimated)
20260713063115_000263F.MP4,20,2026-07-13T11:31:35+00:00,40.8111694,-96.6894368,0.0,mph,active,-0.048,-0.14400000000000002,,g (estimated)
20260713063115_000263F.MP4,21,2026-07-13T11:31:36+00:00,40.8111694,-96.6894368,0.0,mph,active,-0.048,-0.14400000000000002,,g (estimated)
20260713063115_000263F.MP4,22,2026-07-13T11:31:37+00:00,40.8111694,-96.6894368,0.0,mph,active,-0.048,-0.192,,g (estimated)
20260713063115_000263F.MP4,23,2026-07-13T11:31:38+00:00,40.8111694,-96.6894368,0.0,mph,active,-0.048,-0.096,,g (estimated)
20260713063115_000263F.MP4,24,2026-07-13T11:31:39+00:00,40.8111694,-96.6894368,0.0,mph,active,-0.048,-0.14400000000000002,,g (estimated)
20260713063115_000263F.MP4,25,2026-07-13T11:31:40+00:00,40.8111694,-96.6894368,0.0,mph,active,-0.048,-0.14400000000000002,,g (estimated)
20260713063115_000263F.MP4,26,2026-07-13T11:31:41+00:00,40.8111694,-96.6894368,0.0,mph,active,-0.048,-0.14400000000000002,,g (estimated)
20260713063115_000263F.MP4,27,2026-07-13T11:31:42+00:00,40.8111694,-96.6894368,0.0,mph,active,-0.048,-0.14400000000000002,,g (estimated)
20260713063115_000263F.MP4,28,2026-07-13T11:31:43+00:00,40.8111694,-96.6894368,0.0,mph,active,-0.048,-0.14400000000000002,,g (estimated)
20260713063115_000263F.MP4,29,2026-07-13T11:31:44+00:00,40.8111654,-96.6894368,0.0,mph,active,-0.048,-0.14400000000000002,,g (estimated)
20260713063115_000263F.MP4,30,2026-07-13T11:31:45+00:00,40.8111654,-96.6894368,0.0,mph,active,-0.048,-0.14400000000000002,,g (estimated)
20260713063115_000263F.MP4,31,2026-07-13T11:31:46+00:00,40.8111654,-96.6894368,0.0,mph,active,-0.048,-0.14400000000000002,,g (estimated)
20260713063115_000263F.MP4,32,2026-07-13T11:31:47+00:00,40.8111654,-96.6894368,0.0,mph,active,-0.048,-0.14400000000000002,,g (estimated)
20260713063115_000263F.MP4,33,2026-07-13T11:31:48+00:00,40.8111654,-96.6894368,0.0,mph,active,-0.048,-0.14400000000000002,,g (estimated)
20260713063115_000263F.MP4,34,2026-07-13T11:31:49+00:00,40.8111654,-96.6894368,0.0,mph,active,-0.048,-0.14400000000000002,,g (estimated)
20260713063115_000263F.MP4,35,2026-07-13T11:31:50+00:00,40.8111654,-96.6894368,0.0,mph,active,-0.048,-0.14400000000000002,,g (estimated)
20260713063115_000263F.MP4,36,2026-07-13T11:31:51+00:00,40.8111654,-96.6894368,0.0,mph,active,-0.048,-0.14400000000000002,,g (estimated)
20260713063115_000263F.MP4,37,2026-07-13T11:31:52+00:00,40.8111654,-96.6894368,0.0,mph,active,-0.048,-0.14400000000000002,,g (estimated)
20260713063115_000263F.MP4,38,2026-07-13T11:31:53+00:00,40.8111654,-96.6894368,0.0,mph,active,-0.048,-0.14400000000000002,,g (estimated)
20260713063115_000263F.MP4,39,2026-07-13T11:31:54+00:00,40.8111654,-96.6894368,0.0,mph,active,-0.048,-0.14400000000000002,,g (estimated)
20260713063115_000263F.MP4,40,2026-07-13T11:31:55+00:00,40.8111654,-96.6894368,0.0,mph,active,-0.048,-0.14400000000000002,,g (estimated)
20260713063115_000263F.MP4,41,2026-07-13T11:31:56+00:00,40.8111654,-96.6894368,0.0,mph,active,-0.048,-0.14400000000000002,,g (estimated)
20260713063115_000263F.MP4,42,2026-07-13T11:31:57+00:00,40.8111654,-96.6894368,0.0,mph,active,-0.048,-0.14400000000000002,,g (estimated)
20260713063115_000263F.MP4,43,2026-07-13T11:31:58+00:00,40.8111694,-96.6894368,0.0,mph,active,-0.048,-0.14400000000000002,,g (estimated)
20260713063115_000263F.MP4,44,2026-07-13T11:31:59+00:00,40.8111694,-96.6894368,0.0,mph,active,-0.048,-0.14400000000000002,,g (estimated)
20260713063115_000263F.MP4,45,2026-07-13T11:32:00+00:00,40.8111694,-96.6894368,0.0,mph,active,-0.048,-0.14400000000000002,,g (estimated)
20260713063115_000263F.MP4,46,2026-07-13T11:32:01+00:00,40.8111694,-96.6894368,0.0,mph,active,-0.048,-0.14400000000000002,,g (estimated)
20260713063115_000263F.MP4,47,2026-07-13T11:32:02+00:00,40.8111694,-96.6894368,0.0,mph,active,-0.048,-0.14400000000000002,,g (estimated)
20260713063115_000263F.MP4,48,2026-07-13T11:32:03+00:00,40.8111694,-96.6894368,0.0,mph,active,-0.048,-0.14400000000000002,,g (estimated)
20260713063115_000263F.MP4,49,2026-07-13T11:32:04+00:00,40.8111694,-96.6894368,0.0,mph,active,-0.048,-0.14400000000000002,,g (estimated)
20260713063115_000263F.MP4,50,2026-07-13T11:32:05+00:00,40.8111735,-96.6894368,0.0,mph,active,-0.048,-0.14400000000000002,,g (estimated)
20260713063115_000263F.MP4,51,2026-07-13T11:32:06+00:00,40.8111735,-96.6894368,0.0,mph,active,-0.048,-0.14400000000000002,,g (estimated)
20260713063115_000263F.MP4,52,2026-07-13T11:32:07+00:00,40.8111735,-96.6894368,0.0,mph,active,-0.048,-0.14400000000000002,,g (estimated)
20260713063115_000263F.MP4,53,2026-07-13T11:32:08+00:00,40.8111735,-96.6894368,0.0,mph,active,-0.048,-0.14400000000000002,,g (estimated)
20260713063115_000263F.MP4,54,2026-07-13T11:32:09+00:00,40.8111735,-96.6894368,0.0,mph,active,-0.048,-0.14400000000000002,,g (estimated)
20260713063115_000263F.MP4,55,2026-07-13T11:32:10+00:00,40.8111735,-96.6894368,0.0,mph,active,-0.048,-0.14400000000000002,,g (estimated)
20260713063115_000263F.MP4,56,2026-07-13T11:32:11+00:00,40.8111735,-96.6894368,0.0,mph,active,-0.048,-0.14400000000000002,,g (estimated)
20260713063115_000263F.MP4,57,2026-07-13T11:32:12+00:00,40.8111776,-96.6894368,0.0,mph,active,-0.048,-0.14400000000000002,,g (estimated)
20260713063115_000263F.MP4,58,2026-07-13T11:32:13+00:00,40.8111776,-96.6894368,0.0,mph,active,-0.048,-0.14400000000000002,,g (estimated)
20260713063115_000263F.MP4,59,2026-07-13T11:32:14+00:00,40.8111735,-96.6894368,0.0,mph,active,-0.048,-0.14400000000000002,,g (estimated)
20260713063215_000264F.MP4,0,2026-07-13T11:32:15+00:00,40.8111735,-96.6894368,0.0,mph,active,-0.048,-0.14400000000000002,,g (estimated)
20260713063215_000264F.MP4,1,2026-07-13T11:32:16+00:00,40.8111735,-96.6894368,0.0,mph,active,-0.048,-0.14400000000000002,,g (estimated)
20260713063215_000264F.MP4,2,2026-07-13T11:32:17+00:00,40.8111735,-96.6894368,0.0,mph,active,-0.048,-0.14400000000000002,,g (estimated)
20260713063215_000264F.MP4,3,2026-07-13T11:32:18+00:00,40.8111735,-96.6894368,0.0,mph,active,-0.048,-0.14400000000000002,,g (estimated)
20260713063215_000264F.MP4,4,2026-07-13T11:32:19+00:00,40.8111735,-96.6894368,0.0,mph,active,-0.048,-0.096,,g (estimated)
20260713063215_000264F.MP4,5,2026-07-13T11:32:20+00:00,40.8111735,-96.6894368,0.0,mph,active,-0.048,-0.14400000000000002,,g (estimated)
20260713063215_000264F.MP4,6,2026-07-13T11:32:21+00:00,40.8111735,-96.6894368,0.0,mph,active,-0.048,-0.14400000000000002,,g (estimated)
20260713063215_000264F.MP4,7,2026-07-13T11:32:22+00:00,40.8111735,-96.6894368,0.0,mph,active,-0.048,-0.14400000000000002,,g (estimated)
20260713063215_000264F.MP4,8,2026-07-13T11:32:23+00:00,40.8111735,-96.6894368,0.0,mph,active,-0.048,-0.14400000000000002,,g (estimated)
20260713063215_000264F.MP4,9,2026-07-13T11:32:24+00:00,40.8111735,-96.6894368,0.0,mph,active,-0.048,-0.14400000000000002,,g (estimated)
20260713063215_000264F.MP4,10,2026-07-13T11:32:25+00:00,40.8111735,-96.6894368,0.0,mph,active,-0.048,-0.14400000000000002,,g (estimated)
20260713063215_000264F.MP4,11,2026-07-13T11:32:26+00:00,40.8111694,-96.6894368,0.0,mph,active,-0.048,-0.14400000000000002,,g (estimated)
20260713063215_000264F.MP4,12,2026-07-13T11:32:27+00:00,40.8111694,-96.6894368,0.0,mph,active,-0.048,-0.14400000000000002,,g (estimated)
20260713063215_000264F.MP4,13,2026-07-13T11:32:28+00:00,40.8111694,-96.6894368,0.0,mph,active,-0.048,-0.14400000000000002,,g (estimated)
20260713063215_000264F.MP4,14,2026-07-13T11:32:29+00:00,40.8111654,-96.6894368,0.0,mph,active,-0.048,-0.14400000000000002,,g (estimated)
20260713063215_000264F.MP4,15,2026-07-13T11:32:30+00:00,40.8111654,-96.6894206,0.0,mph,active,-0.048,-0.14400000000000002,,g (estimated)
20260713063215_000264F.MP4,16,2026-07-13T11:32:31+00:00,40.8111654,-96.6894206,0.0,mph,active,-0.048,-0.14400000000000002,,g (estimated)
20260713063215_000264F.MP4,17,2026-07-13T11:32:32+00:00,40.8111654,-96.6894206,0.0,mph,active,-0.048,-0.14400000000000002,,g (estimated)
20260713063215_000264F.MP4,18,2026-07-13T11:32:33+00:00,40.8111654,-96.6894206,0.0,mph,active,-0.048,-0.14400000000000002,,g (estimated)
20260713063215_000264F.MP4,19,2026-07-13T11:32:34+00:00,40.8111694,-96.6894206,0.0,mph,active,-0.048,-0.14400000000000002,,g (estimated)
20260713063215_000264F.MP4,20,2026-07-13T11:32:35+00:00,40.8111694,-96.6894206,0.0,mph,active,-0.048,-0.14400000000000002,,g (estimated)
20260713063215_000264F.MP4,21,2026-07-13T11:32:36+00:00,40.8111694,-96.6894206,0.0,mph,active,-0.048,-0.14400000000000002,,g (estimated)
20260713063215_000264F.MP4,22,2026-07-13T11:32:37+00:00,40.8111654,-96.6894206,0.0,mph,active,-0.048,-0.14400000000000002,,g (estimated)
20260713063215_000264F.MP4,23,2026-07-13T11:32:38+00:00,40.8111654,-96.6894206,0.0,mph,active,-0.048,-0.14400000000000002,,g (estimated)
20260713063215_000264F.MP4,24,2026-07-13T11:32:39+00:00,40.8111654,-96.6894206,0.0,mph,active,-0.048,-0.14400000000000002,,g (estimated)
20260713063215_000264F.MP4,25,2026-07-13T11:32:40+00:00,40.8111654,-96.6894206,0.0,mph,active,-0.048,-0.14400000000000002,,g (estimated)
20260713063215_000264F.MP4,26,2026-07-13T11:32:41+00:00,40.8111654,-96.6894206,0.0,mph,active,-0.048,-0.14400000000000002,,g (estimated)
20260713063215_000264F.MP4,27,2026-07-13T11:32:42+00:00,40.8111654,-96.6894206,0.0,mph,active,-0.048,-0.14400000000000002,,g (estimated)
20260713063215_000264F.MP4,28,2026-07-13T11:32:43+00:00,40.8111654,-96.6894206,0.0,mph,active,-0.048,-0.14400000000000002,,g (estimated)
20260713063215_000264F.MP4,29,2026-07-13T11:32:44+00:00,40.8111654,-96.6894206,0.0,mph,active,-0.048,-0.14400000000000002,,g (estimated)
20260713063215_000264F.MP4,30,2026-07-13T11:32:45+00:00,40.8111654,-96.6894206,0.0,mph,active,-0.048,-0.14400000000000002,,g (estimated)
20260713063215_000264F.MP4,31,2026-07-13T11:32:46+00:00,40.8111613,-96.6894206,0.0,mph,active,-0.048,-0.14400000000000002,,g (estimated)
20260713063215_000264F.MP4,32,2026-07-13T11:32:47+00:00,40.8111613,-96.6894206,0.0,mph,active,-0.048,-0.14400000000000002,,g (estimated)
20260713063215_000264F.MP4,33,2026-07-13T11:32:48+00:00,40.8111572,-96.6894206,0.0,mph,active,-0.048,-0.14400000000000002,,g (estimated)
20260713063215_000264F.MP4,34,2026-07-13T11:32:49+00:00,40.8111572,-96.6894206,0.0,mph,active,-0.048,-0.14400000000000002,,g (estimated)
20260713063215_000264F.MP4,35,2026-07-13T11:32:50+00:00,40.8111572,-96.6894206,0.0,mph,active,-0.048,-0.14400000000000002,,g (estimated)
20260713063215_000264F.MP4,36,2026-07-13T11:32:51+00:00,40.8111572,-96.6894206,0.0,mph,active,-0.048,-0.14400000000000002,,g (estimated)
20260713063215_000264F.MP4,37,2026-07-13T11:32:52+00:00,40.8111572,-96.6894206,0.0,mph,active,-0.048,-0.14400000000000002,,g (estimated)
20260713063215_000264F.MP4,38,2026-07-13T11:32:53+00:00,40.8111572,-96.6894206,0.0,mph,active,-0.048,-0.14400000000000002,,g (estimated)
20260713063215_000264F.MP4,39,2026-07-13T11:32:54+00:00,40.8111572,-96.6894206,0.0,mph,active,-0.048,-0.14400000000000002,,g (estimated)
20260713063215_000264F.MP4,40,2026-07-13T11:32:55+00:00,40.8111572,-96.6894206,0.0,mph,active,-0.048,-0.14400000000000002,,g (estimated)
20260713063215_000264F.MP4,41,2026-07-13T11:32:56+00:00,40.8111572,-96.6894206,0.0,mph,active,-0.048,-0.14400000000000002,,g (estimated)
20260713063215_000264F.MP4,42,2026-07-13T11:32:57+00:00,40.8111572,-96.6894206,0.0,mph,active,-0.048,-0.14400000000000002,,g (estimated)
20260713063215_000264F.MP4,43,2026-07-13T11:32:58+00:00,40.8111532,-96.6894206,0.0,mph,active,-0.048,-0.14400000000000002,,g (estimated)
20260713063215_000264F.MP4,44,2026-07-13T11:32:59+00:00,40.8111532,-96.6894206,0.0,mph,active,-0.048,-0.14400000000000002,,g (estimated)
20260713063215_000264F.MP4,45,2026-07-13T11:33:00+00:00,40.8111532,-96.6894206,0.0,mph,active,-0.048,-0.14400000000000002,,g (estimated)
20260713063215_000264F.MP4,46,2026-07-13T11:33:01+00:00,40.8111532,-96.6894206,0.0,mph,active,-0.048,-0.14400000000000002,,g (estimated)
20260713063215_000264F.MP4,47,2026-07-13T11:33:02+00:00,40.8111532,-96.6894206,0.0,mph,active,-0.048,-0.14400000000000002,,g (estimated)
20260713063215_000264F.MP4,48,2026-07-13T11:33:03+00:00,40.8111532,-96.6894206,0.0,mph,active,-0.048,-0.14400000000000002,,g (estimated)
20260713063215_000264F.MP4,49,2026-07-13T11:33:04+00:00,40.8111532,-96.6894206,0.0,mph,active,-0.048,-0.14400000000000002,,g (estimated)
20260713063215_000264F.MP4,50,2026-07-13T11:33:05+00:00,40.8111532,-96.6894206,0.0,mph,active,-0.048,-0.14400000000000002,,g (estimated)
20260713063215_000264F.MP4,51,2026-07-13T11:33:06+00:00,40.8111532,-96.6894206,0.0,mph,active,-0.048,-0.14400000000000002,,g (estimated)
20260713063215_000264F.MP4,52,2026-07-13T11:33:07+00:00,40.8111532,-96.6894206,0.0,mph,active,-0.048,-0.14400000000000002,,g (estimated)
20260713063215_000264F.MP4,53,2026-07-13T11:33:08+00:00,40.8111532,-96.6894206,0.0,mph,active,-0.048,-0.14400000000000002,,g (estimated)
20260713063215_000264F.MP4,54,2026-07-13T11:33:09+00:00,40.8111532,-96.6894206,0.0,mph,active,-0.048,-0.14400000000000002,,g (estimated)
20260713063215_000264F.MP4,55,2026-07-13T11:33:10+00:00,40.8111532,-96.6894206,0.0,mph,active,-0.048,-0.14400000000000002,,g (estimated)
20260713063215_000264F.MP4,56,2026-07-13T11:33:11+00:00,40.8111532,-96.6894206,0.0,mph,active,-0.048,-0.096,,g (estimated)
20260713063215_000264F.MP4,57,2026-07-13T11:33:12+00:00,40.8111491,-96.6894206,0.0,mph,active,-0.048,-0.14400000000000002,,g (estimated)
20260713063215_000264F.MP4,58,2026-07-13T11:33:13+00:00,40.8111532,-96.6894206,0.0,mph,active,-0.048,-0.14400000000000002,,g (estimated)
20260713063215_000264F.MP4,59,2026-07-13T11:33:14+00:00,40.8111532,-96.6894206,0.0,mph,active,-0.048,-0.14400000000000002,,g (estimated)
20260713063315_000265F.MP4,0,2026-07-13T11:33:15+00:00,40.8111491,-96.6894206,0.0,mph,active,-0.048,-0.14400000000000002,,g (estimated)
20260713063315_000265F.MP4,1,2026-07-13T11:33:16+00:00,40.8111491,-96.6894206,0.0,mph,active,-0.048,-0.14400000000000002,,g (estimated)
20260713063315_000265F.MP4,2,2026-07-13T11:33:17+00:00,40.8111491,-96.6894206,0.0,mph,active,-0.048,-0.14400000000000002,,g (estimated)
20260713063315_000265F.MP4,3,2026-07-13T11:33:18+00:00,40.8111491,-96.6894206,0.0,mph,active,-0.048,-0.14400000000000002,,g (estimated)
20260713063315_000265F.MP4,4,2026-07-13T11:33:19+00:00,40.8111491,-96.6894206,0.0,mph,active,-0.048,-0.14400000000000002,,g (estimated)
20260713063315_000265F.MP4,5,2026-07-13T11:33:20+00:00,40.8111491,-96.6894206,0.0,mph,active,-0.048,-0.14400000000000002,,g (estimated)
20260713063315_000265F.MP4,6,2026-07-13T11:33:21+00:00,40.8111491,-96.6894206,0.0,mph,active,-0.048,-0.14400000000000002,,g (estimated)
20260713063315_000265F.MP4,7,2026-07-13T11:33:22+00:00,40.8111491,-96.6894206,0.0,mph,active,-0.048,-0.14400000000000002,,g (estimated)
20260713063315_000265F.MP4,8,2026-07-13T11:33:23+00:00,40.8111491,-96.6894206,0.0,mph,active,-0.048,-0.14400000000000002,,g (estimated)
20260713063315_000265F.MP4,9,2026-07-13T11:33:24+00:00,40.811145,-96.6894206,0.0,mph,active,-0.048,-0.14400000000000002,,g (estimated)
20260713063315_000265F.MP4,10,2026-07-13T11:33:25+00:00,40.811145,-96.6894206,0.0,mph,active,-0.048,-0.14400000000000002,,g (estimated)
20260713063315_000265F.MP4,11,2026-07-13T11:33:26+00:00,40.811145,-96.6894206,0.0,mph,active,-0.048,-0.14400000000000002,,g (estimated)
20260713063315_000265F.MP4,12,2026-07-13T11:33:27+00:00,40.811145,-96.6894206,0.0,mph,active,-0.048,-0.14400000000000002,,g (estimated)
20260713063315_000265F.MP4,13,2026-07-13T11:33:28+00:00,40.811145,-96.6894206,0.0,mph,active,-0.048,-0.14400000000000002,,g (estimated)
20260713063315_000265F.MP4,14,2026-07-13T11:33:29+00:00,40.811145,-96.6894206,0.0,mph,active,-0.048,-0.14400000000000002,,g (estimated)
20260713063315_000265F.MP4,15,2026-07-13T11:33:30+00:00,40.811145,-96.6894206,0.0,mph,active,-0.048,-0.14400000000000002,,g (estimated)
20260713063315_000265F.MP4,16,2026-07-13T11:33:31+00:00,40.811145,-96.6894206,0.0,mph,active,-0.048,-0.14400000000000002,,g (estimated)
20260713063315_000265F.MP4,17,2026-07-13T11:33:32+00:00,40.811145,-96.6894206,0.0,mph,active,-0.048,-0.14400000000000002,,g (estimated)
20260713063315_000265F.MP4,18,2026-07-13T11:33:33+00:00,40.811145,-96.6894206,0.0,mph,active,-0.048,-0.192,,g (estimated)
20260713063315_000265F.MP4,19,2026-07-13T11:33:34+00:00,40.811145,-96.6894206,0.0,mph,active,-0.048,-0.14400000000000002,,g (estimated)
20260713063315_000265F.MP4,20,2026-07-13T11:33:35+00:00,40.811145,-96.6894206,0.0,mph,active,-0.048,-0.14400000000000002,,g (estimated)
20260713063315_000265F.MP4,21,2026-07-13T11:33:36+00:00,40.811145,-96.6894206,0.0,mph,active,-0.048,-0.14400000000000002,,g (estimated)
20260713063315_000265F.MP4,22,2026-07-13T11:33:37+00:00,40.8111491,-96.6894206,0.0,mph,active,-0.048,-0.14400000000000002,,g (estimated)
20260713063315_000265F.MP4,23,2026-07-13T11:33:38+00:00,40.8111491,-96.6894206,0.0,mph,active,-0.048,-0.14400000000000002,,g (estimated)
20260713063315_000265F.MP4,24,2026-07-13T11:33:39+00:00,40.8111491,-96.6894206,0.0,mph,active,-0.048,-0.14400000000000002,,g (estimated)
20260713063315_000265F.MP4,25,2026-07-13T11:33:40+00:00,40.8111491,-96.6894206,0.0,mph,active,-0.048,-0.14400000000000002,,g (estimated)
20260713063315_000265F.MP4,26,2026-07-13T11:33:41+00:00,40.8111532,-96.6894206,0.0,mph,active,-0.192,-0.14400000000000002,,g (estimated)
20260713063315_000265F.MP4,27,2026-07-13T11:33:42+00:00,40.8111532,-96.6894206,0.0,mph,active,-0.048,-0.14400000000000002,,g (estimated)
20260713063315_000265F.MP4,28,2026-07-13T11:33:43+00:00,40.8111532,-96.6894206,0.0,mph,active,-0.048,-0.14400000000000002,,g (estimated)
20260713063315_000265F.MP4,29,2026-07-13T11:33:44+00:00,40.8111532,-96.6894206,0.0,mph,active,-0.048,-0.14400000000000002,,g (estimated)
20260713063315_000265F.MP4,30,2026-07-13T11:33:45+00:00,40.8111532,-96.6894206,0.0,mph,active,-0.048,-0.14400000000000002,,g (estimated)
20260713063315_000265F.MP4,31,2026-07-13T11:33:46+00:00,40.8111532,-96.6894206,0.0,mph,active,-0.048,-0.14400000000000002,,g (estimated)
20260713063315_000265F.MP4,32,2026-07-13T11:33:47+00:00,40.8111572,-96.6894206,0.0,mph,active,-0.048,-0.14400000000000002,,g (estimated)
20260713063315_000265F.MP4,33,2026-07-13T11:33:48+00:00,40.8111572,-96.6894206,0.0,mph,active,-0.048,-0.14400000000000002,,g (estimated)
20260713063315_000265F.MP4,34,2026-07-13T11:33:49+00:00,40.8111613,-96.6894206,0.0,mph,active,-0.048,-0.14400000000000002,,g (estimated)
20260713063315_000265F.MP4,35,2026-07-13T11:33:50+00:00,40.8111613,-96.6894206,0.0,mph,active,-0.048,-0.14400000000000002,,g (estimated)
20260713063315_000265F.MP4,36,2026-07-13T11:33:51+00:00,40.8111613,-96.6894206,0.0,mph,active,-0.048,-0.14400000000000002,,g (estimated)
20260713063315_000265F.MP4,37,2026-07-13T11:33:52+00:00,40.8111613,-96.6894206,0.0,mph,active,-0.048,-0.14400000000000002,,g (estimated)
20260713063315_000265F.MP4,38,2026-07-13T11:33:53+00:00,40.8111654,-96.6894206,0.0,mph,active,-0.048,-0.14400000000000002,,g (estimated)
20260713063315_000265F.MP4,39,2026-07-13T11:33:54+00:00,40.8111654,-96.6894206,0.0,mph,active,-0.048,-0.192,,g (estimated)
20260713063315_000265F.MP4,40,2026-07-13T11:33:55+00:00,40.8111654,-96.6894206,0.0,mph,active,-0.048,-0.14400000000000002,,g (estimated)
20260713063315_000265F.MP4,41,2026-07-13T11:33:56+00:00,40.8111654,-96.6894206,0.0,mph,active,-0.048,-0.14400000000000002,,g (estimated)
20260713063315_000265F.MP4,42,2026-07-13T11:33:57+00:00,40.8111654,-96.6894206,0.0,mph,active,-0.048,-0.14400000000000002,,g (estimated)
20260713063315_000265F.MP4,43,2026-07-13T11:33:58+00:00,40.8111654,-96.6894206,0.0,mph,active,-0.048,-0.14400000000000002,,g (estimated)
20260713063315_000265F.MP4,44,2026-07-13T11:33:59+00:00,40.8111654,-96.6894206,0.0,mph,active,-0.048,-0.14400000000000002,,g (estimated)
20260713063315_000265F.MP4,45,2026-07-13T11:34:00+00:00,40.8111613,-96.6894206,0.0,mph,active,-0.048,-0.14400000000000002,,g (estimated)
20260713063315_000265F.MP4,46,2026-07-13T11:34:01+00:00,40.8111613,-96.6894206,0.0,mph,active,-0.048,-0.14400000000000002,,g (estimated)
20260713063315_000265F.MP4,47,2026-07-13T11:34:02+00:00,40.8111613,-96.6894206,0.0,mph,active,-0.048,-0.14400000000000002,,g (estimated)
20260713063315_000265F.MP4,48,2026-07-13T11:34:03+00:00,40.8111654,-96.6894206,0.0,mph,active,-0.048,-0.14400000000000002,,g (estimated)
20260713063315_000265F.MP4,49,2026-07-13T11:34:04+00:00,40.8111654,-96.6894206,0.0,mph,active,-0.048,-0.14400000000000002,,g (estimated)
20260713063315_000265F.MP4,50,2026-07-13T11:34:05+00:00,40.8111654,-96.6894206,0.0,mph,active,-0.048,-0.14400000000000002,,g (estimated)
20260713063315_000265F.MP4,51,2026-07-13T11:34:06+00:00,40.8111654,-96.6894206,0.0,mph,active,-0.048,-0.14400000000000002,,g (estimated)
20260713063315_000265F.MP4,52,2026-07-13T11:34:07+00:00,40.8111654,-96.6894206,0.0,mph,active,-0.048,-0.14400000000000002,,g (estimated)
20260713063315_000265F.MP4,53,2026-07-13T11:34:08+00:00,40.8111613,-96.6894206,0.0,mph,active,-0.048,-0.14400000000000002,,g (estimated)
20260713063315_000265F.MP4,54,2026-07-13T11:34:09+00:00,40.8111613,-96.6894206,0.0,mph,active,-0.048,-0.14400000000000002,,g (estimated)
20260713063315_000265F.MP4,55,2026-07-13T11:34:10+00:00,40.8111613,-96.6894206,0.0,mph,active,-0.048,-0.14400000000000002,,g (estimated)
20260713063315_000265F.MP4,56,2026-07-13T11:34:11+00:00,40.8111613,-96.6894206,0.0,mph,active,-0.048,-0.14400000000000002,,g (estimated)
20260713063315_000265F.MP4,57,2026-07-13T11:34:12+00:00,40.8111613,-96.6894206,0.0,mph,active,-0.048,-0.14400000000000002,,g (estimated)
20260713063315_000265F.MP4,58,2026-07-13T11:34:13+00:00,40.8111613,-96.6894206,0.0,mph,active,-0.048,-0.14400000000000002,,g (estimated)
20260713063315_000265F.MP4,59,2026-07-13T11:34:14+00:00,40.8111613,-96.6894206,0.0,mph,active,-0.048,-0.14400000000000002,,g (estimated)
20260713063415_000266F.MP4,0,2026-07-13T11:34:15+00:00,40.8111613,-96.6894206,0.0,mph,active,-0.048,-0.14400000000000002,,g (estimated)
20260713063415_000266F.MP4,1,2026-07-13T11:34:16+00:00,40.8111572,-96.6894206,0.0,mph,active,-0.048,-0.14400000000000002,,g (estimated)
20260713063415_000266F.MP4,2,2026-07-13T11:34:17+00:00,40.8111572,-96.6894206,0.0,mph,active,-0.048,-0.14400000000000002,,g (estimated)
20260713063415_000266F.MP4,3,2026-07-13T11:34:18+00:00,40.8111532,-96.6894206,0.0,mph,active,-0.048,-0.14400000000000002,,g (estimated)
20260713063415_000266F.MP4,4,2026-07-13T11:34:19+00:00,40.8111532,-96.6894206,0.0,mph,active,-0.048,-0.14400000000000002,,g (estimated)
20260713063415_000266F.MP4,5,2026-07-13T11:34:20+00:00,40.8111532,-96.6894206,0.0,mph,active,-0.048,-0.14400000000000002,,g (estimated)
20260713063415_000266F.MP4,6,2026-07-13T11:34:21+00:00,40.8111532,-96.6894368,0.0,mph,active,-0.048,-0.14400000000000002,,g (estimated)
20260713063415_000266F.MP4,7,2026-07-13T11:34:22+00:00,40.8111532,-96.6894368,0.0,mph,active,-0.048,-0.14400000000000002,,g (estimated)
20260713063415_000266F.MP4,8,2026-07-13T11:34:23+00:00,40.8111532,-96.6894368,0.0,mph,active,-0.048,-0.14400000000000002,,g (estimated)
20260713063415_000266F.MP4,9,2026-07-13T11:34:24+00:00,40.8111532,-96.6894368,0.0,mph,active,-0.048,-0.14400000000000002,,g (estimated)
20260713063415_000266F.MP4,10,2026-07-13T11:34:25+00:00,40.8111572,-96.6894368,0.0,mph,active,-0.048,-0.14400000000000002,,g (estimated)
20260713063415_000266F.MP4,11,2026-07-13T11:34:26+00:00,40.8111572,-96.6894206,0.0,mph,active,-0.048,-0.14400000000000002,,g (estimated)
20260713063415_000266F.MP4,12,2026-07-13T11:34:27+00:00,40.8111572,-96.6894206,0.0,mph,active,-0.048,-0.14400000000000002,,g (estimated)
20260713063415_000266F.MP4,13,2026-07-13T11:34:28+00:00,40.8111532,-96.6894368,0.0,mph,active,-0.048,-0.14400000000000002,,g (estimated)
