point_idx,video_time_sec,true_time_local,true_time_utc,trip,click_lat,click_lon,confidence_pct,notes,triggers,trigger_labels,custom_trigger,trg_enter_intersection,trg_exit_intersection,trg_begin_stop,trg_finish_stop,trg_blinker_on,trg_lane_change_begin,trg_lane_change_finish,trg_turn_begin_nonint,trg_turn_finish_nonint,location_held,stop_group,wire_yellow,wire_green,signal_state,gps_mean_lat,gps_mean_lon,garmin_lat,garmin_lon,gopro_lat,gopro_lon,redtiger_lat,redtiger_lon,rove_lat,rove_lon
0,0.00,2026-07-13T05:28:00-05:00,2026-07-13T10:28:00+00:00,1,40.8111465928225,-96.68940279632808,95,"at starting area, high confidence",begin_stop,began stopping,,0,0,1,0,0,0,0,0,0,no,1,0,0,off,40.8111348,-96.689459,40.8110815,-96.6894486,40.811177,-96.6894718,40.811145,-96.6894857,40.8111357,-96.6894297
1,137.31,2026-07-13T05:30:17.310000-05:00,2026-07-13T10:30:17.310000+00:00,1,40.8111430413901,-96.68940279632808,95,,finish_stop|turn_begin_nonint,finished stop|start turn that is not at an intersection,,0,0,0,1,0,0,0,1,0,no,,1,1,left,40.8111332,-96.6894597,40.8110815,-96.6894486,40.8111581,-96.6894843,40.8111532,-96.6894694,40.81114,-96.6894363
2,147.95,2026-07-13T05:30:27.950000-05:00,2026-07-13T10:30:27.950000+00:00,1,40.81128970662774,-96.68962877243757,85,"third parking spot as marker, moderate high confidence",turn_finish_nonint,finish turn that is not an intersection,,0,0,0,0,0,0,0,0,1,no,,0,0,off,40.8112527,-96.6895959,40.8112046,-96.689538,40.8112832,-96.6896317,40.811263,-96.6896322,40.8112598,-96.6895818
3,153.24,2026-07-13T05:30:33.240000-05:00,2026-07-13T10:30:33.240000+00:00,1,40.81129021913474,-96.68980311602357,75,"crossing parking lot intersection, moderate conf",enter_intersection,entered intersection (crossed beyond crosswalk),,1,0,0,0,0,0,0,0,0,no,,0,0,off,40.8112682,-96.6897876,40.8112302,-96.6897286,40.8112969,-96.6898226,40.8112834,-96.6898112,40.8112625,-96.689788
4,157.65,2026-07-13T05:30:37.650000-05:00,2026-07-13T10:30:37.650000+00:00,1,40.81128616277191,-96.68996270745994,75,"finished crossing parking lot intersection, moderate conf",exit_intersection,exited intersection (just before crosswalk),,0,1,0,0,0,0,0,0,0,no,,0,0,off,40.8112753,-96.6899219,40.81124,-96.689863,40.8113035,-96.6899597,40.8112915,-96.6899414,40.8112662,-96.6899235
5,169.94,2026-07-13T05:30:49.940000-05:00,2026-07-13T10:30:49.940000+00:00,1,40.81129479471307,-96.69049646705389,75,"stopped at stop sign to leave parking lot, moderate confidence",begin_stop,began stopping,,0,0,1,0,0,0,0,0,0,no,2,1,0,right,40.8112961,-96.690493,40.8112955,-96.6904601,40.8113215,-96.6905166,40.8112915,-96.6904948,40.8112757,-96.6905005
6,172.50,2026-07-13T05:30:52.500000-05:00,2026-07-13T10:30:52.500000+00:00,1,40.81129479471307,-96.69049646705389,75,"stopped at stop sign to leave parking lot, moderate confidence",finish_stop,finished stop,,0,0,0,1,0,0,0,0,0,yes,2,0,0,right,40.8112968,-96.6905223,40.8113011,-96.6905125,40.8113219,-96.690531,40.8112915,-96.6905273,40.8112728,-96.6905183
7,176.47,2026-07-13T05:30:56.470000-05:00,2026-07-13T10:30:56.470000+00:00,1,40.81130849512696,-96.69056218117477,75,"turning to leave parking lot, moderate confidence",enter_intersection,entered intersection (crossed beyond crosswalk),,1,0,0,0,0,0,0,0,0,no,,1,1,right,40.8113021,-96.6905754,40.8113072,-96.6905643,40.8113267,-96.6905899,40.8112956,-96.6905762,40.811279,-96.690571
8,180.35,2026-07-13T05:31:00.350000-05:00,2026-07-13T10:31:00.350000+00:00,1,40.81135314932128,-96.69061783701184,75,"finishing turn from parking lot, crosswalk as reference, moderate confidence",exit_intersection,exited intersection (just before crosswalk),,0,1,0,0,0,0,0,0,0,no,,0,0,right,40.8113251,-96.6906323,40.8113188,-96.6906212,40.8113557,-96.6906533,40.81132,-96.690625,40.8113058,-96.6906298
9,198.87,2026-07-13T05:31:18.870000-05:00,2026-07-13T10:31:18.870000+00:00,1,40.81232453716847,-96.69061649590732,75,"stopped before parking spot, moderate conf",begin_stop,began stopping,,0,0,1,0,0,0,0,0,0,no,3,0,1,left,40.8123131,-96.6906651,40.8123101,-96.6906573,40.812329,-96.690671,40.8123169,-96.6906738,40.8122963,-96.6906582
10,201.16,2026-07-13T05:31:21.160000-05:00,2026-07-13T10:31:21.160000+00:00,1,40.81232453716847,-96.69061649590732,75,"stopped before parking spot, moderate conf",finish_stop,finished stop,,0,0,0,1,0,0,0,0,0,yes,3,0,0,left,40.8123172,-96.6906641,40.8123118,-96.6906562,40.8123304,-96.6906745,40.812325,-96.6906738,40.8123018,-96.6906517
11,204.90,2026-07-13T05:31:24.900000-05:00,2026-07-13T10:31:24.900000+00:00,1,40.81237680849114,-96.69061649590732,75,"crossed crosswalk,  moderate confidence",enter_intersection,entered intersection (crossed beyond crosswalk),,1,0,0,0,0,0,0,0,0,no,,1,0,left,40.8123586,-96.6906639,40.8123517,-96.6906482,40.812374,-96.6906815,40.8123576,-96.6906738,40.812351,-96.6906522
12,208.20,2026-07-13T05:31:28.200000-05:00,2026-07-13T10:31:28.200000+00:00,1,40.81252043317249,-96.69073920696975,65,"just before crosswalk and drain,  moderate low confidence",exit_intersection,exited intersection (just before crosswalk),,0,1,0,0,0,0,0,0,0,no,,0,0,left,40.8125008,-96.690746,40.8125124,-96.690703,40.8125057,-96.6907762,40.8125041,-96.6907552,40.8124812,-96.6907495
13,237.21,2026-07-13T05:31:57.210000-05:00,2026-07-13T10:31:57.210000+00:00,1,40.81253972625179,-96.693668179214,75,,begin_stop,began stopping,,0,0,1,0,0,0,0,0,0,no,4,1,1,brake,40.8125432,-96.6936848,40.8125428,-96.6936995,40.8125509,-96.6936684,40.8125529,-96.6936849,40.8125262,-96.6936865
14,265.52,2026-07-13T05:32:25.520000-05:00,2026-07-13T10:32:25.520000+00:00,1,40.81253972625179,-96.693668179214,75,,finish_stop,finished stop,,0,0,0,1,0,0,0,0,0,yes,4,0,0,off,40.8125419,-96.6936806,40.8125431,-96.6936806,40.812549,-96.6936817,40.8125488,-96.6936686,40.8125267,-96.6936915
15,266.84,2026-07-13T05:32:26.840000-05:00,2026-07-13T10:32:26.840000+00:00,1,40.81254226259179,-96.69376339763406,75,,enter_intersection,entered intersection (crossed beyond crosswalk),,1,0,0,0,0,0,0,0,0,no,,0,0,off,40.8125422,-96.6937044,40.8125427,-96.6936898,40.812549,-96.6937162,40.8125488,-96.6936849,40.8125285,-96.6937268
16,271.46,2026-07-13T05:32:31.460000-05:00,2026-07-13T10:32:31.460000+00:00,1,40.812526533773074,-96.69417377561332,75,,exit_intersection,exited intersection (just before crosswalk),,0,1,0,0,0,0,0,0,0,no,,0,0,off,40.8125374,-96.6941197,40.8125414,-96.694133,40.812544,-96.6941308,40.8125366,-96.6940918,40.8125275,-96.6941233
17,280.09,2026-07-13T05:32:40.090000-05:00,2026-07-13T10:32:40.090000+00:00,1,40.812491007449985,-96.69521983712913,60,,enter_intersection,entered intersection (crossed beyond crosswalk),,1,0,0,0,0,0,0,0,0,no,,0,0,off,40.8124998,-96.6952152,40.8124961,-96.6952275,40.8125058,-96.6952185,40.8125,-96.6951986,40.8124973,-96.6952163
18,281.44,2026-07-13T05:32:41.440000-05:00,2026-07-13T10:32:41.440000+00:00,1,40.81249303611066,-96.69542636722329,60,,exit_intersection,exited intersection (just before crosswalk),,0,1,0,0,0,0,0,0,0,no,,0,0,off,40.8124978,-96.6953422,40.8124946,-96.695354,40.8125051,-96.6953442,40.8124959,-96.6953288,40.8124958,-96.695342
19,290.85,2026-07-13T05:32:50.850000-05:00,2026-07-13T10:32:50.850000+00:00,1,40.8124950671795,-96.69664476066829,60,,enter_intersection,entered intersection (crossed beyond crosswalk),,1,0,0,0,0,0,0,0,0,no,,0,0,off,40.8125031,-96.6965113,40.812503,-96.6965245,40.8125143,-96.6965098,40.8125,-96.6965007,40.812495,-96.69651
20,292.44,2026-07-13T05:32:52.440000-05:00,2026-07-13T10:32:52.440000+00:00,1,40.812497096184075,-96.69687543064357,70,,exit_intersection,exited intersection (just before crosswalk),,0,1,0,0,0,0,0,0,0,no,,0,0,off,40.8125021,-96.6967853,40.8125029,-96.6968033,40.8125131,-96.6967819,40.8125,-96.6967773,40.8124925,-96.6967785
21,305.87,2026-07-13T05:33:05.870000-05:00,2026-07-13T10:33:05.870000+00:00,1,40.8125067397175,-96.69800128787756,75,,begin_stop,began stopping,,0,0,1,0,0,0,0,0,0,no,5,1,1,brake,40.8125145,-96.6980318,40.8125175,-96.6980353,40.8125238,-96.6980129,40.8125122,-96.6980306,40.8125043,-96.6980483
22,324.50,2026-07-13T05:33:24.500000-05:00,2026-07-13T10:33:24.500000+00:00,1,40.8125067397175,-96.69800128787756,75,,finish_stop,finished stop,,0,0,0,1,0,0,0,0,0,yes,5,0,0,off,40.8125168,-96.6980352,40.8125173,-96.6980277,40.8125227,-96.6980165,40.8125244,-96.6980469,40.8125028,-96.6980498
23,327.19,2026-07-13T05:33:27.190000-05:00,2026-07-13T10:33:27.190000+00:00,1,40.81250521753425,-96.69808711856604,65,,enter_intersection,entered intersection (crossed beyond crosswalk),,1,0,0,0,0,0,0,0,0,no,,0,0,off,40.8125135,-96.6980955,40.8125099,-96.6980963,40.8125233,-96.6980837,40.8125203,-96.6980957,40.8125005,-96.6981062
24,330.13,2026-07-13T05:33:30.130000-05:00,2026-07-13T10:33:30.130000+00:00,1,40.812501158321446,-96.69831912964582,65,,exit_intersection,exited intersection (just before crosswalk),,0,1,0,0,0,0,0,0,0,no,,0,0,off,40.8125118,-96.6982975,40.8125085,-96.6983081,40.8125216,-96.698294,40.8125203,-96.698291,40.8124968,-96.6982968
25,343.80,2026-07-13T05:33:43.800000-05:00,2026-07-13T10:33:43.800000+00:00,1,40.81250166479847,-96.69942889362575,75,,begin_stop,began stopping,,0,0,1,0,0,0,0,0,0,no,6,1,1,brake,40.8125096,-96.6994125,40.8125102,-96.6994372,40.8125228,-96.6993828,40.8125081,-96.6993978,40.8124973,-96.6994322
26,345.68,2026-07-13T05:33:45.680000-05:00,2026-07-13T10:33:45.680000+00:00,1,40.81250166479847,-96.69942889362575,75,,finish_stop,finished stop,,0,0,0,1,0,0,0,0,0,yes,6,0,0,off,40.8125093,-96.6994216,40.8125112,-96.6994392,40.8125217,-96.6993917,40.8125041,-96.6994141,40.8125002,-96.6994413
27,350.18,2026-07-13T05:33:50.180000-05:00,2026-07-13T10:33:50.180000+00:00,1,40.81250291358856,-96.69959552586079,60,,enter_intersection,entered intersection (crossed beyond crosswalk),,1,0,0,0,0,0,0,0,0,no,,0,0,off,40.812509,-96.6995856,40.8125123,-96.6996021,40.8125191,-96.6995793,40.8125,-96.6995605,40.8125047,-96.6996005
28,352.11,2026-07-13T05:33:52.110000-05:00,2026-07-13T10:33:52.110000+00:00,1,40.81250267930066,-96.69978160411121,60,,exit_intersection,exited intersection (just before crosswalk),,0,1,0,0,0,0,0,0,0,no,,0,0,off,40.8125094,-96.6997554,40.8125121,-96.6997718,40.8125192,-96.6997447,40.8125,-96.6997396,40.8125063,-96.6997653
29,364.09,2026-07-13T05:34:04.090000-05:00,2026-07-13T10:34:04.090000+00:00,1,40.81250775353154,-96.70105163007975,60,,enter_intersection,entered intersection (crossed beyond crosswalk),,1,0,0,0,0,0,0,0,0,no,,0,0,off,40.8125117,-96.7010708,40.8125143,-96.7010878,40.8125224,-96.701054,40.8125122,-96.7010742,40.812498,-96.7010672
30,365.71,2026-07-13T05:34:05.710000-05:00,2026-07-13T10:34:05.710000+00:00,1,40.81250673885742,-96.70129235833885,60,,exit_intersection,exited intersection (just before crosswalk),,0,1,0,0,0,0,0,0,0,no,,0,0,off,40.8125121,-96.7011869,40.8125153,-96.7012034,40.8125226,-96.7011709,40.8125122,-96.7011882,40.8124983,-96.7011852
31,380.34,2026-07-13T05:34:20.340000-05:00,2026-07-13T10:34:20.340000+00:00,1,40.812509785288015,-96.70224856585266,60,,begin_stop,began stopping,,0,0,1,0,0,0,0,0,0,no,7,1,1,brake,40.812522,-96.702281,40.812522,-96.7022981,40.8125192,-96.702245,40.8125326,-96.7022786,40.8125143,-96.7023022
32,382.96,2026-07-13T05:34:22.960000-05:00,2026-07-13T10:34:22.960000+00:00,1,40.812509785288015,-96.70224856585266,60,,finish_stop,finished stop,,0,0,0,1,0,0,0,0,0,yes,7,0,0,off,40.8125243,-96.7022755,40.812522,-96.702288,40.8125193,-96.7022498,40.8125407,-96.7022624,40.8125153,-96.702302
33,387.00,2026-07-13T05:34:27-05:00,2026-07-13T10:34:27+00:00,1,40.81251131263166,-96.70250203460455,60,,enter_intersection,entered intersection (crossed beyond crosswalk),,1,0,0,0,0,0,0,0,0,no,,0,0,off,40.8125377,-96.7024822,40.812523,-96.7025067,40.8125176,-96.7024803,40.8125936,-96.7024414,40.8125168,-96.7025002
34,389.73,2026-07-13T05:34:29.730000-05:00,2026-07-13T10:34:29.730000+00:00,1,40.81250827032959,-96.70274276286365,60,,exit_intersection,exited intersection (just before crosswalk),,0,1,0,0,0,0,0,0,0,no,,0,0,off,40.8125401,-96.7026384,40.812533,-96.7026754,40.8125216,-96.702639,40.8125936,-96.7025879,40.8125122,-96.7026515
35,405.00,2026-07-13T05:34:45-05:00,2026-07-13T10:34:45+00:00,1,40.81251689368285,-96.70394171029331,65,,enter_intersection,entered intersection (crossed beyond crosswalk),,1,0,0,0,0,0,0,0,0,no,,0,0,off,40.8125355,-96.7039652,40.8126038,-96.70397,40.8125239,-96.7039518,40.8125122,-96.7040039,40.8125023,-96.7039353
36,406.87,2026-07-13T05:34:46.870000-05:00,2026-07-13T10:34:46.870000+00:00,1,40.812515372015895,-96.7041898146272,65,,exit_intersection,exited intersection (just before crosswalk),,0,1,0,0,0,0,0,0,0,no,,0,0,off,40.8125368,-96.7040743,40.8126006,-96.7040766,40.8125261,-96.7040586,40.8125163,-96.7041178,40.8125042,-96.7040443
37,416.96,2026-07-13T05:34:56.960000-05:00,2026-07-13T10:34:56.960000+00:00,1,40.81252095272271,-96.70539144426584,65,,enter_intersection,entered intersection (crossed beyond crosswalk),,1,0,0,0,0,0,0,0,0,no,,0,0,off,40.8125365,-96.7052752,40.8125643,-96.7052923,40.8125335,-96.7052327,40.8125203,-96.705306,40.812528,-96.7052698
38,418.31,2026-07-13T05:34:58.310000-05:00,2026-07-13T10:34:58.310000+00:00,1,40.81251232747776,-96.70557785779239,50,"clear area, hard to find location",blinker_on,lane change blinker activated,,0,0,0,0,1,0,0,0,0,no,,0,1,right,40.8125347,-96.7055184,40.8125597,-96.7055292,40.8125323,-96.7054705,40.8125203,-96.7055664,40.8125267,-96.7055075
39,419.27,2026-07-13T05:34:59.270000-05:00,2026-07-13T10:34:59.270000+00:00,1,40.812510297613564,-96.7056965455413,65,,exit_intersection,exited intersection (just before crosswalk),,0,1,0,0,0,0,0,0,0,no,,0,0,right,40.8125335,-96.7056386,40.8125578,-96.7056544,40.8125314,-96.7055917,40.8125203,-96.7056803,40.8125245,-96.705628
40,420.88,2026-07-13T05:35:00.880000-05:00,2026-07-13T10:35:00.880000+00:00,1,40.81251131228763,-96.70577969402075,55,,lane_change_begin,lane change began moving,,0,0,0,0,0,1,0,0,0,no,,0,0,right,40.8125339,-96.705758,40.8125543,-96.7057748,40.8125322,-96.7057133,40.8125244,-96.7057943,40.8125245,-96.7057497
41,424.93,2026-07-13T05:35:04.930000-05:00,2026-07-13T10:35:04.930000+00:00,1,40.81254429365913,-96.70632015913726,75,,lane_change_finish,finished lane change,,0,0,0,0,0,0,1,0,0,no,,1,1,brake,40.8125472,-96.7062253,40.8125671,-96.7062259,40.8125503,-96.7061766,40.8125285,-96.7062826,40.812543,-96.7062163
42,433.94,2026-07-13T05:35:13.940000-05:00,2026-07-13T10:35:13.940000+00:00,1,40.81255190938701,-96.70689146965744,70,,enter_intersection,entered intersection (crossed beyond crosswalk),,1,0,0,0,0,0,0,0,0,no,,0,0,right,40.8125631,-96.7068814,40.8125691,-96.7068707,40.8125622,-96.7068351,40.8125448,-96.7069336,40.8125763,-96.706886
43,435.81,2026-07-13T05:35:15.810000-05:00,2026-07-13T10:35:15.810000+00:00,1,40.81258489435067,-96.70696321874857,70,,exit_intersection,exited intersection (just before crosswalk),,0,1,0,0,0,0,0,0,0,no,,0,0,right,40.812587,-96.706976,40.812587,-96.7069754,40.8125951,-96.7069283,40.8125651,-96.7070312,40.8126008,-96.7069692
44,451.86,2026-07-13T05:35:31.860000-05:00,2026-07-13T10:35:31.860000+00:00,1,40.813442058610555,-96.70697059482339,75,,begin_stop,began stopping,,0,0,1,0,0,0,0,0,0,no,8,1,1,brake,40.8134093,-96.7070238,40.8134091,-96.7070132,40.8134282,-96.7069724,40.813383,-96.7071126,40.8134168,-96.706997
45,482.55,2026-07-13T05:36:02.550000-05:00,2026-07-13T10:36:02.550000+00:00,1,40.813442058610555,-96.70697059482339,75,,finish_stop,finished stop,,0,0,0,1,0,0,0,0,0,yes,8,0,0,off,40.8134385,-96.7070496,40.8134025,-96.7070132,40.8134659,-96.707045,40.8134684,-96.7071452,40.8134172,-96.706995
46,485.86,2026-07-13T05:36:05.860000-05:00,2026-07-13T10:36:05.860000+00:00,1,40.8135004292198,-96.70697193592788,75,,enter_intersection,entered intersection (crossed beyond crosswalk),,1,0,0,0,0,0,0,0,0,no,,0,0,off,40.813491,-96.7070416,40.8134511,-96.7069962,40.8135295,-96.7070505,40.8135132,-96.7071289,40.81347,-96.7069907
47,488.68,2026-07-13T05:36:08.680000-05:00,2026-07-13T10:36:08.680000+00:00,1,40.81373639703742,-96.70697327703238,75,,exit_intersection,exited intersection (just before crosswalk),,0,1,0,0,0,0,0,0,0,no,,0,0,off,40.8136679,-96.7070456,40.8136211,-96.706996,40.8137103,-96.7070528,40.8136841,-96.7071452,40.8136562,-96.7069883
48,489.28,2026-07-13T05:36:09.280000-05:00,2026-07-13T10:36:09.280000+00:00,1,40.813795781870134,-96.70697260648014,75,,blinker_on,lane change blinker activated,,0,0,0,0,1,0,0,0,0,no,,0,0,right,40.8137489,-96.7070448,40.8137041,-96.7069962,40.8137922,-96.7070491,40.8137614,-96.7071452,40.813738,-96.7069887
49,490.56,2026-07-13T05:36:10.560000-05:00,2026-07-13T10:36:10.560000+00:00,1,40.81386125629066,-96.70696858316663,50,hard to gauge how far from crosswalk the car has gone,lane_change_begin,lane change began moving,,0,0,0,0,0,1,0,0,0,no,,0,0,right,40.8138349,-96.7070428,40.8137936,-96.7069893,40.8138793,-96.7070473,40.8138428,-96.7071452,40.8138238,-96.7069893
50,496.57,2026-07-13T05:36:16.570000-05:00,2026-07-13T10:36:16.570000+00:00,1,40.8144382786286,-96.70693237334491,60,hard to gauge how far from crosswalk the car has gone,lane_change_finish,finished lane change,,0,0,0,0,0,0,1,0,0,no,,0,0,off,40.8144086,-96.7069971,40.8143898,-96.706947,40.8144501,-96.7070044,40.8144002,-96.7070801,40.8143942,-96.7069568
51,498.17,2026-07-13T05:36:18.170000-05:00,2026-07-13T10:36:18.170000+00:00,1,40.814649900667,-96.70693304389715,70,,enter_intersection,entered intersection (crossed beyond crosswalk),,1,0,0,0,0,0,0,0,0,no,,0,0,off,40.814612,-96.7069848,40.8145905,-96.7069385,40.8146521,-96.706999,40.8146037,-96.7070475,40.8146018,-96.7069543
52,499.94,2026-07-13T05:36:19.940000-05:00,2026-07-13T10:36:19.940000+00:00,1,40.81486453257445,-96.70693438500167,70,,exit_intersection,exited intersection (just before crosswalk),,0,1,0,0,0,0,0,0,0,no,,0,0,off,40.8147179,-96.7069835,40.8146954,-96.7069366,40.8147553,-96.7069975,40.8147135,-96.7070475,40.8147072,-96.7069525
53,508.88,2026-07-13T05:36:28.880000-05:00,2026-07-13T10:36:28.880000+00:00,1,40.815740949898284,-96.70695047825575,70,,enter_intersection,entered intersection (crossed beyond crosswalk),,1,0,0,0,0,0,0,0,0,no,,0,0,off,40.8156349,-96.707005,40.8156285,-96.7069309,40.8156704,-96.7070171,40.8156128,-96.7070964,40.815628,-96.7069758
54,510.48,2026-07-13T05:36:30.480000-05:00,2026-07-13T10:36:30.480000+00:00,1,40.815942453387834,-96.70694913715127,70,,exit_intersection,exited intersection (just before crosswalk),,0,1,0,0,0,0,0,0,0,no,,0,0,off,40.8158506,-96.7070107,40.8158524,-96.7069503,40.8158798,-96.7070226,40.8158285,-96.7070964,40.8158417,-96.7069735
55,525.43,2026-07-13T05:36:45.430000-05:00,2026-07-13T10:36:45.430000+00:00,1,40.81758771202307,-96.70719590038061,60,"using sign as a reference, hard to gauge distance from sign",blinker_on,lane change blinker activated,,0,0,0,0,1,0,0,0,0,no,,0,0,off,40.817554,-96.7071943,40.8175674,-96.7071612,40.8175511,-96.7072142,40.8175618,-96.7072103,40.8175358,-96.7071913
56,528.65,2026-07-13T05:36:48.650000-05:00,2026-07-13T10:36:48.650000+00:00,1,40.817706532361946,-96.70727234333754,40,"very hard to tell location, rough estimate",lane_change_begin,lane change began moving,,0,0,0,0,0,1,0,0,0,no,,0,1,right,40.8178866,-96.7074038,40.8178962,-96.7073831,40.8178851,-96.7074121,40.8178955,-96.7074219,40.8178698,-96.7073983
57,532.38,2026-07-13T05:36:52.380000-05:00,2026-07-13T10:36:52.380000+00:00,1,40.81836059085766,-96.70765589922668,65,,lane_change_finish,finished lane change,,0,0,0,0,0,0,1,0,0,no,,0,0,off,40.8183449,-96.7076688,40.8183456,-96.707649,40.8183415,-96.7076752,40.8183594,-96.7076823,40.8183332,-96.7076688
58,539.69,2026-07-13T05:36:59.690000-05:00,2026-07-13T10:36:59.690000+00:00,1,40.81911975328929,-96.70810181647539,70,,enter_intersection,entered intersection (crossed beyond crosswalk),,1,0,0,0,0,0,0,0,0,no,,0,0,off,40.819105,-96.7081303,40.8191079,-96.7081281,40.8191043,-96.7081258,40.8191162,-96.708138,40.8190917,-96.7081292
59,540.41,2026-07-13T05:37:00.410000-05:00,2026-07-13T10:37:00.410000+00:00,1,40.819277050617636,-96.7081628367305,70,,exit_intersection,exited intersection (just before crosswalk),,0,1,0,0,0,0,0,0,0,no,,0,0,off,40.8192188,-96.7081833,40.8192227,-96.7081809,40.8192169,-96.7081725,40.8192301,-96.7082031,40.8192057,-96.7081768
60,570.37,2026-07-13T05:37:30.370000-05:00,2026-07-13T10:37:30.370000+00:00,1,40.82204367538279,-96.70746546238662,70,,enter_intersection,entered intersection (crossed beyond crosswalk),,1,0,0,0,0,0,0,0,0,no,,0,0,off,40.8220601,-96.707516,40.8220395,-96.7075309,40.8220586,-96.707491,40.8220907,-96.7075195,40.8220517,-96.7075225
61,574.65,2026-07-13T05:37:34.650000-05:00,2026-07-13T10:37:34.650000+00:00,1,40.82234759762597,-96.7071469500661,70,,exit_intersection,exited intersection (just before crosswalk),,0,1,0,0,0,0,0,0,0,no,,0,0,off,40.8222718,-96.7072576,40.8222513,-96.7072637,40.8222803,-96.7072371,40.82229,-96.7072591,40.8222657,-96.7072705
62,610.74,2026-07-13T05:38:10.740000-05:00,2026-07-13T10:38:10.740000+00:00,1,40.82486343045085,-96.70270118862392,40,,blinker_on,lane change blinker activated,,0,0,0,0,1,0,0,0,0,no,,0,0,off,40.8248573,-96.702775,40.8248413,-96.7027824,40.8248685,-96.7027376,40.8248535,-96.7027832,40.8248658,-96.702797
63,612.65,2026-07-13T05:38:12.650000-05:00,2026-07-13T10:38:12.650000+00:00,1,40.825046086196956,-96.70233841985466,60,,lane_change_begin,lane change began moving,,0,0,0,0,0,1,0,0,0,no,,0,0,right,40.8250014,-96.7024846,40.8249822,-96.702491,40.8250122,-96.7024463,40.825,-96.7024902,40.8250113,-96.7025108
64,615.79,2026-07-13T05:38:15.790000-05:00,2026-07-13T10:38:15.790000+00:00,1,40.825238396709494,-96.70189250260593,45,,lane_change_finish,finished lane change,,0,0,0,0,0,0,1,0,0,no,,1,1,brake,40.8251963,-96.7020376,40.8251763,-96.7020422,40.825208,-96.7019959,40.8251912,-96.7020508,40.8252098,-96.7020613
65,619.65,2026-07-13T05:38:19.650000-05:00,2026-07-13T10:38:19.650000+00:00,1,40.825340912881536,-96.70168999582532,60,,begin_stop,began stopping,,0,0,1,0,0,0,0,0,0,no,9,1,1,brake,40.8253555,-96.7017017,40.825342,-96.7017053,40.8253497,-96.7017022,40.8253703,-96.7016764,40.8253602,-96.7017228
66,642.21,2026-07-13T05:38:42.210000-05:00,2026-07-13T10:38:42.210000+00:00,1,40.825340912881536,-96.70168999582532,60,,finish_stop,finished stop,,0,0,0,1,0,0,0,0,0,yes,9,0,0,off,40.8253434,-96.7017113,40.8253292,-96.7017321,40.8253324,-96.7016897,40.8253499,-96.701709,40.825362,-96.7017145
67,643.34,2026-07-13T05:38:43.340000-05:00,2026-07-13T10:38:43.340000+00:00,1,40.82535257765583,-96.70165110379459,55,"dark, hard to see area",enter_intersection,entered intersection (crossed beyond crosswalk),,1,0,0,0,0,0,0,0,0,no,,0,0,off,40.8253505,-96.7016984,40.8253315,-96.7017272,40.8253447,-96.7016637,40.825354,-96.701709,40.8253718,-96.7016935
68,646.99,2026-07-13T05:38:46.990000-05:00,2026-07-13T10:38:46.990000+00:00,1,40.825511882446285,-96.70135337859394,55,"dark, hard to see area",exit_intersection,exited intersection (just before crosswalk),,0,1,0,0,0,0,0,0,0,no,,0,0,off,40.8254447,-96.7015102,40.8254299,-96.701529,40.8254434,-96.7014666,40.8254476,-96.7015299,40.8254578,-96.7015153
69,652.88,2026-07-13T05:38:52.880000-05:00,2026-07-13T10:38:52.880000+00:00,1,40.82586174803557,-96.70063085854053,35,"hard to see location, pole and lines as reference",blinker_on,lane change blinker activated,,0,0,0,0,1,0,0,0,0,no,,0,1,one_wire,40.8258139,-96.7007904,40.8257967,-96.7008042,40.825812,-96.7007394,40.8258219,-96.7008301,40.8258248,-96.7007877
70,658.72,2026-07-13T05:38:58.720000-05:00,2026-07-13T10:38:58.720000+00:00,1,40.826300398461626,-96.69969242066145,50,,lane_change_begin,lane change began moving,,0,0,0,0,0,1,0,0,0,no,,1,1,right,40.8262518,-96.6998558,40.8262398,-96.6998641,40.8262485,-96.6998077,40.8262614,-96.6999023,40.8262577,-96.699849
71,662.51,2026-07-13T05:39:02.510000-05:00,2026-07-13T10:39:02.510000+00:00,1,40.8265033638756,-96.69923510402441,50,,lane_change_finish,finished lane change,,0,0,0,0,0,0,1,0,0,no,,1,0,right,40.8264677,-96.6993295,40.8264526,-96.6993376,40.826463,-96.6992907,40.8264811,-96.6993815,40.8264742,-96.699308
72,671.11,2026-07-13T05:39:11.110000-05:00,2026-07-13T10:39:11.110000+00:00,1,40.82665255159334,-96.69888239353895,80,,begin_stop,began stopping,,0,0,1,0,0,0,0,0,0,no,10,1,1,right,40.8266511,-96.698911,40.8266383,-96.6989223,40.8266444,-96.6988891,40.8266683,-96.6989421,40.8266535,-96.6988905
73,733.86,2026-07-13T05:40:13.860000-05:00,2026-07-13T10:40:13.860000+00:00,1,40.82665255159334,-96.69888239353895,80,,finish_stop,finished stop,,0,0,0,1,0,0,0,0,0,yes,10,0,0,right,40.8266509,-96.698921,40.8266361,-96.6989308,40.826643,-96.698903,40.8266724,-96.6989583,40.826652,-96.698892
74,735.07,2026-07-13T05:40:15.070000-05:00,2026-07-13T10:40:15.070000+00:00,1,40.82665813351861,-96.6988327726722,60,,enter_intersection,entered intersection (crossed beyond crosswalk),,1,0,0,0,0,0,0,0,0,no,,0,0,right,40.8266586,-96.6988832,40.8266394,-96.6989168,40.8266519,-96.6988516,40.8266846,-96.6989258,40.8266587,-96.6988387
75,737.64,2026-07-13T05:40:17.640000-05:00,2026-07-13T10:40:17.640000+00:00,1,40.82661704332599,-96.69870335608722,60,,exit_intersection,exited intersection (just before crosswalk),,0,1,0,0,0,0,0,0,0,no,,0,1,right,40.8266441,-96.6987682,40.8266438,-96.6987795,40.8266315,-96.6987356,40.8266683,-96.6988281,40.8266327,-96.6987297
76,740.85,2026-07-13T05:40:20.850000-05:00,2026-07-13T10:40:20.850000+00:00,1,40.82638213286431,-96.69855918735269,45,using line marks as a reference on road,blinker_on,lane change blinker activated,,0,0,0,0,1,0,0,0,0,no,,1,0,left,40.8264587,-96.6986102,40.8264588,-96.6986094,40.8264401,-96.6985877,40.8264771,-96.6986491,40.8264588,-96.6985945
77,743.89,2026-07-13T05:40:23.890000-05:00,2026-07-13T10:40:23.890000+00:00,1,40.82588393422884,-96.69826816767456,40,using line marks  and street light as a reference on road,lane_change_begin,lane change began moving,,0,0,0,0,0,1,0,0,0,no,,0,0,left,40.8261496,-96.6984334,40.8261547,-96.69844,40.8261304,-96.6984123,40.8261597,-96.6984538,40.8261538,-96.6984273
78,747.28,2026-07-13T05:40:27.280000-05:00,2026-07-13T10:40:27.280000+00:00,1,40.825556381238194,-96.69798217713834,40,using line marks  and street light as a reference on road,blinker_on|lane_change_finish,lane change blinker activated|finished lane change,,0,0,0,0,1,0,1,0,0,no,,0,0,off,40.825662,-96.6980804,40.825667,-96.6980805,40.8256459,-96.6980515,40.8256673,-96.698112,40.8256677,-96.6980778
79,750.66,2026-07-13T05:40:30.660000-05:00,2026-07-13T10:40:30.660000+00:00,1,40.82510146300225,-96.69763449579477,40,using line marks  and street light as a reference on road,lane_change_begin,lane change began moving,,0,0,0,0,0,1,0,0,0,no,,0,0,left,40.8252594,-96.6977629,40.8252592,-96.6977627,40.8252438,-96.6977396,40.8252686,-96.6977865,40.825266,-96.6977628
80,754.15,2026-07-13T05:40:34.150000-05:00,2026-07-13T10:40:34.150000+00:00,1,40.82466809980867,-96.69719327241184,40,using line marks  and street light as a reference on road,lane_change_finish,finished lane change,,0,0,0,0,0,0,1,0,0,no,,0,0,off,40.8247333,-96.6972692,40.824734,-96.6972625,40.8247212,-96.6972463,40.8247396,-96.6972982,40.8247385,-96.6972697
81,762.11,2026-07-13T05:40:42.110000-05:00,2026-07-13T10:40:42.110000+00:00,1,40.82370653236888,-96.69620957225564,60,,enter_intersection,entered intersection (crossed beyond crosswalk),,1,0,0,0,0,0,0,0,0,no,,0,0,off,40.8237513,-96.6962548,40.8237538,-96.6962501,40.8237407,-96.6962443,40.823759,-96.6962728,40.8237518,-96.696252
82,763.75,2026-07-13T05:40:43.750000-05:00,2026-07-13T10:40:43.750000+00:00,1,40.82351272214196,-96.6959809139371,60,,exit_intersection,exited intersection (just before crosswalk),,0,1,0,0,0,0,0,0,0,no,,0,0,off,40.823633,-96.696128,40.8236362,-96.6961241,40.823622,-96.696119,40.823641,-96.6961426,40.8236327,-96.6961263
83,790.81,2026-07-13T05:41:10.810000-05:00,2026-07-13T10:41:10.810000+00:00,1,40.82116226053526,-96.69286955147984,65,,enter_intersection,entered intersection (crossed beyond crosswalk),,1,0,0,0,0,0,0,0,0,no,,0,0,off,40.821201,-96.6929125,40.8212131,-96.6929098,40.8211859,-96.6929189,40.8212077,-96.6929199,40.8211972,-96.6929013
84,794.45,2026-07-13T05:41:14.450000-05:00,2026-07-13T10:41:14.450000+00:00,1,40.82081570315031,-96.69261004775763,65,,exit_intersection,exited intersection (just before crosswalk),,0,1,0,0,0,0,0,0,0,no,,0,0,off,40.8209334,-96.6926935,40.8209406,-96.6926861,40.8209093,-96.6927031,40.8209513,-96.6926921,40.8209325,-96.6926928
85,838.77,2026-07-13T05:41:58.770000-05:00,2026-07-13T10:41:58.770000+00:00,1,40.81596481376105,-96.69405844062567,75,,begin_stop,began stopping,,0,0,1,0,0,0,0,0,0,no,11,1,1,brake,40.8159643,-96.6941038,40.8159532,-96.6941454,40.8159728,-96.6940736,40.8159546,-96.6941081,40.8159765,-96.694088
86,846.81,2026-07-13T05:42:06.810000-05:00,2026-07-13T10:42:06.810000+00:00,1,40.81596481376105,-96.69405844062567,75,,finish_stop,finished stop,,0,0,0,1,0,0,0,0,0,yes,11,0,0,off,40.8159694,-96.6941039,40.8159712,-96.6941418,40.8159715,-96.6940768,40.8159587,-96.6941081,40.8159763,-96.694089
87,849.53,2026-07-13T05:42:09.530000-05:00,2026-07-13T10:42:09.530000+00:00,1,40.815903889843646,-96.6940611228347,75,,enter_intersection,entered intersection (crossed beyond crosswalk),,1,0,0,0,0,0,0,0,0,no,,0,0,off,40.8159127,-96.6940977,40.8159128,-96.6941349,40.8159013,-96.6940801,40.8159098,-96.6940918,40.8159267,-96.694084
88,852.23,2026-07-13T05:42:12.230000-05:00,2026-07-13T10:42:12.230000+00:00,1,40.81569484225457,-96.6940510645509,75,,exit_intersection,exited intersection (just before crosswalk),,0,1,0,0,0,0,0,0,0,no,,0,0,off,40.8157232,-96.6940918,40.8157233,-96.6941218,40.8157101,-96.6940856,40.8157186,-96.6940755,40.815741,-96.6940843
89,860.79,2026-07-13T05:42:20.790000-05:00,2026-07-13T10:42:20.790000+00:00,1,40.81480776940944,-96.69405978173019,75,,enter_intersection,entered intersection (crossed beyond crosswalk),,1,0,0,0,0,0,0,0,0,no,,0,0,off,40.8148839,-96.6940967,40.8148834,-96.6941118,40.8148629,-96.694092,40.8148926,-96.6940918,40.8148968,-96.694091
90,862.35,2026-07-13T05:42:22.350000-05:00,2026-07-13T10:42:22.350000+00:00,1,40.814595625072435,-96.69406447559597,75,,exit_intersection,exited intersection (just before crosswalk),,0,1,0,0,0,0,0,0,0,no,,0,0,off,40.814635,-96.6940953,40.8146339,-96.6941118,40.8146166,-96.6940982,40.8146403,-96.6940755,40.8146492,-96.6940955
91,873.16,2026-07-13T05:42:33.160000-05:00,2026-07-13T10:42:33.160000+00:00,1,40.81380340949535,-96.69406782835723,75,,begin_stop,began stopping,,0,0,1,0,0,0,0,0,0,no,12,1,1,brake,40.8138013,-96.6941061,40.8138098,-96.6941227,40.8138048,-96.6941037,40.813798,-96.6940918,40.8137925,-96.694106
92,884.37,2026-07-13T05:42:44.370000-05:00,2026-07-13T10:42:44.370000+00:00,1,40.81380340949535,-96.69406782835723,75,,finish_stop,finished stop,,0,0,0,1,0,0,0,0,0,yes,12,0,0,off,40.8138057,-96.6941048,40.8138194,-96.6941176,40.8138098,-96.6941056,40.813798,-96.6940918,40.8137955,-96.6941042
93,887.03,2026-07-13T05:42:47.030000-05:00,2026-07-13T10:42:47.030000+00:00,1,40.81375012429743,-96.69406715780497,75,,enter_intersection,entered intersection (crossed beyond crosswalk),,1,0,0,0,0,0,0,0,0,no,,0,0,off,40.8137545,-96.694102,40.8137706,-96.6941096,40.8137408,-96.6941061,40.8137533,-96.6940918,40.8137532,-96.6941003
94,891.45,2026-07-13T05:42:51.450000-05:00,2026-07-13T10:42:51.450000+00:00,1,40.81339896049577,-96.69406447559597,75,,exit_intersection,exited intersection (just before crosswalk),,0,1,0,0,0,0,0,0,0,no,,0,0,off,40.8134826,-96.6941011,40.8134913,-96.6941068,40.8134659,-96.6941103,40.8134888,-96.6940918,40.8134842,-96.6940953
95,899.41,2026-07-13T05:42:59.410000-05:00,2026-07-13T10:42:59.410000+00:00,1,40.812598097998944,-96.69407185167076,75,,enter_intersection,entered intersection (crossed beyond crosswalk),,1,0,0,0,0,0,0,0,0,no,,0,0,off,40.8126257,-96.6941033,40.8126304,-96.694108,40.8126082,-96.6941191,40.8126343,-96.6940918,40.8126297,-96.6940942
96,900.82,2026-07-13T05:43:00.820000-05:00,2026-07-13T10:43:00.820000+00:00,1,40.812365696249955,-96.69407654553653,75,,exit_intersection,exited intersection (just before crosswalk),,0,1,0,0,0,0,0,0,0,no,,0,0,off,40.8125035,-96.6941045,40.812507,-96.6941088,40.8124866,-96.6941211,40.8125122,-96.6940918,40.812508,-96.6940962
97,919.72,2026-07-13T05:43:19.720000-05:00,2026-07-13T10:43:19.720000+00:00,1,40.81037109730472,-96.69408861547709,75,,enter_intersection,entered intersection (crossed beyond crosswalk),,1,0,0,0,0,0,0,0,0,no,,0,0,off,40.8103978,-96.6941207,40.8104171,-96.694121,40.810395,-96.6941384,40.8103882,-96.6941243,40.8103908,-96.6940992
98,922.74,2026-07-13T05:43:22.740000-05:00,2026-07-13T10:43:22.740000+00:00,1,40.81012091879614,-96.6940872743726,75,,exit_intersection,exited intersection (just before crosswalk),,0,1,0,0,0,0,0,0,0,no,,0,0,off,40.8101938,-96.6941171,40.8102091,-96.6941193,40.8101827,-96.6941399,40.8101888,-96.6941081,40.8101945,-96.6941012
99,936.35,2026-07-13T05:43:36.350000-05:00,2026-07-13T10:43:36.350000+00:00,1,40.80929362292238,-96.69407788664103,75,,enter_intersection,entered intersection (crossed beyond crosswalk),,1,0,0,0,0,0,0,0,0,no,,0,0,left,40.8093041,-96.694115,40.8093264,-96.6941202,40.809292,-96.6941206,40.8092936,-96.6941243,40.8093045,-96.6940948
100,940.03,2026-07-13T05:43:40.030000-05:00,2026-07-13T10:43:40.030000+00:00,1,40.80918551214306,-96.69382106512788,65,,exit_intersection,exited intersection (just before crosswalk),,0,1,0,0,0,0,0,0,0,no,,1,0,left,40.809178,-96.6939089,40.8091824,-96.6939071,40.809172,-96.6938909,40.8091675,-96.6939453,40.80919,-96.6938923
101,954.72,2026-07-13T05:43:54.720000-05:00,2026-07-13T10:43:54.720000+00:00,1,40.80918145599564,-96.6917470470071,69,,blinker_on,lane change blinker activated,,0,0,0,0,1,0,0,0,0,no,,0,1,left,40.8091865,-96.6919243,40.8091815,-96.6919223,40.8091771,-96.6919289,40.8092,-96.6919108,40.8091875,-96.6919353
102,956.17,2026-07-13T05:43:56.170000-05:00,2026-07-13T10:43:56.170000+00:00,1,40.80918145737183,-96.69151637703182,69,,lane_change_begin,lane change began moving,,0,0,0,0,0,1,0,0,0,no,,0,1,left,40.8091909,-96.6916332,40.8091829,-96.691627,40.8091814,-96.691643,40.8092082,-96.6916178,40.809191,-96.6916448
103,960.01,2026-07-13T05:44:00.010000-05:00,2026-07-13T10:44:00.010000+00:00,1,40.80921495223345,-96.69109862297775,65,,lane_change_finish,finished lane change,,0,0,0,0,0,0,1,0,0,no,,1,1,left,40.8092174,-96.6911417,40.8092137,-96.6911404,40.8092097,-96.6911575,40.8092285,-96.6911133,40.8092177,-96.6911557
104,965.54,2026-07-13T05:44:05.540000-05:00,2026-07-13T10:44:05.540000+00:00,1,40.809213430318714,-96.69074188917877,75,,enter_intersection,entered intersection (crossed beyond crosswalk),,1,0,0,0,0,0,0,0,0,no,,1,0,left,40.8092173,-96.6908197,40.8092124,-96.6908264,40.8092149,-96.6908482,40.8092244,-96.6907715,40.8092173,-96.6908327
105,967.88,2026-07-13T05:44:07.880000-05:00,2026-07-13T10:44:07.880000+00:00,1,40.80923169845372,-96.69064801186323,75,,exit_intersection,exited intersection (just before crosswalk),,0,1,0,0,0,0,0,0,0,no,,1,0,left,40.8092269,-96.6907524,40.8092175,-96.6907595,40.8092292,-96.6907671,40.8092326,-96.6907227,40.8092283,-96.6907605
106,982.74,2026-07-13T05:44:22.740000-05:00,2026-07-13T10:44:22.740000+00:00,1,40.81001126476112,-96.69061783701184,75,,begin_stop,began stopping,,0,0,1,0,0,0,0,0,0,no,13,1,1,brake,40.8100015,-96.6906455,40.8099995,-96.6906315,40.8099993,-96.6906431,40.810026,-96.6906576,40.8099812,-96.6906498
107,1021.13,2026-07-13T05:45:01.130000-05:00,2026-07-13T10:45:01.130000+00:00,1,40.81001126476112,-96.69061783701184,75,,finish_stop,finished stop,,0,0,0,1,0,0,0,0,0,yes,13,0,0,off,40.8100015,-96.6906447,40.8099889,-96.6906318,40.8100021,-96.6906554,40.8100301,-96.6906413,40.809985,-96.6906503
108,1023.75,2026-07-13T05:45:03.750000-05:00,2026-07-13T10:45:03.750000+00:00,1,40.8100802772034,-96.69061917811634,75,,enter_intersection,entered intersection (crossed beyond crosswalk),,1,0,0,0,0,0,0,0,0,no,,0,0,off,40.8100374,-96.6906448,40.8100298,-96.6906353,40.8100513,-96.6906543,40.8100545,-96.6906413,40.8100138,-96.6906482
109,1026.55,2026-07-13T05:45:06.550000-05:00,2026-07-13T10:45:06.550000+00:00,1,40.810261967895656,-96.69061448425055,75,,exit_intersection,exited intersection (just before crosswalk),,0,1,0,0,0,0,0,0,0,no,,0,0,off,40.8102074,-96.6906466,40.810204,-96.6906338,40.810221,-96.6906499,40.8102254,-96.6906576,40.8101792,-96.690645
110,1037.80,2026-07-13T05:45:17.800000-05:00,2026-07-13T10:45:17.800000+00:00,1,40.81119783782149,-96.69060576707126,75,,turn_begin_nonint,start turn that is not at an intersection,,0,0,0,0,0,0,0,1,0,no,,1,0,right,40.8111373,-96.6906588,40.8111482,-96.6906388,40.8111372,-96.6906567,40.8111572,-96.6906901,40.8111067,-96.6906495
111,1041.22,2026-07-13T05:45:21.220000-05:00,2026-07-13T10:45:21.220000+00:00,1,40.81126583640079,-96.69051926583053,75,,turn_begin_nonint|turn_finish_nonint,start turn that is not at an intersection|finish turn that is not an intersection,,0,0,0,0,0,0,0,1,1,no,,1,0,right,40.8112841,-96.6905726,40.8112954,-96.6905612,40.8112728,-96.6905549,40.8113118,-96.6906087,40.8112563,-96.6905655
112,1046.06,2026-07-13T05:45:26.060000-05:00,2026-07-13T10:45:26.060000+00:00,1,40.811201910703716,-96.69043678790331,75,,turn_finish_nonint,finish turn that is not an intersection,,0,0,0,0,0,0,0,0,1,no,,0,0,off,40.8111789,-96.6904423,40.8111762,-96.6904214,40.8111693,-96.6904421,40.8112142,-96.6904622,40.8111557,-96.6904437
113,1051.07,2026-07-13T05:45:31.070000-05:00,2026-07-13T10:45:31.070000+00:00,1,40.81096796533171,-96.69043075293304,60,,turn_begin_nonint,start turn that is not at an intersection,,0,0,0,0,0,0,0,1,0,no,,1,0,left,40.8110081,-96.6904459,40.8110058,-96.6904361,40.811003,-96.6904446,40.8110352,-96.6904622,40.8109883,-96.6904408
114,1057.07,2026-07-13T05:45:37.070000-05:00,2026-07-13T10:45:37.070000+00:00,1,40.81086849013704,-96.6901182755828,40,,turn_finish_nonint,finish turn that is not an intersection,,0,0,0,0,0,0,0,0,1,no,,0,1,left,40.8108742,-96.6902336,40.8108678,-96.6902208,40.8108781,-96.6902285,40.8108968,-96.6902507,40.810854,-96.6902343
115,1058.43,2026-07-13T05:45:38.430000-05:00,2026-07-13T10:45:38.430000+00:00,1,40.81086239076021,-96.69003512710336,60,,turn_begin_nonint,start turn that is not at an intersection,,0,0,0,0,0,0,0,1,0,no,,0,1,right,40.8108723,-96.6901763,40.8108692,-96.6901648,40.8108758,-96.6901751,40.8108927,-96.6901855,40.8108513,-96.6901798
116,1066.81,2026-07-13T05:45:46.810000-05:00,2026-07-13T10:45:46.810000+00:00,1,40.81062793942002,-96.68990436941385,60,,turn_finish_nonint,finish turn that is not an intersection,,0,0,0,0,0,0,0,0,1,no,,0,0,off,40.810709,-96.6899045,40.8107105,-96.6898934,40.8107048,-96.6899082,40.8107218,-96.6899089,40.810699,-96.6899073
117,1075.28,2026-07-13T05:45:55.280000-05:00,2026-07-13T10:45:55.280000+00:00,1,40.81028685921264,-96.68990034610034,55,,turn_begin_nonint,start turn that is not at an intersection,,0,0,0,0,0,0,0,1,0,no,,0,0,left,40.8102984,-96.6899186,40.8102987,-96.6899149,40.8102997,-96.68992,40.8103027,-96.6899251,40.8102927,-96.6899143
118,1080.63,2026-07-13T05:46:00.630000-05:00,2026-07-13T10:46:00.630000+00:00,1,40.810207168799124,-96.68967235833408,45,,turn_finish_nonint,finish turn that is not an intersection,,0,0,0,0,0,0,0,0,1,no,,0,0,off,40.8101927,-96.6897663,40.8101874,-96.6897635,40.8102034,-96.6897543,40.8101929,-96.6897786,40.8101872,-96.6897688
119,1085.33,2026-07-13T05:46:05.330000-05:00,2026-07-13T10:46:05.330000+00:00,1,40.810207168799124,-96.68967235833408,45,,begin_stop|turn_begin_nonint,began stopping|start turn that is not at an intersection,,0,0,1,0,0,0,0,1,0,no,14,0,0,left,40.8102026,-96.6895649,40.8101989,-96.6895608,40.8102077,-96.6895733,40.8102091,-96.6895508,40.8101948,-96.6895747
120,1086.37,2026-07-13T05:46:06.370000-05:00,2026-07-13T10:46:06.370000+00:00,1,40.810207168799124,-96.68967235833408,45,,finish_stop,finished stop,,0,0,0,1,0,0,0,0,0,yes,14,1,0,left,40.810205,-96.6895515,40.8101994,-96.6895521,40.8102092,-96.6895596,40.8102132,-96.6895345,40.8101982,-96.6895598
121,1091.06,2026-07-13T05:46:11.060000-05:00,2026-07-13T10:46:11.060000+00:00,1,40.810319838077376,-96.68942559510472,45,,turn_finish_nonint,finish turn that is not an intersection,,0,0,0,0,0,0,0,0,1,no,,0,0,off,40.8103006,-96.6894591,40.8102925,-96.6894579,40.8103123,-96.6894581,40.8102987,-96.6894531,40.8102987,-96.6894673
122,1108.03,2026-07-13T05:46:28.030000-05:00,2026-07-13T10:46:28.030000+00:00,2,40.81115371030848,-96.68940078467132,95,starting point stop area,begin_stop,began stopping,,0,0,1,0,0,0,0,0,0,no,15,1,1,brake,40.811172,-96.689437,40.8111721,-96.6894315,40.8111627,-96.689429,40.8111979,-96.6894531,40.8111555,-96.6894342
123,1328.54,2026-07-13T05:50:08.540000-05:00,2026-07-13T10:50:08.540000+00:00,2,40.81115371030848,-96.68940078467132,95,starting point stop area,finish_stop|turn_begin_nonint,finished stop|start turn that is not at an intersection,,0,0,0,1,0,0,0,1,0,yes,15,0,0,left,40.8111656,-96.689444,40.8111597,-96.6894316,40.8111651,-96.6894591,40.8111816,-96.6894531,40.8111562,-96.6894322
124,1337.03,2026-07-13T05:50:17.026264-05:00,2026-07-13T10:50:17.026264+00:00,2,40.81128819628601,-96.68956372886898,75,,turn_finish_nonint,finish turn that is not an intersection,,0,0,0,0,0,0,0,0,1,no,,0,0,off,40.8112875,-96.6895725,40.8112991,-96.6895467,40.8112809,-96.6896027,40.8112956,-96.6895833,40.8112743,-96.6895575
125,1357.74,2026-07-13T05:50:37.744656-05:00,2026-07-13T10:50:37.744656+00:00,2,40.811296322256716,-96.69050451368095,80,,begin_stop,began stopping,,0,0,1,0,0,0,0,0,0,no,16,0,1,right,40.8113008,-96.6905266,40.8113195,-96.6905175,40.8112951,-96.6905172,40.8113037,-96.6905273,40.811285,-96.6905445
126,1359.54,2026-07-13T05:50:39.544927-05:00,2026-07-13T10:50:39.544927+00:00,2,40.81129503278967,-96.69049613177778,80,,begin_stop,began stopping,,0,0,1,0,0,0,0,0,0,no,33,1,0,right,40.8113007,-96.6905256,40.8113195,-96.6905055,40.8112953,-96.6905228,40.8113037,-96.6905273,40.8112843,-96.6905468
127,1361.01,2026-07-13T05:50:41.008562-05:00,2026-07-13T10:50:41.008562+00:00,2,40.81129503278967,-96.69049613177778,80,,finish_stop,finished stop,,0,0,0,1,0,0,0,0,0,yes,33,1,1,right,40.811302,-96.6905553,40.8113198,-96.6905424,40.811296,-96.6905511,40.8113078,-96.6905599,40.8112845,-96.6905678
128,1361.86,2026-07-13T05:50:41.855978-05:00,2026-07-13T10:50:41.855978+00:00,2,40.811301899625654,-96.69055949896575,80,,enter_intersection,entered intersection (crossed beyond crosswalk),,1,0,0,0,0,0,0,0,0,no,,1,1,right,40.811302,-96.6905553,40.8113198,-96.6905424,40.811296,-96.6905511,40.8113078,-96.6905599,40.8112845,-96.6905678
129,1364.72,2026-07-13T05:50:44.723357-05:00,2026-07-13T10:50:44.723357+00:00,2,40.81130213581,-96.69056519865993,75,,enter_intersection,entered intersection (crossed beyond crosswalk),,1,0,0,0,0,0,0,0,0,no,,0,1,right,40.8113057,-96.6905846,40.8113237,-96.6905706,40.8113021,-96.6905817,40.8113078,-96.6905924,40.8112892,-96.6905937
130,1366.67,2026-07-13T05:50:46.668134-05:00,2026-07-13T10:50:46.668134+00:00,2,40.811345785809934,-96.6906087845564,75,,exit_intersection,exited intersection (just before crosswalk),,0,1,0,0,0,0,0,0,0,no,,0,1,right,40.8113246,-96.6906306,40.8113403,-96.6906175,40.8113296,-96.690631,40.8113241,-96.6906413,40.8113042,-96.6906327
131,1385.92,2026-07-13T05:51:05.923785-05:00,2026-07-13T10:51:05.923785+00:00,2,40.81232426962311,-96.69061347842216,75,,begin_stop,began stopping,,0,0,1,0,0,0,0,0,0,yes,34,0,1,left,40.8122926,-96.6906523,40.8122958,-96.6906294,40.8123086,-96.6906508,40.8123047,-96.6907064,40.8122612,-96.6906225
132,1387.69,2026-07-13T05:51:07.693343-05:00,2026-07-13T10:51:07.693343+00:00,2,40.81232426962311,-96.69061347842216,75,,finish_stop,finished stop,,0,0,0,1,0,0,0,0,0,yes,34,0,0,left,40.8122934,-96.6906503,40.812294,-96.6906275,40.8123088,-96.690649,40.8123047,-96.6907064,40.812266,-96.6906185
133,1391.19,2026-07-13T05:51:11.191299-05:00,2026-07-13T10:51:11.191299+00:00,2,40.81237680763106,-96.69062320142987,75,,enter_intersection,entered intersection (crossed beyond crosswalk),,1,0,0,0,0,0,0,0,0,no,,0,0,left,40.8123564,-96.6906549,40.8123806,-96.6906364,40.8123711,-96.6906549,40.8123494,-96.6907064,40.8123247,-96.690622
134,1394.42,2026-07-13T05:51:14.421834-05:00,2026-07-13T10:51:14.421834+00:00,2,40.81250317339239,-96.69073183089496,70,,exit_intersection,exited intersection (just before crosswalk),,0,1,0,0,0,0,0,0,0,no,,1,0,left,40.8124699,-96.6907179,40.8124996,-96.6907072,40.8124772,-96.6907342,40.8124674,-96.6907227,40.8124353,-96.6907075
135,1425.21,2026-07-13T05:51:45.209908-05:00,2026-07-13T10:51:45.209908+00:00,2,40.812537696904506,-96.69366415590049,75,,begin_stop,began stopping,,0,0,1,0,0,0,0,0,0,no,18,1,1,brake,40.8125426,-96.6936906,40.8125458,-96.6937099,40.8125509,-96.6936745,40.8125448,-96.6936849,40.8125287,-96.6936932
136,1489.01,2026-07-13T05:52:49.008330-05:00,2026-07-13T10:52:49.008330+00:00,2,40.812537696904506,-96.69366415590049,75,,finish_stop,finished stop,,0,0,0,1,0,0,0,0,0,yes,18,0,0,off,40.8125377,-96.6936898,40.8125456,-96.6937015,40.8125367,-96.6936802,40.8125366,-96.6936849,40.8125317,-96.6936928
137,1492.36,2026-07-13T05:52:52.356541-05:00,2026-07-13T10:52:52.356541+00:00,2,40.81254175491097,-96.693758033216,75,,enter_intersection,entered intersection (crossed beyond crosswalk),,1,0,0,0,0,0,0,0,0,no,,0,0,off,40.8125408,-96.6937728,40.8125612,-96.6937813,40.8125374,-96.6937692,40.8125366,-96.6937663,40.8125282,-96.6937745
138,1497.10,2026-07-13T05:52:57.096612-05:00,2026-07-13T10:52:57.096612+00:00,2,40.812519936844666,-96.6941784694791,75,,exit_intersection,exited intersection (just before crosswalk),,0,1,0,0,0,0,0,0,0,no,,0,0,off,40.8125327,-96.6941593,40.8125472,-96.6941762,40.8125277,-96.6941576,40.8125326,-96.6941406,40.8125233,-96.6941627
139,1505.79,2026-07-13T05:53:05.789782-05:00,2026-07-13T10:53:05.789782+00:00,2,40.812487457637744,-96.69520039111377,75,,enter_intersection,entered intersection (crossed beyond crosswalk),,1,0,0,0,0,0,0,0,0,no,,0,0,off,40.8125046,-96.695093,40.8125152,-96.6951085,40.8124999,-96.6950858,40.8125041,-96.6950846,40.8124992,-96.6950933
140,1507.45,2026-07-13T05:53:07.451079-05:00,2026-07-13T10:53:07.451079+00:00,2,40.812487456777646,-96.69542636722329,75,,exit_intersection,exited intersection (just before crosswalk),,0,1,0,0,0,0,0,0,0,no,,0,0,off,40.812502,-96.6953547,40.8125125,-96.6953678,40.8124988,-96.6953487,40.8125,-96.6953451,40.8124968,-96.6953572
141,1522.14,2026-07-13T05:53:22.144897-05:00,2026-07-13T10:53:22.144897+00:00,2,40.812495575892804,-96.69655155390502,80,,begin_stop,began stopping,,0,0,1,0,0,0,0,0,0,no,19,1,1,brake,40.8125073,-96.6965868,40.8125069,-96.6966068,40.8125076,-96.6965671,40.8125081,-96.696582,40.8125067,-96.6965913
142,1566.50,2026-07-13T05:54:06.499403-05:00,2026-07-13T10:54:06.499403+00:00,2,40.812495575892804,-96.69655155390502,80,,finish_stop,finished stop,,0,0,0,1,0,0,0,0,0,yes,19,0,0,off,40.812513,-96.6965912,40.8125066,-96.6965935,40.8125369,-96.6965643,40.8125,-96.6966146,40.8125087,-96.6965925
143,1569.32,2026-07-13T05:54:09.317616-05:00,2026-07-13T10:54:09.317616+00:00,2,40.812497606445504,-96.69664677232505,80,,enter_intersection,entered intersection (crossed beyond crosswalk),,1,0,0,0,0,0,0,0,0,no,,0,0,off,40.8125107,-96.6966507,40.8125054,-96.6966714,40.8125373,-96.6966359,40.8125,-96.6966634,40.8125,-96.696632
144,1572.37,2026-07-13T05:54:12.366721-05:00,2026-07-13T10:54:12.366721+00:00,2,40.81249506975977,-96.69687945395708,80,,exit_intersection,exited intersection (just before crosswalk),,0,1,0,0,0,0,0,0,0,no,,0,0,off,40.8125109,-96.6968436,40.8125058,-96.6968726,40.8125372,-96.6968341,40.8125041,-96.6968424,40.8124967,-96.6968252
145,1588.15,2026-07-13T05:54:28.152018-05:00,2026-07-13T10:54:28.152018+00:00,2,40.81250319059416,-96.69800061732532,80,,begin_stop,began stopping,,0,0,1,0,0,0,0,0,0,no,20,1,1,brake,40.8125208,-96.6980316,40.8125257,-96.6980412,40.8125271,-96.6980094,40.8125203,-96.6980469,40.81251,-96.6980288
146,1604.49,2026-07-13T05:54:44.490006-05:00,2026-07-13T10:54:44.490006+00:00,2,40.81250319059416,-96.69800061732532,80,,finish_stop,finished stop,,0,0,0,1,0,0,0,0,0,yes,20,0,0,off,40.8125261,-96.6980405,40.8125257,-96.6980357,40.8125245,-96.6980202,40.8125448,-96.6980794,40.8125093,-96.6980268
147,1607.13,2026-07-13T05:54:47.125713-05:00,2026-07-13T10:54:47.125713+00:00,2,40.81250369999546,-96.69808913022281,80,,enter_intersection,entered intersection (crossed beyond crosswalk),,1,0,0,0,0,0,0,0,0,no,,0,0,off,40.8125272,-96.6980956,40.812536,-96.6980954,40.8125269,-96.6980953,40.8125407,-96.698112,40.8125053,-96.6980798
148,1610.57,2026-07-13T05:54:50.567073-05:00,2026-07-13T10:54:50.567073+00:00,2,40.812497103064786,-96.69832382351161,75,,exit_intersection,exited intersection (just before crosswalk),,0,1,0,0,0,0,0,0,0,no,,0,0,off,40.8125223,-96.698288,40.8125313,-96.6982787,40.8125268,-96.6982927,40.8125326,-96.6983073,40.8124983,-96.6982732
149,1630.20,2026-07-13T05:55:10.203680-05:00,2026-07-13T10:55:10.203680+00:00,2,40.81250014399124,-96.69958647340538,75,,enter_intersection,entered intersection (crossed beyond crosswalk),,1,0,0,0,0,0,0,0,0,no,,0,0,off,40.8125132,-96.6996152,40.8125204,-96.6996001,40.8125228,-96.6996124,40.8125122,-96.6996582,40.8124973,-96.6995903
150,1632.66,2026-07-13T05:55:12.655715-05:00,2026-07-13T10:55:12.655715+00:00,2,40.81249608529416,-96.69978160411121,75,,exit_intersection,exited intersection (just before crosswalk),,0,1,0,0,0,0,0,0,0,no,,0,0,off,40.8125133,-96.69979,40.8125195,-96.6997809,40.8125232,-96.6997908,40.8125122,-96.699821,40.8124982,-96.6997675
151,1642.70,2026-07-13T05:55:22.702945-05:00,2026-07-13T10:55:22.702945+00:00,2,40.81250420268808,-96.70104492455722,75,,enter_intersection,entered intersection (crossed beyond crosswalk),,1,0,0,0,0,0,0,0,0,no,,0,0,off,40.8125132,-96.7009755,40.8125239,-96.7009811,40.8125213,-96.7009838,40.8125122,-96.7009928,40.8124952,-96.7009442
152,1645.24,2026-07-13T05:55:25.235005-05:00,2026-07-13T10:55:25.235005+00:00,2,40.81250268084882,-96.70129504054785,75,,exit_intersection,exited intersection (just before crosswalk),,0,1,0,0,0,0,0,0,0,no,,1,1,brake,40.8125137,-96.7013464,40.8125227,-96.7013503,40.8125191,-96.7013512,40.8125122,-96.7013672,40.8125007,-96.7013167
153,1659.36,2026-07-13T05:55:39.355598-05:00,2026-07-13T10:55:39.355598+00:00,2,40.81250978838432,-96.70228946954015,60,,begin_stop,began stopping,,0,0,1,0,0,0,0,0,0,no,21,1,1,brake,40.8125279,-96.7022849,40.8125606,-96.7022935,40.8125135,-96.7022598,40.8125285,-96.7023275,40.8125088,-96.702259
154,1661.23,2026-07-13T05:55:41.230881-05:00,2026-07-13T10:55:41.230881+00:00,2,40.81250978838432,-96.70228946954015,60,,finish_stop,finished stop,,0,0,0,1,0,0,0,0,0,yes,21,0,0,off,40.8125281,-96.7022839,40.8125608,-96.7022886,40.8125132,-96.7022595,40.8125285,-96.7023275,40.81251,-96.70226
155,1666.74,2026-07-13T05:55:46.744367-05:00,2026-07-13T10:55:46.744367+00:00,2,40.812507759724184,-96.70249667018655,75,,enter_intersection,entered intersection (crossed beyond crosswalk),,1,0,0,0,0,0,0,0,0,no,,0,0,off,40.8125305,-96.7024448,40.8125795,-96.702431,40.8125195,-96.7024556,40.8125203,-96.7024577,40.8125027,-96.7024348
156,1669.04,2026-07-13T05:55:49.042469-05:00,2026-07-13T10:55:49.042469+00:00,2,40.81250748271861,-96.702738404274,75,,exit_intersection,exited intersection (just before crosswalk),,0,1,0,0,0,0,0,0,0,no,,0,0,off,40.8125241,-96.7026958,40.8125736,-96.7026876,40.8125233,-96.7027108,40.8125,-96.7027018,40.8124995,-96.702683
157,1685.60,2026-07-13T05:56:05.598581-05:00,2026-07-13T10:56:05.598581+00:00,2,40.8125135857286,-96.70394003391266,75,,enter_intersection,entered intersection (crossed beyond crosswalk),,1,0,0,0,0,0,0,0,0,no,,0,0,off,40.8124995,-96.7038544,40.812458,-96.7038271,40.8125264,-96.7038709,40.8125,-96.7038737,40.8125137,-96.7038458
158,1688.08,2026-07-13T05:56:08.078262-05:00,2026-07-13T10:56:08.078262+00:00,2,40.81251307477923,-96.7041888087988,75,,exit_intersection,exited intersection (just before crosswalk),,0,1,0,0,0,0,0,0,0,no,,0,0,off,40.8125036,-96.7041727,40.8124638,-96.7041658,40.8125292,-96.7041671,40.8125,-96.7042155,40.8125213,-96.7041425
159,1696.80,2026-07-13T05:56:16.804003-05:00,2026-07-13T10:56:16.804003+00:00,2,40.81251712470238,-96.70538842678071,75,,enter_intersection,entered intersection (crossed beyond crosswalk),,1,0,0,0,0,0,0,0,0,no,,0,0,off,40.8125189,-96.7052354,40.8124909,-96.7052386,40.8125495,-96.705213,40.8125041,-96.7052897,40.812531,-96.7052002
160,1698.81,2026-07-13T05:56:18.811055-05:00,2026-07-13T10:56:18.811055+00:00,2,40.81251486020643,-96.7055966332555,65,,blinker_on,lane change blinker activated,,0,0,0,0,1,0,0,0,0,no,,0,1,right,40.8125239,-96.7055144,40.8124968,-96.7055234,40.8125537,-96.7054889,40.8125122,-96.7055664,40.812533,-96.7054787
161,1699.46,2026-07-13T05:56:19.458622-05:00,2026-07-13T10:56:19.458622+00:00,2,40.812509002837594,-96.70569889247419,75,,exit_intersection,exited intersection (just before crosswalk),,0,1,0,0,0,0,0,0,0,no,,0,1,right,40.8125245,-96.7056545,40.8125008,-96.7056621,40.8125538,-96.705626,40.8125122,-96.7057129,40.8125312,-96.7056172
162,1705.07,2026-07-13T05:56:25.068946-05:00,2026-07-13T10:56:25.068946+00:00,2,40.8125422636239,-96.70637179166081,60,,lane_change_finish,finished lane change,,0,0,0,0,0,0,1,0,0,no,,1,0,right,40.8125448,-96.7064332,40.8125298,-96.7064519,40.8125634,-96.706414,40.8125407,-96.7064616,40.8125452,-96.7064053
163,1712.67,2026-07-13T05:56:32.671063-05:00,2026-07-13T10:56:32.671063+00:00,2,40.812551126421035,-96.70688912272453,75,,enter_intersection,entered intersection (crossed beyond crosswalk),,1,0,0,0,0,0,0,0,0,no,,0,0,right,40.8125479,-96.7068736,40.8125443,-96.706904,40.812559,-96.7068481,40.8125326,-96.706901,40.8125557,-96.7068413
164,1714.44,2026-07-13T05:56:34.443286-05:00,2026-07-13T10:56:34.443286+00:00,2,40.81258360576879,-96.70695483684541,75,,exit_intersection,exited intersection (just before crosswalk),,0,1,0,0,0,0,0,0,0,no,,0,1,right,40.8125603,-96.7069513,40.8125583,-96.7069821,40.8125728,-96.7069297,40.8125448,-96.7069824,40.8125653,-96.7069112
165,1731.57,2026-07-13T05:56:51.566289-05:00,2026-07-13T10:56:51.566289+00:00,2,40.813444334771866,-96.70697294175625,80,,begin_stop,began stopping,,0,0,1,0,0,0,0,0,0,no,22,1,1,brake,40.8134327,-96.7070054,40.8134331,-96.7070067,40.8134269,-96.7069883,40.8134399,-96.7070475,40.8134308,-96.7069792
166,1762.09,2026-07-13T05:57:22.087723-05:00,2026-07-13T10:57:22.087723+00:00,2,40.813444334771866,-96.70697294175625,80,,finish_stop,finished stop,,0,0,0,1,0,0,0,0,0,yes,22,0,0,off,40.8134624,-96.7070028,40.8134767,-96.7069791,40.8134698,-96.7069594,40.8134725,-96.7070964,40.8134305,-96.7069762
167,1764.99,2026-07-13T05:57:24.993567-05:00,2026-07-13T10:57:24.993567+00:00,2,40.81349762348364,-96.70697025954725,75,,enter_intersection,entered intersection (crossed beyond crosswalk),,1,0,0,0,0,0,0,0,0,no,,0,0,off,40.8134766,-96.7070025,40.8134767,-96.7069791,40.813502,-96.7069611,40.8134847,-96.7070964,40.8134432,-96.7069735
168,1766.93,2026-07-13T05:57:26.928582-05:00,2026-07-13T10:57:26.928582+00:00,2,40.813628053307035,-96.70697025954725,55,,blinker_on,lane change blinker activated,,0,0,0,0,1,0,0,0,0,no,,0,1,right,40.8135523,-96.706998,40.8135425,-96.7069793,40.8135887,-96.706963,40.8135701,-96.7070801,40.8135078,-96.7069697
169,1768.34,2026-07-13T05:57:28.341852-05:00,2026-07-13T10:57:28.341852+00:00,2,40.81373919685767,-96.70697025954725,75,,exit_intersection,exited intersection (just before crosswalk),,0,1,0,0,0,0,0,0,0,no,,0,1,right,40.813678,-96.7069918,40.8136459,-96.7069838,40.8137119,-96.7069527,40.8137207,-96.7070638,40.8136335,-96.706967
170,1769.40,2026-07-13T05:57:29.398658-05:00,2026-07-13T10:57:29.398658+00:00,2,40.813799588257574,-96.70697227120401,75,,lane_change_begin,lane change began moving,,0,0,0,0,0,1,0,0,0,no,,0,0,right,40.8137516,-96.7069888,40.8137093,-96.7069862,40.8137897,-96.7069456,40.8138021,-96.7070638,40.8137053,-96.7069597
171,1773.25,2026-07-13T05:57:33.247349-05:00,2026-07-13T10:57:33.247349+00:00,2,40.814198211195055,-96.70692700892688,65,,lane_change_finish,finished lane change,,0,0,0,0,0,0,1,0,0,no,,0,0,off,40.8141034,-96.7069626,40.814036,-96.7069441,40.8141698,-96.7069251,40.8141683,-96.7070475,40.8140395,-96.7069338
172,1777.61,2026-07-13T05:57:37.611469-05:00,2026-07-13T10:57:37.611469+00:00,2,40.81465014698816,-96.70692667365077,75,,enter_intersection,entered intersection (crossed beyond crosswalk),,1,0,0,0,0,0,0,0,0,no,,0,0,off,40.8145147,-96.706945,40.8144774,-96.7069242,40.814569,-96.7069178,40.814563,-96.707015,40.8144493,-96.706923
173,1779.97,2026-07-13T05:57:39.967122-05:00,2026-07-13T10:57:39.967122+00:00,2,40.81486684480938,-96.70693270862104,75,,exit_intersection,exited intersection (just before crosswalk),,0,1,0,0,0,0,0,0,0,no,,0,0,off,40.8147176,-96.7069456,40.8146916,-96.7069221,40.8147573,-96.7069178,40.8147624,-96.707015,40.8146593,-96.7069273
174,1789.25,2026-07-13T05:57:49.253747-05:00,2026-07-13T10:57:49.253747+00:00,2,40.81573643050089,-96.70694578438999,75,,enter_intersection,entered intersection (crossed beyond crosswalk),,1,0,0,0,0,0,0,0,0,no,,0,0,off,40.8156841,-96.7069544,40.8156563,-96.7068993,40.8157114,-96.7069001,40.8157104,-96.7070638,40.8156583,-96.7069543
175,1790.82,2026-07-13T05:57:50.818081-05:00,2026-07-13T10:57:50.818081+00:00,2,40.81594322455985,-96.70694880187513,75,,exit_intersection,exited intersection (just before crosswalk),,0,1,0,0,0,0,0,0,0,no,,0,0,off,40.8157943,-96.706957,40.8157764,-96.7069013,40.8158197,-96.7069065,40.8158122,-96.7070638,40.8157688,-96.7069563
176,1802.68,2026-07-13T05:58:02.683069-05:00,2026-07-13T10:58:02.683069+00:00,2,40.8173239055042,-96.70705994591118,55,,blinker_on,lane change blinker activated,,0,0,0,0,1,0,0,0,0,no,,0,1,right,40.8171896,-96.7070289,40.817189,-96.7069829,40.8171881,-96.7070252,40.8172119,-96.7070801,40.8171695,-96.7070273
177,1804.26,2026-07-13T05:58:04.263719-05:00,2026-07-13T10:58:04.263719+00:00,2,40.81752894934219,-96.70716505497695,40,,lane_change_begin,lane change began moving,,0,0,0,0,0,1,0,0,0,no,,0,1,right,40.8174233,-96.7071142,40.8174224,-96.7070797,40.8174215,-96.7071087,40.8174479,-96.7071615,40.8174013,-96.7071068
178,1806.89,2026-07-13T05:58:06.894425-05:00,2026-07-13T10:58:06.894425+00:00,2,40.81778917280764,-96.70726697891952,40,,lane_change_finish,finished lane change,,0,0,0,0,0,0,1,0,0,no,,0,0,off,40.8176621,-96.7072229,40.8176634,-96.7072021,40.8176609,-96.7072151,40.8176839,-96.7072591,40.8176403,-96.7072152
179,1818.40,2026-07-13T05:58:18.404197-05:00,2026-07-13T10:58:18.404197+00:00,2,40.81912455089614,-96.70810349285603,70,,enter_intersection,entered intersection (crossed beyond crosswalk),,1,0,0,0,0,0,0,0,0,no,,0,0,off,40.8190191,-96.7080883,40.8190122,-96.7080999,40.8190192,-96.7080784,40.8190348,-96.7081055,40.81901,-96.7080693
180,1819.93,2026-07-13T05:58:19.925113-05:00,2026-07-13T10:58:19.925113+00:00,2,40.819272740899805,-96.70817054808141,75,,exit_intersection,exited intersection (just before crosswalk),,0,1,0,0,0,0,0,0,0,no,,0,0,off,40.8191312,-96.7081412,40.819126,-96.7081575,40.819131,-96.7081284,40.8191447,-96.7081543,40.819123,-96.7081245
181,1849.52,2026-07-13T05:58:49.516393-05:00,2026-07-13T10:58:49.516393+00:00,2,40.82205252985891,-96.70747183263302,75,,enter_intersection,entered intersection (crossed beyond crosswalk),,1,0,0,0,0,0,0,0,0,no,,0,0,off,40.8220386,-96.7075573,40.8220218,-96.7075692,40.8220435,-96.7075102,40.82205,-96.7076009,40.822039,-96.7075487
182,1855.20,2026-07-13T05:58:55.197915-05:00,2026-07-13T10:58:55.197915+00:00,2,40.82236182795798,-96.70712750405075,75,,exit_intersection,exited intersection (just before crosswalk),,0,1,0,0,0,0,0,0,0,no,,0,0,off,40.8223516,-96.707185,40.8223408,-96.7071968,40.8223623,-96.7071384,40.8223551,-96.7072103,40.822348,-96.7071945
183,1882.36,2026-07-13T05:59:22.360435-05:00,2026-07-13T10:59:22.360435+00:00,2,40.824639900002275,-96.7031528055668,55,,blinker_on,lane change blinker activated,,0,0,0,0,1,0,0,0,0,no,,0,1,right,40.8245826,-96.7033011,40.8245911,-96.7033137,40.8245627,-96.7032724,40.8245972,-96.703304,40.8245795,-96.7033142
184,1888.31,2026-07-13T05:59:28.307592-05:00,2026-07-13T10:59:28.307592+00:00,2,40.8250458336656,-96.7023327201605,70,,lane_change_begin,lane change began moving,,0,0,0,0,0,1,0,0,0,no,,1,0,right,40.8250123,-96.7024491,40.8250201,-96.70246,40.8249881,-96.7024203,40.8250285,-96.7024577,40.8250123,-96.7024583
185,1892.24,2026-07-13T05:59:32.236628-05:00,2026-07-13T10:59:32.236628+00:00,2,40.82523610214921,-96.70189283788204,70,,lane_change_finish,finished lane change,,0,0,0,0,0,0,1,0,0,no,,1,1,brake,40.8252085,-96.7019846,40.825214,-96.7019905,40.825179,-96.7019618,40.8252279,-96.7019857,40.825213,-96.7020005
186,1898.44,2026-07-13T05:59:38.440083-05:00,2026-07-13T10:59:38.440083+00:00,2,40.825338609381596,-96.70168630778791,75,,begin_stop,began stopping,,0,0,1,0,0,0,0,0,0,no,23,1,1,brake,40.825343,-96.7017088,40.8253551,-96.7017195,40.8253017,-96.7016984,40.8253581,-96.701709,40.825357,-96.7017085
187,1900.96,2026-07-13T05:59:40.956725-05:00,2026-07-13T10:59:40.956725+00:00,2,40.825338609381596,-96.70168630778791,75,,finish_stop,finished stop,,0,0,0,1,0,0,0,0,0,yes,23,0,0,off,40.8253423,-96.7017132,40.8253488,-96.7017315,40.8253065,-96.7017023,40.8253581,-96.701709,40.825356,-96.70171
188,1903.69,2026-07-13T05:59:43.691175-05:00,2026-07-13T10:59:43.691175+00:00,2,40.8253512917297,-96.70164942741394,75,,enter_intersection,entered intersection (crossed beyond crosswalk),,1,0,0,0,0,0,0,0,0,no,,0,0,off,40.8253506,-96.7016936,40.8253535,-96.7017221,40.8253273,-96.7016684,40.8253581,-96.7016927,40.8253637,-96.7016912
189,1905.89,2026-07-13T05:59:45.889324-05:00,2026-07-13T10:59:45.889324+00:00,2,40.82545886376912,-96.70141808688642,75,,exit_intersection,exited intersection (just before crosswalk),,0,1,0,0,0,0,0,0,0,no,,0,0,off,40.8254055,-96.7015891,40.8254139,-96.7016017,40.8253822,-96.7015625,40.825415,-96.7015951,40.8254108,-96.7015972
190,1914.40,2026-07-13T05:59:54.400417-05:00,2026-07-13T10:59:54.400417+00:00,2,40.82592568987564,-96.70049943029882,30,,blinker_on,lane change blinker activated,,0,0,0,0,1,0,0,0,0,no,,0,1,right,40.8259002,-96.7006047,40.82591,-96.700614,40.8258768,-96.700577,40.8259115,-96.7006185,40.8259023,-96.7006095
191,1918.80,2026-07-13T05:59:58.804909-05:00,2026-07-13T10:59:58.804909+00:00,2,40.8262869520652,-96.69973567128183,55,,lane_change_begin,lane change began moving,,0,0,0,0,0,1,0,0,0,no,,0,1,right,40.8261775,-96.7000191,40.826189,-96.7000189,40.8261561,-96.6999878,40.8261841,-96.7000488,40.8261808,-96.7000207
192,1923.29,2026-07-13T06:00:03.286151-05:00,2026-07-13T11:00:03.286151+00:00,2,40.8264906819198,-96.699249856174,40,,lane_change_finish,finished lane change,,0,0,0,0,0,0,1,0,0,no,,1,0,right,40.8264635,-96.699345,40.8264746,-96.6993414,40.8264405,-96.6993255,40.826473,-96.6993652,40.8264658,-96.699348
193,1928.39,2026-07-13T06:00:08.390759-05:00,2026-07-13T11:00:08.390759+00:00,2,40.82665050588095,-96.69882137328388,75,,enter_intersection,entered intersection (crossed beyond crosswalk),,1,0,0,0,0,0,0,0,0,no,,0,1,right,40.8266543,-96.6989052,40.8266696,-96.6989033,40.8266257,-96.698882,40.8266602,-96.6989258,40.8266615,-96.6989095
194,1929.90,2026-07-13T06:00:09.901588-05:00,2026-07-13T11:00:09.901588+00:00,2,40.82661727429639,-96.69870369136335,75,,exit_intersection,exited intersection (just before crosswalk),,0,1,0,0,0,0,0,0,0,no,,0,1,right,40.8266552,-96.6988283,40.8266744,-96.6988315,40.8266241,-96.6988046,40.8266642,-96.6988444,40.8266582,-96.6988328
195,1933.93,2026-07-13T06:00:13.927815-05:00,2026-07-13T11:00:13.927815+00:00,2,40.826326845355055,-96.69852633029224,55,,blinker_on,lane change blinker activated,,0,0,0,0,1,0,0,0,0,no,,1,0,left,40.8264608,-96.6986133,40.8264756,-96.6986158,40.8264323,-96.6986015,40.8264689,-96.6986165,40.8264662,-96.6986195
196,1935.70,2026-07-13T06:00:15.698682-05:00,2026-07-13T11:00:15.698682+00:00,2,40.82620147447102,-96.69846128672363,70,,lane_change_begin,lane change began moving,,0,0,0,0,0,1,0,0,0,no,,0,0,left,40.8262991,-96.6985256,40.8263129,-96.6985293,40.8262707,-96.6985088,40.8263062,-96.6985352,40.8263068,-96.698529
197,1939.41,2026-07-13T06:00:19.406841-05:00,2026-07-13T11:00:19.406841+00:00,2,40.82580187290289,-96.69816724956037,70,,lane_change_finish,finished lane change,,0,0,0,0,0,0,1,0,0,no,,0,0,off,40.825889,-96.6982496,40.8259022,-96.6982573,40.8258609,-96.6982247,40.8258952,-96.6982585,40.8258977,-96.6982578
198,1940.71,2026-07-13T06:00:20.708007-05:00,2026-07-13T11:00:20.708007+00:00,2,40.82566132073858,-96.69806331396104,45,,blinker_on,lane change blinker activated,,0,0,0,0,1,0,0,0,0,no,,1,0,left,40.8257735,-96.6981573,40.8257879,-96.6981629,40.8257457,-96.6981353,40.8257772,-96.6981608,40.8257832,-96.6981703
199,1942.46,2026-07-13T06:00:22.456772-05:00,2026-07-13T11:00:22.456772+00:00,2,40.82539930311829,-96.69786918908359,75,,lane_change_begin,lane change began moving,,0,0,0,0,0,1,0,0,0,no,,0,0,left,40.8255258,-96.6979733,40.8255416,-96.6979777,40.8254994,-96.6979484,40.8255249,-96.6979818,40.8255373,-96.6979853
200,1945.62,2026-07-13T06:00:25.616897-05:00,2026-07-13T11:00:25.616897+00:00,2,40.82502127970255,-96.69752586632968,75,,lane_change_finish,finished lane change,,0,0,0,0,0,0,1,0,0,no,,0,0,off,40.8251433,-96.6976527,40.8251597,-96.6976625,40.8251194,-96.6976269,40.8251383,-96.6976562,40.825156,-96.6976653
201,1957.87,2026-07-13T06:00:37.869707-05:00,2026-07-13T11:00:37.869707+00:00,2,40.82370675509399,-96.6961978375912,65,,enter_intersection,entered intersection (crossed beyond crosswalk),,1,0,0,0,0,0,0,0,0,no,,0,0,off,40.8237973,-96.6963151,40.8238174,-96.6963166,40.8237761,-96.6963046,40.8237996,-96.6963216,40.8237962,-96.6963177
202,1959.51,2026-07-13T06:00:39.505884-05:00,2026-07-13T11:00:39.505884+00:00,2,40.82351494584506,-96.6959846019745,75,,exit_intersection,exited intersection (just before crosswalk),,0,1,0,0,0,0,0,0,0,no,,0,0,off,40.8235798,-96.6960878,40.8236001,-96.6960889,40.8235574,-96.6960795,40.823584,-96.6960938,40.8235778,-96.6960888
203,1986.14,2026-07-13T06:01:06.137472-05:00,2026-07-13T11:01:06.137472+00:00,2,40.82121678049398,-96.69291548430921,75,,begin_stop,began stopping,,0,0,1,0,0,0,0,0,0,no,24,1,1,brake,40.8212223,-96.6929406,40.8212358,-96.6929359,40.8212239,-96.6929468,40.8212199,-96.6929525,40.8212097,-96.692927
204,2015.76,2026-07-13T06:01:35.761353-05:00,2026-07-13T11:01:35.761353+00:00,2,40.82121678049398,-96.69291548430921,75,,finish_stop,finished stop,,0,0,0,1,0,0,0,0,0,yes,24,0,0,off,40.8212263,-96.6929462,40.821243,-96.6929431,40.8212359,-96.6929569,40.8212158,-96.6929525,40.8212105,-96.6929323
205,2018.35,2026-07-13T06:01:38.347625-05:00,2026-07-13T11:01:38.347625+00:00,2,40.82116806926815,-96.69287525117399,75,,enter_intersection,entered intersection (crossed beyond crosswalk),,1,0,0,0,0,0,0,0,0,no,,0,0,off,40.8211733,-96.6929023,40.8211935,-96.6928999,40.8211736,-96.6929033,40.8211711,-96.6929199,40.8211548,-96.6928863
206,2023.08,2026-07-13T06:01:43.077626-05:00,2026-07-13T11:01:43.077626+00:00,2,40.820806258104085,-96.69260300695898,75,,exit_intersection,exited intersection (just before crosswalk),,0,1,0,0,0,0,0,0,0,no,,0,0,off,40.8208478,-96.6926571,40.8208651,-96.692646,40.8208423,-96.6926564,40.8208415,-96.6926758,40.8208422,-96.6926502
207,2067.84,2026-07-13T06:02:27.841007-05:00,2026-07-13T11:02:27.841007+00:00,2,40.8159599665019,-96.69405542314053,75,,begin_stop,began stopping,,0,0,1,0,0,0,0,0,0,no,25,1,1,brake,40.8159749,-96.6940893,40.8159776,-96.6940965,40.8159821,-96.6940617,40.8159587,-96.6941081,40.8159812,-96.6940908
208,2081.27,2026-07-13T06:02:41.269306-05:00,2026-07-13T11:02:41.269306+00:00,2,40.8159599665019,-96.69405542314053,75,,finish_stop,finished stop,,0,0,0,1,0,0,0,0,0,yes,25,0,0,off,40.8159725,-96.6940931,40.8159902,-96.6940962,40.8159694,-96.6940645,40.8159505,-96.6941243,40.8159797,-96.6940875
209,2083.94,2026-07-13T06:02:43.944158-05:00,2026-07-13T11:02:43.944158+00:00,2,40.81590414596463,-96.69405877590181,75,,enter_intersection,entered intersection (crossed beyond crosswalk),,1,0,0,0,0,0,0,0,0,no,,0,0,off,40.8159293,-96.6940908,40.8159361,-96.6940872,40.8159169,-96.6940665,40.8159098,-96.6941243,40.8159545,-96.6940853
210,2086.48,2026-07-13T06:02:46.481266-05:00,2026-07-13T11:02:46.481266+00:00,2,40.8156904966121,-96.69404804706575,75,,exit_intersection,exited intersection (just before crosswalk),,0,1,0,0,0,0,0,0,0,no,,0,0,off,40.8157513,-96.6940862,40.8157567,-96.6940869,40.8157363,-96.6940687,40.8157186,-96.6941081,40.8157935,-96.6940813
211,2099.04,2026-07-13T06:02:59.037276-05:00,2026-07-13T11:02:59.037276+00:00,2,40.814861032944506,-96.69406179338696,75,,begin_stop,began stopping,,0,0,1,0,0,0,0,0,0,no,26,1,1,brake,40.8148697,-96.6940908,40.8148681,-96.6941017,40.8148716,-96.6940881,40.8148478,-96.6940918,40.8148913,-96.6940815
212,2111.26,2026-07-13T06:03:11.258039-05:00,2026-07-13T11:03:11.258039+00:00,2,40.814861032944506,-96.69406179338696,75,,finish_stop,finished stop,,0,0,0,1,0,0,0,0,0,yes,26,0,0,off,40.8148715,-96.6940868,40.814878,-96.6941014,40.8148691,-96.6940746,40.8148478,-96.6940918,40.8148912,-96.6940795
213,2114.32,2026-07-13T06:03:14.317129-05:00,2026-07-13T11:03:14.317129+00:00,2,40.81480544266616,-96.69405877590181,75,,enter_intersection,entered intersection (crossed beyond crosswalk),,1,0,0,0,0,0,0,0,0,no,,0,0,off,40.8148182,-96.6940913,40.8148169,-96.6941228,40.8147995,-96.6940725,40.8148071,-96.6940918,40.8148493,-96.6940782
214,2117.46,2026-07-13T06:03:17.456163-05:00,2026-07-13T11:03:17.456163+00:00,2,40.814594837142224,-96.69406279921535,75,,exit_intersection,exited intersection (just before crosswalk),,0,1,0,0,0,0,0,0,0,no,,0,0,off,40.814642,-96.6940939,40.8146358,-96.6941278,40.8146212,-96.6940745,40.8146281,-96.6940918,40.814683,-96.6940815
215,2130.40,2026-07-13T06:03:30.396997-05:00,2026-07-13T11:03:30.396997+00:00,2,40.813806065852916,-96.6940629668534,75,,begin_stop,began stopping,,0,0,1,0,0,0,0,0,0,no,27,1,1,brake,40.8138024,-96.6940943,40.813802,-96.6941135,40.813804,-96.6940794,40.8137817,-96.6940918,40.8138217,-96.6940923
216,2159.32,2026-07-13T06:03:59.320360-05:00,2026-07-13T11:03:59.320360+00:00,2,40.813806065852916,-96.6940629668534,75,,finish_stop,finished stop,,0,0,0,1,0,0,0,0,0,yes,27,0,0,off,40.8138084,-96.6940936,40.8138108,-96.6941126,40.8138059,-96.6940774,40.813798,-96.6940918,40.813819,-96.6940928
217,2161.66,2026-07-13T06:04:01.655501-05:00,2026-07-13T11:04:01.655501+00:00,2,40.81374730979912,-96.69406682252885,75,,enter_intersection,entered intersection (crossed beyond crosswalk),,1,0,0,0,0,0,0,0,0,no,,0,0,off,40.8137807,-96.6940929,40.8138005,-96.6941126,40.8137656,-96.6940765,40.8137736,-96.6940918,40.8137833,-96.6940907
218,2166.68,2026-07-13T06:04:06.678916-05:00,2026-07-13T11:04:06.678916+00:00,2,40.813391050489706,-96.69406346976758,75,,exit_intersection,exited intersection (just before crosswalk),,0,1,0,0,0,0,0,0,0,no,,0,0,off,40.8134616,-96.6940844,40.8134655,-96.694087,40.8134447,-96.6940722,40.8134603,-96.6940918,40.8134758,-96.6940868
219,2178.69,2026-07-13T06:04:18.692258-05:00,2026-07-13T11:04:18.692258+00:00,2,40.812657704376505,-96.69407285749914,75,,begin_stop,began stopping,,0,0,1,0,0,0,0,0,0,no,28,1,1,brake,40.8126501,-96.6940841,40.8126483,-96.6940918,40.81266,-96.6940649,40.8126465,-96.6940918,40.8126455,-96.6940877
220,2182.18,2026-07-13T06:04:22.182606-05:00,2026-07-13T11:04:22.182606+00:00,2,40.812657704376505,-96.69407285749914,75,,finish_stop,finished stop,,0,0,0,1,0,0,0,0,0,yes,28,0,0,off,40.8126536,-96.6940836,40.8126586,-96.6940919,40.81266,-96.6940651,40.8126465,-96.6940918,40.8126493,-96.6940857
221,2184.52,2026-07-13T06:04:24.517176-05:00,2026-07-13T11:04:24.517176+00:00,2,40.81259832660994,-96.69407017529011,75,,enter_intersection,entered intersection (crossed beyond crosswalk),,1,0,0,0,0,0,0,0,0,no,,0,0,off,40.8126288,-96.6940834,40.8126464,-96.6940922,40.8126155,-96.6940655,40.8126261,-96.6940918,40.812627,-96.694084
222,2187.76,2026-07-13T06:04:27.763335-05:00,2026-07-13T11:04:27.763335+00:00,2,40.81236842181629,-96.69407822191715,75,,exit_intersection,exited intersection (just before crosswalk),,0,1,0,0,0,0,0,0,0,no,,0,0,off,40.8124599,-96.6940838,40.8124576,-96.6940937,40.8124421,-96.694067,40.8124756,-96.6940918,40.8124642,-96.6940827
223,2205.03,2026-07-13T06:04:45.027552-05:00,2026-07-13T11:04:45.027552+00:00,2,40.81036474133836,-96.6940849274397,75,,enter_intersection,entered intersection (crossed beyond crosswalk),,1,0,0,0,0,0,0,0,0,no,,1,1,brake,40.8103967,-96.6941009,40.8103954,-96.6941089,40.8103808,-96.6940909,40.8104004,-96.6941081,40.8104102,-96.6940957
224,2206.92,2026-07-13T06:04:46.921640-05:00,2026-07-13T11:04:46.921640+00:00,2,40.810125699163336,-96.69408559799196,75,,exit_intersection,exited intersection (just before crosswalk),,0,1,0,0,0,0,0,0,0,no,,0,1,left,40.810274,-96.6941014,40.8102707,-96.6941095,40.8102603,-96.6940917,40.8102783,-96.6941081,40.8102868,-96.6940962
225,2219.65,2026-07-13T06:04:59.652217-05:00,2026-07-13T11:04:59.652217+00:00,2,40.809290811847575,-96.69406682252885,75,,enter_intersection,entered intersection (crossed beyond crosswalk),,1,0,0,0,0,0,0,0,0,no,,1,0,left,40.8093225,-96.6941125,40.809324,-96.69412,40.809323,-96.6940979,40.809318,-96.6941243,40.8093252,-96.6941077
226,2224.55,2026-07-13T06:05:04.552641-05:00,2026-07-13T11:05:04.552641+00:00,2,40.80918348080087,-96.6937613859773,75,,exit_intersection,exited intersection (just before crosswalk),,0,1,0,0,0,0,0,0,0,no,,0,0,left,40.8091727,-96.693913,40.8091555,-96.6939352,40.8091794,-96.6938827,40.8091715,-96.693929,40.8091843,-96.6939053
227,2238.79,2026-07-13T06:05:18.787215-05:00,2026-07-13T11:05:18.787215+00:00,2,40.80917942740573,-96.69170614331962,55,,blinker_on,lane change blinker activated,,0,0,0,0,1,0,0,0,0,no,,0,1,left,40.8091892,-96.6919324,40.8091622,-96.6919351,40.809184,-96.6919133,40.8092082,-96.6919434,40.8092025,-96.6919377
228,2239.93,2026-07-13T06:05:19.931242-05:00,2026-07-13T11:05:19.931242+00:00,2,40.809180949493246,-96.69157069176437,60,,lane_change_begin,lane change began moving,,0,0,0,0,0,1,0,0,0,no,,0,1,left,40.8091889,-96.6917774,40.8091617,-96.691777,40.8091842,-96.6917608,40.8092082,-96.6917969,40.8092015,-96.691775
229,2242.91,2026-07-13T06:05:22.914045-05:00,2026-07-13T11:05:22.914045+00:00,2,40.80921190427535,-96.69118244200946,60,,lane_change_finish,finished lane change,,0,0,0,0,0,0,1,0,0,no,,0,1,left,40.8092062,-96.6913747,40.8091784,-96.6913782,40.8092018,-96.6913667,40.8092285,-96.69139,40.8092162,-96.691364
230,2250.52,2026-07-13T06:05:30.516670-05:00,2026-07-13T11:05:30.516670+00:00,2,40.80920909956203,-96.69081062078479,75,,begin_stop,began stopping,,0,0,1,0,0,0,0,0,0,no,29,0,1,left,40.8092191,-96.6908518,40.8091939,-96.6908493,40.8092117,-96.6908579,40.8092407,-96.6908529,40.8092302,-96.6908472
231,2259.40,2026-07-13T06:05:39.395585-05:00,2026-07-13T11:05:39.395585+00:00,2,40.80920909956203,-96.69081062078479,75,,finish_stop,finished stop,,0,0,0,1,0,0,0,0,0,yes,29,1,0,left,40.8092192,-96.6908552,40.8091943,-96.6908616,40.8092165,-96.6908569,40.8092367,-96.6908529,40.8092295,-96.6908495
232,2262.13,2026-07-13T06:05:42.129706-05:00,2026-07-13T11:05:42.129706+00:00,2,40.809217727300684,-96.69074155390264,75,,enter_intersection,entered intersection (crossed beyond crosswalk),,1,0,0,0,0,0,0,0,0,no,,1,0,left,40.8092234,-96.690798,40.8091969,-96.6908013,40.8092203,-96.6907909,40.8092448,-96.690804,40.8092317,-96.6907958
233,2263.47,2026-07-13T06:05:43.474856-05:00,2026-07-13T11:05:43.474856+00:00,2,40.809234742970375,-96.69066142290832,75,,exit_intersection,exited intersection (just before crosswalk),,0,1,0,0,0,0,0,0,0,no,,1,0,left,40.8092281,-96.6907596,40.8092011,-96.6907576,40.8092302,-96.6907521,40.8092489,-96.6907715,40.809232,-96.6907572
234,2279.26,2026-07-13T06:05:59.255253-05:00,2026-07-13T11:05:59.255253+00:00,2,40.810026223738085,-96.6906161606312,75,,begin_stop,began stopping,,0,0,1,0,0,0,0,0,0,no,30,1,1,brake,40.8100082,-96.6906393,40.8100073,-96.6906272,40.8100052,-96.6906337,40.8100098,-96.6906576,40.8100105,-96.6906387
235,2318.71,2026-07-13T06:06:38.707170-05:00,2026-07-13T11:06:38.707170+00:00,2,40.810026223738085,-96.6906161606312,75,,finish_stop,finished stop,,0,0,0,1,0,0,0,0,0,yes,30,0,0,off,40.8100237,-96.6906392,40.8100035,-96.690631,40.8100242,-96.6906443,40.8100545,-96.6906413,40.8100125,-96.6906402
236,2320.22,2026-07-13T06:06:40.221621-05:00,2026-07-13T11:06:40.221621+00:00,2,40.810086110818,-96.6906175017357,75,,enter_intersection,entered intersection (crossed beyond crosswalk),,1,0,0,0,0,0,0,0,0,no,,0,0,off,40.810077,-96.6906412,40.8100705,-96.6906556,40.8100837,-96.6906456,40.8100993,-96.690625,40.8100545,-96.6906388
237,2322.73,2026-07-13T06:06:42.730790-05:00,2026-07-13T11:06:42.730790+00:00,2,40.81028556903789,-96.69061716645957,70,,exit_intersection,exited intersection (just before crosswalk),,0,1,0,0,0,0,0,0,0,no,,0,0,off,40.8101893,-96.6906399,40.8101886,-96.690653,40.8101971,-96.6906447,40.810201,-96.690625,40.8101705,-96.690637
238,2334.33,2026-07-13T06:06:54.334876-05:00,2026-07-13T11:06:54.334876+00:00,2,40.81121104811053,-96.69059839099648,65,,enter_intersection,entered intersection (crossed beyond crosswalk),,1,0,0,0,0,0,0,0,0,no,,1,1,right,40.8111947,-96.6906561,40.8112146,-96.6906505,40.8111938,-96.690646,40.8111735,-96.6906901,40.8111967,-96.690638
239,2336.85,2026-07-13T06:06:56.846545-05:00,2026-07-13T11:06:56.846545+00:00,2,40.811257475044606,-96.69051691889763,65,,exit_intersection|turn_begin_nonint,exited intersection (just before crosswalk)|start turn that is not at an intersection,,0,1,0,0,0,0,0,1,0,no,,1,0,right,40.8112685,-96.690611,40.8112862,-96.690619,40.81126,-96.6905931,40.8112549,-96.6906413,40.811273,-96.6905907
240,2341.45,2026-07-13T06:07:01.452725-05:00,2026-07-13T11:07:01.452725+00:00,2,40.81113313303268,-96.69043377041818,65,,turn_finish_nonint,finish turn that is not an intersection,,0,0,0,0,0,0,0,0,1,no,,0,0,off,40.8112067,-96.6904389,40.8112162,-96.6904285,40.8111825,-96.6904422,40.8112264,-96.6904622,40.8112017,-96.6904227
241,2346.15,2026-07-13T06:07:06.150462-05:00,2026-07-13T11:07:06.150462+00:00,2,40.81095347274552,-96.69042840600015,60,,turn_begin_nonint,start turn that is not at an intersection,,0,0,0,0,0,0,0,1,0,no,,0,0,left,40.8110098,-96.6904465,40.8110122,-96.6904578,40.8109941,-96.6904524,40.8110229,-96.690446,40.8110102,-96.6904297
242,2353.98,2026-07-13T06:07:13.984395-05:00,2026-07-13T11:07:13.984395+00:00,2,40.81086160966653,-96.69007301330566,60,,turn_begin_nonint|turn_finish_nonint,start turn that is not at an intersection|finish turn that is not an intersection,,0,0,0,0,0,0,0,1,1,no,,1,1,right,40.8108711,-96.6902025,40.810869,-96.6902129,40.8108668,-96.6902004,40.8108765,-96.6902018,40.810872,-96.6901948
243,2362.00,2026-07-13T06:07:22.004758-05:00,2026-07-13T11:07:22.004758+00:00,2,40.81068628601361,-96.68990369886161,70,,turn_finish_nonint,finish turn that is not an intersection,,0,0,0,0,0,0,0,0,1,no,,0,0,off,40.8107122,-96.6899051,40.8107093,-96.6899131,40.8106958,-96.6899237,40.81073,-96.6898926,40.8107138,-96.689891
244,2371.39,2026-07-13T06:07:31.386773-05:00,2026-07-13T11:07:31.386773+00:00,2,40.810288901014474,-96.68990839272739,70,,turn_begin_nonint,start turn that is not at an intersection,,0,0,0,0,0,0,0,1,0,no,,0,0,left,40.8103352,-96.6899181,40.8103365,-96.6899276,40.8103222,-96.6899316,40.8103434,-96.6899089,40.8103385,-96.6899043
245,2376.50,2026-07-13T06:07:36.496351-05:00,2026-07-13T11:07:36.496351+00:00,2,40.810215024079916,-96.68964184820653,70,,turn_finish_nonint,finish turn that is not an intersection,,0,0,0,0,0,0,0,0,1,no,,0,1,left,40.8101977,-96.6897556,40.8102031,-96.6897545,40.8101951,-96.6897493,40.8101969,-96.6897624,40.8101957,-96.6897563
246,2377.88,2026-07-13T06:07:37.882111-05:00,2026-07-13T11:07:37.882111+00:00,2,40.81021400833859,-96.68956540524961,70,,turn_begin_nonint,start turn that is not at an intersection,,0,0,0,0,0,0,0,1,0,no,,0,1,left,40.8101948,-96.6897011,40.8102018,-96.6897019,40.8101921,-96.6896986,40.8101929,-96.6896973,40.8101922,-96.6897067
247,2381.71,2026-07-13T06:07:41.706787-05:00,2026-07-13T11:07:41.706787+00:00,2,40.81021096249068,-96.6895466297865,70,,begin_stop,began stopping,,0,0,1,0,0,0,0,0,0,no,31,0,1,left,40.810201,-96.6895655,40.8102049,-96.6895598,40.8101979,-96.6895712,40.810201,-96.6895671,40.8102002,-96.6895637
248,2383.11,2026-07-13T06:07:43.107343-05:00,2026-07-13T11:07:43.107343+00:00,2,40.81021096249068,-96.6895466297865,70,,finish_stop,finished stop,,0,0,0,1,0,0,0,0,0,yes,31,0,0,left,40.8102025,-96.6895551,40.8102047,-96.6895536,40.8101984,-96.689564,40.8102051,-96.6895508,40.8102018,-96.689552
249,2389.08,2026-07-13T06:07:49.084154-05:00,2026-07-13T11:07:49.084154+00:00,2,40.81031246911868,-96.68946079909803,70,,turn_finish_nonint,finish turn that is not an intersection,,0,0,0,0,0,0,0,0,1,no,,0,0,off,40.8103165,-96.6894723,40.8103179,-96.6894632,40.8103255,-96.6894787,40.8103149,-96.6894857,40.8103078,-96.6894617
250,2407.62,2026-07-13T06:08:07.623992-05:00,2026-07-13T11:08:07.623992+00:00,3,40.81116155670416,-96.68940111994746,95,starting area just before final lap,begin_stop,began stopping,,0,0,1,0,0,0,0,0,0,no,32,1,1,brake,40.8111625,-96.6894278,40.811155,-96.6894225,40.8111534,-96.6894303,40.8111735,-96.6894368,40.811168,-96.6894215
251,2591.32,2026-07-13T06:11:11.317196-05:00,2026-07-13T11:11:11.317196+00:00,3,40.81116155670416,-96.68940111994746,95,starting area just before final lap,finish_stop|turn_begin_nonint,finished stop|start turn that is not at an intersection,,0,0,0,1,0,0,0,1,0,yes,32,0,1,left,40.8111713,-96.6894147,40.8111484,-96.6894221,40.8112112,-96.6893948,40.8111572,-96.6894206,40.8111683,-96.6894215
252,2599.84,2026-07-13T06:11:19.836726-05:00,2026-07-13T11:11:19.836726+00:00,3,40.81128514928325,-96.68955031782389,75,starting area just before final lap,turn_finish_nonint,finish turn that is not an intersection,,0,0,0,0,0,0,0,0,1,no,,0,0,left,40.811279,-96.6894836,40.811267,-96.6894768,40.8113098,-96.6894765,40.8112712,-96.6894857,40.811268,-96.6894953
253,2605.96,2026-07-13T06:11:25.959755-05:00,2026-07-13T11:11:25.959755+00:00,3,40.811293271641894,-96.68981853872538,75,,enter_intersection,entered intersection (crossed beyond crosswalk),,1,0,0,0,0,0,0,0,0,no,,0,0,off,40.8112928,-96.6897595,40.8112855,-96.6897694,40.8113118,-96.6897502,40.8112956,-96.6897461,40.8112782,-96.6897722
254,2609.98,2026-07-13T06:11:29.979443-05:00,2026-07-13T11:11:29.979443+00:00,3,40.81129479557317,-96.68991643935442,75,,exit_intersection,exited intersection (just before crosswalk),,0,1,0,0,0,0,0,0,0,no,,0,0,off,40.8112986,-96.6898575,40.8112917,-96.6898468,40.8113146,-96.6898495,40.8113037,-96.68986,40.8112843,-96.6898737
255,2621.45,2026-07-13T06:11:41.449087-05:00,2026-07-13T11:11:41.449087+00:00,3,40.811296040257496,-96.69049814343454,75,,begin_stop,began stopping,,0,0,1,0,0,0,0,0,0,no,35,1,1,brake,40.8113089,-96.6905027,40.8113083,-96.6905066,40.8113294,-96.690488,40.8112915,-96.6905111,40.8113063,-96.6905052
256,2624.46,2026-07-13T06:11:44.461669-05:00,2026-07-13T11:11:44.461669+00:00,3,40.811296040257496,-96.69049814343454,75,,finish_stop,finished stop,,0,0,0,1,0,0,0,0,0,yes,35,0,1,right,40.8113112,-96.6905005,40.8113079,-96.6904924,40.81133,-96.6904921,40.8112996,-96.6905111,40.8113073,-96.6905062
257,2629.13,2026-07-13T06:11:49.130079-05:00,2026-07-13T11:11:49.130079+00:00,3,40.8113056899862,-96.69055111706257,75,,enter_intersection,entered intersection (crossed beyond crosswalk),,1,0,0,0,0,0,0,0,0,no,,0,1,right,40.8113153,-96.690557,40.8113093,-96.6905535,40.8113346,-96.6905617,40.8113037,-96.6905599,40.8113135,-96.690553
258,2632.91,2026-07-13T06:11:52.905238-05:00,2026-07-13T11:11:52.905238+00:00,3,40.8113467994697,-96.69061481952667,75,,exit_intersection,exited intersection (just before crosswalk),,0,1,0,0,0,0,0,0,0,no,,0,1,right,40.8113343,-96.690615,40.8113246,-96.690611,40.8113579,-96.6906264,40.8113241,-96.6906087,40.8113305,-96.6906138
259,2650.80,2026-07-13T06:12:10.801299-05:00,2026-07-13T11:12:10.801299+00:00,3,40.81232426773091,-96.69061481952667,75,,begin_stop,began stopping,,0,0,1,0,0,0,0,0,0,no,36,0,0,left,40.8123235,-96.6906417,40.8123248,-96.6906316,40.8123363,-96.6906162,40.812325,-96.6906738,40.8123078,-96.690645
260,2652.22,2026-07-13T06:12:12.217824-05:00,2026-07-13T11:12:12.217824+00:00,3,40.81232426773091,-96.69061481952667,75,,finish_stop,finished stop,,0,0,0,1,0,0,0,0,0,yes,36,0,0,left,40.8123239,-96.6906384,40.8123104,-96.6906317,40.8123464,-96.690621,40.812325,-96.6906576,40.8123138,-96.6906433
261,2653.40,2026-07-13T06:12:13.402727-05:00,2026-07-13T11:12:13.402727+00:00,3,40.812382633302946,-96.6906275600195,75,,enter_intersection,entered intersection (crossed beyond crosswalk),,1,0,0,0,0,0,0,0,0,no,,0,0,left,40.8123368,-96.6906385,40.8123189,-96.6906314,40.8123693,-96.6906231,40.8123372,-96.6906576,40.8123218,-96.690642
262,2657.24,2026-07-13T06:12:17.238085-05:00,2026-07-13T11:12:17.238085+00:00,3,40.81251154141497,-96.69073350727561,75,,exit_intersection,exited intersection (just before crosswalk),,0,1,0,0,0,0,0,0,0,no,,0,0,left,40.8124952,-96.6907188,40.8125157,-96.6907074,40.8125147,-96.6907192,40.8124837,-96.6907227,40.8124667,-96.6907257
263,2686.82,2026-07-13T06:12:46.821499-05:00,2026-07-13T11:12:46.821499+00:00,3,40.81253668343495,-96.69361989945175,70,,begin_stop,began stopping,,0,0,1,0,0,0,0,0,0,no,37,1,1,brake,40.8125462,-96.6936312,40.8125539,-96.693639,40.8125666,-96.6936028,40.8125203,-96.6936361,40.8125438,-96.693647
264,2696.54,2026-07-13T06:12:56.543796-05:00,2026-07-13T11:12:56.543796+00:00,3,40.81253668343495,-96.69361989945175,70,,finish_stop,finished stop,,0,0,0,1,0,0,0,0,0,yes,37,0,0,off,40.812549,-96.693631,40.8125534,-96.6936269,40.8125661,-96.6936131,40.8125326,-96.6936361,40.8125438,-96.693648
265,2700.58,2026-07-13T06:13:00.583492-05:00,2026-07-13T11:13:00.583492+00:00,3,40.81254200192803,-96.69375501573087,70,,enter_intersection,entered intersection (crossed beyond crosswalk),,1,0,0,0,0,0,0,0,0,no,,0,0,off,40.812543,-96.6937331,40.8125451,-96.6937291,40.8125634,-96.6937445,40.8125203,-96.6937174,40.812543,-96.6937415
266,2704.54,2026-07-13T06:13:04.535633-05:00,2026-07-13T11:13:04.535633+00:00,3,40.81252524364188,-96.6941774636507,70,,exit_intersection,exited intersection (just before crosswalk),,0,1,0,0,0,0,0,0,0,no,,0,0,off,40.812533,-96.6940929,40.8125363,-96.694099,40.812553,-96.6941021,40.8125081,-96.6940755,40.8125348,-96.6940948
267,2728.08,2026-07-13T06:13:28.075776-05:00,2026-07-13T11:13:28.075776+00:00,3,40.81249834222197,-96.6965599358082,80,,begin_stop,began stopping,,0,0,1,0,0,0,0,0,0,no,38,1,1,brake,40.8125124,-96.6965965,40.8125038,-96.6965967,40.8125251,-96.6965556,40.8125122,-96.6966309,40.8125085,-96.696603
268,2766.36,2026-07-13T06:14:06.359783-05:00,2026-07-13T11:14:06.359783+00:00,3,40.81249834222197,-96.6965599358082,80,,finish_stop,finished stop,,0,0,0,1,0,0,0,0,0,yes,38,0,0,off,40.812517,-96.696595,40.8125039,-96.6965847,40.8125471,-96.6965783,40.8125081,-96.6966146,40.8125087,-96.6966022
269,2769.01,2026-07-13T06:14:09.010989-05:00,2026-07-13T11:14:09.010989+00:00,3,40.81249732806374,-96.6966424137354,75,,enter_intersection,entered intersection (crossed beyond crosswalk),,1,0,0,0,0,0,0,0,0,no,,0,0,off,40.8125169,-96.696662,40.8125044,-96.6966609,40.8125476,-96.6966704,40.8125081,-96.6966634,40.8125073,-96.6966533
270,2771.79,2026-07-13T06:14:11.794862-05:00,2026-07-13T11:14:11.794862+00:00,3,40.8124988535155,-96.69688180088998,75,,exit_intersection,exited intersection (just before crosswalk),,0,1,0,0,0,0,0,0,0,no,,0,0,off,40.8125175,-96.6968048,40.8125042,-96.6968085,40.8125481,-96.6968161,40.8125081,-96.6968099,40.8125095,-96.6967847
271,2785.21,2026-07-13T06:14:25.209905-05:00,2026-07-13T11:14:25.209905+00:00,3,40.81250747962227,-96.69801101088524,75,,begin_stop,began stopping,,0,0,1,0,0,0,0,0,0,no,39,1,1,brake,40.8125282,-96.6980635,40.8125313,-96.6981047,40.8125512,-96.69803,40.8125203,-96.6980794,40.8125098,-96.6980397
272,2804.57,2026-07-13T06:14:44.574685-05:00,2026-07-13T11:14:44.574685+00:00,3,40.81250747962227,-96.69801101088524,75,,finish_stop,finished stop,,0,0,0,1,0,0,0,0,0,yes,39,0,0,off,40.8125255,-96.6980491,40.8125304,-96.6980715,40.8125574,-96.698034,40.8125,-96.6980632,40.8125142,-96.6980275
273,2806.45,2026-07-13T06:14:46.452660-05:00,2026-07-13T11:14:46.452660+00:00,3,40.81250850083309,-96.69809013605119,75,,enter_intersection,entered intersection (crossed beyond crosswalk),,1,0,0,0,0,0,0,0,0,no,,0,0,off,40.8125262,-96.6980712,40.8125304,-96.6980862,40.8125575,-96.698088,40.8125,-96.6980632,40.8125168,-96.6980473
274,2809.25,2026-07-13T06:14:49.248178-05:00,2026-07-13T11:14:49.248178+00:00,3,40.812499866125535,-96.69832281768323,75,,exit_intersection,exited intersection (just before crosswalk),,0,1,0,0,0,0,0,0,0,no,,0,0,off,40.8125266,-96.6982824,40.8125229,-96.6983023,40.8125541,-96.6983001,40.8125081,-96.6982747,40.8125212,-96.6982527
275,2823.47,2026-07-13T06:15:03.470408-05:00,2026-07-13T11:15:03.470408+00:00,3,40.81250139209331,-96.69937759637835,60,,begin_stop,began stopping,,0,0,1,0,0,0,0,0,0,no,40,1,1,brake,40.8125334,-96.6994111,40.8125287,-96.6994085,40.8125527,-96.699394,40.8125203,-96.6994466,40.8125317,-96.6993953
276,2825.35,2026-07-13T06:15:05.350963-05:00,2026-07-13T11:15:05.350963+00:00,3,40.81250139209331,-96.69937759637835,60,,finish_stop,finished stop,,0,0,0,1,0,0,0,0,0,yes,40,0,0,off,40.8125328,-96.6994044,40.8125287,-96.6993973,40.8125515,-96.6993937,40.8125203,-96.6994303,40.8125307,-96.6993962
277,2830.01,2026-07-13T06:15:10.012367-05:00,2026-07-13T11:15:10.012367+00:00,3,40.812508502553236,-96.69958613812925,75,,enter_intersection,entered intersection (crossed beyond crosswalk),,1,0,0,0,0,0,0,0,0,no,,0,0,off,40.8125359,-96.6996061,40.8125358,-96.6995935,40.8125509,-96.6996221,40.8125285,-96.6995931,40.8125282,-96.6996158
278,2831.49,2026-07-13T06:15:11.485168-05:00,2026-07-13T11:15:11.485168+00:00,3,40.81249987489845,-96.6997852921486,75,,exit_intersection,exited intersection (just before crosswalk),,0,1,0,0,0,0,0,0,0,no,,0,0,off,40.8125362,-96.6996964,40.8125324,-96.6996885,40.8125511,-96.6997142,40.8125326,-96.6996745,40.8125287,-96.6997083
279,2841.64,2026-07-13T06:15:21.637860-05:00,2026-07-13T11:15:21.637860+00:00,3,40.812510296753494,-96.70104626566174,75,,enter_intersection,entered intersection (crossed beyond crosswalk),,1,0,0,0,0,0,0,0,0,no,,0,0,off,40.8125309,-96.7009657,40.8125316,-96.700979,40.8125521,-96.7009715,40.8125203,-96.700944,40.8125198,-96.7009683
280,2843.22,2026-07-13T06:15:23.220146-05:00,2026-07-13T11:15:23.220146+00:00,3,40.81250645961561,-96.70129269361499,75,,enter_intersection,entered intersection (crossed beyond crosswalk),,1,0,0,0,0,0,0,0,0,no,,0,0,off,40.8125362,-96.7012307,40.8125335,-96.7012394,40.8125536,-96.7012326,40.8125366,-96.7012207,40.8125212,-96.70123
281,2857.22,2026-07-13T06:15:37.222599-05:00,2026-07-13T11:15:37.222599+00:00,3,40.81251153780262,-96.70227974653245,60,,begin_stop,began stopping,,0,0,1,0,0,0,0,0,0,no,41,1,1,brake,40.8125412,-96.7022956,40.8125593,-96.702317,40.8125616,-96.7022696,40.8125651,-96.7023275,40.8124787,-96.7022685
282,2860.68,2026-07-13T06:15:40.679988-05:00,2026-07-13T11:15:40.679988+00:00,3,40.81251153780262,-96.70227974653245,60,,finish_stop,finished stop,,0,0,0,1,0,0,0,0,0,yes,41,0,0,off,40.8125443,-96.7022959,40.8125588,-96.7023093,40.8125708,-96.7022759,40.8125651,-96.7023275,40.8124825,-96.702271
283,2865.87,2026-07-13T06:15:45.866203-05:00,2026-07-13T11:15:45.866203+00:00,3,40.81251458818939,-96.70249432325365,74,,enter_intersection,entered intersection (crossed beyond crosswalk),,1,0,0,0,0,0,0,0,0,no,,0,0,off,40.8125438,-96.7024056,40.8125528,-96.7023671,40.8125764,-96.7024227,40.812557,-96.7024414,40.812489,-96.702391
284,2868.55,2026-07-13T06:15:48.548696-05:00,2026-07-13T11:15:48.548696+00:00,3,40.81250697452146,-96.70274376869203,75,,exit_intersection,exited intersection (just before crosswalk),,0,1,0,0,0,0,0,0,0,no,,0,0,off,40.8125299,-96.7026503,40.8125598,-96.7026455,40.8125756,-96.7026751,40.8125081,-96.702653,40.8124762,-96.7026275
285,2881.36,2026-07-13T06:16:01.360034-05:00,2026-07-13T11:16:01.360034+00:00,3,40.81251560234737,-96.70393399894239,75,,enter_intersection,entered intersection (crossed beyond crosswalk),,1,0,0,0,0,0,0,0,0,no,,0,0,off,40.812489,-96.7038557,40.8125409,-96.7038674,40.8125543,-96.7038896,40.8124186,-96.7038411,40.8124422,-96.7038248
286,2883.53,2026-07-13T06:16:03.526653-05:00,2026-07-13T11:16:03.526653+00:00,3,40.812514067091,-96.70419216156007,75,,exit_intersection,exited intersection (just before crosswalk),,0,1,0,0,0,0,0,0,0,no,,0,0,off,40.8124921,-96.7040519,40.8125497,-96.7040891,40.8125573,-96.7040815,40.8124186,-96.7040202,40.812443,-96.7040167
287,2892.32,2026-07-13T06:16:12.317556-05:00,2026-07-13T11:16:12.317556+00:00,3,40.812519150437936,-96.70538373291492,75,,enter_intersection,entered intersection (crossed beyond crosswalk),,1,0,0,0,0,0,0,0,0,no,,0,0,off,40.8125308,-96.7052448,40.8125512,-96.7052466,40.8125742,-96.7052635,40.8125366,-96.7052572,40.8124612,-96.7052118
288,2894.12,2026-07-13T06:16:14.119106-05:00,2026-07-13T11:16:14.119106+00:00,3,40.81251306514625,-96.70562513172626,60,,blinker_on,lane change blinker activated,,0,0,0,0,1,0,0,0,0,no,,0,1,right,40.8125376,-96.7055316,40.8125494,-96.7055375,40.8125723,-96.7055422,40.8125529,-96.7055501,40.8124758,-96.7054968
289,2894.70,2026-07-13T06:16:14.696559-05:00,2026-07-13T11:16:14.696559+00:00,3,40.812509506390235,-96.70569956302644,75,,exit_intersection,exited intersection (just before crosswalk),,0,1,0,0,0,0,0,0,0,no,,0,0,right,40.8125376,-96.7055316,40.8125494,-96.7055375,40.8125723,-96.7055422,40.8125529,-96.7055501,40.8124758,-96.7054968
290,2896.17,2026-07-13T06:16:16.168866-05:00,2026-07-13T11:16:16.168866+00:00,3,40.81251407947626,-96.7058262974024,65,,lane_change_begin,lane change began moving,,0,0,0,0,0,1,0,0,0,no,,0,1,right,40.8125371,-96.7058184,40.812543,-96.7058276,40.812568,-96.7058196,40.8125651,-96.7058431,40.8124722,-96.7057833
291,2902.19,2026-07-13T06:16:22.189216-05:00,2026-07-13T11:16:22.189216+00:00,3,40.81254480650047,-96.70662995427847,70,,lane_change_finish,finished lane change,,0,0,0,0,0,0,1,0,0,no,,1,0,right,40.8125629,-96.7065858,40.812563,-96.7066045,40.8125871,-96.7065691,40.8125854,-96.7066081,40.8125162,-96.7065615
292,2907.71,2026-07-13T06:16:27.713839-05:00,2026-07-13T11:16:27.713839+00:00,3,40.81255087550494,-96.70684084296227,70,,begin_stop,began stopping,,0,0,1,0,0,0,0,0,0,no,42,1,0,right,40.8125603,-96.7068473,40.8125533,-96.7068822,40.8125909,-96.7068066,40.812557,-96.7068848,40.81254,-96.7068157
293,2911.23,2026-07-13T06:16:31.231008-05:00,2026-07-13T11:16:31.231008+00:00,3,40.81255087550494,-96.70684084296227,70,,finish_stop,finished stop,,0,0,0,1,0,0,0,0,0,yes,42,0,1,right,40.8125603,-96.7068467,40.8125487,-96.7068689,40.8125947,-96.7068106,40.812557,-96.7068848,40.812541,-96.7068223
294,2913.25,2026-07-13T06:16:33.251867-05:00,2026-07-13T11:16:33.251867+00:00,3,40.81255570053626,-96.70688509941101,75,,enter_intersection,entered intersection (crossed beyond crosswalk),,1,0,0,0,0,0,0,0,0,no,,0,1,right,40.8125612,-96.7068615,40.8125487,-96.7068689,40.8125983,-96.7068538,40.812557,-96.7068848,40.8125408,-96.7068383
295,2915.51,2026-07-13T06:16:35.514109-05:00,2026-07-13T11:16:35.514109+00:00,3,40.81258715574793,-96.70696422457695,75,,exit_intersection,exited intersection (just before crosswalk),,0,1,0,0,0,0,0,0,0,no,,0,0,right,40.8125673,-96.7069366,40.8125718,-96.7069556,40.8126237,-96.7069411,40.8125122,-96.7069336,40.8125613,-96.7069162
296,2931.86,2026-07-13T06:16:51.860782-05:00,2026-07-13T11:16:51.860782+00:00,3,40.8134478886613,-96.70697227120401,75,,begin_stop,began stopping,,0,0,1,0,0,0,0,0,0,no,43,1,1,brake,40.8134293,-96.7069804,40.8134058,-96.7069786,40.8134628,-96.7069841,40.813444,-96.7069824,40.8134045,-96.7069765
297,2961.73,2026-07-13T06:17:21.731611-05:00,2026-07-13T11:17:21.731611+00:00,3,40.8134478886613,-96.70697227120401,75,,finish_stop,finished stop,,0,0,0,1,0,0,0,0,0,yes,43,0,0,off,40.8134503,-96.7069816,40.8134078,-96.7069827,40.8135226,-96.7069885,40.8134603,-96.7069824,40.8134105,-96.7069727
298,2964.60,2026-07-13T06:17:24.596717-05:00,2026-07-13T11:17:24.596717+00:00,3,40.81349153243319,-96.7069709300995,75,,enter_intersection,entered intersection (crossed beyond crosswalk),,1,0,0,0,0,0,0,0,0,no,,0,0,off,40.8134691,-96.7069804,40.8134078,-96.7069827,40.813564,-96.7069854,40.8134806,-96.7069824,40.813424,-96.706971
299,2967.23,2026-07-13T06:17:27.232681-05:00,2026-07-13T11:17:27.232681+00:00,3,40.813621452531784,-96.70696958899501,75,,blinker_on,lane change blinker activated,,0,0,0,0,1,0,0,0,0,no,,0,1,right,40.8135973,-96.706975,40.813463,-96.7069521,40.813725,-96.7069822,40.8136353,-96.7069987,40.8135658,-96.7069672
300,2968.18,2026-07-13T06:17:28.175253-05:00,2026-07-13T11:17:28.175253+00:00,3,40.813737665929956,-96.70697227120401,75,,exit_intersection,exited intersection (just before crosswalk),,0,1,0,0,0,0,0,0,0,no,,0,0,right,40.8136793,-96.7069733,40.8135745,-96.7069517,40.8137935,-96.706977,40.8137085,-96.7069987,40.8136408,-96.706966
301,2969.85,2026-07-13T06:17:29.847848-05:00,2026-07-13T11:17:29.847848+00:00,3,40.81388406104672,-96.70696992427112,65,,lane_change_begin,lane change began moving,,0,0,0,0,0,1,0,0,0,no,,0,1,right,40.8137617,-96.7069728,40.8136658,-96.706952,40.81387,-96.7069736,40.8137899,-96.7069987,40.8137212,-96.7069668
302,2973.87,2026-07-13T06:17:33.868845-05:00,2026-07-13T11:17:33.868845+00:00,3,40.81424111109032,-96.706924661994,75,,lane_change_finish,finished lane change,,0,0,0,0,0,0,1,0,0,no,,0,0,off,40.8141131,-96.7069562,40.8140312,-96.7069532,40.8142103,-96.7069454,40.8141398,-96.7069824,40.8140713,-96.7069438
303,2978.04,2026-07-13T06:17:38.039429-05:00,2026-07-13T11:17:38.039429+00:00,3,40.814646598323485,-96.70692835003139,75,,enter_intersection,entered intersection (crossed beyond crosswalk),,1,0,0,0,0,0,0,0,0,no,,0,0,off,40.8146204,-96.7069488,40.8145601,-96.706958,40.8146941,-96.7069334,40.8146403,-96.7069661,40.8145873,-96.7069378
304,2979.72,2026-07-13T06:17:39.715482-05:00,2026-07-13T11:17:39.715482+00:00,3,40.81486177230698,-96.7069286853075,75,,exit_intersection,exited intersection (just before crosswalk),,0,1,0,0,0,0,0,0,0,no,,0,0,off,40.8147267,-96.7069511,40.8146658,-96.7069639,40.8147971,-96.7069333,40.8147461,-96.7069661,40.8146977,-96.7069412
305,2990.17,2026-07-13T06:17:50.172107-05:00,2026-07-13T11:17:50.172107+00:00,3,40.815733628500155,-96.70694947242738,75,,enter_intersection,entered intersection (crossed beyond crosswalk),,1,0,0,0,0,0,0,0,0,no,,0,0,off,40.8157112,-96.7069658,40.8156592,-96.7069709,40.8157492,-96.7069357,40.8157471,-96.7069987,40.8156893,-96.706958
306,2992.30,2026-07-13T06:17:52.296790-05:00,2026-07-13T11:17:52.296790+00:00,3,40.81594576197381,-96.70694947242738,75,,exit_intersection,exited intersection (just before crosswalk),,0,1,0,0,0,0,0,0,0,no,,0,0,off,40.8158744,-96.7069643,40.8158362,-96.7069793,40.8159082,-96.7069361,40.8159098,-96.7069824,40.8158433,-96.7069593
307,3004.19,2026-07-13T06:18:04.192427-05:00,2026-07-13T11:18:04.192427+00:00,3,40.817304545444095,-96.70706246048213,65,,blinker_on,lane change blinker activated,,0,0,0,0,1,0,0,0,0,no,,0,0,right,40.8172781,-96.7070575,40.8172592,-96.7070674,40.817309,-96.7070264,40.8172933,-96.7070801,40.817251,-96.707056
308,3006.17,2026-07-13T06:18:06.169938-05:00,2026-07-13T11:18:06.169938+00:00,3,40.8175686761823,-96.70718148350717,65,,lane_change_begin,lane change began moving,,0,0,0,0,0,1,0,0,0,no,,0,0,right,40.8175359,-96.7071585,40.8175151,-96.7071751,40.8175671,-96.7071288,40.8175496,-96.7071777,40.817512,-96.7071523
309,3010.35,2026-07-13T06:18:10.354258-05:00,2026-07-13T11:18:10.354258+00:00,3,40.81807107630579,-96.70746378600599,65,,lane_change_finish,finished lane change,,0,0,0,0,0,0,1,0,0,no,,1,1,brake,40.8180282,-96.7074289,40.818009,-96.7074529,40.8180506,-96.7074028,40.8180461,-96.7074382,40.8180072,-96.7074217
310,3020.87,2026-07-13T06:18:20.869038-05:00,2026-07-13T11:18:20.869038+00:00,3,40.819119480095324,-96.70809946954252,75,,enter_intersection,entered intersection (crossed beyond crosswalk),,1,0,0,0,0,0,0,0,0,no,,0,0,off,40.8190506,-96.7080921,40.8190286,-96.7081182,40.819072,-96.7080594,40.8190674,-96.7081055,40.8190342,-96.7080852
311,3022.22,2026-07-13T06:18:22.215052-05:00,2026-07-13T11:18:22.215052+00:00,3,40.819278822217484,-96.70816987752916,75,,exit_intersection,exited intersection (just before crosswalk),,0,1,0,0,0,0,0,0,0,no,,0,0,off,40.8192596,-96.7081864,40.8192403,-96.7082087,40.8192798,-96.708156,40.819279,-96.7082031,40.8192392,-96.7081778
312,3052.30,2026-07-13T06:18:52.295289-05:00,2026-07-13T11:18:52.295289+00:00,3,40.822053539571236,-96.70745976269245,75,,enter_intersection,entered intersection (crossed beyond crosswalk),,1,0,0,0,0,0,0,0,0,no,,0,0,off,40.8220635,-96.7075281,40.8220483,-96.7075402,40.8220663,-96.7074988,40.8220662,-96.7075521,40.8220732,-96.7075213
313,3056.91,2026-07-13T06:18:56.910724-05:00,2026-07-13T11:18:56.910724+00:00,3,40.82237119292107,-96.7071244865656,75,,exit_intersection,exited intersection (just before crosswalk),,0,1,0,0,0,0,0,0,0,no,,0,0,off,40.8222769,-96.7072515,40.822265,-96.7072562,40.8222923,-96.7072245,40.8222697,-96.7072754,40.8222807,-96.7072498
314,3084.02,2026-07-13T06:19:24.016810-05:00,2026-07-13T11:19:24.016810+00:00,3,40.82466171924212,-96.7031105607748,65,,blinker_on,lane change blinker activated,,0,0,0,0,1,0,0,0,0,no,,0,0,right,40.8246342,-96.7031918,40.8246222,-96.7031831,40.8246422,-96.7031869,40.8246297,-96.7031901,40.8246428,-96.7032073
315,3089.65,2026-07-13T06:19:29.648844-05:00,2026-07-13T11:19:29.648844+00:00,3,40.82505090315344,-96.70232668519022,65,,lane_change_begin,lane change began moving,,0,0,0,0,0,1,0,0,0,no,,1,0,right,40.8250166,-96.7024332,40.8250051,-96.7024246,40.8250207,-96.702438,40.8250163,-96.7024251,40.8250242,-96.7024452
316,3093.47,2026-07-13T06:19:33.472975-05:00,2026-07-13T11:19:33.472975+00:00,3,40.82524067831355,-96.70188412070274,70,,lane_change_finish,finished lane change,,0,0,0,0,0,0,1,0,0,no,,0,0,off,40.825222,-96.7019569,40.8252128,-96.7019536,40.8252225,-96.7019619,40.8252279,-96.7019531,40.8252247,-96.7019588
317,3096.04,2026-07-13T06:19:36.040998-05:00,2026-07-13T11:19:36.040998+00:00,3,40.825352313774694,-96.70165278017522,75,,enter_intersection,entered intersection (crossed beyond crosswalk),,1,0,0,0,0,0,0,0,0,no,,0,0,off,40.8253785,-96.7016412,40.8253688,-96.7016423,40.8253821,-96.7016477,40.8253825,-96.7016276,40.8253805,-96.7016472
318,3097.49,2026-07-13T06:19:37.494452-05:00,2026-07-13T11:19:37.494452+00:00,3,40.82545899545151,-96.70141087844968,75,,exit_intersection,exited intersection (just before crosswalk),,0,1,0,0,0,0,0,0,0,no,,0,0,off,40.8254332,-96.7015341,40.8254234,-96.7015329,40.8254382,-96.7015359,40.8254354,-96.7015299,40.8254358,-96.7015378
319,3105.32,2026-07-13T06:19:45.320514-05:00,2026-07-13T11:19:45.320514+00:00,3,40.82596475201872,-96.70042164623737,70,,blinker_on,lane change blinker activated,,0,0,0,0,1,0,0,0,0,no,,0,1,right,40.8259399,-96.7005164,40.8259291,-96.700505,40.8259507,-96.7005181,40.8259318,-96.7005208,40.8259482,-96.7005218
320,3111.24,2026-07-13T06:19:51.236029-05:00,2026-07-13T11:19:51.236029+00:00,3,40.82631282758331,-96.69965989887714,70,,lane_change_begin,lane change began moving,,0,0,0,0,0,1,0,0,0,no,,1,0,right,40.8263143,-96.6996881,40.8263031,-96.6996739,40.8263203,-96.6996958,40.8263143,-96.6996908,40.8263195,-96.699692
321,3117.01,2026-07-13T06:19:57.010685-05:00,2026-07-13T11:19:57.010685+00:00,3,40.82660204813297,-96.69903427362445,70,,lane_change_finish,finished lane change,,0,0,0,0,0,0,1,0,0,no,,1,0,right,40.8265818,-96.6990684,40.8265756,-96.6990617,40.8265863,-96.6990911,40.8265788,-96.699056,40.8265867,-96.6990647
322,3122.26,2026-07-13T06:20:02.256341-05:00,2026-07-13T11:20:02.256341+00:00,3,40.82665330836646,-96.6988740116358,75,,begin_stop,began stopping,,0,0,1,0,0,0,0,0,0,no,44,0,0,right,40.8266456,-96.6989047,40.826644,-96.6989047,40.8266473,-96.6989284,40.8266398,-96.6988932,40.8266512,-96.6988925
323,3124.47,2026-07-13T06:20:04.473854-05:00,2026-07-13T11:20:04.473854+00:00,3,40.82665330836646,-96.6988740116358,75,,finish_stop,finished stop,,0,0,0,1,0,0,0,0,0,yes,44,0,0,right,40.8266456,-96.6989047,40.826643,-96.6989178,40.8266467,-96.6989189,40.8266439,-96.6988932,40.8266487,-96.6988888
324,3126.01,2026-07-13T06:20:06.009810-05:00,2026-07-13T11:20:06.009810+00:00,3,40.82665329632778,-96.6988156735897,65,,enter_intersection,entered intersection (crossed beyond crosswalk),,1,0,0,0,0,0,0,0,0,no,,0,0,right,40.8266519,-96.6988517,40.8266571,-96.6988714,40.8266515,-96.6988535,40.8266479,-96.6988444,40.826651,-96.6988375
325,3129.54,2026-07-13T06:20:09.538268-05:00,2026-07-13T11:20:09.538268+00:00,3,40.82656399749948,-96.69866748154166,65,,exit_intersection|blinker_on,exited intersection (just before crosswalk)|lane change blinker activated,,0,1,0,0,1,0,0,0,0,no,,0,0,right,40.8265866,-96.6986926,40.8265997,-96.6986915,40.8265731,-96.6986961,40.8265951,-96.6986979,40.8265787,-96.6986848
326,3132.43,2026-07-13T06:20:12.431745-05:00,2026-07-13T11:20:12.431745+00:00,3,40.82637523783648,-96.69855348765851,60,,lane_change_begin,lane change began moving,,0,0,0,0,0,1,0,0,0,no,,1,0,left,40.8263775,-96.6985678,40.8263818,-96.6985771,40.8263582,-96.6985656,40.8263916,-96.6985677,40.8263785,-96.6985607
327,3135.77,2026-07-13T06:20:15.770929-05:00,2026-07-13T11:20:15.770929+00:00,3,40.82594749900415,-96.69826649129392,60,,blinker_on|lane_change_finish,lane change blinker activated|finished lane change,,0,0,0,0,1,0,1,0,0,no,,0,0,off,40.8260938,-96.6983775,40.8261033,-96.6983817,40.8260758,-96.698369,40.8261027,-96.6983887,40.8260935,-96.6983707
328,3137.92,2026-07-13T06:20:17.915333-05:00,2026-07-13T11:20:17.915333+00:00,3,40.8258089714463,-96.69817194342616,65,,lane_change_begin,lane change began moving,,0,0,0,0,0,1,0,0,0,no,,0,0,left,40.8258759,-96.6982355,40.8258856,-96.6982443,40.8258573,-96.6982269,40.825883,-96.6982422,40.8258777,-96.6982287
329,3141.90,2026-07-13T06:20:21.898511-05:00,2026-07-13T11:20:21.898511+00:00,3,40.82535716069151,-96.6977893933654,70,,lane_change_finish,finished lane change,,0,0,0,0,0,0,1,0,0,no,,0,0,off,40.8254063,-96.6978684,40.8254174,-96.6978735,40.8253867,-96.697848,40.825411,-96.6978841,40.82541,-96.697868
330,3159.60,2026-07-13T06:20:39.600980-05:00,2026-07-13T11:20:39.600980+00:00,3,40.823759524871456,-96.69625751674177,75,,begin_stop,began stopping,,0,0,1,0,0,0,0,0,0,no,45,1,1,brake,40.8237633,-96.6962851,40.8237749,-96.69629,40.8237742,-96.6962963,40.8237427,-96.6962728,40.8237615,-96.6962812
331,3177.72,2026-07-13T06:20:57.721002-05:00,2026-07-13T11:20:57.721002+00:00,3,40.823759524871456,-96.69625751674177,75,,finish_stop,finished stop,,0,0,0,1,0,0,0,0,0,yes,45,0,0,off,40.8237721,-96.6962958,40.8237846,-96.6963012,40.8237794,-96.6963065,40.823759,-96.6962891,40.8237655,-96.6962862
332,3181.09,2026-07-13T06:21:01.091666-05:00,2026-07-13T11:21:01.091666+00:00,3,40.82370268435536,-96.69619850814344,75,,enter_intersection,entered intersection (crossed beyond crosswalk),,1,0,0,0,0,0,0,0,0,no,,0,0,off,40.8236949,-96.6962149,40.8237083,-96.6962197,40.8236846,-96.6962057,40.8236938,-96.696224,40.823693,-96.6962102
333,3183.72,2026-07-13T06:21:03.721902-05:00,2026-07-13T11:21:03.721902+00:00,3,40.82350785410769,-96.69598057866098,75,,exit_intersection,exited intersection (just before crosswalk),,0,1,0,0,0,0,0,0,0,no,,0,0,off,40.8235863,-96.6960961,40.8235982,-96.696099,40.8235731,-96.696085,40.8235881,-96.69611,40.823586,-96.6960905
334,3213.75,2026-07-13T06:21:33.749055-05:00,2026-07-13T11:21:33.749055+00:00,3,40.82121930738651,-96.6929215192795,75,,begin_stop,began stopping,,0,0,1,0,0,0,0,0,0,no,46,1,1,brake,40.8212226,-96.6929404,40.821239,-96.6929488,40.8212352,-96.6929603,40.8212036,-96.6929362,40.8212127,-96.6929162
335,3240.46,2026-07-13T06:22:00.455477-05:00,2026-07-13T11:22:00.455477+00:00,3,40.82121930738651,-96.6929215192795,75,,finish_stop,finished stop,,0,0,0,1,0,0,0,0,0,yes,46,0,0,off,40.8212336,-96.692953,40.8212489,-96.6929587,40.8212317,-96.6929731,40.8212362,-96.6929525,40.8212178,-96.6929278
336,3243.08,2026-07-13T06:22:03.084487-05:00,2026-07-13T11:22:03.084487+00:00,3,40.821165020139226,-96.69287256896497,75,,enter_intersection,entered intersection (crossed beyond crosswalk),,1,0,0,0,0,0,0,0,0,no,,0,0,off,40.8211864,-96.692911,40.8212018,-96.6929216,40.8211705,-96.6929167,40.8212036,-96.6929199,40.8211697,-96.6928857
337,3248.03,2026-07-13T06:22:08.033639-05:00,2026-07-13T11:22:08.033639+00:00,3,40.820809809191196,-96.69260568916798,75,,exit_intersection,exited intersection (just before crosswalk),,0,1,0,0,0,0,0,0,0,no,,0,0,off,40.8208689,-96.6926638,40.8208773,-96.692665,40.8208417,-96.6926682,40.8208903,-96.6926758,40.8208663,-96.692646
338,3293.15,2026-07-13T06:22:53.150978-05:00,2026-07-13T11:22:53.150978+00:00,3,40.81596505182093,-96.69405274093153,75,,begin_stop,began stopping,,0,0,1,0,0,0,0,0,0,no,47,1,1,brake,40.8159625,-96.6940785,40.8159554,-96.6940602,40.8159844,-96.6940882,40.8159465,-96.6940918,40.8159638,-96.6940738
339,3295.82,2026-07-13T06:22:55.818779-05:00,2026-07-13T11:22:55.818779+00:00,3,40.81596505182093,-96.69405274093153,75,,finish_stop,finished stop,,0,0,0,1,0,0,0,0,0,yes,47,0,0,off,40.8159682,-96.6940788,40.8159683,-96.6940642,40.8159845,-96.6940872,40.8159546,-96.6940918,40.8159653,-96.6940718
340,3298.93,2026-07-13T06:22:58.934966-05:00,2026-07-13T11:22:58.934966+00:00,3,40.81590364381382,-96.69405944645405,75,,enter_intersection,entered intersection (crossed beyond crosswalk),,1,0,0,0,0,0,0,0,0,no,,0,0,off,40.8159308,-96.6940791,40.8159395,-96.6940708,40.8159326,-96.6940866,40.8159302,-96.6940918,40.8159208,-96.6940673
341,3301.43,2026-07-13T06:23:01.434994-05:00,2026-07-13T11:23:01.434994+00:00,3,40.81569608513626,-96.69404502958061,75,,exit_intersection,exited intersection (just before crosswalk),,0,1,0,0,0,0,0,0,0,no,,0,0,off,40.8157673,-96.6940783,40.8157822,-96.6940785,40.8157638,-96.6940865,40.8157633,-96.6940918,40.81576,-96.6940565
342,3315.57,2026-07-13T06:23:15.571829-05:00,2026-07-13T11:23:15.571829+00:00,3,40.81480797289914,-96.69405944645405,75,,enter_intersection,entered intersection (crossed beyond crosswalk),,1,0,0,0,0,0,0,0,0,no,,0,0,off,40.8148284,-96.6940795,40.8148727,-96.6940989,40.8148269,-96.6940914,40.8147786,-96.6940592,40.8148355,-96.6940685
343,3318.56,2026-07-13T06:23:18.558050-05:00,2026-07-13T11:23:18.558050+00:00,3,40.814589754642356,-96.69406212866308,75,,exit_intersection,exited intersection (just before crosswalk),,0,1,0,0,0,0,0,0,0,no,,0,0,off,40.8146718,-96.6940838,40.8147133,-96.6940982,40.8146566,-96.6940917,40.8146362,-96.6940755,40.814681,-96.6940698
344,3330.34,2026-07-13T06:23:30.339525-05:00,2026-07-13T11:23:30.339525+00:00,3,40.813808720834295,-96.69406883418561,75,,begin_stop,began stopping,,0,0,1,0,0,0,0,0,0,no,48,1,1,brake,40.8138095,-96.694085,40.8138289,-96.6941046,40.8138085,-96.694098,40.8137858,-96.6940592,40.8138147,-96.694078
345,3358.63,2026-07-13T06:23:58.631128-05:00,2026-07-13T11:23:58.631128+00:00,3,40.813808720834295,-96.69406883418561,75,,finish_stop,finished stop,,0,0,0,1,0,0,0,0,0,yes,48,0,0,off,40.8138037,-96.6940759,40.8138445,-96.694104,40.8137712,-96.6940757,40.8137858,-96.694043,40.8138135,-96.6940808
346,3361.38,2026-07-13T06:24:01.377869-05:00,2026-07-13T11:24:01.377869+00:00,3,40.81374934495792,-96.69406816363335,75,,enter_intersection,entered intersection (crossed beyond crosswalk),,1,0,0,0,0,0,0,0,0,no,,0,0,off,40.8137547,-96.6940699,40.8137956,-96.6940956,40.8137062,-96.6940773,40.8137451,-96.6940267,40.8137718,-96.6940798
347,3365.74,2026-07-13T06:24:05.735227-05:00,2026-07-13T11:24:05.735227+00:00,3,40.81339358696919,-96.69406212866308,75,,exit_intersection,exited intersection (just before crosswalk),,0,1,0,0,0,0,0,0,0,no,,0,0,off,40.8134957,-96.694068,40.8135293,-96.6940932,40.8134475,-96.6940767,40.8134847,-96.6940267,40.8135212,-96.6940752
348,3373.10,2026-07-13T06:24:13.098603-05:00,2026-07-13T11:24:13.098603+00:00,3,40.812597816177245,-96.69407553970817,76,,enter_intersection,entered intersection (crossed beyond crosswalk),,1,0,0,0,0,0,0,0,0,no,,0,0,off,40.8126348,-96.6940752,40.8126698,-96.6940941,40.8125897,-96.6940861,40.8126302,-96.694043,40.8126493,-96.6940778
349,3374.87,2026-07-13T06:24:14.872866-05:00,2026-07-13T11:24:14.872866+00:00,3,40.812362330490146,-96.6940762102604,75,,exit_intersection,exited intersection (just before crosswalk),,0,1,0,0,0,0,0,0,0,no,,0,0,off,40.8125081,-96.6940771,40.812543,-96.6940962,40.8124643,-96.6940893,40.8125041,-96.694043,40.812521,-96.69408
350,3389.80,2026-07-13T06:24:29.802937-05:00,2026-07-13T11:24:29.802937+00:00,3,40.810366168872015,-96.69408911839129,75,,enter_intersection,entered intersection (crossed beyond crosswalk),,1,0,0,0,0,0,0,0,0,no,,0,0,off,40.8104877,-96.6940992,40.8105223,-96.6941134,40.8104601,-96.694113,40.8104818,-96.6940755,40.8104867,-96.694095
351,3391.79,2026-07-13T06:24:31.793393-05:00,2026-07-13T11:24:31.793393+00:00,3,40.81012366767793,-96.69408895075321,75,,exit_intersection,exited intersection (just before crosswalk),,0,1,0,0,0,0,0,0,0,no,,1,1,brake,40.8102339,-96.6941005,40.8102687,-96.6941151,40.8102116,-96.694116,40.8102254,-96.6940755,40.8102298,-96.6940952
352,3402.76,2026-07-13T06:24:42.756647-05:00,2026-07-13T11:24:42.756647+00:00,3,40.80934816330123,-96.69409297406675,75,,begin_stop,began stopping,,0,0,1,0,0,0,0,0,0,no,49,0,1,left,40.8093527,-96.6941092,40.8093843,-96.694123,40.8093488,-96.6941221,40.809318,-96.6940918,40.8093598,-96.6940998
353,3408.70,2026-07-13T06:24:48.698387-05:00,2026-07-13T11:24:48.698387+00:00,3,40.80934816330123,-96.69409297406675,75,,finish_stop,finished stop,,0,0,0,1,0,0,0,0,0,yes,49,1,0,left,40.8093498,-96.6941006,40.8093878,-96.6941226,40.8093385,-96.6941174,40.809318,-96.6940592,40.809355,-96.694103
354,3412.30,2026-07-13T06:24:52.296562-05:00,2026-07-13T11:24:52.296562+00:00,3,40.809287259283686,-96.69406883418561,75,,enter_intersection,entered intersection (crossed beyond crosswalk),,1,0,0,0,0,0,0,0,0,no,,1,0,left,40.8092776,-96.6940866,40.8093331,-96.6941153,40.8092469,-96.6940908,40.809257,-96.6940592,40.8092732,-96.6940812
355,3415.90,2026-07-13T06:24:55.899682-05:00,2026-07-13T11:24:55.899682+00:00,3,40.80918168496245,-96.69376172125341,75,,exit_intersection,exited intersection (just before crosswalk),,0,1,0,0,0,0,0,0,0,no,,0,0,off,40.8091821,-96.6939124,40.8092123,-96.6939513,40.8091604,-96.6938967,40.8091634,-96.6939128,40.8091923,-96.6938887
356,3428.29,2026-07-13T06:25:08.288512-05:00,2026-07-13T11:25:08.288512+00:00,3,40.809174134619084,-96.69196732342243,60,,blinker_on,lane change blinker activated,,0,0,0,0,1,0,0,0,0,no,,1,0,left,40.8091844,-96.6920735,40.8091807,-96.692078,40.8091832,-96.6920792,40.8091797,-96.6920736,40.8091938,-96.6920633
357,3430.53,2026-07-13T06:25:10.528478-05:00,2026-07-13T11:25:10.528478+00:00,3,40.80918016820775,-96.69158309698106,60,,lane_change_begin,lane change began moving,,0,0,0,0,0,1,0,0,0,no,,1,1,left,40.8091856,-96.6917499,40.8091825,-96.6917497,40.8091858,-96.691762,40.8091797,-96.691748,40.8091942,-96.6917397
358,3434.36,2026-07-13T06:25:14.361160-05:00,2026-07-13T11:25:14.361160+00:00,3,40.80920886078982,-96.69106777757408,70,,lane_change_finish,finished lane change,,0,0,0,0,0,0,1,0,0,no,,1,1,left,40.8092081,-96.6911822,40.80921,-96.6911831,40.8092126,-96.6911993,40.8091919,-96.6911784,40.8092177,-96.6911678
359,3437.79,2026-07-13T06:25:17.794365-05:00,2026-07-13T11:25:17.794365+00:00,3,40.80922329830734,-96.69073954224588,75,,enter_intersection,entered intersection (crossed beyond crosswalk),,1,0,0,0,0,0,0,0,0,no,,0,1,left,40.8092128,-96.6908511,40.8092067,-96.6908498,40.8092154,-96.6908789,40.8092082,-96.6908366,40.8092208,-96.690839
360,3439.03,2026-07-13T06:25:19.028680-05:00,2026-07-13T11:25:19.028680+00:00,3,40.80924005570719,-96.6906637698412,75,,exit_intersection,exited intersection (just before crosswalk),,0,1,0,0,0,0,0,0,0,no,,1,0,left,40.8092272,-96.6907162,40.8092142,-96.6907173,40.809236,-96.6907454,40.8092285,-96.6907064,40.80923,-96.6906955
361,3451.07,2026-07-13T06:25:31.066658-05:00,2026-07-13T11:25:31.066658+00:00,3,40.8100774763113,-96.69061146676542,75,,enter_intersection,entered intersection (crossed beyond crosswalk),,1,0,0,0,0,0,0,0,0,no,,0,0,off,40.8100655,-96.6906293,40.8100547,-96.6906229,40.8100786,-96.6906457,40.8100789,-96.690625,40.81005,-96.6906238
362,3452.83,2026-07-13T06:25:32.828458-05:00,2026-07-13T11:25:32.828458+00:00,3,40.81027032570746,-96.69061683118345,75,,exit_intersection,exited intersection (just before crosswalk),,0,1,0,0,0,0,0,0,0,no,,0,0,off,40.8101622,-96.6906305,40.8101531,-96.6906251,40.8101744,-96.6906445,40.8101766,-96.690625,40.8101447,-96.6906273
363,3463.14,2026-07-13T06:25:43.141465-05:00,2026-07-13T11:25:43.141465+00:00,3,40.81122018018348,-96.69059772044422,65,,enter_intersection,entered intersection (crossed beyond crosswalk),,1,0,0,0,0,0,0,0,0,no,,1,1,right,40.811194,-96.6906317,40.8112016,-96.6906319,40.8111845,-96.690638,40.811202,-96.6906087,40.8111877,-96.690648
364,3466.20,2026-07-13T06:25:46.202702-05:00,2026-07-13T11:25:46.202702+00:00,3,40.81124963743334,-96.69052664190531,65,,exit_intersection|turn_begin_nonint,exited intersection (just before crosswalk)|start turn that is not at an intersection,,0,1,0,0,0,0,0,1,0,no,,1,0,right,40.8112858,-96.690563,40.8112917,-96.6905728,40.8112681,-96.6905545,40.8112956,-96.6905599,40.8112878,-96.6905648
365,3470.51,2026-07-13T06:25:50.507212-05:00,2026-07-13T11:25:50.507212+00:00,3,40.811162062331285,-96.69043578207493,65,,turn_finish_nonint,finish turn that is not an intersection,,0,0,0,0,0,0,0,0,1,no,,0,0,off,40.8112208,-96.6904342,40.8112193,-96.6904296,40.8111928,-96.6904378,40.8112508,-96.690446,40.8112203,-96.6904232
366,3474.75,2026-07-13T06:25:54.753089-05:00,2026-07-13T11:25:54.753089+00:00,3,40.810957533945256,-96.69042371213438,65,,turn_begin_nonint,start turn that is not at an intersection,,0,0,0,0,0,0,0,1,0,no,,1,0,left,40.8110551,-96.6904385,40.811057,-96.6904344,40.8110348,-96.6904465,40.8110718,-96.690446,40.8110567,-96.6904272
367,3481.62,2026-07-13T06:26:01.615038-05:00,2026-07-13T11:26:01.615038+00:00,3,40.810868208824076,-96.69005021452904,65,,turn_begin_nonint|turn_finish_nonint,start turn that is not at an intersection|finish turn that is not an intersection,,0,0,0,0,0,0,0,1,1,no,,1,1,right,40.8108744,-96.6902058,40.8108761,-96.6902026,40.8108665,-96.6902066,40.8108887,-96.6902181,40.8108662,-96.6901957
368,3490.49,2026-07-13T06:26:10.487622-05:00,2026-07-13T11:26:10.487622+00:00,3,40.81060429533659,-96.68990068137647,65,,turn_finish_nonint,finish turn that is not an intersection,,0,0,0,0,0,0,0,0,1,no,,0,0,off,40.8106782,-96.689905,40.8106808,-96.6898999,40.810667,-96.6899135,40.8106893,-96.6899251,40.8106755,-96.6898815
369,3497.46,2026-07-13T06:26:17.457628-05:00,2026-07-13T11:26:17.457628+00:00,3,40.81026983572767,-96.68990671634674,65,,turn_begin_nonint,start turn that is not at an intersection,,0,0,0,0,0,0,0,1,0,no,,1,1,left,40.8103373,-96.6899164,40.8103588,-96.6899273,40.8103307,-96.6899279,40.8103271,-96.6899089,40.8103325,-96.6899013
370,3503.03,2026-07-13T06:26:23.028110-05:00,2026-07-13T11:26:23.028110+00:00,3,40.81019878288216,-96.68967336416246,65,,turn_finish_nonint,finish turn that is not an intersection,,0,0,0,0,0,0,0,0,1,no,,0,0,off,40.810199,-96.6897133,40.8102122,-96.6897299,40.8102015,-96.6897138,40.8101969,-96.6896973,40.8101853,-96.6897123
371,3506.95,2026-07-13T06:26:26.952514-05:00,2026-07-13T11:26:26.952514+00:00,3,40.81020740894395,-96.68952718377115,65,,turn_begin_nonint,start turn that is not at an intersection,,0,0,0,0,0,0,0,1,0,no,,0,0,left,40.810204,-96.6895721,40.8102096,-96.6895779,40.8102062,-96.6895768,40.8102091,-96.6895671,40.810191,-96.6895665
372,3511.25,2026-07-13T06:26:31.250847-05:00,2026-07-13T11:26:31.250847+00:00,3,40.81033581564865,-96.68944336473943,65,,turn_finish_nonint,finish turn that is not an intersection,,0,0,0,0,0,0,0,0,1,no,,0,0,off,40.8103091,-96.6894685,40.8103081,-96.689473,40.8103237,-96.6894817,40.8102987,-96.6894531,40.8103058,-96.6894662
373,3528.79,2026-07-13T06:26:48.789642-05:00,2026-07-13T11:26:48.789642+00:00,3,40.8111595307551,-96.6894017904997,95,,begin_stop,began stopping,,0,0,1,0,0,0,0,0,0,no,50,1,1,brake,40.8111643,-96.689413,40.8111653,-96.6894244,40.8111571,-96.68942,40.8111694,-96.689388,40.8111655,-96.6894195
374,3952.47,2026-07-13T06:33:52.470804-05:00,2026-07-13T11:33:52.470804+00:00,3,40.8111595307551,-96.6894017904997,95,,finish_stop,finished stop,,0,0,0,1,0,0,0,0,0,yes,50,,,nodata,40.8111637,-96.6894226,40.811158,-96.6894254,,,40.8111613,-96.6894206,40.8111717,-96.6894218
