{
"type": "FeatureCollection",
"name": "corridorPaths",
"crs": { "type": "name", "properties": { "name": "urn:ogc:def:crs:OGC:1.3:CRS84" } },
"features": [
{ "type": "Feature", "properties": { "point_a": 61, "point_b": 62, "trip": 1, "route": "salt_creek_after_circle", "status": "corrected", "mode": "reviewed_spatial_assumption" }, "geometry": { "type": "LineString", "coordinates": [ [ -96.707146950066118, 40.822347597625992 ], [ -96.707146188640351, 40.822348316069395 ], [ -96.70714426253312, 40.822350123365354 ], [ -96.707142327631175, 40.822351925306144 ], [ -96.707140384397448, 40.822353722237409 ], [ -96.707138433294872, 40.822355514504927 ], [ -96.707136474786353, 40.822357302454442 ], [ -96.707134509334793, 40.822359086431668 ], [ -96.707132537403126, 40.82236086678239 ], [ -96.707130559454285, 40.82236264385228 ], [ -96.707128575951174, 40.822364417987124 ], [ -96.707126587356711, 40.822366189532623 ], [ -96.70712459417021, 40.822367958871645 ], [ -96.707122597036616, 40.822369726535513 ], [ -96.707120596637225, 40.822371493092668 ], [ -96.707118593653377, 40.822373259111579 ], [ -96.707116588766368, 40.822375025160632 ], [ -96.707114582657539, 40.822376791808303 ], [ -96.707112576008214, 40.82237855962299 ], [ -96.707110569499719, 40.822380329173193 ], [ -96.70710856381335, 40.822382101027337 ], [ -96.707106559630446, 40.82238387575385 ], [ -96.707104557632334, 40.822385653921195 ], [ -96.707102558493517, 40.822387436090835 ], [ -96.707100562861285, 40.822389222796531 ], [ -96.707098571376136, 40.822391014565099 ], [ -96.707096584678553, 40.822392811923329 ], [ -96.707094603409033, 40.822394615398032 ], [ -96.707092628208059, 40.822396425515997 ], [ -96.707090659716116, 40.822398242804042 ], [ -96.707088698573699, 40.822400067788969 ], [ -96.707086745421279, 40.82240190099759 ], [ -96.707084800899366, 40.822403742956674 ], [ -96.707082865648431, 40.822405594193071 ], [ -96.70708094030897, 40.822407455233531 ], [ -96.707079025473789, 40.82240932655629 ], [ -96.707077121545012, 40.822411208445068 ], [ -96.707075228877059, 40.822413101134977 ], [ -96.707073347824362, 40.822415004861121 ], [ -96.707071478741369, 40.822416919858632 ], [ -96.707069621982527, 40.822418846362623 ], [ -96.707067777902239, 40.822420784608205 ], [ -96.707065946854954, 40.822422734830496 ], [ -96.707064129195132, 40.822424697264594 ], [ -96.707062325277164, 40.822426672145646 ], [ -96.707060535455525, 40.822428659708777 ], [ -96.707058760035537, 40.822430660138998 ], [ -96.707056999126223, 40.822432673421218 ], [ -96.707055252787526, 40.822434699490245 ], [ -96.707053521079374, 40.822436738280871 ], [ -96.707051804061706, 40.822438789727919 ], [ -96.707050101794437, 40.822440853766182 ], [ -96.707048414337507, 40.82244293033051 ], [ -96.707046741750858, 40.822445019355698 ], [ -96.707045084094418, 40.82244712077653 ], [ -96.707043441428112, 40.822449234527859 ], [ -96.707041813811898, 40.822451360544463 ], [ -96.707040201305674, 40.82245349876117 ], [ -96.707038603948106, 40.822455649091104 ], [ -96.707037021692756, 40.822457811360579 ], [ -96.707035454471907, 40.82245998537428 ], [ -96.707033901485943, 40.822462170489878 ], [ -96.707032355688185, 40.822464362250308 ], [ -96.707030815027409, 40.822466559249015 ], [ -96.707029279127127, 40.822468761102066 ], [ -96.707027747610823, 40.822470967425566 ], [ -96.707026220102051, 40.822473177835583 ], [ -96.707024696224281, 40.822475391948259 ], [ -96.707023175601037, 40.822477609379618 ], [ -96.70702165786814, 40.822479829758358 ], [ -96.707020142710746, 40.822482052763462 ], [ -96.707018629826393, 40.822484278086407 ], [ -96.707017118912532, 40.82248650541878 ], [ -96.707015609666669, 40.822488734452072 ], [ -96.707014101786285, 40.822490964877844 ], [ -96.707012594968887, 40.822493196387626 ], [ -96.707011088911969, 40.82249542867293 ], [ -96.707009583312995, 40.822497661425317 ], [ -96.707008077869503, 40.822499894336282 ], [ -96.707006572278928, 40.82250212709738 ], [ -96.707005066238807, 40.822504359400156 ], [ -96.707003559480384, 40.822506590970562 ], [ -96.707002051869935, 40.822508821672251 ], [ -96.707000543307529, 40.822511051403296 ], [ -96.706999033693208, 40.822513280061798 ], [ -96.70699752292704, 40.822515507545823 ], [ -96.706996010909066, 40.822517733753486 ], [ -96.706994497539341, 40.822519958582845 ], [ -96.706992982717935, 40.822522181932008 ], [ -96.706991466344888, 40.822524403699042 ], [ -96.706989948320242, 40.822526623782018 ], [ -96.706988428544065, 40.822528842079059 ], [ -96.706986906942845, 40.822531058515168 ], [ -96.706985383548798, 40.822533273123227 ], [ -96.706983858420642, 40.822535485963094 ], [ -96.706982331617013, 40.822537697094546 ], [ -96.706980803196601, 40.822539906577454 ], [ -96.706979273218053, 40.822542114471631 ], [ -96.706977741740076, 40.822544320836904 ], [ -96.706976208821317, 40.822546525733102 ], [ -96.706974674520467, 40.82254872922006 ], [ -96.706973138896188, 40.822550931357611 ], [ -96.706971602007144, 40.822553132205563 ], [ -96.706970063912024, 40.82255533182375 ], [ -96.706968524636281, 40.822557530238157 ], [ -96.706966984072622, 40.822559727339325 ], [ -96.70696544208046, 40.822561922983972 ], [ -96.706963898519277, 40.822564117028733 ], [ -96.706962353248542, 40.822566309330384 ], [ -96.706960806127739, 40.822568499745564 ], [ -96.706959257016308, 40.822570688131002 ], [ -96.706957705773718, 40.822572874343393 ], [ -96.706956152259423, 40.822575058239401 ], [ -96.70695459633292, 40.822577239675738 ], [ -96.706953037853637, 40.822579418509122 ], [ -96.706951476625392, 40.822581594539443 ], [ -96.706949912229291, 40.822583767339609 ], [ -96.706948344190764, 40.822585936425682 ], [ -96.70694677203528, 40.822588101313748 ], [ -96.706945195288284, 40.822590261519906 ], [ -96.70694361347519, 40.822592416560298 ], [ -96.706942026121453, 40.822594565950951 ], [ -96.706940432752518, 40.822596709208021 ], [ -96.706938832893826, 40.822598845847558 ], [ -96.706937226070835, 40.822600975385662 ], [ -96.706935611808973, 40.82260309733843 ], [ -96.706933989633683, 40.822605211221969 ], [ -96.706932359053667, 40.822607316535276 ], [ -96.706930719510552, 40.822609412708999 ], [ -96.70692907042924, 40.822611499156714 ], [ -96.706927411234645, 40.822613575291982 ], [ -96.70692574135164, 40.822615640528376 ], [ -96.706924060205125, 40.822617694279423 ], [ -96.706922367220017, 40.822619735958732 ], [ -96.706920661821172, 40.822621764979843 ], [ -96.706918943433507, 40.822623780756331 ], [ -96.706917211481908, 40.822625782701778 ], [ -96.70691546539129, 40.822627770229701 ], [ -96.706913704631873, 40.822629742799954 ], [ -96.706911928855334, 40.822631700057315 ], [ -96.706910137758669, 40.822633641692811 ], [ -96.706908331038903, 40.822635567397505 ], [ -96.706906508393018, 40.822637476862418 ], [ -96.706904669518039, 40.822639369778607 ], [ -96.70690281411099, 40.822641245837069 ], [ -96.706900941868852, 40.822643104728911 ], [ -96.706899052488652, 40.822644946145118 ], [ -96.706897145667398, 40.822646769776739 ], [ -96.706895221102073, 40.822648575314815 ], [ -96.706893278489716, 40.822650362450418 ], [ -96.706891317619323, 40.822652130968315 ], [ -96.70688933864777, 40.822653881028579 ], [ -96.706887341823958, 40.822655612884915 ], [ -96.706885327396762, 40.822657326791166 ], [ -96.706883295615071, 40.822659023001073 ], [ -96.706881246727775, 40.822660701768477 ], [ -96.706879180983748, 40.822662363347121 ], [ -96.706877098631892, 40.822664007990824 ], [ -96.706874999921084, 40.822665635953349 ], [ -96.706872885100196, 40.822667247488468 ], [ -96.706870754418119, 40.822668842850007 ], [ -96.706868608189467, 40.822670422358755 ], [ -96.706866446991739, 40.822671986603567 ], [ -96.706864271468149, 40.822673536240366 ], [ -96.706862082261921, 40.822675071925019 ], [ -96.706859880016282, 40.822676594313435 ], [ -96.706857665374457, 40.822678104061517 ], [ -96.706855438979673, 40.822679601825136 ], [ -96.706853201475127, 40.822681088260182 ], [ -96.706850953504059, 40.822682564022578 ], [ -96.706848695709709, 40.82268402976819 ], [ -96.706846428735275, 40.822685486152928 ], [ -96.706844153223983, 40.822686933832671 ], [ -96.70684186982507, 40.822688373469461 ], [ -96.706839579211916, 40.822689805749931 ], [ -96.706837282063887, 40.822691231366825 ], [ -96.706834979060375, 40.822692651012936 ], [ -96.706832670880743, 40.822694065381 ], [ -96.706830358204371, 40.82269547516379 ], [ -96.706828041710665, 40.822696881054064 ], [ -96.706825722078975, 40.822698283744614 ], [ -96.706823399988707, 40.822699683928178 ], [ -96.706821076119212, 40.822701082297513 ], [ -96.706818751149896, 40.822702479545399 ], [ -96.706816425731773, 40.822703876335694 ], [ -96.706814100402497, 40.822705273216634 ], [ -96.706811775671341, 40.822706670707525 ], [ -96.70680945204758, 40.822708069327717 ], [ -96.706807130040559, 40.822709469596496 ], [ -96.706804810159525, 40.822710872033227 ], [ -96.706802492913766, 40.822712277157187 ], [ -96.7068001788126, 40.822713685487741 ], [ -96.706797868365271, 40.822715097544204 ], [ -96.706795562081126, 40.822716513845869 ], [ -96.706793260469397, 40.822717934912085 ], [ -96.706790964039413, 40.82271936126218 ], [ -96.706788673236574, 40.822720793350356 ], [ -96.706786388250791, 40.822722231370228 ], [ -96.706784109208101, 40.822723675450355 ], [ -96.706781836234569, 40.822725125719252 ], [ -96.706779569456216, 40.822726582305421 ], [ -96.706777308999079, 40.822728045337421 ], [ -96.706775054989208, 40.822729514943759 ], [ -96.706772807552611, 40.822730991252953 ], [ -96.706770566815393, 40.822732474393547 ], [ -96.706768332903522, 40.822733964494027 ], [ -96.706766105943089, 40.822735461682967 ], [ -96.706763885972265, 40.822736965999262 ], [ -96.706761672677771, 40.822738477123508 ], [ -96.706759465658507, 40.822739994646632 ], [ -96.706757264513357, 40.822741518159702 ], [ -96.706755068841176, 40.822743047253624 ], [ -96.706752878240891, 40.82274458151943 ], [ -96.706750692311346, 40.822746120548047 ], [ -96.706748510651451, 40.822747663930521 ], [ -96.706746332860078, 40.822749211257765 ], [ -96.706744158536111, 40.822750762120798 ], [ -96.706741987278434, 40.822752316110609 ], [ -96.706739818685932, 40.822753872818119 ], [ -96.706737652325145, 40.822755431801426 ], [ -96.706735487633352, 40.82275699248666 ], [ -96.706733324015474, 40.822758554267004 ], [ -96.706731160876444, 40.822760116535704 ], [ -96.706728997621184, 40.82276167868595 ], [ -96.706726833654642, 40.822763240110945 ], [ -96.706724668381725, 40.822764800203899 ], [ -96.706722501207381, 40.822766358358024 ], [ -96.706720331536545, 40.82276791396653 ], [ -96.706718158774137, 40.822769466422578 ], [ -96.706715982325079, 40.822771015119443 ], [ -96.70671380164454, 40.82277255950148 ], [ -96.706711616388475, 40.822774099217916 ], [ -96.706709426263089, 40.822775633969151 ], [ -96.706707230974587, 40.822777163455591 ], [ -96.706705030229145, 40.822778687377621 ], [ -96.706702823732968, 40.822780205435684 ], [ -96.706700611192232, 40.822781717330123 ], [ -96.706698392313143, 40.822783222761402 ], [ -96.706696166801905, 40.822784721429912 ], [ -96.706693934364694, 40.822786213036025 ], [ -96.7066916947077, 40.822787697280177 ], [ -96.70668944753713, 40.822789173862745 ], [ -96.706687192619952, 40.82279064254616 ], [ -96.706684929966215, 40.822792103340596 ], [ -96.706682659646759, 40.822793556318331 ], [ -96.706680381732397, 40.822795001551583 ], [ -96.706678096293984, 40.822796439112594 ], [ -96.706675803402348, 40.82279786907354 ], [ -96.706673503128314, 40.822799291506698 ], [ -96.706671195542697, 40.822800706484287 ], [ -96.706668880716364, 40.822802114078513 ], [ -96.70666655872013, 40.82280351436161 ], [ -96.706664229624806, 40.822804907405811 ], [ -96.70666189352373, 40.822806293306222 ], [ -96.706659550600008, 40.822807672249667 ], [ -96.706657201059272, 40.822809044445755 ], [ -96.706654845107153, 40.822810410104125 ], [ -96.706652482949238, 40.822811769434502 ], [ -96.706650114791131, 40.822813122646529 ], [ -96.706647740838477, 40.822814469949854 ], [ -96.706645361296864, 40.822815811554143 ], [ -96.706642976371924, 40.822817147669063 ], [ -96.706640586269245, 40.822818478504281 ], [ -96.706638191194457, 40.822819804269479 ], [ -96.706635791353165, 40.822821125174272 ], [ -96.706633386952376, 40.822822441429764 ], [ -96.706630978204615, 40.822823753252699 ], [ -96.706628565323797, 40.822825060861163 ], [ -96.706626148523853, 40.822826364473329 ], [ -96.706623728018698, 40.822827664307312 ], [ -96.706621304022249, 40.822828960581248 ], [ -96.706618876748422, 40.822830253513274 ], [ -96.706616446411132, 40.822831543321541 ], [ -96.706614013224325, 40.822832830224129 ], [ -96.706611577401887, 40.82283411443921 ], [ -96.706609139157763, 40.822835396184935 ], [ -96.706606698695325, 40.822836675668668 ], [ -96.706604256175893, 40.822837953054929 ], [ -96.706601811750247, 40.822839228497443 ], [ -96.706599365569176, 40.82284050214998 ], [ -96.706596917783443, 40.822841774166278 ], [ -96.706594468543855, 40.822843044700129 ], [ -96.706592018001174, 40.822844313905215 ], [ -96.706589566306192, 40.822845581935368 ], [ -96.7065871136097, 40.822846848944295 ], [ -96.706584660062461, 40.822848115085755 ], [ -96.706582205815266, 40.82284938051351 ], [ -96.706579751002039, 40.822850645364085 ], [ -96.706577295689172, 40.82285190970525 ], [ -96.706574839926233, 40.822853173587504 ], [ -96.706572383762747, 40.822854437061373 ], [ -96.706569927248268, 40.822855700177342 ], [ -96.706567470432361, 40.822856962985995 ], [ -96.706565013364539, 40.822858225537807 ], [ -96.706562556094369, 40.822859487883335 ], [ -96.706560098671389, 40.822860750073048 ], [ -96.706557641145139, 40.822862012157529 ], [ -96.706555183565186, 40.82286327418727 ], [ -96.706552725981041, 40.822864536212784 ], [ -96.706550268429709, 40.822865798271785 ], [ -96.706547810897845, 40.822867060350703 ], [ -96.706545353359573, 40.822868322423091 ], [ -96.706542895788985, 40.82286958446258 ], [ -96.706540438160189, 40.822870846442768 ], [ -96.706537980447294, 40.822872108337222 ], [ -96.706535522624421, 40.822873370119567 ], [ -96.706533064665649, 40.822874631763369 ], [ -96.706530606545101, 40.822875893242255 ], [ -96.70652814823687, 40.822877154529792 ], [ -96.70652568971505, 40.82287841559959 ], [ -96.706523230954105, 40.822879676425558 ], [ -96.706520771929704, 40.822880936982948 ], [ -96.706518312617888, 40.822882197247289 ], [ -96.706515852994684, 40.822883457194131 ], [ -96.70651339303609, 40.822884716799031 ], [ -96.70651093271816, 40.822885976037533 ], [ -96.706508472016893, 40.822887234885208 ], [ -96.706506010908328, 40.822888493317571 ], [ -96.706503549368492, 40.822889751310193 ], [ -96.706501087373383, 40.822891008838646 ], [ -96.706498624899041, 40.822892265878437 ], [ -96.706496161921493, 40.82289352240516 ], [ -96.706493698420331, 40.822894778397966 ], [ -96.706491234389432, 40.822896033850647 ], [ -96.706488769826265, 40.822897288760593 ], [ -96.706486304728244, 40.822898543125199 ], [ -96.706483839092826, 40.822899796941869 ], [ -96.706481372917494, 40.822901050208003 ], [ -96.706478906199692, 40.822902302921001 ], [ -96.706476438936832, 40.822903555078256 ], [ -96.706473971126414, 40.822904806677194 ], [ -96.706471502765851, 40.822906057715187 ], [ -96.706469033852613, 40.822907308189649 ], [ -96.7064665643871, 40.822908558100991 ], [ -96.706464094381474, 40.822909807461606 ], [ -96.706461623850885, 40.822911056286962 ], [ -96.706459152810424, 40.822912304592428 ], [ -96.706456681275242, 40.82291355239348 ], [ -96.706454209260457, 40.822914799705494 ], [ -96.70645173678119, 40.822916046543931 ], [ -96.706449263852591, 40.822917292924167 ], [ -96.70644679048975, 40.822918538861678 ], [ -96.706444316707802, 40.822919784371855 ], [ -96.706441842521869, 40.822921029470137 ], [ -96.706439367947098, 40.822922274171944 ], [ -96.706436893000102, 40.822923518494214 ], [ -96.706434417703548, 40.822924762460097 ], [ -96.706431942081636, 40.822926006094221 ], [ -96.706429466158482, 40.82292724942122 ], [ -96.706426989958302, 40.82292849246577 ], [ -96.70642451350524, 40.822929735252508 ], [ -96.706422036823497, 40.822930977806053 ], [ -96.706419559937231, 40.822932220151102 ], [ -96.706417082870601, 40.822933462312278 ], [ -96.706414605647794, 40.822934704314235 ], [ -96.706412128292996, 40.82293594618163 ], [ -96.706409650830537, 40.82293718793926 ], [ -96.706407173285498, 40.822938429612755 ], [ -96.706404695683133, 40.822939671227822 ], [ -96.706402218048723, 40.822940912810232 ], [ -96.70639974040752, 40.822942154385764 ], [ -96.70639726278479, 40.822943395980168 ], [ -96.706394785205759, 40.822944637619202 ], [ -96.706392307695737, 40.822945879328607 ], [ -96.706389830279946, 40.822947121134128 ], [ -96.706387352983668, 40.822948363061577 ], [ -96.706384875832157, 40.822949605136664 ], [ -96.706382398850664, 40.822950847385165 ], [ -96.706379922063803, 40.822952089832178 ], [ -96.706377445493544, 40.822953332500077 ], [ -96.706374969161203, 40.822954575410662 ], [ -96.706372493088111, 40.822955818585598 ], [ -96.706370017295569, 40.822957062046683 ], [ -96.706367541804923, 40.822958305815618 ], [ -96.70636506663746, 40.822959549914167 ], [ -96.706362591814525, 40.822960794364064 ], [ -96.70636011735742, 40.82296203918704 ], [ -96.706357643287461, 40.822963284404835 ], [ -96.706355169625994, 40.822964530039187 ], [ -96.706352696392585, 40.822965776110088 ], [ -96.706350223599912, 40.822967022630465 ], [ -96.706347751258946, 40.822968269611458 ], [ -96.706345279380628, 40.822969517064273 ], [ -96.706342807975915, 40.822970765000051 ], [ -96.70634033705575, 40.822972013429982 ], [ -96.706337866631117, 40.822973262365252 ], [ -96.70633539671293, 40.822974511816973 ], [ -96.706332927312161, 40.82297576179635 ], [ -96.706330458439766, 40.822977012314553 ], [ -96.706327990106686, 40.822978263382751 ], [ -96.706325522323908, 40.822979515012108 ], [ -96.706323055099887, 40.822980767211305 ], [ -96.706320588433371, 40.822982019978987 ], [ -96.706318122320596, 40.822983273311401 ], [ -96.706315656757837, 40.822984527204717 ], [ -96.706313191741359, 40.822985781655085 ], [ -96.706310727267422, 40.822987036658724 ], [ -96.706308263332275, 40.822988292211861 ], [ -96.70630579993221, 40.822989548310609 ], [ -96.70630333706346, 40.822990804951196 ], [ -96.706300874722288, 40.822992062129806 ], [ -96.706298412904957, 40.822993319842638 ], [ -96.70629595160645, 40.822994578084526 ], [ -96.706293490816407, 40.82299583684496 ], [ -96.706291030523246, 40.822997096112097 ], [ -96.706288570715344, 40.822998355874105 ], [ -96.706286111381061, 40.822999616119105 ], [ -96.706283652508802, 40.823000876835273 ], [ -96.706281194086941, 40.823002138010757 ], [ -96.706278736103869, 40.823003399633699 ], [ -96.706276278547932, 40.823004661692273 ], [ -96.706273821407549, 40.823005924174595 ], [ -96.706271364671096, 40.823007187068846 ], [ -96.706268908326948, 40.82300845036319 ], [ -96.706266452363593, 40.82300971404586 ], [ -96.70626399677009, 40.823010978105728 ], [ -96.706261541535568, 40.823012242531668 ], [ -96.706259086649197, 40.82301350731268 ], [ -96.706256632100093, 40.823014772437638 ], [ -96.706254177877454, 40.823016037895528 ], [ -96.706251723970396, 40.823017303675265 ], [ -96.70624927036809, 40.823018569765807 ], [ -96.706246817059679, 40.823019836156071 ], [ -96.706244364034319, 40.823021102835007 ], [ -96.706241911281154, 40.823022369791538 ], [ -96.706239458789824, 40.823023637015091 ], [ -96.706237006551831, 40.823024904497039 ], [ -96.706234554559188, 40.823026172229184 ], [ -96.706232102803881, 40.823027440203411 ], [ -96.706229651277923, 40.823028708411528 ], [ -96.706227199973284, 40.823029976845383 ], [ -96.706224748881993, 40.823031245496814 ], [ -96.706222297996007, 40.823032514357649 ], [ -96.706219847307352, 40.823033783419739 ], [ -96.706217396808015, 40.823035052674904 ], [ -96.706214946490007, 40.823036322115009 ], [ -96.706212496345287, 40.823037591731875 ], [ -96.706210046366223, 40.823038861517716 ], [ -96.706207596546435, 40.82304013146598 ], [ -96.706205146879896, 40.823041401570578 ], [ -96.706202697360595, 40.823042671825327 ], [ -96.70620024798248, 40.823043942224089 ], [ -96.706197798739552, 40.823045212760761 ], [ -96.706195349625759, 40.823046483429138 ], [ -96.706192900635102, 40.823047754223126 ], [ -96.706190451761529, 40.823049025136548 ], [ -96.706188002999028, 40.823050296163245 ], [ -96.706185554341559, 40.823051567297107 ], [ -96.706183105783197, 40.823052838532057 ], [ -96.706180657318356, 40.823054109862419 ], [ -96.706178208941523, 40.823055381282572 ], [ -96.706175760647213, 40.823056652786903 ], [ -96.706173312429939, 40.823057924369813 ], [ -96.706170864284175, 40.82305919602571 ], [ -96.706168416204463, 40.823060467748988 ], [ -96.706165968185289, 40.823061739534012 ], [ -96.706163520221139, 40.823063011375218 ], [ -96.706161072306543, 40.82306428326698 ], [ -96.706158624435972, 40.823065555203698 ], [ -96.706156176603969, 40.823066827179758 ], [ -96.706153728804935, 40.823068099189506 ], [ -96.706151281033044, 40.823069371226936 ], [ -96.706148833282384, 40.823070643286066 ], [ -96.706146385547029, 40.823071915360835 ], [ -96.706143937821082, 40.823073187445246 ], [ -96.706141490098631, 40.823074459533252 ], [ -96.706139042373749, 40.823075731618822 ], [ -96.706136594640512, 40.82307700369595 ], [ -96.706134146893049, 40.823078275758547 ], [ -96.706131699125407, 40.823079547800653 ], [ -96.706129251331689, 40.823080819816184 ], [ -96.706126803505853, 40.823082091799002 ], [ -96.706124355641222, 40.823083363742327 ], [ -96.706121907731045, 40.823084635639241 ], [ -96.70611945976853, 40.823085907482806 ], [ -96.706117011746883, 40.823087179266132 ], [ -96.706114563659341, 40.823088450982297 ], [ -96.706112115499124, 40.823089722624367 ], [ -96.706109667259398, 40.823090994185435 ], [ -96.70610721893344, 40.823092265658588 ], [ -96.706104770514429, 40.823093537036897 ], [ -96.706102321995601, 40.823094808313478 ], [ -96.706099873370164, 40.823096079481367 ], [ -96.706097424631267, 40.823097350533622 ], [ -96.706094975771833, 40.823098621462975 ], [ -96.706092526784744, 40.823099892262206 ], [ -96.706090077662836, 40.823101162924004 ], [ -96.706087628398961, 40.823102433441072 ], [ -96.706085178986001, 40.823103703806161 ], [ -96.706082729416806, 40.823104974011983 ], [ -96.70608027968423, 40.823106244051225 ], [ -96.706077829781137, 40.823107513916632 ], [ -96.70607537970038, 40.823108783600922 ], [ -96.706072929434825, 40.823110053096805 ], [ -96.706070478977836, 40.82311132239753 ], [ -96.70606802832485, 40.823112591498408 ], [ -96.706065577471747, 40.823113860395267 ], [ -96.706063126414463, 40.823115129083973 ], [ -96.706060675148919, 40.823116397560355 ], [ -96.706058223671036, 40.82311766582022 ], [ -96.706055771976708, 40.823118933859455 ], [ -96.706053320061912, 40.823120201673888 ], [ -96.706050867922499, 40.82312146925932 ], [ -96.706048415554434, 40.823122736611623 ], [ -96.70604596295361, 40.82312400372664 ], [ -96.706043510115975, 40.823125270600194 ], [ -96.706041057038632, 40.823126537229371 ], [ -96.706038603723641, 40.823127803616238 ], [ -96.706036150174199, 40.823129069764093 ], [ -96.706033696393575, 40.82313033567624 ], [ -96.706031242385023, 40.823131601355982 ], [ -96.706028788151741, 40.823132866806617 ], [ -96.706026333696983, 40.823134132031463 ], [ -96.706023879024002, 40.823135397033802 ], [ -96.706021424136026, 40.823136661816967 ], [ -96.706018969036307, 40.823137926384248 ], [ -96.706016513728059, 40.823139190738935 ], [ -96.706014058215601, 40.823140454885404 ], [ -96.706011602507431, 40.823141718832346 ], [ -96.706009146613084, 40.823142982589488 ], [ -96.706006690542139, 40.823144246166571 ], [ -96.706004234304132, 40.823145509573344 ], [ -96.706001777908611, 40.823146772819534 ], [ -96.705999321365155, 40.823148035914919 ], [ -96.705996864683271, 40.823149298869197 ], [ -96.705994407872566, 40.823150561692124 ], [ -96.705991950942575, 40.823151824393484 ], [ -96.70598949390282, 40.823153086982941 ], [ -96.705987036762892, 40.8231543494703 ], [ -96.705984579532895, 40.823155611865836 ], [ -96.705982122225052, 40.823156874182033 ], [ -96.705979664852222, 40.823158136432006 ], [ -96.705977207427196, 40.823159398628775 ], [ -96.705974749962792, 40.82316066078544 ], [ -96.705972292471827, 40.823161922915048 ], [ -96.705969834967092, 40.82316318503068 ], [ -96.705967377461434, 40.823164447145388 ], [ -96.705964919967641, 40.823165709272239 ], [ -96.705962462498519, 40.8231669714243 ], [ -96.705960005066913, 40.823168233614631 ], [ -96.70595754768577, 40.823169495856469 ], [ -96.705955090368761, 40.823170758163748 ], [ -96.705952633129669, 40.823172020550523 ], [ -96.705950175982338, 40.82317328303089 ], [ -96.705947718940536, 40.823174545618926 ], [ -96.705945262018105, 40.823175808328713 ], [ -96.705942805228858, 40.823177071174335 ], [ -96.705940348586566, 40.823178334169874 ], [ -96.705937892105084, 40.823179597329428 ], [ -96.705935435798196, 40.823180860667051 ], [ -96.705932979679744, 40.823182124196848 ], [ -96.70593052376357, 40.823183387932971 ], [ -96.70592806806394, 40.823184651889932 ], [ -96.705925612595138, 40.823185916082316 ], [ -96.705923157371458, 40.823187180524698 ], [ -96.705920702407226, 40.823188445231658 ], [ -96.705918247716724, 40.823189710217818 ], [ -96.705915793314276, 40.823190975497731 ], [ -96.705913339214177, 40.823192241085991 ], [ -96.705910885430711, 40.823193506997193 ], [ -96.705908431978216, 40.823194773245902 ], [ -96.705905978870973, 40.823196039846728 ], [ -96.705903526123294, 40.823197306814222 ], [ -96.705901073749544, 40.823198574163094 ], [ -96.705898621764405, 40.823199841908242 ], [ -96.705896170182569, 40.823201110064723 ], [ -96.705893719018803, 40.823202378647508 ], [ -96.705891268287814, 40.823203647671676 ], [ -96.705888818004354, 40.823204917152225 ], [ -96.70588636818313, 40.823206187104162 ], [ -96.705883918838879, 40.823207457542509 ], [ -96.705881469986338, 40.823208728482307 ], [ -96.705879021640229, 40.823209999938584 ], [ -96.705876573815303, 40.823211271926318 ], [ -96.705874126526183, 40.823212544460496 ], [ -96.705871679787265, 40.823213817555725 ], [ -96.705869233612859, 40.823215091226665 ], [ -96.705866788017232, 40.823216365487845 ], [ -96.705864343014724, 40.823217640353867 ], [ -96.705861898619617, 40.823218915839327 ], [ -96.705859454846234, 40.823220191958761 ], [ -96.705857011708844, 40.823221468726807 ], [ -96.705854569221799, 40.823222746158024 ], [ -96.705852127399339, 40.82322402426702 ], [ -96.705849686255817, 40.823225303068341 ], [ -96.705847245805529, 40.823226582576609 ], [ -96.70584480606226, 40.823227862805894 ], [ -96.705842367037974, 40.823229143768394 ], [ -96.705839928744126, 40.823230425475728 ], [ -96.705837491192128, 40.82323170793962 ], [ -96.705835054393475, 40.823232991171707 ], [ -96.70583261835958, 40.823234275183722 ], [ -96.705830183101895, 40.823235559987261 ], [ -96.70582774863189, 40.823236845594053 ], [ -96.70582531496099, 40.82323813201576 ], [ -96.705822882100662, 40.823239419264041 ], [ -96.705820450062348, 40.823240707350614 ], [ -96.705818018855908, 40.823241996285503 ], [ -96.705815588484967, 40.823243286072376 ], [ -96.705813158951486, 40.823244576713279 ], [ -96.705810730257511, 40.823245868210286 ], [ -96.705808302405018, 40.823247160565415 ], [ -96.705805875396052, 40.823248453780742 ], [ -96.705803449232604, 40.823249747858291 ], [ -96.705801023916678, 40.823251042800102 ], [ -96.705798599450304, 40.823252338608292 ], [ -96.705796175835474, 40.823253635284843 ], [ -96.70579375307419, 40.823254932831809 ], [ -96.705791331168484, 40.823256231251264 ], [ -96.70578891011823, 40.823257530543074 ], [ -96.705786489914757, 40.823258830698414 ], [ -96.70578407054731, 40.823260131706313 ], [ -96.705781652005086, 40.823261433555743 ], [ -96.705779234277315, 40.823262736235733 ], [ -96.705776817353211, 40.823264039735264 ], [ -96.705774401221987, 40.823265344043364 ], [ -96.705771985872872, 40.823266649149033 ], [ -96.705769571295079, 40.823267955041274 ], [ -96.705767157477823, 40.823269261709079 ], [ -96.705764744410303, 40.823270569141485 ], [ -96.705762332080411, 40.823271877326064 ], [ -96.705759920470399, 40.823273186244776 ], [ -96.705757509561266, 40.823274495878231 ], [ -96.705755099333899, 40.823275806206944 ], [ -96.705752689769241, 40.823277117211489 ], [ -96.705750280848278, 40.82327842887242 ], [ -96.705747872551882, 40.823279741170317 ], [ -96.705745464861025, 40.823281054085726 ], [ -96.705743057756649, 40.823282367599219 ], [ -96.705740651219685, 40.82328368169135 ], [ -96.705738245231046, 40.823284996342672 ], [ -96.705735839771705, 40.823286311533771 ], [ -96.705733434821923, 40.823287627244504 ], [ -96.705731030359416, 40.823288943452198 ], [ -96.705728626361221, 40.823290260133383 ], [ -96.705726222804387, 40.823291577264669 ], [ -96.705723819665991, 40.823292894822671 ], [ -96.705721416923041, 40.823294212783999 ], [ -96.705719014552599, 40.823295531125218 ], [ -96.705716612531731, 40.823296849822917 ], [ -96.705714210837456, 40.823298168853718 ], [ -96.705711809446854, 40.823299488194209 ], [ -96.705709408336958, 40.823300807820985 ], [ -96.705707007484676, 40.823302127710498 ], [ -96.705704606866348, 40.823303447838647 ], [ -96.705702206458199, 40.823304768181153 ], [ -96.705699806236439, 40.823306088713764 ], [ -96.705697406177293, 40.823307409412216 ], [ -96.705695006256931, 40.823308730252243 ], [ -96.705692606451592, 40.823310051209617 ], [ -96.705690206737486, 40.823311372260058 ], [ -96.705687807090811, 40.823312693379293 ], [ -96.705685407487763, 40.823314014543094 ], [ -96.705683007904597, 40.823315335727187 ], [ -96.705680608317493, 40.823316656907295 ], [ -96.70567820870275, 40.823317978059279 ], [ -96.705675809037075, 40.823319299159358 ], [ -96.705673409297205, 40.823320620183843 ], [ -96.705671009459934, 40.823321941109043 ], [ -96.705668609502041, 40.823323261911284 ], [ -96.705666209400306, 40.823324582566897 ], [ -96.705663809131494, 40.823325903052165 ], [ -96.705661408672384, 40.823327223343419 ], [ -96.705659007999728, 40.823328543416999 ], [ -96.705656607090333, 40.823329863249185 ], [ -96.705654205920965, 40.823331182816304 ], [ -96.705651804468943, 40.823332502095262 ], [ -96.705649402713902, 40.823333821065262 ], [ -96.705647000636006, 40.823335139706089 ], [ -96.705644598215457, 40.82333645799752 ], [ -96.705642195432389, 40.823337775919342 ], [ -96.705639792266979, 40.823339093451338 ], [ -96.705637388699444, 40.823340410573309 ], [ -96.705634984709917, 40.823341727265003 ], [ -96.705632580278603, 40.823343043506242 ], [ -96.70563017538565, 40.823344359276803 ], [ -96.705627770011247, 40.823345674556457 ], [ -96.705625364135585, 40.823346989324989 ], [ -96.705622957740076, 40.823348303563471 ], [ -96.705620550811162, 40.823349617258089 ], [ -96.705618143336579, 40.823350930396288 ], [ -96.705615735304008, 40.823352242965569 ], [ -96.705613326701169, 40.823353554953364 ], [ -96.70561091751577, 40.823354866347152 ], [ -96.705608507735505, 40.8233561771344 ], [ -96.70560609734811, 40.823357487302566 ], [ -96.705603686341263, 40.823358796839102 ], [ -96.705601274702673, 40.82336010573151 ], [ -96.705598862420075, 40.823361413967206 ], [ -96.705596449483266, 40.823362721535872 ], [ -96.705594035890684, 40.823364028435876 ], [ -96.705591621642839, 40.823365334667706 ], [ -96.705589206740257, 40.823366640231939 ], [ -96.70558679118345, 40.8233679451291 ], [ -96.705584374972972, 40.823369249359708 ], [ -96.705581958109335, 40.823370552924345 ], [ -96.705579540593064, 40.823371855823524 ], [ -96.705577122424714, 40.823373158057777 ], [ -96.705574703604768, 40.823374459627637 ], [ -96.70557228413378, 40.823375760533679 ], [ -96.705569864012304, 40.823377060776409 ], [ -96.705567443242458, 40.823378360358063 ], [ -96.70556502183311, 40.823379659287617 ], [ -96.705562599794717, 40.823380957575758 ], [ -96.705560177137727, 40.823382255233163 ], [ -96.705557753872625, 40.823383552270485 ], [ -96.705555330009872, 40.82338484869841 ], [ -96.705552905559927, 40.823386144527632 ], [ -96.70555048053329, 40.823387439768801 ], [ -96.705548054940408, 40.823388734432619 ], [ -96.705545628791754, 40.82339002852973 ], [ -96.705543202097772, 40.823391322070805 ], [ -96.705540774869149, 40.823392615066751 ], [ -96.705538347117212, 40.823393907529088 ], [ -96.705535918853528, 40.823395199469616 ], [ -96.705533490089621, 40.823396490900102 ], [ -96.705531060837018, 40.82339778183232 ], [ -96.705528631107285, 40.823399072278015 ], [ -96.705526200911933, 40.823400362248933 ], [ -96.705523770262516, 40.823401651756903 ], [ -96.705521339170573, 40.823402940813651 ], [ -96.705518907647644, 40.823404229430942 ], [ -96.705516475705252, 40.82340551762055 ], [ -96.705514043354952, 40.823406805394242 ], [ -96.705511610608085, 40.823408092763565 ], [ -96.705509177475051, 40.823409379739175 ], [ -96.705506743966154, 40.82341066633154 ], [ -96.705504310091612, 40.823411952551091 ], [ -96.705501875861685, 40.823413238408278 ], [ -96.705499441286591, 40.823414523913556 ], [ -96.705497006376604, 40.823415809077332 ], [ -96.705494571141955, 40.823417093910109 ], [ -96.705492135592891, 40.823418378422318 ], [ -96.705489699739644, 40.823419662624374 ], [ -96.705487263592474, 40.823420946526767 ], [ -96.705484827161399, 40.823422230139691 ], [ -96.705482390455515, 40.823423513472406 ], [ -96.705479953483703, 40.823424796533992 ], [ -96.705477516254845, 40.823426079333522 ], [ -96.705475078777823, 40.823427361879986 ], [ -96.70547264106149, 40.82342864418252 ], [ -96.705470203114757, 40.823429926250121 ], [ -96.705467764946462, 40.823431208091833 ], [ -96.705465326565516, 40.823432489716751 ], [ -96.705462887980786, 40.823433771133885 ], [ -96.705460449201169, 40.823435052352345 ], [ -96.705458010235489, 40.823436333381103 ], [ -96.705455571092543, 40.823437614229142 ], [ -96.705453131780544, 40.823438894904847 ], [ -96.705450692307579, 40.823440175416437 ], [ -96.705448252681762, 40.823441455772183 ], [ -96.705445812911165, 40.823442735980372 ], [ -96.705443373003916, 40.82344401604923 ], [ -96.705440932968102, 40.823445295987014 ], [ -96.705438492811794, 40.823446575801974 ], [ -96.705436052543106, 40.82344785550238 ], [ -96.705433612170125, 40.823449135096496 ], [ -96.705431171700965, 40.823450414592571 ], [ -96.705428731143542, 40.823451693998692 ], [ -96.705426290505159, 40.823452973322254 ], [ -96.705423849792894, 40.823454252570535 ], [ -96.70542140901388, 40.823455531750795 ], [ -96.705418968175195, 40.823456810870255 ], [ -96.705416527283987, 40.823458089936189 ], [ -96.705414086347346, 40.823459368955852 ], [ -96.705411645372408, 40.823460647936464 ], [ -96.705409204366234, 40.823461926885301 ], [ -96.705406763335986, 40.823463205809588 ], [ -96.705404322288743, 40.823464484716624 ], [ -96.705401881231623, 40.823465763613612 ], [ -96.705399440171377, 40.823467042507446 ], [ -96.705396999113233, 40.823468321403439 ], [ -96.705394558062039, 40.823469600306609 ], [ -96.705392117022669, 40.823470879221865 ], [ -96.70538967600001, 40.823472158154182 ], [ -96.705387234998881, 40.823473437108504 ], [ -96.70538479402417, 40.823474716089812 ], [ -96.705382353080751, 40.823475995103053 ], [ -96.70537991217347, 40.823477274153213 ], [ -96.705377471307187, 40.823478553245202 ], [ -96.705375030486778, 40.823479832384017 ], [ -96.705372589716333, 40.823481111573827 ], [ -96.705370148996877, 40.823482390815649 ], [ -96.705367708328666, 40.823483670109781 ], [ -96.705365267711954, 40.823484949456443 ], [ -96.705362827146999, 40.823486228855948 ], [ -96.705360386634041, 40.823487508308538 ], [ -96.705357946173365, 40.823488787814448 ], [ -96.705355505765212, 40.823490067373953 ], [ -96.705353065409838, 40.823491346987332 ], [ -96.705350625107499, 40.82349262665484 ], [ -96.705348184858451, 40.823493906376704 ], [ -96.705345744662935, 40.823495186153231 ], [ -96.705343304520397, 40.823496465983794 ], [ -96.705340864426859, 40.823497745864373 ], [ -96.705338424377558, 40.823499025790113 ], [ -96.705335984367693, 40.823500305756085 ], [ -96.705333544392488, 40.823501585757455 ], [ -96.705331104447154, 40.823502865789322 ], [ -96.705328664526888, 40.823504145846798 ], [ -96.705326224626916, 40.823505425924999 ], [ -96.705323784742461, 40.82350670601906 ], [ -96.705321344868707, 40.823507986124092 ], [ -96.705318905000908, 40.823509266235199 ], [ -96.705316465134302, 40.823510546347599 ], [ -96.705314025264428, 40.823511826456688 ], [ -96.705311585386895, 40.823513106557996 ], [ -96.705309145497267, 40.82351438664702 ], [ -96.705306705591141, 40.823515666719288 ], [ -96.705304265664125, 40.823516946770269 ], [ -96.705301825711786, 40.823518226795464 ], [ -96.705299385729731, 40.823519506790419 ], [ -96.705296945713556, 40.823520786750592 ], [ -96.705294505658856, 40.823522066671522 ], [ -96.705292065561196, 40.823523346548704 ], [ -96.705289625416796, 40.823524626378251 ], [ -96.705287185224307, 40.823525906158835 ], [ -96.705284744983061, 40.823527185889681 ], [ -96.70528230469229, 40.823528465570107 ], [ -96.705279864351311, 40.823529745199345 ], [ -96.705277423959387, 40.823531024776699 ], [ -96.705274983515807, 40.823532304301409 ], [ -96.705272543019845, 40.823533583772743 ], [ -96.705270102470806, 40.823534863190005 ], [ -96.70526766186795, 40.823536142552435 ], [ -96.705265221210581, 40.823537421859285 ], [ -96.705262780497975, 40.823538701109868 ], [ -96.705260339729875, 40.823539980303899 ], [ -96.705257898907931, 40.823541259443061 ], [ -96.70525545803423, 40.82354253852948 ], [ -96.705253017110891, 40.823543817565337 ], [ -96.705250576139989, 40.823545096552714 ], [ -96.705248135123625, 40.823546375493798 ], [ -96.705245694063933, 40.823547654390723 ], [ -96.705243252963001, 40.823548933245625 ], [ -96.705240811822904, 40.823550212060653 ], [ -96.705238370645773, 40.823551490837964 ], [ -96.705235929433712, 40.823552769579663 ], [ -96.705233488189023, 40.823554048288145 ], [ -96.705231046914861, 40.823555326966613 ], [ -96.70522860561465, 40.823556605618556 ], [ -96.705226164291716, 40.823557884247371 ], [ -96.705223722949498, 40.823559162856554 ], [ -96.705221281591363, 40.823560441449537 ], [ -96.705218840220667, 40.823561720029794 ], [ -96.705216398840818, 40.8235629986007 ], [ -96.705213957455186, 40.823564277165801 ], [ -96.705211516067166, 40.823565555728486 ], [ -96.705209074680155, 40.823566834292222 ], [ -96.705206633297479, 40.82356811286045 ], [ -96.705204191922647, 40.823569391436699 ], [ -96.705201750559368, 40.823570670024758 ], [ -96.705199309211395, 40.823571948628484 ], [ -96.70519686788252, 40.823573227251728 ], [ -96.70519442657654, 40.823574505898335 ], [ -96.705191985297219, 40.823575784572178 ], [ -96.705189544048366, 40.823577063277135 ], [ -96.705187102833747, 40.823578342017029 ], [ -96.705184661657128, 40.823579620795755 ], [ -96.705182220522332, 40.823580899617113 ], [ -96.705179779433109, 40.823582178485012 ], [ -96.705177338393227, 40.823583457403252 ], [ -96.705174897406238, 40.823584736375473 ], [ -96.705172456475722, 40.82358601540534 ], [ -96.705170015605205, 40.82358729449642 ], [ -96.705167574798253, 40.823588573652351 ], [ -96.705165134058404, 40.823589852876744 ], [ -96.705162693389198, 40.82359113217322 ], [ -96.705160252794201, 40.823592411545405 ], [ -96.705157812276937, 40.823593690996915 ], [ -96.705155371840974, 40.823594970531339 ], [ -96.705152931489849, 40.823596250152328 ], [ -96.705150491227101, 40.823597529863491 ], [ -96.70514805105617, 40.823598809668326 ], [ -96.70514561098004, 40.823600089569858 ], [ -96.705143171001552, 40.823601369570994 ], [ -96.705140731123578, 40.823602649674662 ], [ -96.705138291348945, 40.82360392988376 ], [ -96.705135851680538, 40.823605210201222 ], [ -96.705133412121199, 40.823606490629956 ], [ -96.7051309726738, 40.82360777117286 ], [ -96.705128533341195, 40.823609051832861 ], [ -96.705126094126214, 40.823610332612844 ], [ -96.705123655031741, 40.823611613515766 ], [ -96.705121216060377, 40.823612894544262 ], [ -96.705118777213741, 40.82361417569998 ], [ -96.70511633849317, 40.823615456984307 ], [ -96.70511389990007, 40.82361673839862 ], [ -96.705111461435777, 40.823618019944369 ], [ -96.705109023101656, 40.823619301622877 ], [ -96.705106584899085, 40.82362058343557 ], [ -96.705104146829427, 40.823621865383842 ], [ -96.705101708894034, 40.823623147469064 ], [ -96.705099271094269, 40.823624429692657 ], [ -96.705096833431526, 40.823625712055978 ], [ -96.705094395907139, 40.823626994560449 ], [ -96.705091958522161, 40.823628277207114 ], [ -96.705089521276307, 40.823629559995659 ], [ -96.705087084168952, 40.823630842925525 ], [ -96.705084647199484, 40.823632125996021 ], [ -96.705082210367308, 40.823633409206536 ], [ -96.705079773671784, 40.823634692556453 ], [ -96.705077337112314, 40.823635976045146 ], [ -96.705074900688274, 40.823637259671997 ], [ -96.705072464399052, 40.823638543436374 ], [ -96.705070028244052, 40.823639827337622 ], [ -96.705067592222647, 40.823641111375174 ], [ -96.705065156333987, 40.823642395548148 ], [ -96.705062720576379, 40.823643679854776 ], [ -96.705060284947905, 40.823644964293102 ], [ -96.705057849446604, 40.823646248861166 ], [ -96.705055414070543, 40.823647533556986 ], [ -96.705052978817776, 40.823648818378587 ], [ -96.705050543686411, 40.823650103323999 ], [ -96.705048108674475, 40.823651388391269 ], [ -96.705045673780049, 40.823652673578394 ], [ -96.705043239001213, 40.823653958883419 ], [ -96.705040804336008, 40.823655244304369 ], [ -96.705038369782514, 40.823656529839262 ], [ -96.705035935338685, 40.823657815486051 ], [ -96.705033501002092, 40.823659101242207 ], [ -96.705031066770204, 40.823660387105178 ], [ -96.705028632640477, 40.823661673072372 ], [ -96.705026198610383, 40.823662959141217 ], [ -96.705023764677392, 40.823664245309111 ], [ -96.70502133083896, 40.823665531573454 ], [ -96.705018897092543, 40.823666817931688 ], [ -96.705016463435612, 40.823668104381206 ], [ -96.705014029865637, 40.823669390919449 ], [ -96.705011596380075, 40.823670677543809 ], [ -96.705009162976367, 40.823671964251652 ], [ -96.705006729651814, 40.823673251040297 ], [ -96.705004296403686, 40.823674537906882 ], [ -96.705001863229256, 40.823675824848664 ], [ -96.704999430125781, 40.82367711186285 ], [ -96.704996997090561, 40.823678398946662 ], [ -96.704994564120852, 40.823679686097343 ], [ -96.704992131213928, 40.823680973312079 ], [ -96.704989698367058, 40.823682260588086 ], [ -96.704987265577529, 40.823683547922606 ], [ -96.704984832842584, 40.823684835312825 ], [ -96.704982400159523, 40.823686122756008 ], [ -96.704979967525603, 40.82368741024932 ], [ -96.704977534938109, 40.82368869779004 ], [ -96.704975102394357, 40.823689985375417 ], [ -96.704972669891632, 40.823691273002623 ], [ -96.70497023742719, 40.823692560668938 ], [ -96.704967804998347, 40.823693848371619 ], [ -96.704965372602402, 40.823695136107837 ], [ -96.704962940236626, 40.823696423874878 ], [ -96.704960507898321, 40.823697711669993 ], [ -96.70495807558477, 40.823698999490368 ], [ -96.70495564329326, 40.823700287333267 ], [ -96.70495321102122, 40.823701575196061 ], [ -96.704950778766516, 40.823702863076598 ], [ -96.704948346527189, 40.823704150972823 ], [ -96.704945914301234, 40.823705438882705 ], [ -96.704943482086634, 40.823706726804254 ], [ -96.704941049881455, 40.823708014735431 ], [ -96.704938617683666, 40.823709302674196 ], [ -96.704936185491306, 40.823710590618504 ], [ -96.704933753302356, 40.823711878566357 ], [ -96.704931321114856, 40.823713166515752 ], [ -96.704928888926801, 40.823714454464579 ], [ -96.704926456736217, 40.823715742410876 ], [ -96.704924024541427, 40.823717030352924 ], [ -96.704921592342089, 40.823718318290396 ], [ -96.704919160138175, 40.82371960622325 ], [ -96.7049167279297, 40.823720894151442 ], [ -96.704914295716634, 40.823722182075045 ], [ -96.70491186349895, 40.823723469993965 ], [ -96.704909431276647, 40.823724757908195 ], [ -96.704906999049697, 40.82372604581775 ], [ -96.704904566818087, 40.823727333722587 ], [ -96.704902134581815, 40.823728621622699 ], [ -96.704899702340839, 40.823729909518065 ], [ -96.704897270095799, 40.82373119740933 ], [ -96.704894837849864, 40.823732485299715 ], [ -96.704892405606842, 40.823733773193119 ], [ -96.704889973370555, 40.823735061093444 ], [ -96.704887541144814, 40.823736349004541 ], [ -96.704885108933425, 40.823737636930339 ], [ -96.70488267674024, 40.823738924874704 ], [ -96.704880244569011, 40.823740212841535 ], [ -96.704877812423604, 40.823741500834686 ], [ -96.704875380307783, 40.823742788858112 ], [ -96.7048729482254, 40.823744076915652 ], [ -96.70487051618025, 40.823745365011206 ], [ -96.704868084176908, 40.823746653149428 ], [ -96.704865652222878, 40.82374794133797 ], [ -96.704863220326459, 40.823749229585303 ], [ -96.704860788495893, 40.823750517899832 ], [ -96.704858356739479, 40.823751806290019 ], [ -96.704855925065473, 40.823753094764264 ], [ -96.704853493482148, 40.82375438333105 ], [ -96.704851061997772, 40.823755671998768 ], [ -96.704848630620646, 40.823756960775881 ], [ -96.704846199358997, 40.823758249670803 ], [ -96.704843768221139, 40.823759538691981 ], [ -96.704841337214887, 40.823760827847416 ], [ -96.704838906346353, 40.823762117143353 ], [ -96.704836475621249, 40.823763406585549 ], [ -96.704834045045232, 40.823764696179815 ], [ -96.704831614623998, 40.823765985931985 ], [ -96.70482918436322, 40.823767275847821 ], [ -96.704826754268595, 40.823768565933108 ], [ -96.704824324345807, 40.823769856193678 ], [ -96.704821894600528, 40.823771146635295 ], [ -96.704819465038454, 40.823772437263777 ], [ -96.704817035665272, 40.823773728084916 ], [ -96.70481460648665, 40.823775019104502 ], [ -96.704812177506739, 40.823776310326743 ], [ -96.70480974872352, 40.823777601749619 ], [ -96.70480732013344, 40.823778893369486 ], [ -96.704804891732934, 40.823780185182706 ], [ -96.704802463518448, 40.823781477185634 ], [ -96.704800035486414, 40.823782769374695 ], [ -96.704797607633282, 40.823784061746203 ], [ -96.704795179955497, 40.823785354296561 ], [ -96.704792752449492, 40.823786647022125 ], [ -96.704790325111688, 40.823787939919278 ], [ -96.704787897938559, 40.823789232984375 ], [ -96.704785470925373, 40.823790526212612 ], [ -96.704783044062708, 40.823791819594383 ], [ -96.704780617339964, 40.823793113118874 ], [ -96.704778190746566, 40.823794406775328 ], [ -96.704775764271943, 40.823795700552914 ], [ -96.704773337905479, 40.823796994440855 ], [ -96.704770911636615, 40.823798288428343 ], [ -96.70476848545475, 40.823799582504627 ], [ -96.704766059349325, 40.823800876658865 ], [ -96.70476363330971, 40.823802170880249 ], [ -96.704761207325362, 40.823803465158065 ], [ -96.704758781385678, 40.823804759481433 ], [ -96.704756355479489, 40.823806053839022 ], [ -96.704753929593267, 40.823807348217009 ], [ -96.704751503712913, 40.823808642601016 ], [ -96.704749077824346, 40.82380993697668 ], [ -96.704746651913439, 40.823811231329621 ], [ -96.704744225966095, 40.823812525645437 ], [ -96.704741799968218, 40.823813819909773 ], [ -96.704739373905682, 40.823815114108228 ], [ -96.704736947764417, 40.823816408226399 ], [ -96.704734521530284, 40.823817702249961 ], [ -96.704732095189229, 40.823818996164505 ], [ -96.704729668726898, 40.823820289955435 ], [ -96.704727242128243, 40.823821583607355 ], [ -96.704724815377929, 40.82382287710471 ], [ -96.704722388460709, 40.823824170431877 ], [ -96.704719961361263, 40.823825463573286 ], [ -96.704717534064315, 40.82382675651332 ], [ -96.704715106554573, 40.823828049236383 ], [ -96.704712678816719, 40.823829341726906 ], [ -96.704710250835504, 40.823830633969294 ], [ -96.704707822595608, 40.823831925947943 ], [ -96.70470539408177, 40.823833217647262 ], [ -96.70470296527867, 40.823834509051679 ], [ -96.704700536170904, 40.823835800145424 ], [ -96.704698106742455, 40.823837090912242 ], [ -96.704695676977252, 40.823838381335676 ], [ -96.704693246859151, 40.823839671399291 ], [ -96.704690816372064, 40.82384096108666 ], [ -96.704688385499864, 40.823842250381347 ], [ -96.704685954226406, 40.823843539266953 ], [ -96.704683522535632, 40.823844827726994 ], [ -96.70468109041137, 40.82384611574507 ], [ -96.704678657837547, 40.823847403304725 ], [ -96.704676224798035, 40.823848690389568 ], [ -96.704673791276562, 40.82384997698297 ], [ -96.704671357256302, 40.823851263067759 ], [ -96.704668922720245, 40.823852548626625 ], [ -96.704666487651409, 40.823853833642225 ], [ -96.704664052032797, 40.823855118097242 ], [ -96.704661615847385, 40.823856401974354 ], [ -96.704659179078234, 40.823857685256179 ], [ -96.70465674170832, 40.823858967925467 ], [ -96.704654303720659, 40.823860249964838 ], [ -96.704651865098256, 40.823861531356961 ], [ -96.704649425824101, 40.823862812084556 ], [ -96.704646985881297, 40.823864092130314 ], [ -96.704644545253188, 40.823865371477304 ], [ -96.704642103923234, 40.823866650108634 ], [ -96.704639661874879, 40.823867928007388 ], [ -96.704637219091552, 40.823869205156718 ], [ -96.70463477555667, 40.823870481539728 ], [ -96.704632331253706, 40.823871757139486 ], [ -96.704629886166089, 40.823873031939186 ], [ -96.70462744027725, 40.823874305921862 ], [ -96.704624993570647, 40.823875579070702 ], [ -96.704622546029697, 40.823876851368738 ], [ -96.704620097637857, 40.82387812279913 ], [ -96.704617648379354, 40.823879393345806 ], [ -96.704615198241697, 40.823880662996018 ], [ -96.704612747213204, 40.823881931737837 ], [ -96.704610295282151, 40.823883199559305 ], [ -96.704607842436843, 40.823884466448561 ], [ -96.704605388665584, 40.823885732393599 ], [ -96.704602933956693, 40.82388699738253 ], [ -96.704600478298445, 40.823888261403425 ], [ -96.704598021679175, 40.823889524444354 ], [ -96.704595564087171, 40.823890786493365 ], [ -96.70459310551071, 40.823892047538571 ], [ -96.704590645940598, 40.823893307570529 ], [ -96.704588185377517, 40.823894566589942 ], [ -96.704585723824579, 40.823895824600029 ], [ -96.704583261284967, 40.823897081603974 ], [ -96.704580797761807, 40.823898337605016 ], [ -96.704578333258254, 40.823899592606331 ], [ -96.70457586777745, 40.823900846611174 ], [ -96.704573401322548, 40.823902099622728 ], [ -96.704570933896704, 40.823903351644191 ], [ -96.704568465503058, 40.823904602678788 ], [ -96.704565996144751, 40.82390585272973 ], [ -96.704563525824938, 40.823907101800238 ], [ -96.704561054549373, 40.823908349896129 ], [ -96.704558582334144, 40.823909597033861 ], [ -96.704556109197966, 40.823910843232525 ], [ -96.704553635159527, 40.82391208851115 ], [ -96.704551160237571, 40.82391333288885 ], [ -96.704548684450785, 40.823914576384666 ], [ -96.704546207817856, 40.823915819017699 ], [ -96.7045437303575, 40.823917060807013 ], [ -96.704541252088433, 40.82391830177167 ], [ -96.704538773029341, 40.823919541930763 ], [ -96.704536293198956, 40.823920781303336 ], [ -96.704533812617342, 40.823922019909929 ], [ -96.704531331310093, 40.823923257776585 ], [ -96.704528849304211, 40.82392449493085 ], [ -96.704526366626666, 40.823925731400237 ], [ -96.704523883304432, 40.823926967212245 ], [ -96.704521399364509, 40.823928202394391 ], [ -96.704518914833855, 40.823929436974204 ], [ -96.704516429739471, 40.823930670979195 ], [ -96.704513944108314, 40.823931904436847 ], [ -96.704511457967399, 40.823933137374695 ], [ -96.704508971343685, 40.823934369820279 ], [ -96.704506484264158, 40.823935601801047 ], [ -96.704503996756372, 40.823936833345172 ], [ -96.704501508850242, 40.823938064483116 ], [ -96.704499020576264, 40.823939295245992 ], [ -96.704496531964921, 40.823940525664902 ], [ -96.704494043046722, 40.823941755770889 ], [ -96.704491553852151, 40.823942985595103 ], [ -96.704489064411689, 40.823944215168616 ], [ -96.704486574755848, 40.823945444522522 ], [ -96.704484084915109, 40.823946673687935 ], [ -96.704481594919955, 40.823947902695892 ], [ -96.704479104800896, 40.82394913157755 ], [ -96.704476614588472, 40.823950360364037 ], [ -96.70447412431345, 40.823951589086725 ], [ -96.70447163400668, 40.823952817777084 ], [ -96.704469143698986, 40.823954046466525 ], [ -96.704466653421207, 40.823955275186513 ], [ -96.70446416320415, 40.823956503968454 ], [ -96.704461673078683, 40.82395773284383 ], [ -96.704459183075627, 40.823958961844056 ], [ -96.704456693225794, 40.823960191000573 ], [ -96.704454203560033, 40.823961420344851 ], [ -96.704451714109183, 40.82396264990831 ], [ -96.704449224904067, 40.823963879722378 ], [ -96.704446735975267, 40.823965109818275 ], [ -96.704444247352413, 40.823966340226171 ], [ -96.704441759064892, 40.823967570976073 ], [ -96.704439271142064, 40.823968802097887 ], [ -96.704436783613318, 40.823970033621606 ], [ -96.704434296508012, 40.823971265577164 ], [ -96.704431809855549, 40.823972497994539 ], [ -96.704429323685289, 40.823973730903681 ], [ -96.70442683802662, 40.823974964334539 ], [ -96.704424352908902, 40.823976198317062 ], [ -96.704421868361536, 40.823977432881229 ], [ -96.704419384412915, 40.823978668056014 ], [ -96.704416901087654, 40.82397990386648 ], [ -96.704414418409357, 40.823981140336741 ], [ -96.704411936401669, 40.823982377490893 ], [ -96.704409455088225, 40.823983615353008 ], [ -96.704406974492642, 40.823984853947209 ], [ -96.704404494638553, 40.823986093297549 ], [ -96.70440201554959, 40.823987333428178 ], [ -96.704399537249373, 40.823988574363192 ], [ -96.704397059761547, 40.823989816126634 ], [ -96.704394583109732, 40.823991058742642 ], [ -96.704392107317574, 40.823992302235311 ], [ -96.70438963240673, 40.82399354662671 ], [ -96.704387158390972, 40.823994791930929 ], [ -96.70438468528215, 40.823996038160018 ], [ -96.704382213092103, 40.823997285326044 ], [ -96.704379741832639, 40.82399853344107 ], [ -96.704377271515582, 40.82399978251717 ], [ -96.704374802152813, 40.824001032566386 ], [ -96.704372333756098, 40.824002283600805 ], [ -96.704369866337302, 40.824003535632464 ], [ -96.70436739990825, 40.824004788673463 ], [ -96.704364934480765, 40.824006042735832 ], [ -96.704362470063899, 40.824007297828807 ], [ -96.704360006655577, 40.824008553950286 ], [ -96.704357544250968, 40.824009811095308 ], [ -96.704355082845183, 40.824011069258937 ], [ -96.704352622433419, 40.824012328436233 ], [ -96.704350163010801, 40.824013588622236 ], [ -96.704347704572456, 40.824014849811995 ], [ -96.704345247113579, 40.824016112000592 ], [ -96.704342790629269, 40.824017375183054 ], [ -96.704340335114708, 40.824018639354421 ], [ -96.704337880565035, 40.824019904509782 ], [ -96.704335426975419, 40.824021170644166 ], [ -96.704332974339209, 40.824022437750862 ], [ -96.704330522642763, 40.824023705815883 ], [ -96.704328071870648, 40.824024974823523 ], [ -96.704325622007417, 40.824026244758059 ], [ -96.704323173037665, 40.824027515603717 ], [ -96.704320724945944, 40.824028787344801 ], [ -96.704318277716823, 40.824030059965537 ], [ -96.704315831334881, 40.824031333450236 ], [ -96.704313385784658, 40.824032607783103 ], [ -96.704310941050764, 40.824033882948463 ], [ -96.704308497117751, 40.824035158930556 ], [ -96.704306053969802, 40.824036435713239 ], [ -96.704303611589637, 40.824037713278926 ], [ -96.704301169959564, 40.824038991609548 ], [ -96.704298729061932, 40.824040270687107 ], [ -96.704296288879064, 40.824041550493575 ], [ -96.704293849393267, 40.824042831010928 ], [ -96.70429141058689, 40.824044112221145 ], [ -96.704288972442242, 40.824045394106214 ], [ -96.704286534941673, 40.824046676648095 ], [ -96.704284098067475, 40.824047959828782 ], [ -96.704281661802014, 40.824049243630242 ], [ -96.704279226127596, 40.824050528034476 ], [ -96.704276791026587, 40.824051813023459 ], [ -96.70427435648142, 40.82405309857932 ], [ -96.704271922474604, 40.824054384684167 ], [ -96.704269488988615, 40.824055671320203 ], [ -96.704267056005918, 40.824056958469505 ], [ -96.704264623509019, 40.82405824611422 ], [ -96.704262191480396, 40.824059534236497 ], [ -96.704259759902527, 40.824060822818467 ], [ -96.70425732875789, 40.824062111842281 ], [ -96.704254898028964, 40.824063401290061 ], [ -96.704252467698254, 40.824064691143946 ], [ -96.704250037748366, 40.824065981386212 ], [ -96.704247608162419, 40.824067271999645 ], [ -96.704245178923713, 40.824068562967206 ], [ -96.704242750015496, 40.824069854271841 ], [ -96.70424032142104, 40.824071145896461 ], [ -96.704237893123633, 40.824072437824043 ], [ -96.704235465106521, 40.824073730037505 ], [ -96.704233037352992, 40.824075022519779 ], [ -96.704230609846306, 40.824076315253812 ], [ -96.70422818256975, 40.824077608222545 ], [ -96.704225755506556, 40.824078901408924 ], [ -96.704223328640026, 40.82408019479589 ], [ -96.704220901953548, 40.824081488366481 ], [ -96.704218475430991, 40.824082782104284 ], [ -96.704216049056342, 40.824084075992957 ], [ -96.704213622813612, 40.824085370016171 ], [ -96.704211196686742, 40.824086664157633 ], [ -96.70420877065979, 40.824087958400973 ], [ -96.704206344716695, 40.824089252729891 ], [ -96.704203918841472, 40.824090547128037 ], [ -96.704201493018118, 40.824091841579133 ], [ -96.704199067230604, 40.824093136066843 ], [ -96.704196641462943, 40.82409443057481 ], [ -96.704194215699445, 40.824095725087084 ], [ -96.704191789925829, 40.824097019589054 ], [ -96.704189364128112, 40.824098314066504 ], [ -96.70418693829231, 40.824099608505165 ], [ -96.704184512404453, 40.82410090289077 ], [ -96.704182086450601, 40.824102197209115 ], [ -96.704179660416756, 40.824103491445953 ], [ -96.704177234288963, 40.824104785587004 ], [ -96.704174808053239, 40.824106079618055 ], [ -96.704172381695642, 40.824107373524839 ], [ -96.704169955202161, 40.824108667293139 ], [ -96.70416752855887, 40.824109960908672 ], [ -96.704165101752537, 40.82411125435803 ], [ -96.704162674773215, 40.824112547630982 ], [ -96.704160247611654, 40.824113840718134 ], [ -96.704157820258629, 40.824115133610107 ], [ -96.704155392704934, 40.824116426297486 ], [ -96.704152964941358, 40.824117718770886 ], [ -96.704150536958679, 40.82411901102089 ], [ -96.704148108747674, 40.824120303038093 ], [ -96.704145680299135, 40.824121594813107 ], [ -96.704143251603838, 40.824122886336568 ], [ -96.704140822652562, 40.824124177598996 ], [ -96.704138393437589, 40.824125468592577 ], [ -96.704135963957086, 40.824126759315419 ], [ -96.704133534210683, 40.824128049767175 ], [ -96.704131104198069, 40.824129339947454 ], [ -96.704128673918859, 40.824130629855972 ], [ -96.704126243372755, 40.824131919492338 ], [ -96.704123812559374, 40.824133208856189 ], [ -96.704121381478387, 40.824134497947213 ], [ -96.704118950129455, 40.824135786764998 ], [ -96.704116518512208, 40.824137075309231 ], [ -96.704114086626305, 40.824138363579564 ], [ -96.704111654471419, 40.824139651575614 ], [ -96.704109222048501, 40.824140939298402 ], [ -96.704106789363678, 40.824142226754134 ], [ -96.704104356424409, 40.824143513950446 ], [ -96.704101923238099, 40.824144800894906 ], [ -96.704099489812251, 40.824146087595089 ], [ -96.704097056154268, 40.824147374058612 ], [ -96.704094622271597, 40.824148660293062 ], [ -96.704092188171671, 40.824149946306001 ], [ -96.704089753861979, 40.824151232105081 ], [ -96.70408731934991, 40.824152517697812 ], [ -96.704084884642924, 40.824153803091825 ], [ -96.704082449748455, 40.824155088294702 ], [ -96.704080014673821, 40.824156373313883 ], [ -96.704077579426354, 40.824157658156864 ], [ -96.704075144013359, 40.824158942831097 ], [ -96.704072708442169, 40.824160227344038 ], [ -96.704070272720074, 40.824161511703139 ], [ -96.704067836854406, 40.824162795915875 ], [ -96.704065400852471, 40.824164079989707 ], [ -96.704062964721601, 40.824165363932082 ], [ -96.704060528469114, 40.824166647750481 ], [ -96.704058092102301, 40.824167931452337 ], [ -96.704055655628508, 40.824169215045117 ], [ -96.704053219054614, 40.824170498535892 ], [ -96.704050782385877, 40.824171781930005 ], [ -96.704048345627172, 40.824173065232351 ], [ -96.704045908783286, 40.824174348447947 ], [ -96.704043471859094, 40.824175631581653 ], [ -96.704041034859458, 40.824176914638471 ], [ -96.704038597789193, 40.824178197623304 ], [ -96.704036160653132, 40.82417948054109 ], [ -96.704033723456149, 40.824180763396768 ], [ -96.704031286203062, 40.824182046195304 ], [ -96.70402884889873, 40.824183328941615 ], [ -96.704026411547673, 40.824184611640291 ], [ -96.704023974153174, 40.824185894294736 ], [ -96.704021536718187, 40.824187176907934 ], [ -96.70401909924567, 40.824188459482905 ], [ -96.704016661738592, 40.824189742022668 ], [ -96.704014224199923, 40.824191024530244 ], [ -96.70401178663262, 40.824192307008651 ], [ -96.704009349039637, 40.824193589460918 ], [ -96.704006911423932, 40.824194871890086 ], [ -96.704004473788473, 40.824196154299109 ], [ -96.704002036136231, 40.82419743669108 ], [ -96.70399959847002, 40.824198719068839 ], [ -96.703997160792056, 40.824200001434669 ], [ -96.703994723104472, 40.824201283790714 ], [ -96.703992285409342, 40.824202566139107 ], [ -96.703989847708755, 40.824203848481979 ], [ -96.703987410004828, 40.824205130821483 ], [ -96.703984972299637, 40.82420641315975 ], [ -96.703982534595283, 40.824207695498892 ], [ -96.703980096893872, 40.824208977841074 ], [ -96.703977659197491, 40.824210260188423 ], [ -96.70397522150823, 40.82421154254309 ], [ -96.703972783828178, 40.824212824907207 ], [ -96.70397034615948, 40.824214107282906 ], [ -96.703967908504296, 40.824215389672446 ], [ -96.703965470864887, 40.824216672078073 ], [ -96.703963033243411, 40.824217954502082 ], [ -96.703960595642116, 40.824219236946668 ], [ -96.703958158063216, 40.824220519414162 ], [ -96.70395572050893, 40.824221801906781 ], [ -96.703953282981459, 40.824223084426777 ], [ -96.703950845483035, 40.824224366976452 ], [ -96.703948408015847, 40.824225649558024 ], [ -96.703945970582126, 40.824226932173751 ], [ -96.703943533184258, 40.824228214826086 ], [ -96.703941095825286, 40.824229497518125 ], [ -96.703938658508392, 40.824230780253103 ], [ -96.703936221236788, 40.824232063034323 ], [ -96.703933784013699, 40.824233345865011 ], [ -96.703931346842268, 40.824234628748485 ], [ -96.703928909725761, 40.824235911687964 ], [ -96.703926472667348, 40.824237194686745 ], [ -96.703924035670241, 40.824238477748075 ], [ -96.703921598737637, 40.824239760875209 ], [ -96.703919161872733, 40.824241044071449 ], [ -96.703916725078741, 40.824242327340023 ], [ -96.703914288359101, 40.824243610684448 ], [ -96.703911851718146, 40.824244894109171 ], [ -96.703909415160453, 40.824246177618832 ], [ -96.703906978690611, 40.824247461218135 ], [ -96.703904542313197, 40.824248744911714 ], [ -96.7039021060328, 40.824250028704256 ], [ -96.703899669853968, 40.824251312600438 ], [ -96.703897233781305, 40.824252596604921 ], [ -96.703894797819387, 40.824253880722353 ], [ -96.703892361972777, 40.824255164957442 ], [ -96.703889926246077, 40.824256449314831 ], [ -96.703887490643908, 40.824257733799236 ], [ -96.703885055171099, 40.824259018415631 ], [ -96.703882619832555, 40.824260303168977 ], [ -96.703880184633192, 40.82426158806426 ], [ -96.703877749577856, 40.824262873106498 ], [ -96.703875314671478, 40.824264158300657 ], [ -96.703872879918961, 40.824265443651733 ], [ -96.703870445325165, 40.824266729164734 ], [ -96.703868010895008, 40.824268014844648 ], [ -96.703865576633376, 40.824269300696464 ], [ -96.703863142545174, 40.824270586725149 ], [ -96.703860708635276, 40.824271872935718 ], [ -96.703858274908001, 40.824273159332542 ], [ -96.703855841365225, 40.82427444591756 ], [ -96.703853408008271, 40.824275732692122 ], [ -96.703850974838417, 40.824277019657508 ], [ -96.703848541856971, 40.824278306815067 ], [ -96.703846109065239, 40.824279594166129 ], [ -96.703843676464516, 40.824280881711999 ], [ -96.703841244056065, 40.824282169454001 ], [ -96.703838811841251, 40.824283457393499 ], [ -96.703836379821325, 40.824284745531756 ], [ -96.703833947997595, 40.824286033870152 ], [ -96.703831516370386, 40.824287322408964 ], [ -96.703829084935961, 40.824288611144439 ], [ -96.703826653689646, 40.824289900071761 ], [ -96.703824222626778, 40.824291189186177 ], [ -96.703821791742612, 40.824292478482896 ], [ -96.703819361032487, 40.824293767957116 ], [ -96.703816930491698, 40.824295057604061 ], [ -96.70381450011557, 40.824296347418958 ], [ -96.703812069899385, 40.824297637396995 ], [ -96.703809639838454, 40.82429892753342 ], [ -96.703807209928087, 40.824300217823399 ], [ -96.703804780163608, 40.824301508262202 ], [ -96.703802350539661, 40.824302798844343 ], [ -96.703799921048315, 40.824304089561743 ], [ -96.703797491681001, 40.824305380405661 ], [ -96.703795062429137, 40.82430667136736 ], [ -96.703792633284138, 40.824307962438084 ], [ -96.703790204237436, 40.824309253609073 ], [ -96.70378777528046, 40.824310544871615 ], [ -96.703785346404629, 40.824311836216935 ], [ -96.703782917601359, 40.824313127636294 ], [ -96.70378048886208, 40.824314419120945 ], [ -96.703778060178209, 40.824315710662148 ], [ -96.703775631540935, 40.824317002250879 ], [ -96.70377320294034, 40.824318293877113 ], [ -96.703770774366319, 40.824319585530439 ], [ -96.703768345808712, 40.824320877200584 ], [ -96.7037659172574, 40.82432216887716 ], [ -96.703763488702251, 40.824323460549863 ], [ -96.703761060133104, 40.824324752208348 ], [ -96.703758631539856, 40.824326043842277 ], [ -96.703756202912359, 40.824327335441325 ], [ -96.703753774240468, 40.82432862699514 ], [ -96.703751345514036, 40.824329918493419 ], [ -96.703748916722958, 40.824331209925766 ], [ -96.703746487856975, 40.824332501281802 ], [ -96.703744058905514, 40.824333792550689 ], [ -96.703741629857859, 40.82433508372155 ], [ -96.703739200703339, 40.824336374783456 ], [ -96.703736771431238, 40.824337665725508 ], [ -96.703734342030884, 40.824338956536792 ], [ -96.703731912491563, 40.82434024720645 ], [ -96.703729482802601, 40.824341537723512 ], [ -96.703727052953298, 40.824342828077107 ], [ -96.703724622932953, 40.824344118256342 ], [ -96.703722192730893, 40.824345408250295 ], [ -96.703719762336391, 40.824346698048068 ], [ -96.703717331738716, 40.824347987638689 ], [ -96.703714900927125, 40.824349277011187 ], [ -96.703712469890831, 40.824350566154607 ], [ -96.703710038619121, 40.824351855057998 ], [ -96.703707607101222, 40.824353143710361 ], [ -96.703705175326363, 40.824354432100769 ], [ -96.703702743283813, 40.824355720218207 ], [ -96.703700310962816, 40.824357008051742 ], [ -96.703697878352614, 40.824358295590422 ], [ -96.703695445442449, 40.824359582823227 ], [ -96.703693012221578, 40.824360869739252 ], [ -96.7036905786793, 40.824362156327531 ], [ -96.703688144805184, 40.824363442577479 ], [ -96.703685710588871, 40.824364728478507 ], [ -96.703683276019987, 40.824366014020029 ], [ -96.703680841088143, 40.824367299191486 ], [ -96.703678405782995, 40.824368583982285 ], [ -96.703675970094167, 40.824369868381879 ], [ -96.703673534011273, 40.824371152379641 ], [ -96.703671097523966, 40.824372435965067 ], [ -96.703668660621858, 40.824373719127507 ], [ -96.70366622329459, 40.824375001856453 ], [ -96.703663785532143, 40.824376284141671 ], [ -96.703661347325934, 40.824377565974395 ], [ -96.70365890866772, 40.824378847346225 ], [ -96.703656469549259, 40.824380128248769 ], [ -96.703654029962337, 40.824381408673602 ], [ -96.703651589898698, 40.824382688612353 ], [ -96.703649149350113, 40.824383968056623 ], [ -96.703646708308355, 40.82438524699802 ], [ -96.703644266765167, 40.824386525428125 ], [ -96.703641824712349, 40.824387803338546 ], [ -96.703639382141617, 40.824389080720898 ], [ -96.703636939044785, 40.824390357566763 ], [ -96.70363449541442, 40.824391633868608 ], [ -96.703632051246473, 40.824392909622318 ], [ -96.703629606537774, 40.824394184824605 ], [ -96.70362716128507, 40.824395459472179 ], [ -96.703624715485176, 40.824396733561805 ], [ -96.703622269134883, 40.824398007090181 ], [ -96.703619822230962, 40.824399280054052 ], [ -96.703617374770232, 40.82440055245015 ], [ -96.703614926749452, 40.824401824275178 ], [ -96.703612478165439, 40.824403095525881 ], [ -96.703610029014982, 40.824404366198976 ], [ -96.703607579296147, 40.824405636292497 ], [ -96.703605129012217, 40.824406905809823 ], [ -96.703602678167726, 40.824408174755554 ], [ -96.703600226767264, 40.824409443134364 ], [ -96.703597774815393, 40.8244107109509 ], [ -96.703595322316644, 40.824411978209795 ], [ -96.703592869275582, 40.824413244915718 ], [ -96.703590415696794, 40.824414511073329 ], [ -96.703587961584802, 40.824415776687239 ], [ -96.703585506944208, 40.824417041762111 ], [ -96.703583051779518, 40.824418306302626 ], [ -96.70358059609535, 40.824419570313403 ], [ -96.703578139897203, 40.824420833800119 ], [ -96.7035756831947, 40.824422096772501 ], [ -96.703573225998369, 40.824423359241372 ], [ -96.70357076831877, 40.824424621217474 ], [ -96.703568310166474, 40.824425882711573 ], [ -96.703565851552057, 40.824427143734454 ], [ -96.703563392486046, 40.824428404296874 ], [ -96.703560932979045, 40.8244296644096 ], [ -96.703558473041596, 40.82443092408343 ], [ -96.70355601268426, 40.824432183329101 ], [ -96.703553551917608, 40.824433442157435 ], [ -96.70355109075264, 40.824434700579594 ], [ -96.703548629202089, 40.824435958608618 ], [ -96.703546167279171, 40.824437216257934 ], [ -96.703543704997045, 40.824438473540994 ], [ -96.703541242368928, 40.824439730471269 ], [ -96.703538779407992, 40.824440987062189 ], [ -96.703536316127412, 40.824442243327184 ], [ -96.703533852540417, 40.824443499279759 ], [ -96.703531388660167, 40.824444754933324 ], [ -96.703528924499849, 40.824446010301308 ], [ -96.703526460072666, 40.824447265397197 ], [ -96.703523995391791, 40.824448520234448 ], [ -96.703521530470582, 40.82444977482664 ], [ -96.703519065323022, 40.824451029188026 ], [ -96.703516599963237, 40.824452283333031 ], [ -96.703514134405353, 40.824453537276092 ], [ -96.703511668663538, 40.824454791031606 ], [ -96.703509202751903, 40.82445604461396 ], [ -96.703506736684574, 40.824457298037629 ], [ -96.703504270475705, 40.824458551316994 ], [ -96.703501804139435, 40.824459804466478 ], [ -96.703499337689905, 40.824461057500457 ], [ -96.703496871141226, 40.824462310433411 ], [ -96.703494404507552, 40.824463563279714 ], [ -96.703491937802994, 40.824464816053776 ], [ -96.703489471041692, 40.824466068769993 ], [ -96.703487004237743, 40.824467321442768 ], [ -96.703484537405274, 40.824468574086524 ], [ -96.703482070558394, 40.824469826715578 ], [ -96.70347960371123, 40.824471079344413 ], [ -96.703477136877922, 40.824472331987387 ], [ -96.703474670072538, 40.824473584658911 ], [ -96.703472203309246, 40.824474837373373 ], [ -96.703469736602159, 40.824476090145183 ], [ -96.703467269965373, 40.824477342988736 ], [ -96.703464803412913, 40.824478595918315 ], [ -96.703462336958353, 40.82447984894776 ], [ -96.703459870615177, 40.824481102090829 ], [ -96.703457404396815, 40.824482355361212 ], [ -96.703454938316753, 40.824483608772674 ], [ -96.703452472388449, 40.824484862338956 ], [ -96.703450006625388, 40.82448611607375 ], [ -96.703447541041015, 40.824487369990813 ], [ -96.703445075648816, 40.824488624103857 ], [ -96.703442610462247, 40.824489878426661 ], [ -96.703440145494767, 40.824491132972916 ], [ -96.703437680759436, 40.824492387755953 ], [ -96.703435216267621, 40.824493642787331 ], [ -96.703432752030324, 40.824494898078306 ], [ -96.703430288058456, 40.824496153639991 ], [ -96.703427824363004, 40.824497409483591 ], [ -96.70342536095491, 40.824498665620276 ], [ -96.703422897845158, 40.824499922061229 ], [ -96.70342043504472, 40.824501178817634 ], [ -96.703417972564523, 40.824502435900662 ], [ -96.703415510415567, 40.824503693321503 ], [ -96.70341304860878, 40.82450495109132 ], [ -96.703410587155147, 40.824506209221305 ], [ -96.70340812606473, 40.824507467721709 ], [ -96.70340566534388, 40.824508726599035 ], [ -96.703403204998111, 40.824509985858889 ], [ -96.703400745032894, 40.824511245506841 ], [ -96.70339828545373, 40.824512505548526 ], [ -96.703395826266089, 40.824513765989501 ], [ -96.703393367475456, 40.824515026835357 ], [ -96.703390909087304, 40.824516288091701 ], [ -96.703388451107131, 40.824517549764124 ], [ -96.703385993540408, 40.824518811858205 ], [ -96.703383536392636, 40.824520074379535 ], [ -96.703381079668048, 40.824521337332463 ], [ -96.703378623366063, 40.824522600716371 ], [ -96.703376167484805, 40.824523864529382 ], [ -96.703373712022469, 40.824525128769615 ], [ -96.703371256977221, 40.824526393435214 ], [ -96.7033688023472, 40.824527658524282 ], [ -96.703366348130601, 40.824528924034993 ], [ -96.703363894325562, 40.824530189965429 ], [ -96.703361440930237, 40.824531456313721 ], [ -96.703358987942835, 40.824532723078022 ], [ -96.703356535361493, 40.824533990256441 ], [ -96.703354083183413, 40.824535257846136 ], [ -96.703351631401929, 40.824536525840308 ], [ -96.703349180009468, 40.824537794231233 ], [ -96.703346728998412, 40.82453906301113 ], [ -96.703344278361158, 40.824540332172248 ], [ -96.703341828090075, 40.824541601706812 ], [ -96.703339378177589, 40.824542871607122 ], [ -96.703336928616054, 40.824544141865346 ], [ -96.703334479397896, 40.824545412473761 ], [ -96.703332030515497, 40.824546683424607 ], [ -96.703329581961242, 40.824547954710113 ], [ -96.703327133727527, 40.824549226322546 ], [ -96.703324685806336, 40.824550498253714 ], [ -96.703322238187965, 40.82455177049372 ], [ -96.703319790862352, 40.824553043032324 ], [ -96.703317343819393, 40.824554315859174 ], [ -96.703314897048969, 40.824555588964024 ], [ -96.703312450540977, 40.824556862336529 ], [ -96.70331000428537, 40.824558135966434 ], [ -96.703307558272044, 40.824559409843424 ], [ -96.703305112490852, 40.824560683957202 ], [ -96.703302666931734, 40.82456195829748 ], [ -96.703300221584598, 40.824563232853968 ], [ -96.703297776439257, 40.824564507616266 ], [ -96.703295331485194, 40.824565782573679 ], [ -96.703292886711793, 40.824567057715356 ], [ -96.703290442108468, 40.824568333030491 ], [ -96.703287997664589, 40.824569608508291 ], [ -96.703285553369568, 40.824570884137934 ], [ -96.703283109212805, 40.82457215990857 ], [ -96.703280665183669, 40.824573435809413 ], [ -96.703278221271589, 40.824574711829676 ], [ -96.703275777465933, 40.824575987958497 ], [ -96.703273333756101, 40.824577264185081 ], [ -96.703270890131506, 40.824578540498628 ], [ -96.703268446581532, 40.824579816888296 ], [ -96.703266003095578, 40.824581093343305 ], [ -96.703263559663043, 40.824582369852834 ], [ -96.703261116273353, 40.824583646406069 ], [ -96.703258672915894, 40.824584922992209 ], [ -96.703256229580077, 40.824586199600482 ], [ -96.703253786255289, 40.824587476220053 ], [ -96.703251342930969, 40.824588752840114 ], [ -96.703248899596488, 40.82459002944988 ], [ -96.703246456241288, 40.824591306038521 ], [ -96.703244012854725, 40.824592582595244 ], [ -96.703241569426268, 40.824593859109292 ], [ -96.703239125945458, 40.824595135569972 ], [ -96.703236682401922, 40.824596411966745 ], [ -96.703234238785242, 40.824597688288961 ], [ -96.703231795085046, 40.824598964526018 ], [ -96.703229351290872, 40.82460024066733 ], [ -96.703226907392363, 40.824601516702266 ], [ -96.703224463379115, 40.824602792620233 ], [ -96.703222019240712, 40.824604068410601 ], [ -96.703219574966752, 40.824605344062775 ], [ -96.703217130546832, 40.824606619566175 ], [ -96.703214685970579, 40.824607894910159 ], [ -96.703212241227661, 40.82460917008423 ], [ -96.703209796308172, 40.824610445078299 ], [ -96.703207351202323, 40.824611719882327 ], [ -96.703204905900279, 40.824612994486372 ], [ -96.703202460392262, 40.824614268880381 ], [ -96.703200014668454, 40.824615543054371 ], [ -96.703197568719048, 40.824616816998351 ], [ -96.70319512253424, 40.824618090702316 ], [ -96.703192676104209, 40.824619364156263 ], [ -96.703190229419164, 40.824620637350172 ], [ -96.7031877824693, 40.824621910274104 ], [ -96.703185335245152, 40.824623182918344 ], [ -96.703182887738762, 40.824624455274787 ], [ -96.703180439942486, 40.824625727335665 ], [ -96.703177991848676, 40.824626999093205 ], [ -96.70317554344976, 40.824628270539598 ], [ -96.703173094738062, 40.8246295416671 ], [ -96.703170645705981, 40.824630812467916 ], [ -96.703168196345871, 40.824632082934265 ], [ -96.703165746650129, 40.824633353058388 ], [ -96.703163296611109, 40.824634622832491 ], [ -96.703160846221209, 40.824635892248821 ], [ -96.703158395472784, 40.824637161299563 ], [ -96.703155944358954, 40.824638429977718 ], [ -96.703153492875828, 40.824639698279299 ], [ -96.70315104102022, 40.824640966201109 ], [ -96.703148588788991, 40.824642233739915 ], [ -96.703146136178972, 40.824643500892471 ], [ -96.703143683186994, 40.824644767655556 ], [ -96.703141229809916, 40.82464603402596 ], [ -96.703138776044554, 40.824647300000471 ], [ -96.703136321887769, 40.824648565575842 ], [ -96.703133867336376, 40.824649830748868 ], [ -96.703131412387236, 40.824651095516316 ], [ -96.70312895703816, 40.824652359875948 ], [ -96.703126501290896, 40.824653623829569 ], [ -96.703124045148172, 40.824654887379964 ], [ -96.703121588612717, 40.824656150529897 ], [ -96.703119131687245, 40.824657413282139 ], [ -96.703116674374499, 40.824658675639498 ], [ -96.703114216677193, 40.82465993760475 ], [ -96.70311175859807, 40.824661199180639 ], [ -96.703109300139829, 40.824662460369993 ], [ -96.703106841305228, 40.824663721175583 ], [ -96.703104382096996, 40.824664981600179 ], [ -96.703101922517831, 40.824666241646547 ], [ -96.703099462571146, 40.824667501318196 ], [ -96.703097002263121, 40.824668760621371 ], [ -96.703094541600564, 40.824670019563072 ], [ -96.703092080590295, 40.824671278150241 ], [ -96.703089619239179, 40.824672536389812 ], [ -96.703087157554023, 40.82467379428882 ], [ -96.703084695541662, 40.824675051854193 ], [ -96.703082233208931, 40.824676309092894 ], [ -96.703079770562667, 40.8246775660119 ], [ -96.703077307609675, 40.824678822618175 ], [ -96.703074844356834, 40.824680078918675 ], [ -96.703072380811193, 40.824681334920662 ], [ -96.703069916980937, 40.824682590632435 ], [ -96.703067452874478, 40.824683846062577 ], [ -96.703064988500245, 40.824685101219693 ], [ -96.703062523866649, 40.824686356112366 ], [ -96.703060058982118, 40.82468761074918 ], [ -96.703057593855078, 40.824688865138718 ], [ -96.703055128493943, 40.824690119289599 ], [ -96.703052662907155, 40.824691373210378 ], [ -96.70305019710311, 40.824692626909659 ], [ -96.703047731090237, 40.824693880396026 ], [ -96.703045264876977, 40.824695133678063 ], [ -96.703042798471799, 40.824696386764444 ], [ -96.703040331883557, 40.824697639664166 ], [ -96.703037865121146, 40.824698892386309 ], [ -96.703035398193435, 40.82470014493996 ], [ -96.703032931109377, 40.824701397334195 ], [ -96.703030463877838, 40.824702649578064 ], [ -96.703027996507757, 40.824703901680692 ], [ -96.703025529008002, 40.824705153651117 ], [ -96.703023061387483, 40.824706405498432 ], [ -96.703020593655111, 40.82470765723172 ], [ -96.703018125819781, 40.824708908860067 ], [ -96.703015657890404, 40.824710160392513 ], [ -96.703013189875804, 40.824711411838123 ], [ -96.70301072178485, 40.824712663205887 ], [ -96.703008253626379, 40.824713914504855 ], [ -96.703005785409232, 40.824715165744017 ], [ -96.703003317142276, 40.824716416932411 ], [ -96.703000848834336, 40.824717668079067 ], [ -96.70299838049425, 40.824718919192975 ], [ -96.702995912130888, 40.824720170283186 ], [ -96.702993443753087, 40.824721421358696 ], [ -96.702990975369687, 40.824722672428543 ], [ -96.702988506989527, 40.824723923501743 ], [ -96.702986038621418, 40.824725174587257 ], [ -96.702983570273929, 40.824726425693832 ], [ -96.702981101955615, 40.824727676830214 ], [ -96.702978633675002, 40.824728928005065 ], [ -96.702976165440617, 40.824730179227096 ], [ -96.702973697261001, 40.824731430505018 ], [ -96.70297122914468, 40.824732681847543 ], [ -96.702968761100209, 40.824733933263346 ], [ -96.7029662931361, 40.824735184761167 ], [ -96.702963825260909, 40.824736436349674 ], [ -96.702961357483133, 40.82473768803758 ], [ -96.702958889811129, 40.824738939833381 ], [ -96.702956422252342, 40.824740191744652 ], [ -96.702953954814006, 40.824741443778819 ], [ -96.702951487503356, 40.824742695943215 ], [ -96.702949020327623, 40.824743948245235 ], [ -96.702946553294055, 40.824745200692291 ], [ -96.7029440864099, 40.824746453291738 ], [ -96.702941619682363, 40.824747706050935 ], [ -96.702939153118734, 40.824748958977302 ], [ -96.70293668672619, 40.824750212078207 ], [ -96.702934220512006, 40.824751465361004 ], [ -96.70293175448343, 40.824752718833118 ], [ -96.702929288647169, 40.824753972501405 ], [ -96.70292682300807, 40.824755226370776 ], [ -96.702924357570467, 40.824756480445657 ], [ -96.702921892338651, 40.824757734730447 ], [ -96.702919427316971, 40.824758989229551 ], [ -96.702916962509747, 40.824760243947388 ], [ -96.702914497921284, 40.824761498888385 ], [ -96.702912033555961, 40.824762754056941 ], [ -96.702909569418068, 40.824764009457439 ], [ -96.702907105511926, 40.824765265094342 ], [ -96.702904641841869, 40.82476652097202 ], [ -96.702902178411421, 40.824767777094081 ], [ -96.702899715220866, 40.824769033460832 ], [ -96.702897252269679, 40.824770290071704 ], [ -96.702894789557348, 40.824771546926186 ], [ -96.702892327083362, 40.824772804023759 ], [ -96.70288986484718, 40.824774061363897 ], [ -96.702887402848305, 40.824775318946045 ], [ -96.702884941086182, 40.824776576769693 ], [ -96.70288247956033, 40.824777834834315 ], [ -96.702880018270221, 40.824779093139362 ], [ -96.702877557215317, 40.824780351684332 ], [ -96.702875096395118, 40.824781610468662 ], [ -96.702872635808475, 40.82478286949118 ], [ -96.702870175451721, 40.824784128748206 ], [ -96.702867715320608, 40.82478538823537 ], [ -96.702865255410842, 40.824786647948279 ], [ -96.702862795718133, 40.82478790788258 ], [ -96.702860336238246, 40.824789168033931 ], [ -96.70285787696686, 40.824790428397954 ], [ -96.702855417899713, 40.824791688970315 ], [ -96.702852958824991, 40.824792949534981 ], [ -96.70285049422948, 40.82479420446974 ], [ -96.702848021864568, 40.824795451481592 ], [ -96.702845542002535, 40.824796690848103 ], [ -96.702843054914965, 40.824797922846322 ], [ -96.702840560873355, 40.824799147753083 ], [ -96.70283806014919, 40.824800365845178 ], [ -96.702835553013969, 40.824801577399533 ], [ -96.702833039739147, 40.824802782692963 ], [ -96.702830520596208, 40.824803982002308 ], [ -96.702827995856666, 40.824805175604439 ], [ -96.702825465791975, 40.824806363776204 ], [ -96.702822930673648, 40.824807546794439 ], [ -96.702820390773141, 40.824808724935998 ], [ -96.702817846361938, 40.824809898477739 ], [ -96.702815297711567, 40.824811067696558 ], [ -96.702812745093766, 40.82481223286949 ], [ -96.702810188780248, 40.824813394273704 ], [ -96.702807629042766, 40.824814552186318 ], [ -96.70280506615309, 40.824815706884429 ], [ -96.702802500382973, 40.824816858645192 ], [ -96.70279993200414, 40.824818007745691 ], [ -96.702797361288347, 40.824819154463086 ], [ -96.702794788507362, 40.824820299074474 ], [ -96.702792213932923, 40.824821441856969 ], [ -96.702789637836773, 40.824822583087716 ], [ -96.702787060490863, 40.824823723044034 ], [ -96.702784482167843, 40.824824862003936 ], [ -96.70278190314059, 40.824826000245707 ], [ -96.702779323681952, 40.824827138047596 ], [ -96.702776744064778, 40.82482827568785 ], [ -96.70277416456193, 40.824829413444718 ], [ -96.702771585446257, 40.824830551596442 ], [ -96.702769006990621, 40.82483169042127 ], [ -96.702766429467886, 40.824832830197472 ], [ -96.702763853150884, 40.824833971203283 ], [ -96.702761278312479, 40.824835113716944 ], [ -96.702758705225534, 40.824836258016703 ], [ -96.702756134163195, 40.824837404381135 ], [ -96.702753565399746, 40.824838553089918 ], [ -96.702750999209769, 40.824839704423098 ], [ -96.702748435867875, 40.824840858660671 ], [ -96.702745875648617, 40.824842016082656 ], [ -96.702743318826592, 40.824843176969082 ], [ -96.702740765676381, 40.824844341599935 ], [ -96.702738216472582, 40.82484551025523 ], [ -96.702735671489776, 40.824846683215014 ], [ -96.702733131002532, 40.82484786075927 ], [ -96.702730595285459, 40.824849043168022 ], [ -96.702728064613396, 40.82485023072158 ], [ -96.702725539262389, 40.824851423701368 ], [ -96.702723019508667, 40.824852622389187 ], [ -96.702720505628562, 40.824853827066754 ], [ -96.702717997898333, 40.824855038015848 ], [ -96.702715496594308, 40.824856255518164 ], [ -96.70271300199272, 40.824857479855531 ], [ -96.702710514369912, 40.824858711309631 ], [ -96.702708034002114, 40.824859950162242 ], [ -96.702705561165658, 40.824861196695096 ], [ -96.702703096136815, 40.824862451189986 ], [ -96.702701188623905, 40.82486343045079 ] ] } },
{ "type": "Feature", "properties": { "point_a": 182, "point_b": 183, "trip": 2, "route": "salt_creek_after_circle", "status": "corrected", "mode": "reviewed_spatial_assumption" }, "geometry": { "type": "LineString", "coordinates": [ [ -96.707127504050703, 40.822361827957998 ], [ -96.707126268098122, 40.822363000131773 ], [ -96.707124350647959, 40.822364815137576 ], [ -96.707122430114509, 40.822366628871706 ], [ -96.707120506994144, 40.822368441774309 ], [ -96.707118581819714, 40.822370254322678 ], [ -96.707116655124011, 40.822372066994099 ], [ -96.707114727439873, 40.82237388026585 ], [ -96.707112799300106, 40.822375694615197 ], [ -96.707110871237518, 40.822377510519395 ], [ -96.707108943784917, 40.822379328455774 ], [ -96.707107017475138, 40.822381148901599 ], [ -96.70710509284099, 40.82238297233414 ], [ -96.707103170415294, 40.822384799230697 ], [ -96.707101250724037, 40.822386630061594 ], [ -96.707099334266019, 40.822388465269405 ], [ -96.707097421533234, 40.822390305289758 ], [ -96.707095513017649, 40.822392150558336 ], [ -96.707093609211256, 40.822394001510766 ], [ -96.707091710606022, 40.822395858582659 ], [ -96.707089817693941, 40.822397722209715 ], [ -96.707087930966978, 40.822399592827523 ], [ -96.707086050917141, 40.822401470871775 ], [ -96.707084178036396, 40.822403356778054 ], [ -96.707082312816709, 40.822405250982037 ], [ -96.707080455750102, 40.822407153919357 ], [ -96.707078607280849, 40.822409065977062 ], [ -96.707076767662556, 40.822410987347709 ], [ -96.707074937101169, 40.822412918175239 ], [ -96.707073115802601, 40.822414858603629 ], [ -96.707071303972796, 40.822416808776808 ], [ -96.707069501817671, 40.82241876883873 ], [ -96.707067709543139, 40.822420738933381 ], [ -96.70706592735516, 40.822422719204688 ], [ -96.707064155459662, 40.822424709796628 ], [ -96.707062394062532, 40.822426710853136 ], [ -96.707060643369744, 40.822428722518161 ], [ -96.707058903538126, 40.822430744885622 ], [ -96.707057174528188, 40.822432777849237 ], [ -96.707055456251354, 40.822434821252614 ], [ -96.70705374861906, 40.82243687493942 ], [ -96.707052051542718, 40.822438938753329 ], [ -96.707050364933764, 40.822441012537944 ], [ -96.707048688703637, 40.822443096136965 ], [ -96.707047022763732, 40.822445189394017 ], [ -96.707045367025486, 40.822447292152738 ], [ -96.707043721400339, 40.822449404256801 ], [ -96.707042085799714, 40.82245152554983 ], [ -96.707040460135005, 40.822453655875513 ], [ -96.70703884429642, 40.822455795055774 ], [ -96.707037238088958, 40.822457942825785 ], [ -96.7070356412964, 40.822460098899064 ], [ -96.707034053702557, 40.822462262989063 ], [ -96.70703247509114, 40.822464434809248 ], [ -96.707030905245944, 40.822466614073136 ], [ -96.707029343950765, 40.822468800494192 ], [ -96.707027790989343, 40.822470993785878 ], [ -96.707026246145475, 40.822473193661686 ], [ -96.707024709202912, 40.822475399835128 ], [ -96.707023179945423, 40.822477612019632 ], [ -96.707021658169126, 40.82247982994128 ], [ -96.707020142710746, 40.822482052763462 ], [ -96.707018629826393, 40.822484278086407 ], [ -96.707017118912532, 40.82248650541878 ], [ -96.707015609666669, 40.822488734452072 ], [ -96.707014101786285, 40.822490964877844 ], [ -96.707012594968887, 40.822493196387626 ], [ -96.707011088911969, 40.82249542867293 ], [ -96.707009583312995, 40.822497661425317 ], [ -96.707008077869503, 40.822499894336282 ], [ -96.707006572278928, 40.82250212709738 ], [ -96.707005066238807, 40.822504359400156 ], [ -96.707003559480384, 40.822506590970562 ], [ -96.707002051869935, 40.822508821672251 ], [ -96.707000543307529, 40.822511051403296 ], [ -96.706999033693208, 40.822513280061798 ], [ -96.70699752292704, 40.822515507545823 ], [ -96.706996010909066, 40.822517733753486 ], [ -96.706994497539341, 40.822519958582845 ], [ -96.706992982717935, 40.822522181932008 ], [ -96.706991466344888, 40.822524403699042 ], [ -96.706989948320242, 40.822526623782018 ], [ -96.706988428544065, 40.822528842079059 ], [ -96.706986906942845, 40.822531058515168 ], [ -96.706985383548798, 40.822533273123227 ], [ -96.706983858420642, 40.822535485963094 ], [ -96.706982331617013, 40.822537697094546 ], [ -96.706980803196601, 40.822539906577454 ], [ -96.706979273218053, 40.822542114471631 ], [ -96.706977741740076, 40.822544320836904 ], [ -96.706976208821317, 40.822546525733102 ], [ -96.706974674520467, 40.82254872922006 ], [ -96.706973138896188, 40.822550931357611 ], [ -96.706971602007144, 40.822553132205563 ], [ -96.706970063912024, 40.82255533182375 ], [ -96.706968524636281, 40.822557530238157 ], [ -96.706966984072622, 40.822559727339325 ], [ -96.70696544208046, 40.822561922983972 ], [ -96.706963898519277, 40.822564117028733 ], [ -96.706962353248542, 40.822566309330384 ], [ -96.706960806127739, 40.822568499745564 ], [ -96.706959257016308, 40.822570688131002 ], [ -96.706957705773718, 40.822572874343393 ], [ -96.706956152259423, 40.822575058239401 ], [ -96.70695459633292, 40.822577239675738 ], [ -96.706953037853637, 40.822579418509122 ], [ -96.706951476625392, 40.822581594539443 ], [ -96.706949912229291, 40.822583767339609 ], [ -96.706948344190764, 40.822585936425682 ], [ -96.70694677203528, 40.822588101313748 ], [ -96.706945195288284, 40.822590261519906 ], [ -96.70694361347519, 40.822592416560298 ], [ -96.706942026121453, 40.822594565950951 ], [ -96.706940432752518, 40.822596709208021 ], [ -96.706938832893826, 40.822598845847558 ], [ -96.706937226070835, 40.822600975385662 ], [ -96.706935611808973, 40.82260309733843 ], [ -96.706933989633683, 40.822605211221969 ], [ -96.706932359053667, 40.822607316535276 ], [ -96.706930719510552, 40.822609412708999 ], [ -96.70692907042924, 40.822611499156714 ], [ -96.706927411234645, 40.822613575291982 ], [ -96.70692574135164, 40.822615640528376 ], [ -96.706924060205125, 40.822617694279423 ], [ -96.706922367220017, 40.822619735958732 ], [ -96.706920661821172, 40.822621764979843 ], [ -96.706918943433507, 40.822623780756331 ], [ -96.706917211481908, 40.822625782701778 ], [ -96.70691546539129, 40.822627770229701 ], [ -96.706913704631873, 40.822629742799954 ], [ -96.706911928855334, 40.822631700057315 ], [ -96.706910137758669, 40.822633641692811 ], [ -96.706908331038903, 40.822635567397505 ], [ -96.706906508393018, 40.822637476862418 ], [ -96.706904669518039, 40.822639369778607 ], [ -96.70690281411099, 40.822641245837069 ], [ -96.706900941868852, 40.822643104728911 ], [ -96.706899052488652, 40.822644946145118 ], [ -96.706897145667398, 40.822646769776739 ], [ -96.706895221102073, 40.822648575314815 ], [ -96.706893278489716, 40.822650362450418 ], [ -96.706891317619323, 40.822652130968315 ], [ -96.70688933864777, 40.822653881028579 ], [ -96.706887341823958, 40.822655612884915 ], [ -96.706885327396762, 40.822657326791166 ], [ -96.706883295615071, 40.822659023001073 ], [ -96.706881246727775, 40.822660701768477 ], [ -96.706879180983748, 40.822662363347121 ], [ -96.706877098631892, 40.822664007990824 ], [ -96.706874999921084, 40.822665635953349 ], [ -96.706872885100196, 40.822667247488468 ], [ -96.706870754418119, 40.822668842850007 ], [ -96.706868608189467, 40.822670422358755 ], [ -96.706866446991739, 40.822671986603567 ], [ -96.706864271468149, 40.822673536240366 ], [ -96.706862082261921, 40.822675071925019 ], [ -96.706859880016282, 40.822676594313435 ], [ -96.706857665374457, 40.822678104061517 ], [ -96.706855438979673, 40.822679601825136 ], [ -96.706853201475127, 40.822681088260182 ], [ -96.706850953504059, 40.822682564022578 ], [ -96.706848695709709, 40.82268402976819 ], [ -96.706846428735275, 40.822685486152928 ], [ -96.706844153223983, 40.822686933832671 ], [ -96.70684186982507, 40.822688373469461 ], [ -96.706839579211916, 40.822689805749931 ], [ -96.706837282063887, 40.822691231366825 ], [ -96.706834979060375, 40.822692651012936 ], [ -96.706832670880743, 40.822694065381 ], [ -96.706830358204371, 40.82269547516379 ], [ -96.706828041710665, 40.822696881054064 ], [ -96.706825722078975, 40.822698283744614 ], [ -96.706823399988707, 40.822699683928178 ], [ -96.706821076119212, 40.822701082297513 ], [ -96.706818751149896, 40.822702479545399 ], [ -96.706816425731773, 40.822703876335694 ], [ -96.706814100402497, 40.822705273216634 ], [ -96.706811775671341, 40.822706670707525 ], [ -96.70680945204758, 40.822708069327717 ], [ -96.706807130040559, 40.822709469596496 ], [ -96.706804810159525, 40.822710872033227 ], [ -96.706802492913766, 40.822712277157187 ], [ -96.7068001788126, 40.822713685487741 ], [ -96.706797868365271, 40.822715097544204 ], [ -96.706795562081126, 40.822716513845869 ], [ -96.706793260469397, 40.822717934912085 ], [ -96.706790964039413, 40.82271936126218 ], [ -96.706788673236574, 40.822720793350356 ], [ -96.706786388250791, 40.822722231370228 ], [ -96.706784109208101, 40.822723675450355 ], [ -96.706781836234569, 40.822725125719252 ], [ -96.706779569456216, 40.822726582305421 ], [ -96.706777308999079, 40.822728045337421 ], [ -96.706775054989208, 40.822729514943759 ], [ -96.706772807552611, 40.822730991252953 ], [ -96.706770566815393, 40.822732474393547 ], [ -96.706768332903522, 40.822733964494027 ], [ -96.706766105943089, 40.822735461682967 ], [ -96.706763885972265, 40.822736965999262 ], [ -96.706761672677771, 40.822738477123508 ], [ -96.706759465658507, 40.822739994646632 ], [ -96.706757264513357, 40.822741518159702 ], [ -96.706755068841176, 40.822743047253624 ], [ -96.706752878240891, 40.82274458151943 ], [ -96.706750692311346, 40.822746120548047 ], [ -96.706748510651451, 40.822747663930521 ], [ -96.706746332860078, 40.822749211257765 ], [ -96.706744158536111, 40.822750762120798 ], [ -96.706741987278434, 40.822752316110609 ], [ -96.706739818685932, 40.822753872818119 ], [ -96.706737652325145, 40.822755431801426 ], [ -96.706735487633352, 40.82275699248666 ], [ -96.706733324015474, 40.822758554267004 ], [ -96.706731160876444, 40.822760116535704 ], [ -96.706728997621184, 40.82276167868595 ], [ -96.706726833654642, 40.822763240110945 ], [ -96.706724668381725, 40.822764800203899 ], [ -96.706722501207381, 40.822766358358024 ], [ -96.706720331536545, 40.82276791396653 ], [ -96.706718158774137, 40.822769466422578 ], [ -96.706715982325079, 40.822771015119443 ], [ -96.70671380164454, 40.82277255950148 ], [ -96.706711616388475, 40.822774099217916 ], [ -96.706709426263089, 40.822775633969151 ], [ -96.706707230974587, 40.822777163455591 ], [ -96.706705030229145, 40.822778687377621 ], [ -96.706702823732968, 40.822780205435684 ], [ -96.706700611192232, 40.822781717330123 ], [ -96.706698392313143, 40.822783222761402 ], [ -96.706696166801905, 40.822784721429912 ], [ -96.706693934364694, 40.822786213036025 ], [ -96.7066916947077, 40.822787697280177 ], [ -96.70668944753713, 40.822789173862745 ], [ -96.706687192619952, 40.82279064254616 ], [ -96.706684929966215, 40.822792103340596 ], [ -96.706682659646759, 40.822793556318331 ], [ -96.706680381732397, 40.822795001551583 ], [ -96.706678096293984, 40.822796439112594 ], [ -96.706675803402348, 40.82279786907354 ], [ -96.706673503128314, 40.822799291506698 ], [ -96.706671195542697, 40.822800706484287 ], [ -96.706668880716364, 40.822802114078513 ], [ -96.70666655872013, 40.82280351436161 ], [ -96.706664229624806, 40.822804907405811 ], [ -96.70666189352373, 40.822806293306222 ], [ -96.706659550600008, 40.822807672249667 ], [ -96.706657201059272, 40.822809044445755 ], [ -96.706654845107153, 40.822810410104125 ], [ -96.706652482949238, 40.822811769434502 ], [ -96.706650114791131, 40.822813122646529 ], [ -96.706647740838477, 40.822814469949854 ], [ -96.706645361296864, 40.822815811554143 ], [ -96.706642976371924, 40.822817147669063 ], [ -96.706640586269245, 40.822818478504281 ], [ -96.706638191194457, 40.822819804269479 ], [ -96.706635791353165, 40.822821125174272 ], [ -96.706633386952376, 40.822822441429764 ], [ -96.706630978204615, 40.822823753252699 ], [ -96.706628565323797, 40.822825060861163 ], [ -96.706626148523853, 40.822826364473329 ], [ -96.706623728018698, 40.822827664307312 ], [ -96.706621304022249, 40.822828960581248 ], [ -96.706618876748422, 40.822830253513274 ], [ -96.706616446411132, 40.822831543321541 ], [ -96.706614013224325, 40.822832830224129 ], [ -96.706611577401887, 40.82283411443921 ], [ -96.706609139157763, 40.822835396184935 ], [ -96.706606698695325, 40.822836675668668 ], [ -96.706604256175893, 40.822837953054929 ], [ -96.706601811750247, 40.822839228497443 ], [ -96.706599365569176, 40.82284050214998 ], [ -96.706596917783443, 40.822841774166278 ], [ -96.706594468543855, 40.822843044700129 ], [ -96.706592018001174, 40.822844313905215 ], [ -96.706589566306192, 40.822845581935368 ], [ -96.7065871136097, 40.822846848944295 ], [ -96.706584660062461, 40.822848115085755 ], [ -96.706582205815266, 40.82284938051351 ], [ -96.706579751002039, 40.822850645364085 ], [ -96.706577295689172, 40.82285190970525 ], [ -96.706574839926233, 40.822853173587504 ], [ -96.706572383762747, 40.822854437061373 ], [ -96.706569927248268, 40.822855700177342 ], [ -96.706567470432361, 40.822856962985995 ], [ -96.706565013364539, 40.822858225537807 ], [ -96.706562556094369, 40.822859487883335 ], [ -96.706560098671389, 40.822860750073048 ], [ -96.706557641145139, 40.822862012157529 ], [ -96.706555183565186, 40.82286327418727 ], [ -96.706552725981041, 40.822864536212784 ], [ -96.706550268429709, 40.822865798271785 ], [ -96.706547810897845, 40.822867060350703 ], [ -96.706545353359573, 40.822868322423091 ], [ -96.706542895788985, 40.82286958446258 ], [ -96.706540438160189, 40.822870846442768 ], [ -96.706537980447294, 40.822872108337222 ], [ -96.706535522624421, 40.822873370119567 ], [ -96.706533064665649, 40.822874631763369 ], [ -96.706530606545101, 40.822875893242255 ], [ -96.70652814823687, 40.822877154529792 ], [ -96.70652568971505, 40.82287841559959 ], [ -96.706523230954105, 40.822879676425558 ], [ -96.706520771929704, 40.822880936982948 ], [ -96.706518312617888, 40.822882197247289 ], [ -96.706515852994684, 40.822883457194131 ], [ -96.70651339303609, 40.822884716799031 ], [ -96.70651093271816, 40.822885976037533 ], [ -96.706508472016893, 40.822887234885208 ], [ -96.706506010908328, 40.822888493317571 ], [ -96.706503549368492, 40.822889751310193 ], [ -96.706501087373383, 40.822891008838646 ], [ -96.706498624899041, 40.822892265878437 ], [ -96.706496161921493, 40.82289352240516 ], [ -96.706493698420331, 40.822894778397966 ], [ -96.706491234389432, 40.822896033850647 ], [ -96.706488769826265, 40.822897288760593 ], [ -96.706486304728244, 40.822898543125199 ], [ -96.706483839092826, 40.822899796941869 ], [ -96.706481372917494, 40.822901050208003 ], [ -96.706478906199692, 40.822902302921001 ], [ -96.706476438936832, 40.822903555078256 ], [ -96.706473971126414, 40.822904806677194 ], [ -96.706471502765851, 40.822906057715187 ], [ -96.706469033852613, 40.822907308189649 ], [ -96.7064665643871, 40.822908558100991 ], [ -96.706464094381474, 40.822909807461606 ], [ -96.706461623850885, 40.822911056286962 ], [ -96.706459152810424, 40.822912304592428 ], [ -96.706456681275242, 40.82291355239348 ], [ -96.706454209260457, 40.822914799705494 ], [ -96.70645173678119, 40.822916046543931 ], [ -96.706449263852591, 40.822917292924167 ], [ -96.70644679048975, 40.822918538861678 ], [ -96.706444316707802, 40.822919784371855 ], [ -96.706441842521869, 40.822921029470137 ], [ -96.706439367947098, 40.822922274171944 ], [ -96.706436893000102, 40.822923518494214 ], [ -96.706434417703548, 40.822924762460097 ], [ -96.706431942081636, 40.822926006094221 ], [ -96.706429466158482, 40.82292724942122 ], [ -96.706426989958302, 40.82292849246577 ], [ -96.70642451350524, 40.822929735252508 ], [ -96.706422036823497, 40.822930977806053 ], [ -96.706419559937231, 40.822932220151102 ], [ -96.706417082870601, 40.822933462312278 ], [ -96.706414605647794, 40.822934704314235 ], [ -96.706412128292996, 40.82293594618163 ], [ -96.706409650830537, 40.82293718793926 ], [ -96.706407173285498, 40.822938429612755 ], [ -96.706404695683133, 40.822939671227822 ], [ -96.706402218048723, 40.822940912810232 ], [ -96.70639974040752, 40.822942154385764 ], [ -96.70639726278479, 40.822943395980168 ], [ -96.706394785205759, 40.822944637619202 ], [ -96.706392307695737, 40.822945879328607 ], [ -96.706389830279946, 40.822947121134128 ], [ -96.706387352983668, 40.822948363061577 ], [ -96.706384875832157, 40.822949605136664 ], [ -96.706382398850664, 40.822950847385165 ], [ -96.706379922063803, 40.822952089832178 ], [ -96.706377445493544, 40.822953332500077 ], [ -96.706374969161203, 40.822954575410662 ], [ -96.706372493088111, 40.822955818585598 ], [ -96.706370017295569, 40.822957062046683 ], [ -96.706367541804923, 40.822958305815618 ], [ -96.70636506663746, 40.822959549914167 ], [ -96.706362591814525, 40.822960794364064 ], [ -96.70636011735742, 40.82296203918704 ], [ -96.706357643287461, 40.822963284404835 ], [ -96.706355169625994, 40.822964530039187 ], [ -96.706352696392585, 40.822965776110088 ], [ -96.706350223599912, 40.822967022630465 ], [ -96.706347751258946, 40.822968269611458 ], [ -96.706345279380628, 40.822969517064273 ], [ -96.706342807975915, 40.822970765000051 ], [ -96.70634033705575, 40.822972013429982 ], [ -96.706337866631117, 40.822973262365252 ], [ -96.70633539671293, 40.822974511816973 ], [ -96.706332927312161, 40.82297576179635 ], [ -96.706330458439766, 40.822977012314553 ], [ -96.706327990106686, 40.822978263382751 ], [ -96.706325522323908, 40.822979515012108 ], [ -96.706323055099887, 40.822980767211305 ], [ -96.706320588433371, 40.822982019978987 ], [ -96.706318122320596, 40.822983273311401 ], [ -96.706315656757837, 40.822984527204717 ], [ -96.706313191741359, 40.822985781655085 ], [ -96.706310727267422, 40.822987036658724 ], [ -96.706308263332275, 40.822988292211861 ], [ -96.70630579993221, 40.822989548310609 ], [ -96.70630333706346, 40.822990804951196 ], [ -96.706300874722288, 40.822992062129806 ], [ -96.706298412904957, 40.822993319842638 ], [ -96.70629595160645, 40.822994578084526 ], [ -96.706293490816407, 40.82299583684496 ], [ -96.706291030523246, 40.822997096112097 ], [ -96.706288570715344, 40.822998355874105 ], [ -96.706286111381061, 40.822999616119105 ], [ -96.706283652508802, 40.823000876835273 ], [ -96.706281194086941, 40.823002138010757 ], [ -96.706278736103869, 40.823003399633699 ], [ -96.706276278547932, 40.823004661692273 ], [ -96.706273821407549, 40.823005924174595 ], [ -96.706271364671096, 40.823007187068846 ], [ -96.706268908326948, 40.82300845036319 ], [ -96.706266452363593, 40.82300971404586 ], [ -96.70626399677009, 40.823010978105728 ], [ -96.706261541535568, 40.823012242531668 ], [ -96.706259086649197, 40.82301350731268 ], [ -96.706256632100093, 40.823014772437638 ], [ -96.706254177877454, 40.823016037895528 ], [ -96.706251723970396, 40.823017303675265 ], [ -96.70624927036809, 40.823018569765807 ], [ -96.706246817059679, 40.823019836156071 ], [ -96.706244364034319, 40.823021102835007 ], [ -96.706241911281154, 40.823022369791538 ], [ -96.706239458789824, 40.823023637015091 ], [ -96.706237006551831, 40.823024904497039 ], [ -96.706234554559188, 40.823026172229184 ], [ -96.706232102803881, 40.823027440203411 ], [ -96.706229651277923, 40.823028708411528 ], [ -96.706227199973284, 40.823029976845383 ], [ -96.706224748881993, 40.823031245496814 ], [ -96.706222297996007, 40.823032514357649 ], [ -96.706219847307352, 40.823033783419739 ], [ -96.706217396808015, 40.823035052674904 ], [ -96.706214946490007, 40.823036322115009 ], [ -96.706212496345287, 40.823037591731875 ], [ -96.706210046366223, 40.823038861517716 ], [ -96.706207596546435, 40.82304013146598 ], [ -96.706205146879896, 40.823041401570578 ], [ -96.706202697360595, 40.823042671825327 ], [ -96.70620024798248, 40.823043942224089 ], [ -96.706197798739552, 40.823045212760761 ], [ -96.706195349625759, 40.823046483429138 ], [ -96.706192900635102, 40.823047754223126 ], [ -96.706190451761529, 40.823049025136548 ], [ -96.706188002999028, 40.823050296163245 ], [ -96.706185554341559, 40.823051567297107 ], [ -96.706183105783197, 40.823052838532057 ], [ -96.706180657318356, 40.823054109862419 ], [ -96.706178208941523, 40.823055381282572 ], [ -96.706175760647213, 40.823056652786903 ], [ -96.706173312429939, 40.823057924369813 ], [ -96.706170864284175, 40.82305919602571 ], [ -96.706168416204463, 40.823060467748988 ], [ -96.706165968185289, 40.823061739534012 ], [ -96.706163520221139, 40.823063011375218 ], [ -96.706161072306543, 40.82306428326698 ], [ -96.706158624435972, 40.823065555203698 ], [ -96.706156176603969, 40.823066827179758 ], [ -96.706153728804935, 40.823068099189506 ], [ -96.706151281033044, 40.823069371226936 ], [ -96.706148833282384, 40.823070643286066 ], [ -96.706146385547029, 40.823071915360835 ], [ -96.706143937821082, 40.823073187445246 ], [ -96.706141490098631, 40.823074459533252 ], [ -96.706139042373749, 40.823075731618822 ], [ -96.706136594640512, 40.82307700369595 ], [ -96.706134146893049, 40.823078275758547 ], [ -96.706131699125407, 40.823079547800653 ], [ -96.706129251331689, 40.823080819816184 ], [ -96.706126803505853, 40.823082091799002 ], [ -96.706124355641222, 40.823083363742327 ], [ -96.706121907731045, 40.823084635639241 ], [ -96.70611945976853, 40.823085907482806 ], [ -96.706117011746883, 40.823087179266132 ], [ -96.706114563659341, 40.823088450982297 ], [ -96.706112115499124, 40.823089722624367 ], [ -96.706109667259398, 40.823090994185435 ], [ -96.70610721893344, 40.823092265658588 ], [ -96.706104770514429, 40.823093537036897 ], [ -96.706102321995601, 40.823094808313478 ], [ -96.706099873370164, 40.823096079481367 ], [ -96.706097424631267, 40.823097350533622 ], [ -96.706094975771833, 40.823098621462975 ], [ -96.706092526784744, 40.823099892262206 ], [ -96.706090077662836, 40.823101162924004 ], [ -96.706087628398961, 40.823102433441072 ], [ -96.706085178986001, 40.823103703806161 ], [ -96.706082729416806, 40.823104974011983 ], [ -96.70608027968423, 40.823106244051225 ], [ -96.706077829781137, 40.823107513916632 ], [ -96.70607537970038, 40.823108783600922 ], [ -96.706072929434825, 40.823110053096805 ], [ -96.706070478977836, 40.82311132239753 ], [ -96.70606802832485, 40.823112591498408 ], [ -96.706065577471747, 40.823113860395267 ], [ -96.706063126414463, 40.823115129083973 ], [ -96.706060675148919, 40.823116397560355 ], [ -96.706058223671036, 40.82311766582022 ], [ -96.706055771976708, 40.823118933859455 ], [ -96.706053320061912, 40.823120201673888 ], [ -96.706050867922499, 40.82312146925932 ], [ -96.706048415554434, 40.823122736611623 ], [ -96.70604596295361, 40.82312400372664 ], [ -96.706043510115975, 40.823125270600194 ], [ -96.706041057038632, 40.823126537229371 ], [ -96.706038603723641, 40.823127803616238 ], [ -96.706036150174199, 40.823129069764093 ], [ -96.706033696393575, 40.82313033567624 ], [ -96.706031242385023, 40.823131601355982 ], [ -96.706028788151741, 40.823132866806617 ], [ -96.706026333696983, 40.823134132031463 ], [ -96.706023879024002, 40.823135397033802 ], [ -96.706021424136026, 40.823136661816967 ], [ -96.706018969036307, 40.823137926384248 ], [ -96.706016513728059, 40.823139190738935 ], [ -96.706014058215601, 40.823140454885404 ], [ -96.706011602507431, 40.823141718832346 ], [ -96.706009146613084, 40.823142982589488 ], [ -96.706006690542139, 40.823144246166571 ], [ -96.706004234304132, 40.823145509573344 ], [ -96.706001777908611, 40.823146772819534 ], [ -96.705999321365155, 40.823148035914919 ], [ -96.705996864683271, 40.823149298869197 ], [ -96.705994407872566, 40.823150561692124 ], [ -96.705991950942575, 40.823151824393484 ], [ -96.70598949390282, 40.823153086982941 ], [ -96.705987036762892, 40.8231543494703 ], [ -96.705984579532895, 40.823155611865836 ], [ -96.705982122225052, 40.823156874182033 ], [ -96.705979664852222, 40.823158136432006 ], [ -96.705977207427196, 40.823159398628775 ], [ -96.705974749962792, 40.82316066078544 ], [ -96.705972292471827, 40.823161922915048 ], [ -96.705969834967092, 40.82316318503068 ], [ -96.705967377461434, 40.823164447145388 ], [ -96.705964919967641, 40.823165709272239 ], [ -96.705962462498519, 40.8231669714243 ], [ -96.705960005066913, 40.823168233614631 ], [ -96.70595754768577, 40.823169495856469 ], [ -96.705955090368761, 40.823170758163748 ], [ -96.705952633129669, 40.823172020550523 ], [ -96.705950175982338, 40.82317328303089 ], [ -96.705947718940536, 40.823174545618926 ], [ -96.705945262018105, 40.823175808328713 ], [ -96.705942805228858, 40.823177071174335 ], [ -96.705940348586566, 40.823178334169874 ], [ -96.705937892105084, 40.823179597329428 ], [ -96.705935435798196, 40.823180860667051 ], [ -96.705932979679744, 40.823182124196848 ], [ -96.70593052376357, 40.823183387932971 ], [ -96.70592806806394, 40.823184651889932 ], [ -96.705925612595138, 40.823185916082316 ], [ -96.705923157371458, 40.823187180524698 ], [ -96.705920702407226, 40.823188445231658 ], [ -96.705918247716724, 40.823189710217818 ], [ -96.705915793314276, 40.823190975497731 ], [ -96.705913339214177, 40.823192241085991 ], [ -96.705910885430711, 40.823193506997193 ], [ -96.705908431978216, 40.823194773245902 ], [ -96.705905978870973, 40.823196039846728 ], [ -96.705903526123294, 40.823197306814222 ], [ -96.705901073749544, 40.823198574163094 ], [ -96.705898621764405, 40.823199841908242 ], [ -96.705896170182569, 40.823201110064723 ], [ -96.705893719018803, 40.823202378647508 ], [ -96.705891268287814, 40.823203647671676 ], [ -96.705888818004354, 40.823204917152225 ], [ -96.70588636818313, 40.823206187104162 ], [ -96.705883918838879, 40.823207457542509 ], [ -96.705881469986338, 40.823208728482307 ], [ -96.705879021640229, 40.823209999938584 ], [ -96.705876573815303, 40.823211271926318 ], [ -96.705874126526183, 40.823212544460496 ], [ -96.705871679787265, 40.823213817555725 ], [ -96.705869233612859, 40.823215091226665 ], [ -96.705866788017232, 40.823216365487845 ], [ -96.705864343014724, 40.823217640353867 ], [ -96.705861898619617, 40.823218915839327 ], [ -96.705859454846234, 40.823220191958761 ], [ -96.705857011708844, 40.823221468726807 ], [ -96.705854569221799, 40.823222746158024 ], [ -96.705852127399339, 40.82322402426702 ], [ -96.705849686255817, 40.823225303068341 ], [ -96.705847245805529, 40.823226582576609 ], [ -96.70584480606226, 40.823227862805894 ], [ -96.705842367037974, 40.823229143768394 ], [ -96.705839928744126, 40.823230425475728 ], [ -96.705837491192128, 40.82323170793962 ], [ -96.705835054393475, 40.823232991171707 ], [ -96.70583261835958, 40.823234275183722 ], [ -96.705830183101895, 40.823235559987261 ], [ -96.70582774863189, 40.823236845594053 ], [ -96.70582531496099, 40.82323813201576 ], [ -96.705822882100662, 40.823239419264041 ], [ -96.705820450062348, 40.823240707350614 ], [ -96.705818018855908, 40.823241996285503 ], [ -96.705815588484967, 40.823243286072376 ], [ -96.705813158951486, 40.823244576713279 ], [ -96.705810730257511, 40.823245868210286 ], [ -96.705808302405018, 40.823247160565415 ], [ -96.705805875396052, 40.823248453780742 ], [ -96.705803449232604, 40.823249747858291 ], [ -96.705801023916678, 40.823251042800102 ], [ -96.705798599450304, 40.823252338608292 ], [ -96.705796175835474, 40.823253635284843 ], [ -96.70579375307419, 40.823254932831809 ], [ -96.705791331168484, 40.823256231251264 ], [ -96.70578891011823, 40.823257530543074 ], [ -96.705786489914757, 40.823258830698414 ], [ -96.70578407054731, 40.823260131706313 ], [ -96.705781652005086, 40.823261433555743 ], [ -96.705779234277315, 40.823262736235733 ], [ -96.705776817353211, 40.823264039735264 ], [ -96.705774401221987, 40.823265344043364 ], [ -96.705771985872872, 40.823266649149033 ], [ -96.705769571295079, 40.823267955041274 ], [ -96.705767157477823, 40.823269261709079 ], [ -96.705764744410303, 40.823270569141485 ], [ -96.705762332080411, 40.823271877326064 ], [ -96.705759920470399, 40.823273186244776 ], [ -96.705757509561266, 40.823274495878231 ], [ -96.705755099333899, 40.823275806206944 ], [ -96.705752689769241, 40.823277117211489 ], [ -96.705750280848278, 40.82327842887242 ], [ -96.705747872551882, 40.823279741170317 ], [ -96.705745464861025, 40.823281054085726 ], [ -96.705743057756649, 40.823282367599219 ], [ -96.705740651219685, 40.82328368169135 ], [ -96.705738245231046, 40.823284996342672 ], [ -96.705735839771705, 40.823286311533771 ], [ -96.705733434821923, 40.823287627244504 ], [ -96.705731030359416, 40.823288943452198 ], [ -96.705728626361221, 40.823290260133383 ], [ -96.705726222804387, 40.823291577264669 ], [ -96.705723819665991, 40.823292894822671 ], [ -96.705721416923041, 40.823294212783999 ], [ -96.705719014552599, 40.823295531125218 ], [ -96.705716612531731, 40.823296849822917 ], [ -96.705714210837456, 40.823298168853718 ], [ -96.705711809446854, 40.823299488194209 ], [ -96.705709408336958, 40.823300807820985 ], [ -96.705707007484676, 40.823302127710498 ], [ -96.705704606866348, 40.823303447838647 ], [ -96.705702206458199, 40.823304768181153 ], [ -96.705699806236439, 40.823306088713764 ], [ -96.705697406177293, 40.823307409412216 ], [ -96.705695006256931, 40.823308730252243 ], [ -96.705692606451592, 40.823310051209617 ], [ -96.705690206737486, 40.823311372260058 ], [ -96.705687807090811, 40.823312693379293 ], [ -96.705685407487763, 40.823314014543094 ], [ -96.705683007904597, 40.823315335727187 ], [ -96.705680608317493, 40.823316656907295 ], [ -96.70567820870275, 40.823317978059279 ], [ -96.705675809037075, 40.823319299159358 ], [ -96.705673409297205, 40.823320620183843 ], [ -96.705671009459934, 40.823321941109043 ], [ -96.705668609502041, 40.823323261911284 ], [ -96.705666209400306, 40.823324582566897 ], [ -96.705663809131494, 40.823325903052165 ], [ -96.705661408672384, 40.823327223343419 ], [ -96.705659007999728, 40.823328543416999 ], [ -96.705656607090333, 40.823329863249185 ], [ -96.705654205920965, 40.823331182816304 ], [ -96.705651804468943, 40.823332502095262 ], [ -96.705649402713902, 40.823333821065262 ], [ -96.705647000636006, 40.823335139706089 ], [ -96.705644598215457, 40.82333645799752 ], [ -96.705642195432389, 40.823337775919342 ], [ -96.705639792266979, 40.823339093451338 ], [ -96.705637388699444, 40.823340410573309 ], [ -96.705634984709917, 40.823341727265003 ], [ -96.705632580278603, 40.823343043506242 ], [ -96.70563017538565, 40.823344359276803 ], [ -96.705627770011247, 40.823345674556457 ], [ -96.705625364135585, 40.823346989324989 ], [ -96.705622957740076, 40.823348303563471 ], [ -96.705620550811162, 40.823349617258089 ], [ -96.705618143336579, 40.823350930396288 ], [ -96.705615735304008, 40.823352242965569 ], [ -96.705613326701169, 40.823353554953364 ], [ -96.70561091751577, 40.823354866347152 ], [ -96.705608507735505, 40.8233561771344 ], [ -96.70560609734811, 40.823357487302566 ], [ -96.705603686341263, 40.823358796839102 ], [ -96.705601274702673, 40.82336010573151 ], [ -96.705598862420075, 40.823361413967206 ], [ -96.705596449483266, 40.823362721535872 ], [ -96.705594035890684, 40.823364028435876 ], [ -96.705591621642839, 40.823365334667706 ], [ -96.705589206740257, 40.823366640231939 ], [ -96.70558679118345, 40.8233679451291 ], [ -96.705584374972972, 40.823369249359708 ], [ -96.705581958109335, 40.823370552924345 ], [ -96.705579540593064, 40.823371855823524 ], [ -96.705577122424714, 40.823373158057777 ], [ -96.705574703604768, 40.823374459627637 ], [ -96.70557228413378, 40.823375760533679 ], [ -96.705569864012304, 40.823377060776409 ], [ -96.705567443242458, 40.823378360358063 ], [ -96.70556502183311, 40.823379659287617 ], [ -96.705562599794717, 40.823380957575758 ], [ -96.705560177137727, 40.823382255233163 ], [ -96.705557753872625, 40.823383552270485 ], [ -96.705555330009872, 40.82338484869841 ], [ -96.705552905559927, 40.823386144527632 ], [ -96.70555048053329, 40.823387439768801 ], [ -96.705548054940408, 40.823388734432619 ], [ -96.705545628791754, 40.82339002852973 ], [ -96.705543202097772, 40.823391322070805 ], [ -96.705540774869149, 40.823392615066751 ], [ -96.705538347117212, 40.823393907529088 ], [ -96.705535918853528, 40.823395199469616 ], [ -96.705533490089621, 40.823396490900102 ], [ -96.705531060837018, 40.82339778183232 ], [ -96.705528631107285, 40.823399072278015 ], [ -96.705526200911933, 40.823400362248933 ], [ -96.705523770262516, 40.823401651756903 ], [ -96.705521339170573, 40.823402940813651 ], [ -96.705518907647644, 40.823404229430942 ], [ -96.705516475705252, 40.82340551762055 ], [ -96.705514043354952, 40.823406805394242 ], [ -96.705511610608085, 40.823408092763565 ], [ -96.705509177475051, 40.823409379739175 ], [ -96.705506743966154, 40.82341066633154 ], [ -96.705504310091612, 40.823411952551091 ], [ -96.705501875861685, 40.823413238408278 ], [ -96.705499441286591, 40.823414523913556 ], [ -96.705497006376604, 40.823415809077332 ], [ -96.705494571141955, 40.823417093910109 ], [ -96.705492135592891, 40.823418378422318 ], [ -96.705489699739644, 40.823419662624374 ], [ -96.705487263592474, 40.823420946526767 ], [ -96.705484827161399, 40.823422230139691 ], [ -96.705482390455515, 40.823423513472406 ], [ -96.705479953483703, 40.823424796533992 ], [ -96.705477516254845, 40.823426079333522 ], [ -96.705475078777823, 40.823427361879986 ], [ -96.70547264106149, 40.82342864418252 ], [ -96.705470203114757, 40.823429926250121 ], [ -96.705467764946462, 40.823431208091833 ], [ -96.705465326565516, 40.823432489716751 ], [ -96.705462887980786, 40.823433771133885 ], [ -96.705460449201169, 40.823435052352345 ], [ -96.705458010235489, 40.823436333381103 ], [ -96.705455571092543, 40.823437614229142 ], [ -96.705453131780544, 40.823438894904847 ], [ -96.705450692307579, 40.823440175416437 ], [ -96.705448252681762, 40.823441455772183 ], [ -96.705445812911165, 40.823442735980372 ], [ -96.705443373003916, 40.82344401604923 ], [ -96.705440932968102, 40.823445295987014 ], [ -96.705438492811794, 40.823446575801974 ], [ -96.705436052543106, 40.82344785550238 ], [ -96.705433612170125, 40.823449135096496 ], [ -96.705431171700965, 40.823450414592571 ], [ -96.705428731143542, 40.823451693998692 ], [ -96.705426290505159, 40.823452973322254 ], [ -96.705423849792894, 40.823454252570535 ], [ -96.70542140901388, 40.823455531750795 ], [ -96.705418968175195, 40.823456810870255 ], [ -96.705416527283987, 40.823458089936189 ], [ -96.705414086347346, 40.823459368955852 ], [ -96.705411645372408, 40.823460647936464 ], [ -96.705409204366234, 40.823461926885301 ], [ -96.705406763335986, 40.823463205809588 ], [ -96.705404322288743, 40.823464484716624 ], [ -96.705401881231623, 40.823465763613612 ], [ -96.705399440171377, 40.823467042507446 ], [ -96.705396999113233, 40.823468321403439 ], [ -96.705394558062039, 40.823469600306609 ], [ -96.705392117022669, 40.823470879221865 ], [ -96.70538967600001, 40.823472158154182 ], [ -96.705387234998881, 40.823473437108504 ], [ -96.70538479402417, 40.823474716089812 ], [ -96.705382353080751, 40.823475995103053 ], [ -96.70537991217347, 40.823477274153213 ], [ -96.705377471307187, 40.823478553245202 ], [ -96.705375030486778, 40.823479832384017 ], [ -96.705372589716333, 40.823481111573827 ], [ -96.705370148996877, 40.823482390815649 ], [ -96.705367708328666, 40.823483670109781 ], [ -96.705365267711954, 40.823484949456443 ], [ -96.705362827146999, 40.823486228855948 ], [ -96.705360386634041, 40.823487508308538 ], [ -96.705357946173365, 40.823488787814448 ], [ -96.705355505765212, 40.823490067373953 ], [ -96.705353065409838, 40.823491346987332 ], [ -96.705350625107499, 40.82349262665484 ], [ -96.705348184858451, 40.823493906376704 ], [ -96.705345744662935, 40.823495186153231 ], [ -96.705343304520397, 40.823496465983794 ], [ -96.705340864426859, 40.823497745864373 ], [ -96.705338424377558, 40.823499025790113 ], [ -96.705335984367693, 40.823500305756085 ], [ -96.705333544392488, 40.823501585757455 ], [ -96.705331104447154, 40.823502865789322 ], [ -96.705328664526888, 40.823504145846798 ], [ -96.705326224626916, 40.823505425924999 ], [ -96.705323784742461, 40.82350670601906 ], [ -96.705321344868707, 40.823507986124092 ], [ -96.705318905000908, 40.823509266235199 ], [ -96.705316465134302, 40.823510546347599 ], [ -96.705314025264428, 40.823511826456688 ], [ -96.705311585386895, 40.823513106557996 ], [ -96.705309145497267, 40.82351438664702 ], [ -96.705306705591141, 40.823515666719288 ], [ -96.705304265664125, 40.823516946770269 ], [ -96.705301825711786, 40.823518226795464 ], [ -96.705299385729731, 40.823519506790419 ], [ -96.705296945713556, 40.823520786750592 ], [ -96.705294505658856, 40.823522066671522 ], [ -96.705292065561196, 40.823523346548704 ], [ -96.705289625416796, 40.823524626378251 ], [ -96.705287185224307, 40.823525906158835 ], [ -96.705284744983061, 40.823527185889681 ], [ -96.70528230469229, 40.823528465570107 ], [ -96.705279864351311, 40.823529745199345 ], [ -96.705277423959387, 40.823531024776699 ], [ -96.705274983515807, 40.823532304301409 ], [ -96.705272543019845, 40.823533583772743 ], [ -96.705270102470806, 40.823534863190005 ], [ -96.70526766186795, 40.823536142552435 ], [ -96.705265221210581, 40.823537421859285 ], [ -96.705262780497975, 40.823538701109868 ], [ -96.705260339729875, 40.823539980303899 ], [ -96.705257898907931, 40.823541259443061 ], [ -96.70525545803423, 40.82354253852948 ], [ -96.705253017110891, 40.823543817565337 ], [ -96.705250576139989, 40.823545096552714 ], [ -96.705248135123625, 40.823546375493798 ], [ -96.705245694063933, 40.823547654390723 ], [ -96.705243252963001, 40.823548933245625 ], [ -96.705240811822904, 40.823550212060653 ], [ -96.705238370645773, 40.823551490837964 ], [ -96.705235929433712, 40.823552769579663 ], [ -96.705233488189023, 40.823554048288145 ], [ -96.705231046914861, 40.823555326966613 ], [ -96.70522860561465, 40.823556605618556 ], [ -96.705226164291716, 40.823557884247371 ], [ -96.705223722949498, 40.823559162856554 ], [ -96.705221281591363, 40.823560441449537 ], [ -96.705218840220667, 40.823561720029794 ], [ -96.705216398840818, 40.8235629986007 ], [ -96.705213957455186, 40.823564277165801 ], [ -96.705211516067166, 40.823565555728486 ], [ -96.705209074680155, 40.823566834292222 ], [ -96.705206633297479, 40.82356811286045 ], [ -96.705204191922647, 40.823569391436699 ], [ -96.705201750559368, 40.823570670024758 ], [ -96.705199309211395, 40.823571948628484 ], [ -96.70519686788252, 40.823573227251728 ], [ -96.70519442657654, 40.823574505898335 ], [ -96.705191985297219, 40.823575784572178 ], [ -96.705189544048366, 40.823577063277135 ], [ -96.705187102833747, 40.823578342017029 ], [ -96.705184661657128, 40.823579620795755 ], [ -96.705182220522332, 40.823580899617113 ], [ -96.705179779433109, 40.823582178485012 ], [ -96.705177338393227, 40.823583457403252 ], [ -96.705174897406238, 40.823584736375473 ], [ -96.705172456475722, 40.82358601540534 ], [ -96.705170015605205, 40.82358729449642 ], [ -96.705167574798253, 40.823588573652351 ], [ -96.705165134058404, 40.823589852876744 ], [ -96.705162693389198, 40.82359113217322 ], [ -96.705160252794201, 40.823592411545405 ], [ -96.705157812276937, 40.823593690996915 ], [ -96.705155371840974, 40.823594970531339 ], [ -96.705152931489849, 40.823596250152328 ], [ -96.705150491227101, 40.823597529863491 ], [ -96.70514805105617, 40.823598809668326 ], [ -96.70514561098004, 40.823600089569858 ], [ -96.705143171001552, 40.823601369570994 ], [ -96.705140731123578, 40.823602649674662 ], [ -96.705138291348945, 40.82360392988376 ], [ -96.705135851680538, 40.823605210201222 ], [ -96.705133412121199, 40.823606490629956 ], [ -96.7051309726738, 40.82360777117286 ], [ -96.705128533341195, 40.823609051832861 ], [ -96.705126094126214, 40.823610332612844 ], [ -96.705123655031741, 40.823611613515766 ], [ -96.705121216060377, 40.823612894544262 ], [ -96.705118777213741, 40.82361417569998 ], [ -96.70511633849317, 40.823615456984307 ], [ -96.70511389990007, 40.82361673839862 ], [ -96.705111461435777, 40.823618019944369 ], [ -96.705109023101656, 40.823619301622877 ], [ -96.705106584899085, 40.82362058343557 ], [ -96.705104146829427, 40.823621865383842 ], [ -96.705101708894034, 40.823623147469064 ], [ -96.705099271094269, 40.823624429692657 ], [ -96.705096833431526, 40.823625712055978 ], [ -96.705094395907139, 40.823626994560449 ], [ -96.705091958522161, 40.823628277207114 ], [ -96.705089521276307, 40.823629559995659 ], [ -96.705087084168952, 40.823630842925525 ], [ -96.705084647199484, 40.823632125996021 ], [ -96.705082210367308, 40.823633409206536 ], [ -96.705079773671784, 40.823634692556453 ], [ -96.705077337112314, 40.823635976045146 ], [ -96.705074900688274, 40.823637259671997 ], [ -96.705072464399052, 40.823638543436374 ], [ -96.705070028244052, 40.823639827337622 ], [ -96.705067592222647, 40.823641111375174 ], [ -96.705065156333987, 40.823642395548148 ], [ -96.705062720576379, 40.823643679854776 ], [ -96.705060284947905, 40.823644964293102 ], [ -96.705057849446604, 40.823646248861166 ], [ -96.705055414070543, 40.823647533556986 ], [ -96.705052978817776, 40.823648818378587 ], [ -96.705050543686411, 40.823650103323999 ], [ -96.705048108674475, 40.823651388391269 ], [ -96.705045673780049, 40.823652673578394 ], [ -96.705043239001213, 40.823653958883419 ], [ -96.705040804336008, 40.823655244304369 ], [ -96.705038369782514, 40.823656529839262 ], [ -96.705035935338685, 40.823657815486051 ], [ -96.705033501002092, 40.823659101242207 ], [ -96.705031066770204, 40.823660387105178 ], [ -96.705028632640477, 40.823661673072372 ], [ -96.705026198610383, 40.823662959141217 ], [ -96.705023764677392, 40.823664245309111 ], [ -96.70502133083896, 40.823665531573454 ], [ -96.705018897092543, 40.823666817931688 ], [ -96.705016463435612, 40.823668104381206 ], [ -96.705014029865637, 40.823669390919449 ], [ -96.705011596380075, 40.823670677543809 ], [ -96.705009162976367, 40.823671964251652 ], [ -96.705006729651814, 40.823673251040297 ], [ -96.705004296403686, 40.823674537906882 ], [ -96.705001863229256, 40.823675824848664 ], [ -96.704999430125781, 40.82367711186285 ], [ -96.704996997090561, 40.823678398946662 ], [ -96.704994564120852, 40.823679686097343 ], [ -96.704992131213928, 40.823680973312079 ], [ -96.704989698367058, 40.823682260588086 ], [ -96.704987265577529, 40.823683547922606 ], [ -96.704984832842584, 40.823684835312825 ], [ -96.704982400159523, 40.823686122756008 ], [ -96.704979967525603, 40.82368741024932 ], [ -96.704977534938109, 40.82368869779004 ], [ -96.704975102394357, 40.823689985375417 ], [ -96.704972669891632, 40.823691273002623 ], [ -96.70497023742719, 40.823692560668938 ], [ -96.704967804998347, 40.823693848371619 ], [ -96.704965372602402, 40.823695136107837 ], [ -96.704962940236626, 40.823696423874878 ], [ -96.704960507898321, 40.823697711669993 ], [ -96.70495807558477, 40.823698999490368 ], [ -96.70495564329326, 40.823700287333267 ], [ -96.70495321102122, 40.823701575196061 ], [ -96.704950778766516, 40.823702863076598 ], [ -96.704948346527189, 40.823704150972823 ], [ -96.704945914301234, 40.823705438882705 ], [ -96.704943482086634, 40.823706726804254 ], [ -96.704941049881455, 40.823708014735431 ], [ -96.704938617683666, 40.823709302674196 ], [ -96.704936185491306, 40.823710590618504 ], [ -96.704933753302356, 40.823711878566357 ], [ -96.704931321114856, 40.823713166515752 ], [ -96.704928888926801, 40.823714454464579 ], [ -96.704926456736217, 40.823715742410876 ], [ -96.704924024541427, 40.823717030352924 ], [ -96.704921592342089, 40.823718318290396 ], [ -96.704919160138175, 40.82371960622325 ], [ -96.7049167279297, 40.823720894151442 ], [ -96.704914295716634, 40.823722182075045 ], [ -96.70491186349895, 40.823723469993965 ], [ -96.704909431276647, 40.823724757908195 ], [ -96.704906999049697, 40.82372604581775 ], [ -96.704904566818087, 40.823727333722587 ], [ -96.704902134581815, 40.823728621622699 ], [ -96.704899702340839, 40.823729909518065 ], [ -96.704897270095799, 40.82373119740933 ], [ -96.704894837849864, 40.823732485299715 ], [ -96.704892405606842, 40.823733773193119 ], [ -96.704889973370555, 40.823735061093444 ], [ -96.704887541144814, 40.823736349004541 ], [ -96.704885108933425, 40.823737636930339 ], [ -96.70488267674024, 40.823738924874704 ], [ -96.704880244569011, 40.823740212841535 ], [ -96.704877812423604, 40.823741500834686 ], [ -96.704875380307783, 40.823742788858112 ], [ -96.7048729482254, 40.823744076915652 ], [ -96.70487051618025, 40.823745365011206 ], [ -96.704868084176908, 40.823746653149428 ], [ -96.704865652222878, 40.82374794133797 ], [ -96.704863220326459, 40.823749229585303 ], [ -96.704860788495893, 40.823750517899832 ], [ -96.704858356739479, 40.823751806290019 ], [ -96.704855925065473, 40.823753094764264 ], [ -96.704853493482148, 40.82375438333105 ], [ -96.704851061997772, 40.823755671998768 ], [ -96.704848630620646, 40.823756960775881 ], [ -96.704846199358997, 40.823758249670803 ], [ -96.704843768221139, 40.823759538691981 ], [ -96.704841337214887, 40.823760827847416 ], [ -96.704838906346353, 40.823762117143353 ], [ -96.704836475621249, 40.823763406585549 ], [ -96.704834045045232, 40.823764696179815 ], [ -96.704831614623998, 40.823765985931985 ], [ -96.70482918436322, 40.823767275847821 ], [ -96.704826754268595, 40.823768565933108 ], [ -96.704824324345807, 40.823769856193678 ], [ -96.704821894600528, 40.823771146635295 ], [ -96.704819465038454, 40.823772437263777 ], [ -96.704817035665272, 40.823773728084916 ], [ -96.70481460648665, 40.823775019104502 ], [ -96.704812177506739, 40.823776310326743 ], [ -96.70480974872352, 40.823777601749619 ], [ -96.70480732013344, 40.823778893369486 ], [ -96.704804891732934, 40.823780185182706 ], [ -96.704802463518448, 40.823781477185634 ], [ -96.704800035486414, 40.823782769374695 ], [ -96.704797607633282, 40.823784061746203 ], [ -96.704795179955497, 40.823785354296561 ], [ -96.704792752449492, 40.823786647022125 ], [ -96.704790325111688, 40.823787939919278 ], [ -96.704787897938559, 40.823789232984375 ], [ -96.704785470925373, 40.823790526212612 ], [ -96.704783044062708, 40.823791819594383 ], [ -96.704780617339964, 40.823793113118874 ], [ -96.704778190746566, 40.823794406775328 ], [ -96.704775764271943, 40.823795700552914 ], [ -96.704773337905479, 40.823796994440855 ], [ -96.704770911636615, 40.823798288428343 ], [ -96.70476848545475, 40.823799582504627 ], [ -96.704766059349325, 40.823800876658865 ], [ -96.70476363330971, 40.823802170880249 ], [ -96.704761207325362, 40.823803465158065 ], [ -96.704758781385678, 40.823804759481433 ], [ -96.704756355479489, 40.823806053839022 ], [ -96.704753929593267, 40.823807348217009 ], [ -96.704751503712913, 40.823808642601016 ], [ -96.704749077824346, 40.82380993697668 ], [ -96.704746651913439, 40.823811231329621 ], [ -96.704744225966095, 40.823812525645437 ], [ -96.704741799968218, 40.823813819909773 ], [ -96.704739373905682, 40.823815114108228 ], [ -96.704736947764417, 40.823816408226399 ], [ -96.704734521530284, 40.823817702249961 ], [ -96.704732095189229, 40.823818996164505 ], [ -96.704729668726898, 40.823820289955435 ], [ -96.704727242128243, 40.823821583607355 ], [ -96.704724815377929, 40.82382287710471 ], [ -96.704722388460709, 40.823824170431877 ], [ -96.704719961361263, 40.823825463573286 ], [ -96.704717534064315, 40.82382675651332 ], [ -96.704715106554573, 40.823828049236383 ], [ -96.704712678816719, 40.823829341726906 ], [ -96.704710250835504, 40.823830633969294 ], [ -96.704707822595608, 40.823831925947943 ], [ -96.70470539408177, 40.823833217647262 ], [ -96.70470296527867, 40.823834509051679 ], [ -96.704700536170904, 40.823835800145424 ], [ -96.704698106742455, 40.823837090912242 ], [ -96.704695676977252, 40.823838381335676 ], [ -96.704693246859151, 40.823839671399291 ], [ -96.704690816372064, 40.82384096108666 ], [ -96.704688385499864, 40.823842250381347 ], [ -96.704685954226406, 40.823843539266953 ], [ -96.704683522535632, 40.823844827726994 ], [ -96.70468109041137, 40.82384611574507 ], [ -96.704678657837547, 40.823847403304725 ], [ -96.704676224798035, 40.823848690389568 ], [ -96.704673791276562, 40.82384997698297 ], [ -96.704671357256302, 40.823851263067759 ], [ -96.704668922720245, 40.823852548626625 ], [ -96.704666487651409, 40.823853833642225 ], [ -96.704664052032797, 40.823855118097242 ], [ -96.704661615847385, 40.823856401974354 ], [ -96.704659179078234, 40.823857685256179 ], [ -96.70465674170832, 40.823858967925467 ], [ -96.704654303720659, 40.823860249964838 ], [ -96.704651865098256, 40.823861531356961 ], [ -96.704649425824101, 40.823862812084556 ], [ -96.704646985881297, 40.823864092130314 ], [ -96.704644545253188, 40.823865371477304 ], [ -96.704642103923234, 40.823866650108634 ], [ -96.704639661874879, 40.823867928007388 ], [ -96.704637219091552, 40.823869205156718 ], [ -96.70463477555667, 40.823870481539728 ], [ -96.704632331253706, 40.823871757139486 ], [ -96.704629886166089, 40.823873031939186 ], [ -96.70462744027725, 40.823874305921862 ], [ -96.704624993570647, 40.823875579070702 ], [ -96.704622546029697, 40.823876851368738 ], [ -96.704620097637857, 40.82387812279913 ], [ -96.704617648379354, 40.823879393345806 ], [ -96.704615198241697, 40.823880662996018 ], [ -96.704612747213204, 40.823881931737837 ], [ -96.704610295282151, 40.823883199559305 ], [ -96.704607842436843, 40.823884466448561 ], [ -96.704605388665584, 40.823885732393599 ], [ -96.704602933956693, 40.82388699738253 ], [ -96.704600478298445, 40.823888261403425 ], [ -96.704598021679175, 40.823889524444354 ], [ -96.704595564087171, 40.823890786493365 ], [ -96.70459310551071, 40.823892047538571 ], [ -96.704590645940598, 40.823893307570529 ], [ -96.704588185377517, 40.823894566589942 ], [ -96.704585723824579, 40.823895824600029 ], [ -96.704583261284967, 40.823897081603974 ], [ -96.704580797761807, 40.823898337605016 ], [ -96.704578333258254, 40.823899592606331 ], [ -96.70457586777745, 40.823900846611174 ], [ -96.704573401322548, 40.823902099622728 ], [ -96.704570933896704, 40.823903351644191 ], [ -96.704568465503058, 40.823904602678788 ], [ -96.704565996144751, 40.82390585272973 ], [ -96.704563525824938, 40.823907101800238 ], [ -96.704561054549373, 40.823908349896129 ], [ -96.704558582334144, 40.823909597033861 ], [ -96.704556109197966, 40.823910843232525 ], [ -96.704553635159527, 40.82391208851115 ], [ -96.704551160237571, 40.82391333288885 ], [ -96.704548684450785, 40.823914576384666 ], [ -96.704546207817856, 40.823915819017699 ], [ -96.7045437303575, 40.823917060807013 ], [ -96.704541252088433, 40.82391830177167 ], [ -96.704538773029341, 40.823919541930763 ], [ -96.704536293198956, 40.823920781303336 ], [ -96.704533812617342, 40.823922019909929 ], [ -96.704531331310093, 40.823923257776585 ], [ -96.704528849304211, 40.82392449493085 ], [ -96.704526366626666, 40.823925731400237 ], [ -96.704523883304432, 40.823926967212245 ], [ -96.704521399364509, 40.823928202394391 ], [ -96.704518914833855, 40.823929436974204 ], [ -96.704516429739471, 40.823930670979195 ], [ -96.704513944108314, 40.823931904436847 ], [ -96.704511457967399, 40.823933137374695 ], [ -96.704508971343685, 40.823934369820279 ], [ -96.704506484264158, 40.823935601801047 ], [ -96.704503996756372, 40.823936833345172 ], [ -96.704501508850242, 40.823938064483116 ], [ -96.704499020576264, 40.823939295245992 ], [ -96.704496531964921, 40.823940525664902 ], [ -96.704494043046722, 40.823941755770889 ], [ -96.704491553852151, 40.823942985595103 ], [ -96.704489064411689, 40.823944215168616 ], [ -96.704486574755848, 40.823945444522522 ], [ -96.704484084915109, 40.823946673687935 ], [ -96.704481594919955, 40.823947902695892 ], [ -96.704479104800896, 40.82394913157755 ], [ -96.704476614588472, 40.823950360364037 ], [ -96.70447412431345, 40.823951589086725 ], [ -96.70447163400668, 40.823952817777084 ], [ -96.704469143698986, 40.823954046466525 ], [ -96.704466653421207, 40.823955275186513 ], [ -96.70446416320415, 40.823956503968454 ], [ -96.704461673078683, 40.82395773284383 ], [ -96.704459183075627, 40.823958961844056 ], [ -96.704456693225794, 40.823960191000573 ], [ -96.704454203560033, 40.823961420344851 ], [ -96.704451714109183, 40.82396264990831 ], [ -96.704449224904067, 40.823963879722378 ], [ -96.704446735975267, 40.823965109818275 ], [ -96.704444247352413, 40.823966340226171 ], [ -96.704441759064892, 40.823967570976073 ], [ -96.704439271142064, 40.823968802097887 ], [ -96.704436783613318, 40.823970033621606 ], [ -96.704434296508012, 40.823971265577164 ], [ -96.704431809855549, 40.823972497994539 ], [ -96.704429323685289, 40.823973730903681 ], [ -96.70442683802662, 40.823974964334539 ], [ -96.704424352908902, 40.823976198317062 ], [ -96.704421868361536, 40.823977432881229 ], [ -96.704419384412915, 40.823978668056014 ], [ -96.704416901087654, 40.82397990386648 ], [ -96.704414418409357, 40.823981140336741 ], [ -96.704411936401669, 40.823982377490893 ], [ -96.704409455088225, 40.823983615353008 ], [ -96.704406974492642, 40.823984853947209 ], [ -96.704404494638553, 40.823986093297549 ], [ -96.70440201554959, 40.823987333428178 ], [ -96.704399537249373, 40.823988574363192 ], [ -96.704397059761547, 40.823989816126634 ], [ -96.704394583109732, 40.823991058742642 ], [ -96.704392107317574, 40.823992302235311 ], [ -96.70438963240673, 40.82399354662671 ], [ -96.704387158390972, 40.823994791930929 ], [ -96.70438468528215, 40.823996038160018 ], [ -96.704382213092103, 40.823997285326044 ], [ -96.704379741832639, 40.82399853344107 ], [ -96.704377271515582, 40.82399978251717 ], [ -96.704374802152813, 40.824001032566386 ], [ -96.704372333756098, 40.824002283600805 ], [ -96.704369866337302, 40.824003535632464 ], [ -96.70436739990825, 40.824004788673463 ], [ -96.704364934480765, 40.824006042735832 ], [ -96.704362470063899, 40.824007297828807 ], [ -96.704360006655577, 40.824008553950286 ], [ -96.704357544250968, 40.824009811095308 ], [ -96.704355082845183, 40.824011069258937 ], [ -96.704352622433419, 40.824012328436233 ], [ -96.704350163010801, 40.824013588622236 ], [ -96.704347704572456, 40.824014849811995 ], [ -96.704345247113579, 40.824016112000592 ], [ -96.704342790629269, 40.824017375183054 ], [ -96.704340335114708, 40.824018639354421 ], [ -96.704337880565035, 40.824019904509782 ], [ -96.704335426975419, 40.824021170644166 ], [ -96.704332974339209, 40.824022437750862 ], [ -96.704330522642763, 40.824023705815883 ], [ -96.704328071870648, 40.824024974823523 ], [ -96.704325622007417, 40.824026244758059 ], [ -96.704323173037665, 40.824027515603717 ], [ -96.704320724945944, 40.824028787344801 ], [ -96.704318277716823, 40.824030059965537 ], [ -96.704315831334881, 40.824031333450236 ], [ -96.704313385784658, 40.824032607783103 ], [ -96.704310941050764, 40.824033882948463 ], [ -96.704308497117751, 40.824035158930556 ], [ -96.704306053969802, 40.824036435713239 ], [ -96.704303611589637, 40.824037713278926 ], [ -96.704301169959564, 40.824038991609548 ], [ -96.704298729061932, 40.824040270687107 ], [ -96.704296288879064, 40.824041550493575 ], [ -96.704293849393267, 40.824042831010928 ], [ -96.70429141058689, 40.824044112221145 ], [ -96.704288972442242, 40.824045394106214 ], [ -96.704286534941673, 40.824046676648095 ], [ -96.704284098067475, 40.824047959828782 ], [ -96.704281661802014, 40.824049243630242 ], [ -96.704279226127596, 40.824050528034476 ], [ -96.704276791026587, 40.824051813023459 ], [ -96.70427435648142, 40.82405309857932 ], [ -96.704271922474604, 40.824054384684167 ], [ -96.704269488988615, 40.824055671320203 ], [ -96.704267056005918, 40.824056958469505 ], [ -96.704264623509019, 40.82405824611422 ], [ -96.704262191480396, 40.824059534236497 ], [ -96.704259759902527, 40.824060822818467 ], [ -96.70425732875789, 40.824062111842281 ], [ -96.704254898028964, 40.824063401290061 ], [ -96.704252467698254, 40.824064691143946 ], [ -96.704250037748366, 40.824065981386212 ], [ -96.704247608162419, 40.824067271999645 ], [ -96.704245178923713, 40.824068562967206 ], [ -96.704242750015496, 40.824069854271841 ], [ -96.70424032142104, 40.824071145896461 ], [ -96.704237893123633, 40.824072437824043 ], [ -96.704235465106521, 40.824073730037505 ], [ -96.704233037352992, 40.824075022519779 ], [ -96.704230609846306, 40.824076315253812 ], [ -96.70422818256975, 40.824077608222545 ], [ -96.704225755506556, 40.824078901408924 ], [ -96.704223328640026, 40.82408019479589 ], [ -96.704220901953548, 40.824081488366481 ], [ -96.704218475430991, 40.824082782104284 ], [ -96.704216049056342, 40.824084075992957 ], [ -96.704213622813612, 40.824085370016171 ], [ -96.704211196686742, 40.824086664157633 ], [ -96.70420877065979, 40.824087958400973 ], [ -96.704206344716695, 40.824089252729891 ], [ -96.704203918841472, 40.824090547128037 ], [ -96.704201493018118, 40.824091841579133 ], [ -96.704199067230604, 40.824093136066843 ], [ -96.704196641462943, 40.82409443057481 ], [ -96.704194215699445, 40.824095725087084 ], [ -96.704191789925829, 40.824097019589054 ], [ -96.704189364128112, 40.824098314066504 ], [ -96.70418693829231, 40.824099608505165 ], [ -96.704184512404453, 40.82410090289077 ], [ -96.704182086450601, 40.824102197209115 ], [ -96.704179660416756, 40.824103491445953 ], [ -96.704177234288963, 40.824104785587004 ], [ -96.704174808053239, 40.824106079618055 ], [ -96.704172381695642, 40.824107373524839 ], [ -96.704169955202161, 40.824108667293139 ], [ -96.70416752855887, 40.824109960908672 ], [ -96.704165101752537, 40.82411125435803 ], [ -96.704162674773215, 40.824112547630982 ], [ -96.704160247611654, 40.824113840718134 ], [ -96.704157820258629, 40.824115133610107 ], [ -96.704155392704934, 40.824116426297486 ], [ -96.704152964941358, 40.824117718770886 ], [ -96.704150536958679, 40.82411901102089 ], [ -96.704148108747674, 40.824120303038093 ], [ -96.704145680299135, 40.824121594813107 ], [ -96.704143251603838, 40.824122886336568 ], [ -96.704140822652562, 40.824124177598996 ], [ -96.704138393437589, 40.824125468592577 ], [ -96.704135963957086, 40.824126759315419 ], [ -96.704133534210683, 40.824128049767175 ], [ -96.704131104198069, 40.824129339947454 ], [ -96.704128673918859, 40.824130629855972 ], [ -96.704126243372755, 40.824131919492338 ], [ -96.704123812559374, 40.824133208856189 ], [ -96.704121381478387, 40.824134497947213 ], [ -96.704118950129455, 40.824135786764998 ], [ -96.704116518512208, 40.824137075309231 ], [ -96.704114086626305, 40.824138363579564 ], [ -96.704111654471419, 40.824139651575614 ], [ -96.704109222048501, 40.824140939298402 ], [ -96.704106789363678, 40.824142226754134 ], [ -96.704104356424409, 40.824143513950446 ], [ -96.704101923238099, 40.824144800894906 ], [ -96.704099489812251, 40.824146087595089 ], [ -96.704097056154268, 40.824147374058612 ], [ -96.704094622271597, 40.824148660293062 ], [ -96.704092188171671, 40.824149946306001 ], [ -96.704089753861979, 40.824151232105081 ], [ -96.70408731934991, 40.824152517697812 ], [ -96.704084884642924, 40.824153803091825 ], [ -96.704082449748455, 40.824155088294702 ], [ -96.704080014673821, 40.824156373313883 ], [ -96.704077579426354, 40.824157658156864 ], [ -96.704075144013359, 40.824158942831097 ], [ -96.704072708442169, 40.824160227344038 ], [ -96.704070272720074, 40.824161511703139 ], [ -96.704067836854406, 40.824162795915875 ], [ -96.704065400852471, 40.824164079989707 ], [ -96.704062964721601, 40.824165363932082 ], [ -96.704060528469114, 40.824166647750481 ], [ -96.704058092102301, 40.824167931452337 ], [ -96.704055655628508, 40.824169215045117 ], [ -96.704053219054614, 40.824170498535892 ], [ -96.704050782385877, 40.824171781930005 ], [ -96.704048345627172, 40.824173065232351 ], [ -96.704045908783286, 40.824174348447947 ], [ -96.704043471859094, 40.824175631581653 ], [ -96.704041034859458, 40.824176914638471 ], [ -96.704038597789193, 40.824178197623304 ], [ -96.704036160653132, 40.82417948054109 ], [ -96.704033723456149, 40.824180763396768 ], [ -96.704031286203062, 40.824182046195304 ], [ -96.70402884889873, 40.824183328941615 ], [ -96.704026411547673, 40.824184611640291 ], [ -96.704023974153174, 40.824185894294736 ], [ -96.704021536718187, 40.824187176907934 ], [ -96.70401909924567, 40.824188459482905 ], [ -96.704016661738592, 40.824189742022668 ], [ -96.704014224199923, 40.824191024530244 ], [ -96.70401178663262, 40.824192307008651 ], [ -96.704009349039637, 40.824193589460918 ], [ -96.704006911423932, 40.824194871890086 ], [ -96.704004473788473, 40.824196154299109 ], [ -96.704002036136231, 40.82419743669108 ], [ -96.70399959847002, 40.824198719068839 ], [ -96.703997160792056, 40.824200001434669 ], [ -96.703994723104472, 40.824201283790714 ], [ -96.703992285409342, 40.824202566139107 ], [ -96.703989847708755, 40.824203848481979 ], [ -96.703987410004828, 40.824205130821483 ], [ -96.703984972299637, 40.82420641315975 ], [ -96.703982534595283, 40.824207695498892 ], [ -96.703980096893872, 40.824208977841074 ], [ -96.703977659197491, 40.824210260188423 ], [ -96.70397522150823, 40.82421154254309 ], [ -96.703972783828178, 40.824212824907207 ], [ -96.70397034615948, 40.824214107282906 ], [ -96.703967908504296, 40.824215389672446 ], [ -96.703965470864887, 40.824216672078073 ], [ -96.703963033243411, 40.824217954502082 ], [ -96.703960595642116, 40.824219236946668 ], [ -96.703958158063216, 40.824220519414162 ], [ -96.70395572050893, 40.824221801906781 ], [ -96.703953282981459, 40.824223084426777 ], [ -96.703950845483035, 40.824224366976452 ], [ -96.703948408015847, 40.824225649558024 ], [ -96.703945970582126, 40.824226932173751 ], [ -96.703943533184258, 40.824228214826086 ], [ -96.703941095825286, 40.824229497518125 ], [ -96.703938658508392, 40.824230780253103 ], [ -96.703936221236788, 40.824232063034323 ], [ -96.703933784013699, 40.824233345865011 ], [ -96.703931346842268, 40.824234628748485 ], [ -96.703928909725761, 40.824235911687964 ], [ -96.703926472667348, 40.824237194686745 ], [ -96.703924035670241, 40.824238477748075 ], [ -96.703921598737637, 40.824239760875209 ], [ -96.703919161872733, 40.824241044071449 ], [ -96.703916725078741, 40.824242327340023 ], [ -96.703914288359101, 40.824243610684448 ], [ -96.703911851718146, 40.824244894109171 ], [ -96.703909415160453, 40.824246177618832 ], [ -96.703906978690611, 40.824247461218135 ], [ -96.703904542313197, 40.824248744911714 ], [ -96.7039021060328, 40.824250028704256 ], [ -96.703899669853968, 40.824251312600438 ], [ -96.703897233781305, 40.824252596604921 ], [ -96.703894797819387, 40.824253880722353 ], [ -96.703892361972777, 40.824255164957442 ], [ -96.703889926246077, 40.824256449314831 ], [ -96.703887490643908, 40.824257733799236 ], [ -96.703885055171099, 40.824259018415631 ], [ -96.703882619832555, 40.824260303168977 ], [ -96.703880184633192, 40.82426158806426 ], [ -96.703877749577856, 40.824262873106498 ], [ -96.703875314671478, 40.824264158300657 ], [ -96.703872879918961, 40.824265443651733 ], [ -96.703870445325165, 40.824266729164734 ], [ -96.703868010895008, 40.824268014844648 ], [ -96.703865576633376, 40.824269300696464 ], [ -96.703863142545174, 40.824270586725149 ], [ -96.703860708635276, 40.824271872935718 ], [ -96.703858274908001, 40.824273159332542 ], [ -96.703855841365225, 40.82427444591756 ], [ -96.703853408008271, 40.824275732692122 ], [ -96.703850974838417, 40.824277019657508 ], [ -96.703848541856971, 40.824278306815067 ], [ -96.703846109065239, 40.824279594166129 ], [ -96.703843676464516, 40.824280881711999 ], [ -96.703841244056065, 40.824282169454001 ], [ -96.703838811841251, 40.824283457393499 ], [ -96.703836379821325, 40.824284745531756 ], [ -96.703833947997595, 40.824286033870152 ], [ -96.703831516370386, 40.824287322408964 ], [ -96.703829084935961, 40.824288611144439 ], [ -96.703826653689646, 40.824289900071761 ], [ -96.703824222626778, 40.824291189186177 ], [ -96.703821791742612, 40.824292478482896 ], [ -96.703819361032487, 40.824293767957116 ], [ -96.703816930491698, 40.824295057604061 ], [ -96.70381450011557, 40.824296347418958 ], [ -96.703812069899385, 40.824297637396995 ], [ -96.703809639838454, 40.82429892753342 ], [ -96.703807209928087, 40.824300217823399 ], [ -96.703804780163608, 40.824301508262202 ], [ -96.703802350539661, 40.824302798844343 ], [ -96.703799921048315, 40.824304089561743 ], [ -96.703797491681001, 40.824305380405661 ], [ -96.703795062429137, 40.82430667136736 ], [ -96.703792633284138, 40.824307962438084 ], [ -96.703790204237436, 40.824309253609073 ], [ -96.70378777528046, 40.824310544871615 ], [ -96.703785346404629, 40.824311836216935 ], [ -96.703782917601359, 40.824313127636294 ], [ -96.70378048886208, 40.824314419120945 ], [ -96.703778060178209, 40.824315710662148 ], [ -96.703775631540935, 40.824317002250879 ], [ -96.70377320294034, 40.824318293877113 ], [ -96.703770774366319, 40.824319585530439 ], [ -96.703768345808712, 40.824320877200584 ], [ -96.7037659172574, 40.82432216887716 ], [ -96.703763488702251, 40.824323460549863 ], [ -96.703761060133104, 40.824324752208348 ], [ -96.703758631539856, 40.824326043842277 ], [ -96.703756202912359, 40.824327335441325 ], [ -96.703753774240468, 40.82432862699514 ], [ -96.703751345514036, 40.824329918493419 ], [ -96.703748916722958, 40.824331209925766 ], [ -96.703746487856975, 40.824332501281802 ], [ -96.703744058905514, 40.824333792550689 ], [ -96.703741629857859, 40.82433508372155 ], [ -96.703739200703339, 40.824336374783456 ], [ -96.703736771431238, 40.824337665725508 ], [ -96.703734342030884, 40.824338956536792 ], [ -96.703731912491563, 40.82434024720645 ], [ -96.703729482802601, 40.824341537723512 ], [ -96.703727052953298, 40.824342828077107 ], [ -96.703724622932953, 40.824344118256342 ], [ -96.703722192730893, 40.824345408250295 ], [ -96.703719762336391, 40.824346698048068 ], [ -96.703717331738716, 40.824347987638689 ], [ -96.703714900927125, 40.824349277011187 ], [ -96.703712469890831, 40.824350566154607 ], [ -96.703710038619121, 40.824351855057998 ], [ -96.703707607101222, 40.824353143710361 ], [ -96.703705175326363, 40.824354432100769 ], [ -96.703702743283813, 40.824355720218207 ], [ -96.703700310962816, 40.824357008051742 ], [ -96.703697878352614, 40.824358295590422 ], [ -96.703695445442449, 40.824359582823227 ], [ -96.703693012221578, 40.824360869739252 ], [ -96.7036905786793, 40.824362156327531 ], [ -96.703688144805184, 40.824363442577479 ], [ -96.703685710588871, 40.824364728478507 ], [ -96.703683276019987, 40.824366014020029 ], [ -96.703680841088143, 40.824367299191486 ], [ -96.703678405782995, 40.824368583982285 ], [ -96.703675970094167, 40.824369868381879 ], [ -96.703673534011273, 40.824371152379641 ], [ -96.703671097523966, 40.824372435965067 ], [ -96.703668660621858, 40.824373719127507 ], [ -96.70366622329459, 40.824375001856453 ], [ -96.703663785532143, 40.824376284141671 ], [ -96.703661347325934, 40.824377565974395 ], [ -96.70365890866772, 40.824378847346225 ], [ -96.703656469549259, 40.824380128248769 ], [ -96.703654029962337, 40.824381408673602 ], [ -96.703651589898698, 40.824382688612353 ], [ -96.703649149350113, 40.824383968056623 ], [ -96.703646708308355, 40.82438524699802 ], [ -96.703644266765167, 40.824386525428125 ], [ -96.703641824712349, 40.824387803338546 ], [ -96.703639382141617, 40.824389080720898 ], [ -96.703636939044785, 40.824390357566763 ], [ -96.70363449541442, 40.824391633868608 ], [ -96.703632051246473, 40.824392909622318 ], [ -96.703629606537774, 40.824394184824605 ], [ -96.70362716128507, 40.824395459472179 ], [ -96.703624715485176, 40.824396733561805 ], [ -96.703622269134883, 40.824398007090181 ], [ -96.703619822230962, 40.824399280054052 ], [ -96.703617374770232, 40.82440055245015 ], [ -96.703614926749452, 40.824401824275178 ], [ -96.703612478165439, 40.824403095525881 ], [ -96.703610029014982, 40.824404366198976 ], [ -96.703607579296147, 40.824405636292497 ], [ -96.703605129012217, 40.824406905809823 ], [ -96.703602678167726, 40.824408174755554 ], [ -96.703600226767264, 40.824409443134364 ], [ -96.703597774815393, 40.8244107109509 ], [ -96.703595322316644, 40.824411978209795 ], [ -96.703592869275582, 40.824413244915718 ], [ -96.703590415696794, 40.824414511073329 ], [ -96.703587961584802, 40.824415776687239 ], [ -96.703585506944208, 40.824417041762111 ], [ -96.703583051779518, 40.824418306302626 ], [ -96.70358059609535, 40.824419570313403 ], [ -96.703578139897203, 40.824420833800119 ], [ -96.7035756831947, 40.824422096772501 ], [ -96.703573225998369, 40.824423359241372 ], [ -96.70357076831877, 40.824424621217474 ], [ -96.703568310166474, 40.824425882711573 ], [ -96.703565851552057, 40.824427143734454 ], [ -96.703563392486046, 40.824428404296874 ], [ -96.703560932979045, 40.8244296644096 ], [ -96.703558473041596, 40.82443092408343 ], [ -96.70355601268426, 40.824432183329101 ], [ -96.703553551917608, 40.824433442157435 ], [ -96.70355109075264, 40.824434700579594 ], [ -96.703548629202089, 40.824435958608618 ], [ -96.703546167279171, 40.824437216257934 ], [ -96.703543704997045, 40.824438473540994 ], [ -96.703541242368928, 40.824439730471269 ], [ -96.703538779407992, 40.824440987062189 ], [ -96.703536316127412, 40.824442243327184 ], [ -96.703533852540417, 40.824443499279759 ], [ -96.703531388660167, 40.824444754933324 ], [ -96.703528924499849, 40.824446010301308 ], [ -96.703526460072666, 40.824447265397197 ], [ -96.703523995391791, 40.824448520234448 ], [ -96.703521530470582, 40.82444977482664 ], [ -96.703519065323022, 40.824451029188026 ], [ -96.703516599963237, 40.824452283333031 ], [ -96.703514134405353, 40.824453537276092 ], [ -96.703511668663538, 40.824454791031606 ], [ -96.703509202751903, 40.82445604461396 ], [ -96.703506736684574, 40.824457298037629 ], [ -96.703504270475705, 40.824458551316994 ], [ -96.703501804139435, 40.824459804466478 ], [ -96.703499337689905, 40.824461057500457 ], [ -96.703496871141226, 40.824462310433411 ], [ -96.703494404507552, 40.824463563279714 ], [ -96.703491937802994, 40.824464816053776 ], [ -96.703489471041692, 40.824466068769993 ], [ -96.703487004237743, 40.824467321442768 ], [ -96.703484537405274, 40.824468574086524 ], [ -96.703482070558394, 40.824469826715578 ], [ -96.70347960371123, 40.824471079344413 ], [ -96.703477136877922, 40.824472331987387 ], [ -96.703474670072538, 40.824473584658911 ], [ -96.703472203309246, 40.824474837373373 ], [ -96.703469736602159, 40.824476090145183 ], [ -96.703467269965373, 40.824477342988736 ], [ -96.703464803412913, 40.824478595918315 ], [ -96.703462336958353, 40.82447984894776 ], [ -96.703459870615177, 40.824481102090829 ], [ -96.703457404396815, 40.824482355361212 ], [ -96.703454938316753, 40.824483608772674 ], [ -96.703452472388449, 40.824484862338956 ], [ -96.703450006625388, 40.82448611607375 ], [ -96.703447541041015, 40.824487369990813 ], [ -96.703445075648816, 40.824488624103857 ], [ -96.703442610462247, 40.824489878426661 ], [ -96.703440145494767, 40.824491132972916 ], [ -96.703437680759436, 40.824492387755953 ], [ -96.703435216267621, 40.824493642787331 ], [ -96.703432752030324, 40.824494898078306 ], [ -96.703430288058456, 40.824496153639991 ], [ -96.703427824363004, 40.824497409483591 ], [ -96.70342536095491, 40.824498665620276 ], [ -96.703422897845158, 40.824499922061229 ], [ -96.70342043504472, 40.824501178817634 ], [ -96.703417972564523, 40.824502435900662 ], [ -96.703415510415567, 40.824503693321503 ], [ -96.70341304860878, 40.82450495109132 ], [ -96.703410587155147, 40.824506209221305 ], [ -96.70340812606473, 40.824507467721709 ], [ -96.70340566534388, 40.824508726599035 ], [ -96.703403204998111, 40.824509985858889 ], [ -96.703400745032894, 40.824511245506841 ], [ -96.70339828545373, 40.824512505548526 ], [ -96.703395826266089, 40.824513765989501 ], [ -96.703393367475456, 40.824515026835357 ], [ -96.703390909087304, 40.824516288091701 ], [ -96.703388451107131, 40.824517549764124 ], [ -96.703385993540408, 40.824518811858205 ], [ -96.703383536392636, 40.824520074379535 ], [ -96.703381079668048, 40.824521337332463 ], [ -96.703378623366063, 40.824522600716371 ], [ -96.703376167484805, 40.824523864529382 ], [ -96.703373712022469, 40.824525128769615 ], [ -96.703371256977221, 40.824526393435214 ], [ -96.7033688023472, 40.824527658524282 ], [ -96.703366348130601, 40.824528924034993 ], [ -96.703363894325562, 40.824530189965429 ], [ -96.703361440930237, 40.824531456313721 ], [ -96.703358987942835, 40.824532723078022 ], [ -96.703356535361493, 40.824533990256441 ], [ -96.703354083183413, 40.824535257846136 ], [ -96.703351631401929, 40.824536525840308 ], [ -96.703349180009468, 40.824537794231233 ], [ -96.703346728998412, 40.82453906301113 ], [ -96.703344278361158, 40.824540332172248 ], [ -96.703341828090075, 40.824541601706812 ], [ -96.703339378177589, 40.824542871607122 ], [ -96.703336928616054, 40.824544141865346 ], [ -96.703334479397896, 40.824545412473761 ], [ -96.703332030515497, 40.824546683424607 ], [ -96.703329581961242, 40.824547954710113 ], [ -96.703327133727527, 40.824549226322546 ], [ -96.703324685806336, 40.824550498253714 ], [ -96.703322238187965, 40.82455177049372 ], [ -96.703319790862352, 40.824553043032324 ], [ -96.703317343819393, 40.824554315859174 ], [ -96.703314897048969, 40.824555588964024 ], [ -96.703312450540977, 40.824556862336529 ], [ -96.70331000428537, 40.824558135966434 ], [ -96.703307558272044, 40.824559409843424 ], [ -96.703305112490852, 40.824560683957202 ], [ -96.703302666931734, 40.82456195829748 ], [ -96.703300221584598, 40.824563232853968 ], [ -96.703297776394564, 40.824564507566393 ], [ -96.703295331247503, 40.824565782308454 ], [ -96.703292886133411, 40.82456705706997 ], [ -96.70329044104696, 40.824568331845995 ], [ -96.703287995982734, 40.824569606631563 ], [ -96.703285550935362, 40.824570881421685 ], [ -96.703283105899473, 40.824572156211353 ], [ -96.703280660869709, 40.824573430995628 ], [ -96.703278215840669, 40.824574705769514 ], [ -96.703275770806997, 40.824575980528039 ], [ -96.703273325763291, 40.824577255266213 ], [ -96.703270880704196, 40.824578529979043 ], [ -96.703268435624338, 40.824579804661582 ], [ -96.703265990518346, 40.824581079308849 ], [ -96.70326354538085, 40.824582353915865 ], [ -96.70326110020649, 40.824583628477662 ], [ -96.703258654989881, 40.824584902989244 ], [ -96.70325620972568, 40.824586177445703 ], [ -96.703253764408501, 40.824587451842021 ], [ -96.703251319032987, 40.824588726173246 ], [ -96.703248873593765, 40.824590000434405 ], [ -96.703246428085478, 40.824591274620509 ], [ -96.703243982502755, 40.824592548726606 ], [ -96.703241536840252, 40.824593822747772 ], [ -96.703239091092783, 40.824595096679161 ], [ -96.70323664525516, 40.824596370516041 ], [ -96.70323419932221, 40.824597644253629 ], [ -96.703231753288776, 40.824598917887123 ], [ -96.70322930714967, 40.824600191411797 ], [ -96.703226860899733, 40.824601464822841 ], [ -96.703224414533764, 40.824602738115516 ], [ -96.703221968046634, 40.824604011285011 ], [ -96.703219521433113, 40.82460528432658 ], [ -96.703217074688084, 40.824606557235441 ], [ -96.703214627806361, 40.824607830006833 ], [ -96.703212180782842, 40.824609102636074 ], [ -96.703209733612866, 40.824610375118894 ], [ -96.703207286291885, 40.824611647451142 ], [ -96.703204838815267, 40.824612919628656 ], [ -96.703202391178479, 40.824614191647235 ], [ -96.703199943376916, 40.824615463502717 ], [ -96.703197495406002, 40.824616735190993 ], [ -96.70319504726119, 40.824618006707851 ], [ -96.703192598937861, 40.824619278049106 ], [ -96.703190150431467, 40.82462054921065 ], [ -96.703187701737406, 40.824621820188291 ], [ -96.703185252851483, 40.824623090978221 ], [ -96.703182803770929, 40.824624361578095 ], [ -96.703180354493341, 40.824625631986066 ], [ -96.703177905016346, 40.824626902200116 ], [ -96.703175455337515, 40.824628172218326 ], [ -96.703173005454474, 40.824629442038749 ], [ -96.703170555364821, 40.824630711659459 ], [ -96.703168105066155, 40.824631981078497 ], [ -96.703165654556074, 40.824633250293921 ], [ -96.703163203832204, 40.8246345193038 ], [ -96.703160752892117, 40.8246357881062 ], [ -96.703158301733424, 40.824637056699139 ], [ -96.703155850354491, 40.824638325081473 ], [ -96.703153398756626, 40.824639593255036 ], [ -96.703152805566802, 40.824639900002303 ] ] } },
{ "type": "Feature", "properties": { "point_a": 313, "point_b": 314, "trip": 3, "route": "salt_creek_after_circle", "status": "corrected", "mode": "reviewed_spatial_assumption" }, "geometry": { "type": "LineString", "coordinates": [ [ -96.707124486565604, 40.822371192921111 ], [ -96.707122808075908, 40.822372791499696 ], [ -96.707120888151195, 40.822374608355396 ], [ -96.707118960101255, 40.82237642152306 ], [ -96.707117024691215, 40.822378231619382 ], [ -96.707115082686229, 40.82238003926112 ], [ -96.707113134851397, 40.822381845065003 ], [ -96.707111181951845, 40.822383649647762 ], [ -96.707109224752685, 40.822385453626083 ], [ -96.707107264019058, 40.822387257616747 ], [ -96.707105300509269, 40.822389062229476 ], [ -96.707103334954425, 40.822390868046327 ], [ -96.70710136807881, 40.822392675642377 ], [ -96.707099400606722, 40.822394485592717 ], [ -96.707097433262433, 40.822396298472427 ], [ -96.707095466770241, 40.82239811485659 ], [ -96.707093501854459, 40.82239993532032 ], [ -96.707091539239329, 40.822401760438666 ], [ -96.707089579649193, 40.822403590786735 ], [ -96.707087623808306, 40.822405426939604 ], [ -96.707085672440968, 40.822407269472357 ], [ -96.707083726271463, 40.822409118960067 ], [ -96.707081785976413, 40.822410975929238 ], [ -96.70707985204173, 40.822412840711884 ], [ -96.707077924905647, 40.822414713591378 ], [ -96.707076005006428, 40.82241659485112 ], [ -96.707074092782264, 40.822418484774524 ], [ -96.707072188671404, 40.822420383644968 ], [ -96.707070293112125, 40.82242229174588 ], [ -96.707068406542618, 40.822424209360626 ], [ -96.707066529401146, 40.822426136772606 ], [ -96.707064662125916, 40.822428074265254 ], [ -96.707062805155203, 40.822430022121956 ], [ -96.707060958878145, 40.822431980576013 ], [ -96.707059123487554, 40.822433949660635 ], [ -96.707057299127172, 40.82243592935891 ], [ -96.707055485940728, 40.822437919653865 ], [ -96.707053684071965, 40.822439920528659 ], [ -96.707051893664584, 40.82244193196636 ], [ -96.707050114862383, 40.822443953950064 ], [ -96.707048347809049, 40.822445986462903 ], [ -96.707046592648325, 40.822448029487909 ], [ -96.707044849523953, 40.822450083008206 ], [ -96.707043118579662, 40.822452147006892 ], [ -96.707041399959195, 40.822454221467041 ], [ -96.707039693785006, 40.822456306350098 ], [ -96.707038000094443, 40.822458401530625 ], [ -96.70703631890359, 40.822460506861582 ], [ -96.707034650228536, 40.822462622195893 ], [ -96.707032994085353, 40.822464747386462 ], [ -96.707031350490126, 40.822466882286243 ], [ -96.707029719458916, 40.822469026748145 ], [ -96.707028101007836, 40.82247118062508 ], [ -96.707026495152945, 40.822473343769985 ], [ -96.70702490191033, 40.822475516035809 ], [ -96.707023321296063, 40.82247769727541 ], [ -96.707021753338566, 40.822479887354348 ], [ -96.707020198115572, 40.822482086188415 ], [ -96.707018655717121, 40.822484293705941 ], [ -96.707017126233325, 40.822486509835308 ], [ -96.707015609754208, 40.822488734504887 ], [ -96.707014101786285, 40.822490964877844 ], [ -96.707012594968887, 40.822493196387626 ], [ -96.707011088911969, 40.82249542867293 ], [ -96.707009583312995, 40.822497661425317 ], [ -96.707008077869503, 40.822499894336282 ], [ -96.707006572278928, 40.82250212709738 ], [ -96.707005066238807, 40.822504359400156 ], [ -96.707003559480384, 40.822506590970562 ], [ -96.707002051869935, 40.822508821672251 ], [ -96.707000543307529, 40.822511051403296 ], [ -96.706999033693208, 40.822513280061798 ], [ -96.70699752292704, 40.822515507545823 ], [ -96.706996010909066, 40.822517733753486 ], [ -96.706994497539341, 40.822519958582845 ], [ -96.706992982717935, 40.822522181932008 ], [ -96.706991466344888, 40.822524403699042 ], [ -96.706989948320242, 40.822526623782018 ], [ -96.706988428544065, 40.822528842079059 ], [ -96.706986906942845, 40.822531058515168 ], [ -96.706985383548798, 40.822533273123227 ], [ -96.706983858420642, 40.822535485963094 ], [ -96.706982331617013, 40.822537697094546 ], [ -96.706980803196601, 40.822539906577454 ], [ -96.706979273218053, 40.822542114471631 ], [ -96.706977741740076, 40.822544320836904 ], [ -96.706976208821317, 40.822546525733102 ], [ -96.706974674520467, 40.82254872922006 ], [ -96.706973138896188, 40.822550931357611 ], [ -96.706971602007144, 40.822553132205563 ], [ -96.706970063912024, 40.82255533182375 ], [ -96.706968524636281, 40.822557530238157 ], [ -96.706966984072622, 40.822559727339325 ], [ -96.70696544208046, 40.822561922983972 ], [ -96.706963898519277, 40.822564117028733 ], [ -96.706962353248542, 40.822566309330384 ], [ -96.706960806127739, 40.822568499745564 ], [ -96.706959257016308, 40.822570688131002 ], [ -96.706957705773718, 40.822572874343393 ], [ -96.706956152259423, 40.822575058239401 ], [ -96.70695459633292, 40.822577239675738 ], [ -96.706953037853637, 40.822579418509122 ], [ -96.706951476625392, 40.822581594539443 ], [ -96.706949912229291, 40.822583767339609 ], [ -96.706948344190764, 40.822585936425682 ], [ -96.70694677203528, 40.822588101313748 ], [ -96.706945195288284, 40.822590261519906 ], [ -96.70694361347519, 40.822592416560298 ], [ -96.706942026121453, 40.822594565950951 ], [ -96.706940432752518, 40.822596709208021 ], [ -96.706938832893826, 40.822598845847558 ], [ -96.706937226070835, 40.822600975385662 ], [ -96.706935611808973, 40.82260309733843 ], [ -96.706933989633683, 40.822605211221969 ], [ -96.706932359053667, 40.822607316535276 ], [ -96.706930719510552, 40.822609412708999 ], [ -96.70692907042924, 40.822611499156714 ], [ -96.706927411234645, 40.822613575291982 ], [ -96.70692574135164, 40.822615640528376 ], [ -96.706924060205125, 40.822617694279423 ], [ -96.706922367220017, 40.822619735958732 ], [ -96.706920661821172, 40.822621764979843 ], [ -96.706918943433507, 40.822623780756331 ], [ -96.706917211481908, 40.822625782701778 ], [ -96.70691546539129, 40.822627770229701 ], [ -96.706913704631873, 40.822629742799954 ], [ -96.706911928855334, 40.822631700057315 ], [ -96.706910137758669, 40.822633641692811 ], [ -96.706908331038903, 40.822635567397505 ], [ -96.706906508393018, 40.822637476862418 ], [ -96.706904669518039, 40.822639369778607 ], [ -96.70690281411099, 40.822641245837069 ], [ -96.706900941868852, 40.822643104728911 ], [ -96.706899052488652, 40.822644946145118 ], [ -96.706897145667398, 40.822646769776739 ], [ -96.706895221102073, 40.822648575314815 ], [ -96.706893278489716, 40.822650362450418 ], [ -96.706891317619323, 40.822652130968315 ], [ -96.70688933864777, 40.822653881028579 ], [ -96.706887341823958, 40.822655612884915 ], [ -96.706885327396762, 40.822657326791166 ], [ -96.706883295615071, 40.822659023001073 ], [ -96.706881246727775, 40.822660701768477 ], [ -96.706879180983748, 40.822662363347121 ], [ -96.706877098631892, 40.822664007990824 ], [ -96.706874999921084, 40.822665635953349 ], [ -96.706872885100196, 40.822667247488468 ], [ -96.706870754418119, 40.822668842850007 ], [ -96.706868608189467, 40.822670422358755 ], [ -96.706866446991739, 40.822671986603567 ], [ -96.706864271468149, 40.822673536240366 ], [ -96.706862082261921, 40.822675071925019 ], [ -96.706859880016282, 40.822676594313435 ], [ -96.706857665374457, 40.822678104061517 ], [ -96.706855438979673, 40.822679601825136 ], [ -96.706853201475127, 40.822681088260182 ], [ -96.706850953504059, 40.822682564022578 ], [ -96.706848695709709, 40.82268402976819 ], [ -96.706846428735275, 40.822685486152928 ], [ -96.706844153223983, 40.822686933832671 ], [ -96.70684186982507, 40.822688373469461 ], [ -96.706839579211916, 40.822689805749931 ], [ -96.706837282063887, 40.822691231366825 ], [ -96.706834979060375, 40.822692651012936 ], [ -96.706832670880743, 40.822694065381 ], [ -96.706830358204371, 40.82269547516379 ], [ -96.706828041710665, 40.822696881054064 ], [ -96.706825722078975, 40.822698283744614 ], [ -96.706823399988707, 40.822699683928178 ], [ -96.706821076119212, 40.822701082297513 ], [ -96.706818751149896, 40.822702479545399 ], [ -96.706816425731773, 40.822703876335694 ], [ -96.706814100402497, 40.822705273216634 ], [ -96.706811775671341, 40.822706670707525 ], [ -96.70680945204758, 40.822708069327717 ], [ -96.706807130040559, 40.822709469596496 ], [ -96.706804810159525, 40.822710872033227 ], [ -96.706802492913766, 40.822712277157187 ], [ -96.7068001788126, 40.822713685487741 ], [ -96.706797868365271, 40.822715097544204 ], [ -96.706795562081126, 40.822716513845869 ], [ -96.706793260469397, 40.822717934912085 ], [ -96.706790964039413, 40.82271936126218 ], [ -96.706788673236574, 40.822720793350356 ], [ -96.706786388250791, 40.822722231370228 ], [ -96.706784109208101, 40.822723675450355 ], [ -96.706781836234569, 40.822725125719252 ], [ -96.706779569456216, 40.822726582305421 ], [ -96.706777308999079, 40.822728045337421 ], [ -96.706775054989208, 40.822729514943759 ], [ -96.706772807552611, 40.822730991252953 ], [ -96.706770566815393, 40.822732474393547 ], [ -96.706768332903522, 40.822733964494027 ], [ -96.706766105943089, 40.822735461682967 ], [ -96.706763885972265, 40.822736965999262 ], [ -96.706761672677771, 40.822738477123508 ], [ -96.706759465658507, 40.822739994646632 ], [ -96.706757264513357, 40.822741518159702 ], [ -96.706755068841176, 40.822743047253624 ], [ -96.706752878240891, 40.82274458151943 ], [ -96.706750692311346, 40.822746120548047 ], [ -96.706748510651451, 40.822747663930521 ], [ -96.706746332860078, 40.822749211257765 ], [ -96.706744158536111, 40.822750762120798 ], [ -96.706741987278434, 40.822752316110609 ], [ -96.706739818685932, 40.822753872818119 ], [ -96.706737652325145, 40.822755431801426 ], [ -96.706735487633352, 40.82275699248666 ], [ -96.706733324015474, 40.822758554267004 ], [ -96.706731160876444, 40.822760116535704 ], [ -96.706728997621184, 40.82276167868595 ], [ -96.706726833654642, 40.822763240110945 ], [ -96.706724668381725, 40.822764800203899 ], [ -96.706722501207381, 40.822766358358024 ], [ -96.706720331536545, 40.82276791396653 ], [ -96.706718158774137, 40.822769466422578 ], [ -96.706715982325079, 40.822771015119443 ], [ -96.70671380164454, 40.82277255950148 ], [ -96.706711616388475, 40.822774099217916 ], [ -96.706709426263089, 40.822775633969151 ], [ -96.706707230974587, 40.822777163455591 ], [ -96.706705030229145, 40.822778687377621 ], [ -96.706702823732968, 40.822780205435684 ], [ -96.706700611192232, 40.822781717330123 ], [ -96.706698392313143, 40.822783222761402 ], [ -96.706696166801905, 40.822784721429912 ], [ -96.706693934364694, 40.822786213036025 ], [ -96.7066916947077, 40.822787697280177 ], [ -96.70668944753713, 40.822789173862745 ], [ -96.706687192619952, 40.82279064254616 ], [ -96.706684929966215, 40.822792103340596 ], [ -96.706682659646759, 40.822793556318331 ], [ -96.706680381732397, 40.822795001551583 ], [ -96.706678096293984, 40.822796439112594 ], [ -96.706675803402348, 40.82279786907354 ], [ -96.706673503128314, 40.822799291506698 ], [ -96.706671195542697, 40.822800706484287 ], [ -96.706668880716364, 40.822802114078513 ], [ -96.70666655872013, 40.82280351436161 ], [ -96.706664229624806, 40.822804907405811 ], [ -96.70666189352373, 40.822806293306222 ], [ -96.706659550600008, 40.822807672249667 ], [ -96.706657201059272, 40.822809044445755 ], [ -96.706654845107153, 40.822810410104125 ], [ -96.706652482949238, 40.822811769434502 ], [ -96.706650114791131, 40.822813122646529 ], [ -96.706647740838477, 40.822814469949854 ], [ -96.706645361296864, 40.822815811554143 ], [ -96.706642976371924, 40.822817147669063 ], [ -96.706640586269245, 40.822818478504281 ], [ -96.706638191194457, 40.822819804269479 ], [ -96.706635791353165, 40.822821125174272 ], [ -96.706633386952376, 40.822822441429764 ], [ -96.706630978204615, 40.822823753252699 ], [ -96.706628565323797, 40.822825060861163 ], [ -96.706626148523853, 40.822826364473329 ], [ -96.706623728018698, 40.822827664307312 ], [ -96.706621304022249, 40.822828960581248 ], [ -96.706618876748422, 40.822830253513274 ], [ -96.706616446411132, 40.822831543321541 ], [ -96.706614013224325, 40.822832830224129 ], [ -96.706611577401887, 40.82283411443921 ], [ -96.706609139157763, 40.822835396184935 ], [ -96.706606698695325, 40.822836675668668 ], [ -96.706604256175893, 40.822837953054929 ], [ -96.706601811750247, 40.822839228497443 ], [ -96.706599365569176, 40.82284050214998 ], [ -96.706596917783443, 40.822841774166278 ], [ -96.706594468543855, 40.822843044700129 ], [ -96.706592018001174, 40.822844313905215 ], [ -96.706589566306192, 40.822845581935368 ], [ -96.7065871136097, 40.822846848944295 ], [ -96.706584660062461, 40.822848115085755 ], [ -96.706582205815266, 40.82284938051351 ], [ -96.706579751002039, 40.822850645364085 ], [ -96.706577295689172, 40.82285190970525 ], [ -96.706574839926233, 40.822853173587504 ], [ -96.706572383762747, 40.822854437061373 ], [ -96.706569927248268, 40.822855700177342 ], [ -96.706567470432361, 40.822856962985995 ], [ -96.706565013364539, 40.822858225537807 ], [ -96.706562556094369, 40.822859487883335 ], [ -96.706560098671389, 40.822860750073048 ], [ -96.706557641145139, 40.822862012157529 ], [ -96.706555183565186, 40.82286327418727 ], [ -96.706552725981041, 40.822864536212784 ], [ -96.706550268429709, 40.822865798271785 ], [ -96.706547810897845, 40.822867060350703 ], [ -96.706545353359573, 40.822868322423091 ], [ -96.706542895788985, 40.82286958446258 ], [ -96.706540438160189, 40.822870846442768 ], [ -96.706537980447294, 40.822872108337222 ], [ -96.706535522624421, 40.822873370119567 ], [ -96.706533064665649, 40.822874631763369 ], [ -96.706530606545101, 40.822875893242255 ], [ -96.70652814823687, 40.822877154529792 ], [ -96.70652568971505, 40.82287841559959 ], [ -96.706523230954105, 40.822879676425558 ], [ -96.706520771929704, 40.822880936982948 ], [ -96.706518312617888, 40.822882197247289 ], [ -96.706515852994684, 40.822883457194131 ], [ -96.70651339303609, 40.822884716799031 ], [ -96.70651093271816, 40.822885976037533 ], [ -96.706508472016893, 40.822887234885208 ], [ -96.706506010908328, 40.822888493317571 ], [ -96.706503549368492, 40.822889751310193 ], [ -96.706501087373383, 40.822891008838646 ], [ -96.706498624899041, 40.822892265878437 ], [ -96.706496161921493, 40.82289352240516 ], [ -96.706493698420331, 40.822894778397966 ], [ -96.706491234389432, 40.822896033850647 ], [ -96.706488769826265, 40.822897288760593 ], [ -96.706486304728244, 40.822898543125199 ], [ -96.706483839092826, 40.822899796941869 ], [ -96.706481372917494, 40.822901050208003 ], [ -96.706478906199692, 40.822902302921001 ], [ -96.706476438936832, 40.822903555078256 ], [ -96.706473971126414, 40.822904806677194 ], [ -96.706471502765851, 40.822906057715187 ], [ -96.706469033852613, 40.822907308189649 ], [ -96.7064665643871, 40.822908558100991 ], [ -96.706464094381474, 40.822909807461606 ], [ -96.706461623850885, 40.822911056286962 ], [ -96.706459152810424, 40.822912304592428 ], [ -96.706456681275242, 40.82291355239348 ], [ -96.706454209260457, 40.822914799705494 ], [ -96.70645173678119, 40.822916046543931 ], [ -96.706449263852591, 40.822917292924167 ], [ -96.70644679048975, 40.822918538861678 ], [ -96.706444316707802, 40.822919784371855 ], [ -96.706441842521869, 40.822921029470137 ], [ -96.706439367947098, 40.822922274171944 ], [ -96.706436893000102, 40.822923518494214 ], [ -96.706434417703548, 40.822924762460097 ], [ -96.706431942081636, 40.822926006094221 ], [ -96.706429466158482, 40.82292724942122 ], [ -96.706426989958302, 40.82292849246577 ], [ -96.70642451350524, 40.822929735252508 ], [ -96.706422036823497, 40.822930977806053 ], [ -96.706419559937231, 40.822932220151102 ], [ -96.706417082870601, 40.822933462312278 ], [ -96.706414605647794, 40.822934704314235 ], [ -96.706412128292996, 40.82293594618163 ], [ -96.706409650830537, 40.82293718793926 ], [ -96.706407173285498, 40.822938429612755 ], [ -96.706404695683133, 40.822939671227822 ], [ -96.706402218048723, 40.822940912810232 ], [ -96.70639974040752, 40.822942154385764 ], [ -96.70639726278479, 40.822943395980168 ], [ -96.706394785205759, 40.822944637619202 ], [ -96.706392307695737, 40.822945879328607 ], [ -96.706389830279946, 40.822947121134128 ], [ -96.706387352983668, 40.822948363061577 ], [ -96.706384875832157, 40.822949605136664 ], [ -96.706382398850664, 40.822950847385165 ], [ -96.706379922063803, 40.822952089832178 ], [ -96.706377445493544, 40.822953332500077 ], [ -96.706374969161203, 40.822954575410662 ], [ -96.706372493088111, 40.822955818585598 ], [ -96.706370017295569, 40.822957062046683 ], [ -96.706367541804923, 40.822958305815618 ], [ -96.70636506663746, 40.822959549914167 ], [ -96.706362591814525, 40.822960794364064 ], [ -96.70636011735742, 40.82296203918704 ], [ -96.706357643287461, 40.822963284404835 ], [ -96.706355169625994, 40.822964530039187 ], [ -96.706352696392585, 40.822965776110088 ], [ -96.706350223599912, 40.822967022630465 ], [ -96.706347751258946, 40.822968269611458 ], [ -96.706345279380628, 40.822969517064273 ], [ -96.706342807975915, 40.822970765000051 ], [ -96.70634033705575, 40.822972013429982 ], [ -96.706337866631117, 40.822973262365252 ], [ -96.70633539671293, 40.822974511816973 ], [ -96.706332927312161, 40.82297576179635 ], [ -96.706330458439766, 40.822977012314553 ], [ -96.706327990106686, 40.822978263382751 ], [ -96.706325522323908, 40.822979515012108 ], [ -96.706323055099887, 40.822980767211305 ], [ -96.706320588433371, 40.822982019978987 ], [ -96.706318122320596, 40.822983273311401 ], [ -96.706315656757837, 40.822984527204717 ], [ -96.706313191741359, 40.822985781655085 ], [ -96.706310727267422, 40.822987036658724 ], [ -96.706308263332275, 40.822988292211861 ], [ -96.70630579993221, 40.822989548310609 ], [ -96.70630333706346, 40.822990804951196 ], [ -96.706300874722288, 40.822992062129806 ], [ -96.706298412904957, 40.822993319842638 ], [ -96.70629595160645, 40.822994578084526 ], [ -96.706293490816407, 40.82299583684496 ], [ -96.706291030523246, 40.822997096112097 ], [ -96.706288570715344, 40.822998355874105 ], [ -96.706286111381061, 40.822999616119105 ], [ -96.706283652508802, 40.823000876835273 ], [ -96.706281194086941, 40.823002138010757 ], [ -96.706278736103869, 40.823003399633699 ], [ -96.706276278547932, 40.823004661692273 ], [ -96.706273821407549, 40.823005924174595 ], [ -96.706271364671096, 40.823007187068846 ], [ -96.706268908326948, 40.82300845036319 ], [ -96.706266452363593, 40.82300971404586 ], [ -96.70626399677009, 40.823010978105728 ], [ -96.706261541535568, 40.823012242531668 ], [ -96.706259086649197, 40.82301350731268 ], [ -96.706256632100093, 40.823014772437638 ], [ -96.706254177877454, 40.823016037895528 ], [ -96.706251723970396, 40.823017303675265 ], [ -96.70624927036809, 40.823018569765807 ], [ -96.706246817059679, 40.823019836156071 ], [ -96.706244364034319, 40.823021102835007 ], [ -96.706241911281154, 40.823022369791538 ], [ -96.706239458789824, 40.823023637015091 ], [ -96.706237006551831, 40.823024904497039 ], [ -96.706234554559188, 40.823026172229184 ], [ -96.706232102803881, 40.823027440203411 ], [ -96.706229651277923, 40.823028708411528 ], [ -96.706227199973284, 40.823029976845383 ], [ -96.706224748881993, 40.823031245496814 ], [ -96.706222297996007, 40.823032514357649 ], [ -96.706219847307352, 40.823033783419739 ], [ -96.706217396808015, 40.823035052674904 ], [ -96.706214946490007, 40.823036322115009 ], [ -96.706212496345287, 40.823037591731875 ], [ -96.706210046366223, 40.823038861517716 ], [ -96.706207596546435, 40.82304013146598 ], [ -96.706205146879896, 40.823041401570578 ], [ -96.706202697360595, 40.823042671825327 ], [ -96.70620024798248, 40.823043942224089 ], [ -96.706197798739552, 40.823045212760761 ], [ -96.706195349625759, 40.823046483429138 ], [ -96.706192900635102, 40.823047754223126 ], [ -96.706190451761529, 40.823049025136548 ], [ -96.706188002999028, 40.823050296163245 ], [ -96.706185554341559, 40.823051567297107 ], [ -96.706183105783197, 40.823052838532057 ], [ -96.706180657318356, 40.823054109862419 ], [ -96.706178208941523, 40.823055381282572 ], [ -96.706175760647213, 40.823056652786903 ], [ -96.706173312429939, 40.823057924369813 ], [ -96.706170864284175, 40.82305919602571 ], [ -96.706168416204463, 40.823060467748988 ], [ -96.706165968185289, 40.823061739534012 ], [ -96.706163520221139, 40.823063011375218 ], [ -96.706161072306543, 40.82306428326698 ], [ -96.706158624435972, 40.823065555203698 ], [ -96.706156176603969, 40.823066827179758 ], [ -96.706153728804935, 40.823068099189506 ], [ -96.706151281033044, 40.823069371226936 ], [ -96.706148833282384, 40.823070643286066 ], [ -96.706146385547029, 40.823071915360835 ], [ -96.706143937821082, 40.823073187445246 ], [ -96.706141490098631, 40.823074459533252 ], [ -96.706139042373749, 40.823075731618822 ], [ -96.706136594640512, 40.82307700369595 ], [ -96.706134146893049, 40.823078275758547 ], [ -96.706131699125407, 40.823079547800653 ], [ -96.706129251331689, 40.823080819816184 ], [ -96.706126803505853, 40.823082091799002 ], [ -96.706124355641222, 40.823083363742327 ], [ -96.706121907731045, 40.823084635639241 ], [ -96.70611945976853, 40.823085907482806 ], [ -96.706117011746883, 40.823087179266132 ], [ -96.706114563659341, 40.823088450982297 ], [ -96.706112115499124, 40.823089722624367 ], [ -96.706109667259398, 40.823090994185435 ], [ -96.70610721893344, 40.823092265658588 ], [ -96.706104770514429, 40.823093537036897 ], [ -96.706102321995601, 40.823094808313478 ], [ -96.706099873370164, 40.823096079481367 ], [ -96.706097424631267, 40.823097350533622 ], [ -96.706094975771833, 40.823098621462975 ], [ -96.706092526784744, 40.823099892262206 ], [ -96.706090077662836, 40.823101162924004 ], [ -96.706087628398961, 40.823102433441072 ], [ -96.706085178986001, 40.823103703806161 ], [ -96.706082729416806, 40.823104974011983 ], [ -96.70608027968423, 40.823106244051225 ], [ -96.706077829781137, 40.823107513916632 ], [ -96.70607537970038, 40.823108783600922 ], [ -96.706072929434825, 40.823110053096805 ], [ -96.706070478977836, 40.82311132239753 ], [ -96.70606802832485, 40.823112591498408 ], [ -96.706065577471747, 40.823113860395267 ], [ -96.706063126414463, 40.823115129083973 ], [ -96.706060675148919, 40.823116397560355 ], [ -96.706058223671036, 40.82311766582022 ], [ -96.706055771976708, 40.823118933859455 ], [ -96.706053320061912, 40.823120201673888 ], [ -96.706050867922499, 40.82312146925932 ], [ -96.706048415554434, 40.823122736611623 ], [ -96.70604596295361, 40.82312400372664 ], [ -96.706043510115975, 40.823125270600194 ], [ -96.706041057038632, 40.823126537229371 ], [ -96.706038603723641, 40.823127803616238 ], [ -96.706036150174199, 40.823129069764093 ], [ -96.706033696393575, 40.82313033567624 ], [ -96.706031242385023, 40.823131601355982 ], [ -96.706028788151741, 40.823132866806617 ], [ -96.706026333696983, 40.823134132031463 ], [ -96.706023879024002, 40.823135397033802 ], [ -96.706021424136026, 40.823136661816967 ], [ -96.706018969036307, 40.823137926384248 ], [ -96.706016513728059, 40.823139190738935 ], [ -96.706014058215601, 40.823140454885404 ], [ -96.706011602507431, 40.823141718832346 ], [ -96.706009146613084, 40.823142982589488 ], [ -96.706006690542139, 40.823144246166571 ], [ -96.706004234304132, 40.823145509573344 ], [ -96.706001777908611, 40.823146772819534 ], [ -96.705999321365155, 40.823148035914919 ], [ -96.705996864683271, 40.823149298869197 ], [ -96.705994407872566, 40.823150561692124 ], [ -96.705991950942575, 40.823151824393484 ], [ -96.70598949390282, 40.823153086982941 ], [ -96.705987036762892, 40.8231543494703 ], [ -96.705984579532895, 40.823155611865836 ], [ -96.705982122225052, 40.823156874182033 ], [ -96.705979664852222, 40.823158136432006 ], [ -96.705977207427196, 40.823159398628775 ], [ -96.705974749962792, 40.82316066078544 ], [ -96.705972292471827, 40.823161922915048 ], [ -96.705969834967092, 40.82316318503068 ], [ -96.705967377461434, 40.823164447145388 ], [ -96.705964919967641, 40.823165709272239 ], [ -96.705962462498519, 40.8231669714243 ], [ -96.705960005066913, 40.823168233614631 ], [ -96.70595754768577, 40.823169495856469 ], [ -96.705955090368761, 40.823170758163748 ], [ -96.705952633129669, 40.823172020550523 ], [ -96.705950175982338, 40.82317328303089 ], [ -96.705947718940536, 40.823174545618926 ], [ -96.705945262018105, 40.823175808328713 ], [ -96.705942805228858, 40.823177071174335 ], [ -96.705940348586566, 40.823178334169874 ], [ -96.705937892105084, 40.823179597329428 ], [ -96.705935435798196, 40.823180860667051 ], [ -96.705932979679744, 40.823182124196848 ], [ -96.70593052376357, 40.823183387932971 ], [ -96.70592806806394, 40.823184651889932 ], [ -96.705925612595138, 40.823185916082316 ], [ -96.705923157371458, 40.823187180524698 ], [ -96.705920702407226, 40.823188445231658 ], [ -96.705918247716724, 40.823189710217818 ], [ -96.705915793314276, 40.823190975497731 ], [ -96.705913339214177, 40.823192241085991 ], [ -96.705910885430711, 40.823193506997193 ], [ -96.705908431978216, 40.823194773245902 ], [ -96.705905978870973, 40.823196039846728 ], [ -96.705903526123294, 40.823197306814222 ], [ -96.705901073749544, 40.823198574163094 ], [ -96.705898621764405, 40.823199841908242 ], [ -96.705896170182569, 40.823201110064723 ], [ -96.705893719018803, 40.823202378647508 ], [ -96.705891268287814, 40.823203647671676 ], [ -96.705888818004354, 40.823204917152225 ], [ -96.70588636818313, 40.823206187104162 ], [ -96.705883918838879, 40.823207457542509 ], [ -96.705881469986338, 40.823208728482307 ], [ -96.705879021640229, 40.823209999938584 ], [ -96.705876573815303, 40.823211271926318 ], [ -96.705874126526183, 40.823212544460496 ], [ -96.705871679787265, 40.823213817555725 ], [ -96.705869233612859, 40.823215091226665 ], [ -96.705866788017232, 40.823216365487845 ], [ -96.705864343014724, 40.823217640353867 ], [ -96.705861898619617, 40.823218915839327 ], [ -96.705859454846234, 40.823220191958761 ], [ -96.705857011708844, 40.823221468726807 ], [ -96.705854569221799, 40.823222746158024 ], [ -96.705852127399339, 40.82322402426702 ], [ -96.705849686255817, 40.823225303068341 ], [ -96.705847245805529, 40.823226582576609 ], [ -96.70584480606226, 40.823227862805894 ], [ -96.705842367037974, 40.823229143768394 ], [ -96.705839928744126, 40.823230425475728 ], [ -96.705837491192128, 40.82323170793962 ], [ -96.705835054393475, 40.823232991171707 ], [ -96.70583261835958, 40.823234275183722 ], [ -96.705830183101895, 40.823235559987261 ], [ -96.70582774863189, 40.823236845594053 ], [ -96.70582531496099, 40.82323813201576 ], [ -96.705822882100662, 40.823239419264041 ], [ -96.705820450062348, 40.823240707350614 ], [ -96.705818018855908, 40.823241996285503 ], [ -96.705815588484967, 40.823243286072376 ], [ -96.705813158951486, 40.823244576713279 ], [ -96.705810730257511, 40.823245868210286 ], [ -96.705808302405018, 40.823247160565415 ], [ -96.705805875396052, 40.823248453780742 ], [ -96.705803449232604, 40.823249747858291 ], [ -96.705801023916678, 40.823251042800102 ], [ -96.705798599450304, 40.823252338608292 ], [ -96.705796175835474, 40.823253635284843 ], [ -96.70579375307419, 40.823254932831809 ], [ -96.705791331168484, 40.823256231251264 ], [ -96.70578891011823, 40.823257530543074 ], [ -96.705786489914757, 40.823258830698414 ], [ -96.70578407054731, 40.823260131706313 ], [ -96.705781652005086, 40.823261433555743 ], [ -96.705779234277315, 40.823262736235733 ], [ -96.705776817353211, 40.823264039735264 ], [ -96.705774401221987, 40.823265344043364 ], [ -96.705771985872872, 40.823266649149033 ], [ -96.705769571295079, 40.823267955041274 ], [ -96.705767157477823, 40.823269261709079 ], [ -96.705764744410303, 40.823270569141485 ], [ -96.705762332080411, 40.823271877326064 ], [ -96.705759920470399, 40.823273186244776 ], [ -96.705757509561266, 40.823274495878231 ], [ -96.705755099333899, 40.823275806206944 ], [ -96.705752689769241, 40.823277117211489 ], [ -96.705750280848278, 40.82327842887242 ], [ -96.705747872551882, 40.823279741170317 ], [ -96.705745464861025, 40.823281054085726 ], [ -96.705743057756649, 40.823282367599219 ], [ -96.705740651219685, 40.82328368169135 ], [ -96.705738245231046, 40.823284996342672 ], [ -96.705735839771705, 40.823286311533771 ], [ -96.705733434821923, 40.823287627244504 ], [ -96.705731030359416, 40.823288943452198 ], [ -96.705728626361221, 40.823290260133383 ], [ -96.705726222804387, 40.823291577264669 ], [ -96.705723819665991, 40.823292894822671 ], [ -96.705721416923041, 40.823294212783999 ], [ -96.705719014552599, 40.823295531125218 ], [ -96.705716612531731, 40.823296849822917 ], [ -96.705714210837456, 40.823298168853718 ], [ -96.705711809446854, 40.823299488194209 ], [ -96.705709408336958, 40.823300807820985 ], [ -96.705707007484676, 40.823302127710498 ], [ -96.705704606866348, 40.823303447838647 ], [ -96.705702206458199, 40.823304768181153 ], [ -96.705699806236439, 40.823306088713764 ], [ -96.705697406177293, 40.823307409412216 ], [ -96.705695006256931, 40.823308730252243 ], [ -96.705692606451592, 40.823310051209617 ], [ -96.705690206737486, 40.823311372260058 ], [ -96.705687807090811, 40.823312693379293 ], [ -96.705685407487763, 40.823314014543094 ], [ -96.705683007904597, 40.823315335727187 ], [ -96.705680608317493, 40.823316656907295 ], [ -96.70567820870275, 40.823317978059279 ], [ -96.705675809037075, 40.823319299159358 ], [ -96.705673409297205, 40.823320620183843 ], [ -96.705671009459934, 40.823321941109043 ], [ -96.705668609502041, 40.823323261911284 ], [ -96.705666209400306, 40.823324582566897 ], [ -96.705663809131494, 40.823325903052165 ], [ -96.705661408672384, 40.823327223343419 ], [ -96.705659007999728, 40.823328543416999 ], [ -96.705656607090333, 40.823329863249185 ], [ -96.705654205920965, 40.823331182816304 ], [ -96.705651804468943, 40.823332502095262 ], [ -96.705649402713902, 40.823333821065262 ], [ -96.705647000636006, 40.823335139706089 ], [ -96.705644598215457, 40.82333645799752 ], [ -96.705642195432389, 40.823337775919342 ], [ -96.705639792266979, 40.823339093451338 ], [ -96.705637388699444, 40.823340410573309 ], [ -96.705634984709917, 40.823341727265003 ], [ -96.705632580278603, 40.823343043506242 ], [ -96.70563017538565, 40.823344359276803 ], [ -96.705627770011247, 40.823345674556457 ], [ -96.705625364135585, 40.823346989324989 ], [ -96.705622957740076, 40.823348303563471 ], [ -96.705620550811162, 40.823349617258089 ], [ -96.705618143336579, 40.823350930396288 ], [ -96.705615735304008, 40.823352242965569 ], [ -96.705613326701169, 40.823353554953364 ], [ -96.70561091751577, 40.823354866347152 ], [ -96.705608507735505, 40.8233561771344 ], [ -96.70560609734811, 40.823357487302566 ], [ -96.705603686341263, 40.823358796839102 ], [ -96.705601274702673, 40.82336010573151 ], [ -96.705598862420075, 40.823361413967206 ], [ -96.705596449483266, 40.823362721535872 ], [ -96.705594035890684, 40.823364028435876 ], [ -96.705591621642839, 40.823365334667706 ], [ -96.705589206740257, 40.823366640231939 ], [ -96.70558679118345, 40.8233679451291 ], [ -96.705584374972972, 40.823369249359708 ], [ -96.705581958109335, 40.823370552924345 ], [ -96.705579540593064, 40.823371855823524 ], [ -96.705577122424714, 40.823373158057777 ], [ -96.705574703604768, 40.823374459627637 ], [ -96.70557228413378, 40.823375760533679 ], [ -96.705569864012304, 40.823377060776409 ], [ -96.705567443242458, 40.823378360358063 ], [ -96.70556502183311, 40.823379659287617 ], [ -96.705562599794717, 40.823380957575758 ], [ -96.705560177137727, 40.823382255233163 ], [ -96.705557753872625, 40.823383552270485 ], [ -96.705555330009872, 40.82338484869841 ], [ -96.705552905559927, 40.823386144527632 ], [ -96.70555048053329, 40.823387439768801 ], [ -96.705548054940408, 40.823388734432619 ], [ -96.705545628791754, 40.82339002852973 ], [ -96.705543202097772, 40.823391322070805 ], [ -96.705540774869149, 40.823392615066751 ], [ -96.705538347117212, 40.823393907529088 ], [ -96.705535918853528, 40.823395199469616 ], [ -96.705533490089621, 40.823396490900102 ], [ -96.705531060837018, 40.82339778183232 ], [ -96.705528631107285, 40.823399072278015 ], [ -96.705526200911933, 40.823400362248933 ], [ -96.705523770262516, 40.823401651756903 ], [ -96.705521339170573, 40.823402940813651 ], [ -96.705518907647644, 40.823404229430942 ], [ -96.705516475705252, 40.82340551762055 ], [ -96.705514043354952, 40.823406805394242 ], [ -96.705511610608085, 40.823408092763565 ], [ -96.705509177475051, 40.823409379739175 ], [ -96.705506743966154, 40.82341066633154 ], [ -96.705504310091612, 40.823411952551091 ], [ -96.705501875861685, 40.823413238408278 ], [ -96.705499441286591, 40.823414523913556 ], [ -96.705497006376604, 40.823415809077332 ], [ -96.705494571141955, 40.823417093910109 ], [ -96.705492135592891, 40.823418378422318 ], [ -96.705489699739644, 40.823419662624374 ], [ -96.705487263592474, 40.823420946526767 ], [ -96.705484827161399, 40.823422230139691 ], [ -96.705482390455515, 40.823423513472406 ], [ -96.705479953483703, 40.823424796533992 ], [ -96.705477516254845, 40.823426079333522 ], [ -96.705475078777823, 40.823427361879986 ], [ -96.70547264106149, 40.82342864418252 ], [ -96.705470203114757, 40.823429926250121 ], [ -96.705467764946462, 40.823431208091833 ], [ -96.705465326565516, 40.823432489716751 ], [ -96.705462887980786, 40.823433771133885 ], [ -96.705460449201169, 40.823435052352345 ], [ -96.705458010235489, 40.823436333381103 ], [ -96.705455571092543, 40.823437614229142 ], [ -96.705453131780544, 40.823438894904847 ], [ -96.705450692307579, 40.823440175416437 ], [ -96.705448252681762, 40.823441455772183 ], [ -96.705445812911165, 40.823442735980372 ], [ -96.705443373003916, 40.82344401604923 ], [ -96.705440932968102, 40.823445295987014 ], [ -96.705438492811794, 40.823446575801974 ], [ -96.705436052543106, 40.82344785550238 ], [ -96.705433612170125, 40.823449135096496 ], [ -96.705431171700965, 40.823450414592571 ], [ -96.705428731143542, 40.823451693998692 ], [ -96.705426290505159, 40.823452973322254 ], [ -96.705423849792894, 40.823454252570535 ], [ -96.70542140901388, 40.823455531750795 ], [ -96.705418968175195, 40.823456810870255 ], [ -96.705416527283987, 40.823458089936189 ], [ -96.705414086347346, 40.823459368955852 ], [ -96.705411645372408, 40.823460647936464 ], [ -96.705409204366234, 40.823461926885301 ], [ -96.705406763335986, 40.823463205809588 ], [ -96.705404322288743, 40.823464484716624 ], [ -96.705401881231623, 40.823465763613612 ], [ -96.705399440171377, 40.823467042507446 ], [ -96.705396999113233, 40.823468321403439 ], [ -96.705394558062039, 40.823469600306609 ], [ -96.705392117022669, 40.823470879221865 ], [ -96.70538967600001, 40.823472158154182 ], [ -96.705387234998881, 40.823473437108504 ], [ -96.70538479402417, 40.823474716089812 ], [ -96.705382353080751, 40.823475995103053 ], [ -96.70537991217347, 40.823477274153213 ], [ -96.705377471307187, 40.823478553245202 ], [ -96.705375030486778, 40.823479832384017 ], [ -96.705372589716333, 40.823481111573827 ], [ -96.705370148996877, 40.823482390815649 ], [ -96.705367708328666, 40.823483670109781 ], [ -96.705365267711954, 40.823484949456443 ], [ -96.705362827146999, 40.823486228855948 ], [ -96.705360386634041, 40.823487508308538 ], [ -96.705357946173365, 40.823488787814448 ], [ -96.705355505765212, 40.823490067373953 ], [ -96.705353065409838, 40.823491346987332 ], [ -96.705350625107499, 40.82349262665484 ], [ -96.705348184858451, 40.823493906376704 ], [ -96.705345744662935, 40.823495186153231 ], [ -96.705343304520397, 40.823496465983794 ], [ -96.705340864426859, 40.823497745864373 ], [ -96.705338424377558, 40.823499025790113 ], [ -96.705335984367693, 40.823500305756085 ], [ -96.705333544392488, 40.823501585757455 ], [ -96.705331104447154, 40.823502865789322 ], [ -96.705328664526888, 40.823504145846798 ], [ -96.705326224626916, 40.823505425924999 ], [ -96.705323784742461, 40.82350670601906 ], [ -96.705321344868707, 40.823507986124092 ], [ -96.705318905000908, 40.823509266235199 ], [ -96.705316465134302, 40.823510546347599 ], [ -96.705314025264428, 40.823511826456688 ], [ -96.705311585386895, 40.823513106557996 ], [ -96.705309145497267, 40.82351438664702 ], [ -96.705306705591141, 40.823515666719288 ], [ -96.705304265664125, 40.823516946770269 ], [ -96.705301825711786, 40.823518226795464 ], [ -96.705299385729731, 40.823519506790419 ], [ -96.705296945713556, 40.823520786750592 ], [ -96.705294505658856, 40.823522066671522 ], [ -96.705292065561196, 40.823523346548704 ], [ -96.705289625416796, 40.823524626378251 ], [ -96.705287185224307, 40.823525906158835 ], [ -96.705284744983061, 40.823527185889681 ], [ -96.70528230469229, 40.823528465570107 ], [ -96.705279864351311, 40.823529745199345 ], [ -96.705277423959387, 40.823531024776699 ], [ -96.705274983515807, 40.823532304301409 ], [ -96.705272543019845, 40.823533583772743 ], [ -96.705270102470806, 40.823534863190005 ], [ -96.70526766186795, 40.823536142552435 ], [ -96.705265221210581, 40.823537421859285 ], [ -96.705262780497975, 40.823538701109868 ], [ -96.705260339729875, 40.823539980303899 ], [ -96.705257898907931, 40.823541259443061 ], [ -96.70525545803423, 40.82354253852948 ], [ -96.705253017110891, 40.823543817565337 ], [ -96.705250576139989, 40.823545096552714 ], [ -96.705248135123625, 40.823546375493798 ], [ -96.705245694063933, 40.823547654390723 ], [ -96.705243252963001, 40.823548933245625 ], [ -96.705240811822904, 40.823550212060653 ], [ -96.705238370645773, 40.823551490837964 ], [ -96.705235929433712, 40.823552769579663 ], [ -96.705233488189023, 40.823554048288145 ], [ -96.705231046914861, 40.823555326966613 ], [ -96.70522860561465, 40.823556605618556 ], [ -96.705226164291716, 40.823557884247371 ], [ -96.705223722949498, 40.823559162856554 ], [ -96.705221281591363, 40.823560441449537 ], [ -96.705218840220667, 40.823561720029794 ], [ -96.705216398840818, 40.8235629986007 ], [ -96.705213957455186, 40.823564277165801 ], [ -96.705211516067166, 40.823565555728486 ], [ -96.705209074680155, 40.823566834292222 ], [ -96.705206633297479, 40.82356811286045 ], [ -96.705204191922647, 40.823569391436699 ], [ -96.705201750559368, 40.823570670024758 ], [ -96.705199309211395, 40.823571948628484 ], [ -96.70519686788252, 40.823573227251728 ], [ -96.70519442657654, 40.823574505898335 ], [ -96.705191985297219, 40.823575784572178 ], [ -96.705189544048366, 40.823577063277135 ], [ -96.705187102833747, 40.823578342017029 ], [ -96.705184661657128, 40.823579620795755 ], [ -96.705182220522332, 40.823580899617113 ], [ -96.705179779433109, 40.823582178485012 ], [ -96.705177338393227, 40.823583457403252 ], [ -96.705174897406238, 40.823584736375473 ], [ -96.705172456475722, 40.82358601540534 ], [ -96.705170015605205, 40.82358729449642 ], [ -96.705167574798253, 40.823588573652351 ], [ -96.705165134058404, 40.823589852876744 ], [ -96.705162693389198, 40.82359113217322 ], [ -96.705160252794201, 40.823592411545405 ], [ -96.705157812276937, 40.823593690996915 ], [ -96.705155371840974, 40.823594970531339 ], [ -96.705152931489849, 40.823596250152328 ], [ -96.705150491227101, 40.823597529863491 ], [ -96.70514805105617, 40.823598809668326 ], [ -96.70514561098004, 40.823600089569858 ], [ -96.705143171001552, 40.823601369570994 ], [ -96.705140731123578, 40.823602649674662 ], [ -96.705138291348945, 40.82360392988376 ], [ -96.705135851680538, 40.823605210201222 ], [ -96.705133412121199, 40.823606490629956 ], [ -96.7051309726738, 40.82360777117286 ], [ -96.705128533341195, 40.823609051832861 ], [ -96.705126094126214, 40.823610332612844 ], [ -96.705123655031741, 40.823611613515766 ], [ -96.705121216060377, 40.823612894544262 ], [ -96.705118777213741, 40.82361417569998 ], [ -96.70511633849317, 40.823615456984307 ], [ -96.70511389990007, 40.82361673839862 ], [ -96.705111461435777, 40.823618019944369 ], [ -96.705109023101656, 40.823619301622877 ], [ -96.705106584899085, 40.82362058343557 ], [ -96.705104146829427, 40.823621865383842 ], [ -96.705101708894034, 40.823623147469064 ], [ -96.705099271094269, 40.823624429692657 ], [ -96.705096833431526, 40.823625712055978 ], [ -96.705094395907139, 40.823626994560449 ], [ -96.705091958522161, 40.823628277207114 ], [ -96.705089521276307, 40.823629559995659 ], [ -96.705087084168952, 40.823630842925525 ], [ -96.705084647199484, 40.823632125996021 ], [ -96.705082210367308, 40.823633409206536 ], [ -96.705079773671784, 40.823634692556453 ], [ -96.705077337112314, 40.823635976045146 ], [ -96.705074900688274, 40.823637259671997 ], [ -96.705072464399052, 40.823638543436374 ], [ -96.705070028244052, 40.823639827337622 ], [ -96.705067592222647, 40.823641111375174 ], [ -96.705065156333987, 40.823642395548148 ], [ -96.705062720576379, 40.823643679854776 ], [ -96.705060284947905, 40.823644964293102 ], [ -96.705057849446604, 40.823646248861166 ], [ -96.705055414070543, 40.823647533556986 ], [ -96.705052978817776, 40.823648818378587 ], [ -96.705050543686411, 40.823650103323999 ], [ -96.705048108674475, 40.823651388391269 ], [ -96.705045673780049, 40.823652673578394 ], [ -96.705043239001213, 40.823653958883419 ], [ -96.705040804336008, 40.823655244304369 ], [ -96.705038369782514, 40.823656529839262 ], [ -96.705035935338685, 40.823657815486051 ], [ -96.705033501002092, 40.823659101242207 ], [ -96.705031066770204, 40.823660387105178 ], [ -96.705028632640477, 40.823661673072372 ], [ -96.705026198610383, 40.823662959141217 ], [ -96.705023764677392, 40.823664245309111 ], [ -96.70502133083896, 40.823665531573454 ], [ -96.705018897092543, 40.823666817931688 ], [ -96.705016463435612, 40.823668104381206 ], [ -96.705014029865637, 40.823669390919449 ], [ -96.705011596380075, 40.823670677543809 ], [ -96.705009162976367, 40.823671964251652 ], [ -96.705006729651814, 40.823673251040297 ], [ -96.705004296403686, 40.823674537906882 ], [ -96.705001863229256, 40.823675824848664 ], [ -96.704999430125781, 40.82367711186285 ], [ -96.704996997090561, 40.823678398946662 ], [ -96.704994564120852, 40.823679686097343 ], [ -96.704992131213928, 40.823680973312079 ], [ -96.704989698367058, 40.823682260588086 ], [ -96.704987265577529, 40.823683547922606 ], [ -96.704984832842584, 40.823684835312825 ], [ -96.704982400159523, 40.823686122756008 ], [ -96.704979967525603, 40.82368741024932 ], [ -96.704977534938109, 40.82368869779004 ], [ -96.704975102394357, 40.823689985375417 ], [ -96.704972669891632, 40.823691273002623 ], [ -96.70497023742719, 40.823692560668938 ], [ -96.704967804998347, 40.823693848371619 ], [ -96.704965372602402, 40.823695136107837 ], [ -96.704962940236626, 40.823696423874878 ], [ -96.704960507898321, 40.823697711669993 ], [ -96.70495807558477, 40.823698999490368 ], [ -96.70495564329326, 40.823700287333267 ], [ -96.70495321102122, 40.823701575196061 ], [ -96.704950778766516, 40.823702863076598 ], [ -96.704948346527189, 40.823704150972823 ], [ -96.704945914301234, 40.823705438882705 ], [ -96.704943482086634, 40.823706726804254 ], [ -96.704941049881455, 40.823708014735431 ], [ -96.704938617683666, 40.823709302674196 ], [ -96.704936185491306, 40.823710590618504 ], [ -96.704933753302356, 40.823711878566357 ], [ -96.704931321114856, 40.823713166515752 ], [ -96.704928888926801, 40.823714454464579 ], [ -96.704926456736217, 40.823715742410876 ], [ -96.704924024541427, 40.823717030352924 ], [ -96.704921592342089, 40.823718318290396 ], [ -96.704919160138175, 40.82371960622325 ], [ -96.7049167279297, 40.823720894151442 ], [ -96.704914295716634, 40.823722182075045 ], [ -96.70491186349895, 40.823723469993965 ], [ -96.704909431276647, 40.823724757908195 ], [ -96.704906999049697, 40.82372604581775 ], [ -96.704904566818087, 40.823727333722587 ], [ -96.704902134581815, 40.823728621622699 ], [ -96.704899702340839, 40.823729909518065 ], [ -96.704897270095799, 40.82373119740933 ], [ -96.704894837849864, 40.823732485299715 ], [ -96.704892405606842, 40.823733773193119 ], [ -96.704889973370555, 40.823735061093444 ], [ -96.704887541144814, 40.823736349004541 ], [ -96.704885108933425, 40.823737636930339 ], [ -96.70488267674024, 40.823738924874704 ], [ -96.704880244569011, 40.823740212841535 ], [ -96.704877812423604, 40.823741500834686 ], [ -96.704875380307783, 40.823742788858112 ], [ -96.7048729482254, 40.823744076915652 ], [ -96.70487051618025, 40.823745365011206 ], [ -96.704868084176908, 40.823746653149428 ], [ -96.704865652222878, 40.82374794133797 ], [ -96.704863220326459, 40.823749229585303 ], [ -96.704860788495893, 40.823750517899832 ], [ -96.704858356739479, 40.823751806290019 ], [ -96.704855925065473, 40.823753094764264 ], [ -96.704853493482148, 40.82375438333105 ], [ -96.704851061997772, 40.823755671998768 ], [ -96.704848630620646, 40.823756960775881 ], [ -96.704846199358997, 40.823758249670803 ], [ -96.704843768221139, 40.823759538691981 ], [ -96.704841337214887, 40.823760827847416 ], [ -96.704838906346353, 40.823762117143353 ], [ -96.704836475621249, 40.823763406585549 ], [ -96.704834045045232, 40.823764696179815 ], [ -96.704831614623998, 40.823765985931985 ], [ -96.70482918436322, 40.823767275847821 ], [ -96.704826754268595, 40.823768565933108 ], [ -96.704824324345807, 40.823769856193678 ], [ -96.704821894600528, 40.823771146635295 ], [ -96.704819465038454, 40.823772437263777 ], [ -96.704817035665272, 40.823773728084916 ], [ -96.70481460648665, 40.823775019104502 ], [ -96.704812177506739, 40.823776310326743 ], [ -96.70480974872352, 40.823777601749619 ], [ -96.70480732013344, 40.823778893369486 ], [ -96.704804891732934, 40.823780185182706 ], [ -96.704802463518448, 40.823781477185634 ], [ -96.704800035486414, 40.823782769374695 ], [ -96.704797607633282, 40.823784061746203 ], [ -96.704795179955497, 40.823785354296561 ], [ -96.704792752449492, 40.823786647022125 ], [ -96.704790325111688, 40.823787939919278 ], [ -96.704787897938559, 40.823789232984375 ], [ -96.704785470925373, 40.823790526212612 ], [ -96.704783044062708, 40.823791819594383 ], [ -96.704780617339964, 40.823793113118874 ], [ -96.704778190746566, 40.823794406775328 ], [ -96.704775764271943, 40.823795700552914 ], [ -96.704773337905479, 40.823796994440855 ], [ -96.704770911636615, 40.823798288428343 ], [ -96.70476848545475, 40.823799582504627 ], [ -96.704766059349325, 40.823800876658865 ], [ -96.70476363330971, 40.823802170880249 ], [ -96.704761207325362, 40.823803465158065 ], [ -96.704758781385678, 40.823804759481433 ], [ -96.704756355479489, 40.823806053839022 ], [ -96.704753929593267, 40.823807348217009 ], [ -96.704751503712913, 40.823808642601016 ], [ -96.704749077824346, 40.82380993697668 ], [ -96.704746651913439, 40.823811231329621 ], [ -96.704744225966095, 40.823812525645437 ], [ -96.704741799968218, 40.823813819909773 ], [ -96.704739373905682, 40.823815114108228 ], [ -96.704736947764417, 40.823816408226399 ], [ -96.704734521530284, 40.823817702249961 ], [ -96.704732095189229, 40.823818996164505 ], [ -96.704729668726898, 40.823820289955435 ], [ -96.704727242128243, 40.823821583607355 ], [ -96.704724815377929, 40.82382287710471 ], [ -96.704722388460709, 40.823824170431877 ], [ -96.704719961361263, 40.823825463573286 ], [ -96.704717534064315, 40.82382675651332 ], [ -96.704715106554573, 40.823828049236383 ], [ -96.704712678816719, 40.823829341726906 ], [ -96.704710250835504, 40.823830633969294 ], [ -96.704707822595608, 40.823831925947943 ], [ -96.70470539408177, 40.823833217647262 ], [ -96.70470296527867, 40.823834509051679 ], [ -96.704700536170904, 40.823835800145424 ], [ -96.704698106742455, 40.823837090912242 ], [ -96.704695676977252, 40.823838381335676 ], [ -96.704693246859151, 40.823839671399291 ], [ -96.704690816372064, 40.82384096108666 ], [ -96.704688385499864, 40.823842250381347 ], [ -96.704685954226406, 40.823843539266953 ], [ -96.704683522535632, 40.823844827726994 ], [ -96.70468109041137, 40.82384611574507 ], [ -96.704678657837547, 40.823847403304725 ], [ -96.704676224798035, 40.823848690389568 ], [ -96.704673791276562, 40.82384997698297 ], [ -96.704671357256302, 40.823851263067759 ], [ -96.704668922720245, 40.823852548626625 ], [ -96.704666487651409, 40.823853833642225 ], [ -96.704664052032797, 40.823855118097242 ], [ -96.704661615847385, 40.823856401974354 ], [ -96.704659179078234, 40.823857685256179 ], [ -96.70465674170832, 40.823858967925467 ], [ -96.704654303720659, 40.823860249964838 ], [ -96.704651865098256, 40.823861531356961 ], [ -96.704649425824101, 40.823862812084556 ], [ -96.704646985881297, 40.823864092130314 ], [ -96.704644545253188, 40.823865371477304 ], [ -96.704642103923234, 40.823866650108634 ], [ -96.704639661874879, 40.823867928007388 ], [ -96.704637219091552, 40.823869205156718 ], [ -96.70463477555667, 40.823870481539728 ], [ -96.704632331253706, 40.823871757139486 ], [ -96.704629886166089, 40.823873031939186 ], [ -96.70462744027725, 40.823874305921862 ], [ -96.704624993570647, 40.823875579070702 ], [ -96.704622546029697, 40.823876851368738 ], [ -96.704620097637857, 40.82387812279913 ], [ -96.704617648379354, 40.823879393345806 ], [ -96.704615198241697, 40.823880662996018 ], [ -96.704612747213204, 40.823881931737837 ], [ -96.704610295282151, 40.823883199559305 ], [ -96.704607842436843, 40.823884466448561 ], [ -96.704605388665584, 40.823885732393599 ], [ -96.704602933956693, 40.82388699738253 ], [ -96.704600478298445, 40.823888261403425 ], [ -96.704598021679175, 40.823889524444354 ], [ -96.704595564087171, 40.823890786493365 ], [ -96.70459310551071, 40.823892047538571 ], [ -96.704590645940598, 40.823893307570529 ], [ -96.704588185377517, 40.823894566589942 ], [ -96.704585723824579, 40.823895824600029 ], [ -96.704583261284967, 40.823897081603974 ], [ -96.704580797761807, 40.823898337605016 ], [ -96.704578333258254, 40.823899592606331 ], [ -96.70457586777745, 40.823900846611174 ], [ -96.704573401322548, 40.823902099622728 ], [ -96.704570933896704, 40.823903351644191 ], [ -96.704568465503058, 40.823904602678788 ], [ -96.704565996144751, 40.82390585272973 ], [ -96.704563525824938, 40.823907101800238 ], [ -96.704561054549373, 40.823908349896129 ], [ -96.704558582334144, 40.823909597033861 ], [ -96.704556109197966, 40.823910843232525 ], [ -96.704553635159527, 40.82391208851115 ], [ -96.704551160237571, 40.82391333288885 ], [ -96.704548684450785, 40.823914576384666 ], [ -96.704546207817856, 40.823915819017699 ], [ -96.7045437303575, 40.823917060807013 ], [ -96.704541252088433, 40.82391830177167 ], [ -96.704538773029341, 40.823919541930763 ], [ -96.704536293198956, 40.823920781303336 ], [ -96.704533812617342, 40.823922019909929 ], [ -96.704531331310093, 40.823923257776585 ], [ -96.704528849304211, 40.82392449493085 ], [ -96.704526366626666, 40.823925731400237 ], [ -96.704523883304432, 40.823926967212245 ], [ -96.704521399364509, 40.823928202394391 ], [ -96.704518914833855, 40.823929436974204 ], [ -96.704516429739471, 40.823930670979195 ], [ -96.704513944108314, 40.823931904436847 ], [ -96.704511457967399, 40.823933137374695 ], [ -96.704508971343685, 40.823934369820279 ], [ -96.704506484264158, 40.823935601801047 ], [ -96.704503996756372, 40.823936833345172 ], [ -96.704501508850242, 40.823938064483116 ], [ -96.704499020576264, 40.823939295245992 ], [ -96.704496531964921, 40.823940525664902 ], [ -96.704494043046722, 40.823941755770889 ], [ -96.704491553852151, 40.823942985595103 ], [ -96.704489064411689, 40.823944215168616 ], [ -96.704486574755848, 40.823945444522522 ], [ -96.704484084915109, 40.823946673687935 ], [ -96.704481594919955, 40.823947902695892 ], [ -96.704479104800896, 40.82394913157755 ], [ -96.704476614588472, 40.823950360364037 ], [ -96.70447412431345, 40.823951589086725 ], [ -96.70447163400668, 40.823952817777084 ], [ -96.704469143698986, 40.823954046466525 ], [ -96.704466653421207, 40.823955275186513 ], [ -96.70446416320415, 40.823956503968454 ], [ -96.704461673078683, 40.82395773284383 ], [ -96.704459183075627, 40.823958961844056 ], [ -96.704456693225794, 40.823960191000573 ], [ -96.704454203560033, 40.823961420344851 ], [ -96.704451714109183, 40.82396264990831 ], [ -96.704449224904067, 40.823963879722378 ], [ -96.704446735975267, 40.823965109818275 ], [ -96.704444247352413, 40.823966340226171 ], [ -96.704441759064892, 40.823967570976073 ], [ -96.704439271142064, 40.823968802097887 ], [ -96.704436783613318, 40.823970033621606 ], [ -96.704434296508012, 40.823971265577164 ], [ -96.704431809855549, 40.823972497994539 ], [ -96.704429323685289, 40.823973730903681 ], [ -96.70442683802662, 40.823974964334539 ], [ -96.704424352908902, 40.823976198317062 ], [ -96.704421868361536, 40.823977432881229 ], [ -96.704419384412915, 40.823978668056014 ], [ -96.704416901087654, 40.82397990386648 ], [ -96.704414418409357, 40.823981140336741 ], [ -96.704411936401669, 40.823982377490893 ], [ -96.704409455088225, 40.823983615353008 ], [ -96.704406974492642, 40.823984853947209 ], [ -96.704404494638553, 40.823986093297549 ], [ -96.70440201554959, 40.823987333428178 ], [ -96.704399537249373, 40.823988574363192 ], [ -96.704397059761547, 40.823989816126634 ], [ -96.704394583109732, 40.823991058742642 ], [ -96.704392107317574, 40.823992302235311 ], [ -96.70438963240673, 40.82399354662671 ], [ -96.704387158390972, 40.823994791930929 ], [ -96.70438468528215, 40.823996038160018 ], [ -96.704382213092103, 40.823997285326044 ], [ -96.704379741832639, 40.82399853344107 ], [ -96.704377271515582, 40.82399978251717 ], [ -96.704374802152813, 40.824001032566386 ], [ -96.704372333756098, 40.824002283600805 ], [ -96.704369866337302, 40.824003535632464 ], [ -96.70436739990825, 40.824004788673463 ], [ -96.704364934480765, 40.824006042735832 ], [ -96.704362470063899, 40.824007297828807 ], [ -96.704360006655577, 40.824008553950286 ], [ -96.704357544250968, 40.824009811095308 ], [ -96.704355082845183, 40.824011069258937 ], [ -96.704352622433419, 40.824012328436233 ], [ -96.704350163010801, 40.824013588622236 ], [ -96.704347704572456, 40.824014849811995 ], [ -96.704345247113579, 40.824016112000592 ], [ -96.704342790629269, 40.824017375183054 ], [ -96.704340335114708, 40.824018639354421 ], [ -96.704337880565035, 40.824019904509782 ], [ -96.704335426975419, 40.824021170644166 ], [ -96.704332974339209, 40.824022437750862 ], [ -96.704330522642763, 40.824023705815883 ], [ -96.704328071870648, 40.824024974823523 ], [ -96.704325622007417, 40.824026244758059 ], [ -96.704323173037665, 40.824027515603717 ], [ -96.704320724945944, 40.824028787344801 ], [ -96.704318277716823, 40.824030059965537 ], [ -96.704315831334881, 40.824031333450236 ], [ -96.704313385784658, 40.824032607783103 ], [ -96.704310941050764, 40.824033882948463 ], [ -96.704308497117751, 40.824035158930556 ], [ -96.704306053969802, 40.824036435713239 ], [ -96.704303611589637, 40.824037713278926 ], [ -96.704301169959564, 40.824038991609548 ], [ -96.704298729061932, 40.824040270687107 ], [ -96.704296288879064, 40.824041550493575 ], [ -96.704293849393267, 40.824042831010928 ], [ -96.70429141058689, 40.824044112221145 ], [ -96.704288972442242, 40.824045394106214 ], [ -96.704286534941673, 40.824046676648095 ], [ -96.704284098067475, 40.824047959828782 ], [ -96.704281661802014, 40.824049243630242 ], [ -96.704279226127596, 40.824050528034476 ], [ -96.704276791026587, 40.824051813023459 ], [ -96.70427435648142, 40.82405309857932 ], [ -96.704271922474604, 40.824054384684167 ], [ -96.704269488988615, 40.824055671320203 ], [ -96.704267056005918, 40.824056958469505 ], [ -96.704264623509019, 40.82405824611422 ], [ -96.704262191480396, 40.824059534236497 ], [ -96.704259759902527, 40.824060822818467 ], [ -96.70425732875789, 40.824062111842281 ], [ -96.704254898028964, 40.824063401290061 ], [ -96.704252467698254, 40.824064691143946 ], [ -96.704250037748366, 40.824065981386212 ], [ -96.704247608162419, 40.824067271999645 ], [ -96.704245178923713, 40.824068562967206 ], [ -96.704242750015496, 40.824069854271841 ], [ -96.70424032142104, 40.824071145896461 ], [ -96.704237893123633, 40.824072437824043 ], [ -96.704235465106521, 40.824073730037505 ], [ -96.704233037352992, 40.824075022519779 ], [ -96.704230609846306, 40.824076315253812 ], [ -96.70422818256975, 40.824077608222545 ], [ -96.704225755506556, 40.824078901408924 ], [ -96.704223328640026, 40.82408019479589 ], [ -96.704220901953548, 40.824081488366481 ], [ -96.704218475430991, 40.824082782104284 ], [ -96.704216049056342, 40.824084075992957 ], [ -96.704213622813612, 40.824085370016171 ], [ -96.704211196686742, 40.824086664157633 ], [ -96.70420877065979, 40.824087958400973 ], [ -96.704206344716695, 40.824089252729891 ], [ -96.704203918841472, 40.824090547128037 ], [ -96.704201493018118, 40.824091841579133 ], [ -96.704199067230604, 40.824093136066843 ], [ -96.704196641462943, 40.82409443057481 ], [ -96.704194215699445, 40.824095725087084 ], [ -96.704191789925829, 40.824097019589054 ], [ -96.704189364128112, 40.824098314066504 ], [ -96.70418693829231, 40.824099608505165 ], [ -96.704184512404453, 40.82410090289077 ], [ -96.704182086450601, 40.824102197209115 ], [ -96.704179660416756, 40.824103491445953 ], [ -96.704177234288963, 40.824104785587004 ], [ -96.704174808053239, 40.824106079618055 ], [ -96.704172381695642, 40.824107373524839 ], [ -96.704169955202161, 40.824108667293139 ], [ -96.70416752855887, 40.824109960908672 ], [ -96.704165101752537, 40.82411125435803 ], [ -96.704162674773215, 40.824112547630982 ], [ -96.704160247611654, 40.824113840718134 ], [ -96.704157820258629, 40.824115133610107 ], [ -96.704155392704934, 40.824116426297486 ], [ -96.704152964941358, 40.824117718770886 ], [ -96.704150536958679, 40.82411901102089 ], [ -96.704148108747674, 40.824120303038093 ], [ -96.704145680299135, 40.824121594813107 ], [ -96.704143251603838, 40.824122886336568 ], [ -96.704140822652562, 40.824124177598996 ], [ -96.704138393437589, 40.824125468592577 ], [ -96.704135963957086, 40.824126759315419 ], [ -96.704133534210683, 40.824128049767175 ], [ -96.704131104198069, 40.824129339947454 ], [ -96.704128673918859, 40.824130629855972 ], [ -96.704126243372755, 40.824131919492338 ], [ -96.704123812559374, 40.824133208856189 ], [ -96.704121381478387, 40.824134497947213 ], [ -96.704118950129455, 40.824135786764998 ], [ -96.704116518512208, 40.824137075309231 ], [ -96.704114086626305, 40.824138363579564 ], [ -96.704111654471419, 40.824139651575614 ], [ -96.704109222048501, 40.824140939298402 ], [ -96.704106789363678, 40.824142226754134 ], [ -96.704104356424409, 40.824143513950446 ], [ -96.704101923238099, 40.824144800894906 ], [ -96.704099489812251, 40.824146087595089 ], [ -96.704097056154268, 40.824147374058612 ], [ -96.704094622271597, 40.824148660293062 ], [ -96.704092188171671, 40.824149946306001 ], [ -96.704089753861979, 40.824151232105081 ], [ -96.70408731934991, 40.824152517697812 ], [ -96.704084884642924, 40.824153803091825 ], [ -96.704082449748455, 40.824155088294702 ], [ -96.704080014673821, 40.824156373313883 ], [ -96.704077579426354, 40.824157658156864 ], [ -96.704075144013359, 40.824158942831097 ], [ -96.704072708442169, 40.824160227344038 ], [ -96.704070272720074, 40.824161511703139 ], [ -96.704067836854406, 40.824162795915875 ], [ -96.704065400852471, 40.824164079989707 ], [ -96.704062964721601, 40.824165363932082 ], [ -96.704060528469114, 40.824166647750481 ], [ -96.704058092102301, 40.824167931452337 ], [ -96.704055655628508, 40.824169215045117 ], [ -96.704053219054614, 40.824170498535892 ], [ -96.704050782385877, 40.824171781930005 ], [ -96.704048345627172, 40.824173065232351 ], [ -96.704045908783286, 40.824174348447947 ], [ -96.704043471859094, 40.824175631581653 ], [ -96.704041034859458, 40.824176914638471 ], [ -96.704038597789193, 40.824178197623304 ], [ -96.704036160653132, 40.82417948054109 ], [ -96.704033723456149, 40.824180763396768 ], [ -96.704031286203062, 40.824182046195304 ], [ -96.70402884889873, 40.824183328941615 ], [ -96.704026411547673, 40.824184611640291 ], [ -96.704023974153174, 40.824185894294736 ], [ -96.704021536718187, 40.824187176907934 ], [ -96.70401909924567, 40.824188459482905 ], [ -96.704016661738592, 40.824189742022668 ], [ -96.704014224199923, 40.824191024530244 ], [ -96.70401178663262, 40.824192307008651 ], [ -96.704009349039637, 40.824193589460918 ], [ -96.704006911423932, 40.824194871890086 ], [ -96.704004473788473, 40.824196154299109 ], [ -96.704002036136231, 40.82419743669108 ], [ -96.70399959847002, 40.824198719068839 ], [ -96.703997160792056, 40.824200001434669 ], [ -96.703994723104472, 40.824201283790714 ], [ -96.703992285409342, 40.824202566139107 ], [ -96.703989847708755, 40.824203848481979 ], [ -96.703987410004828, 40.824205130821483 ], [ -96.703984972299637, 40.82420641315975 ], [ -96.703982534595283, 40.824207695498892 ], [ -96.703980096893872, 40.824208977841074 ], [ -96.703977659197491, 40.824210260188423 ], [ -96.70397522150823, 40.82421154254309 ], [ -96.703972783828178, 40.824212824907207 ], [ -96.70397034615948, 40.824214107282906 ], [ -96.703967908504296, 40.824215389672446 ], [ -96.703965470864887, 40.824216672078073 ], [ -96.703963033243411, 40.824217954502082 ], [ -96.703960595642116, 40.824219236946668 ], [ -96.703958158063216, 40.824220519414162 ], [ -96.70395572050893, 40.824221801906781 ], [ -96.703953282981459, 40.824223084426777 ], [ -96.703950845483035, 40.824224366976452 ], [ -96.703948408015847, 40.824225649558024 ], [ -96.703945970582126, 40.824226932173751 ], [ -96.703943533184258, 40.824228214826086 ], [ -96.703941095825286, 40.824229497518125 ], [ -96.703938658508392, 40.824230780253103 ], [ -96.703936221236788, 40.824232063034323 ], [ -96.703933784013699, 40.824233345865011 ], [ -96.703931346842268, 40.824234628748485 ], [ -96.703928909725761, 40.824235911687964 ], [ -96.703926472667348, 40.824237194686745 ], [ -96.703924035670241, 40.824238477748075 ], [ -96.703921598737637, 40.824239760875209 ], [ -96.703919161872733, 40.824241044071449 ], [ -96.703916725078741, 40.824242327340023 ], [ -96.703914288359101, 40.824243610684448 ], [ -96.703911851718146, 40.824244894109171 ], [ -96.703909415160453, 40.824246177618832 ], [ -96.703906978690611, 40.824247461218135 ], [ -96.703904542313197, 40.824248744911714 ], [ -96.7039021060328, 40.824250028704256 ], [ -96.703899669853968, 40.824251312600438 ], [ -96.703897233781305, 40.824252596604921 ], [ -96.703894797819387, 40.824253880722353 ], [ -96.703892361972777, 40.824255164957442 ], [ -96.703889926246077, 40.824256449314831 ], [ -96.703887490643908, 40.824257733799236 ], [ -96.703885055171099, 40.824259018415631 ], [ -96.703882619832555, 40.824260303168977 ], [ -96.703880184633192, 40.82426158806426 ], [ -96.703877749577856, 40.824262873106498 ], [ -96.703875314671478, 40.824264158300657 ], [ -96.703872879918961, 40.824265443651733 ], [ -96.703870445325165, 40.824266729164734 ], [ -96.703868010895008, 40.824268014844648 ], [ -96.703865576633376, 40.824269300696464 ], [ -96.703863142545174, 40.824270586725149 ], [ -96.703860708635276, 40.824271872935718 ], [ -96.703858274908001, 40.824273159332542 ], [ -96.703855841365225, 40.82427444591756 ], [ -96.703853408008271, 40.824275732692122 ], [ -96.703850974838417, 40.824277019657508 ], [ -96.703848541856971, 40.824278306815067 ], [ -96.703846109065239, 40.824279594166129 ], [ -96.703843676464516, 40.824280881711999 ], [ -96.703841244056065, 40.824282169454001 ], [ -96.703838811841251, 40.824283457393499 ], [ -96.703836379821325, 40.824284745531756 ], [ -96.703833947997595, 40.824286033870152 ], [ -96.703831516370386, 40.824287322408964 ], [ -96.703829084935961, 40.824288611144439 ], [ -96.703826653689646, 40.824289900071761 ], [ -96.703824222626778, 40.824291189186177 ], [ -96.703821791742612, 40.824292478482896 ], [ -96.703819361032487, 40.824293767957116 ], [ -96.703816930491698, 40.824295057604061 ], [ -96.70381450011557, 40.824296347418958 ], [ -96.703812069899385, 40.824297637396995 ], [ -96.703809639838454, 40.82429892753342 ], [ -96.703807209928087, 40.824300217823399 ], [ -96.703804780163608, 40.824301508262202 ], [ -96.703802350539661, 40.824302798844343 ], [ -96.703799921048315, 40.824304089561743 ], [ -96.703797491681001, 40.824305380405661 ], [ -96.703795062429137, 40.82430667136736 ], [ -96.703792633284138, 40.824307962438084 ], [ -96.703790204237436, 40.824309253609073 ], [ -96.70378777528046, 40.824310544871615 ], [ -96.703785346404629, 40.824311836216935 ], [ -96.703782917601359, 40.824313127636294 ], [ -96.70378048886208, 40.824314419120945 ], [ -96.703778060178209, 40.824315710662148 ], [ -96.703775631540935, 40.824317002250879 ], [ -96.70377320294034, 40.824318293877113 ], [ -96.703770774366319, 40.824319585530439 ], [ -96.703768345808712, 40.824320877200584 ], [ -96.7037659172574, 40.82432216887716 ], [ -96.703763488702251, 40.824323460549863 ], [ -96.703761060133104, 40.824324752208348 ], [ -96.703758631539856, 40.824326043842277 ], [ -96.703756202912359, 40.824327335441325 ], [ -96.703753774240468, 40.82432862699514 ], [ -96.703751345514036, 40.824329918493419 ], [ -96.703748916722958, 40.824331209925766 ], [ -96.703746487856975, 40.824332501281802 ], [ -96.703744058905514, 40.824333792550689 ], [ -96.703741629857859, 40.82433508372155 ], [ -96.703739200703339, 40.824336374783456 ], [ -96.703736771431238, 40.824337665725508 ], [ -96.703734342030884, 40.824338956536792 ], [ -96.703731912491563, 40.82434024720645 ], [ -96.703729482802601, 40.824341537723512 ], [ -96.703727052953298, 40.824342828077107 ], [ -96.703724622932953, 40.824344118256342 ], [ -96.703722192730893, 40.824345408250295 ], [ -96.703719762336391, 40.824346698048068 ], [ -96.703717331738716, 40.824347987638689 ], [ -96.703714900927125, 40.824349277011187 ], [ -96.703712469890831, 40.824350566154607 ], [ -96.703710038619121, 40.824351855057998 ], [ -96.703707607101222, 40.824353143710361 ], [ -96.703705175326363, 40.824354432100769 ], [ -96.703702743283813, 40.824355720218207 ], [ -96.703700310962816, 40.824357008051742 ], [ -96.703697878352614, 40.824358295590422 ], [ -96.703695445442449, 40.824359582823227 ], [ -96.703693012221578, 40.824360869739252 ], [ -96.7036905786793, 40.824362156327531 ], [ -96.703688144805184, 40.824363442577479 ], [ -96.703685710588871, 40.824364728478507 ], [ -96.703683276019987, 40.824366014020029 ], [ -96.703680841088143, 40.824367299191486 ], [ -96.703678405782995, 40.824368583982285 ], [ -96.703675970094167, 40.824369868381879 ], [ -96.703673534011273, 40.824371152379641 ], [ -96.703671097523966, 40.824372435965067 ], [ -96.703668660621858, 40.824373719127507 ], [ -96.70366622329459, 40.824375001856453 ], [ -96.703663785532143, 40.824376284141671 ], [ -96.703661347325934, 40.824377565974395 ], [ -96.70365890866772, 40.824378847346225 ], [ -96.703656469549259, 40.824380128248769 ], [ -96.703654029962337, 40.824381408673602 ], [ -96.703651589898698, 40.824382688612353 ], [ -96.703649149350113, 40.824383968056623 ], [ -96.703646708308355, 40.82438524699802 ], [ -96.703644266765167, 40.824386525428125 ], [ -96.703641824712349, 40.824387803338546 ], [ -96.703639382141617, 40.824389080720898 ], [ -96.703636939044785, 40.824390357566763 ], [ -96.70363449541442, 40.824391633868608 ], [ -96.703632051246473, 40.824392909622318 ], [ -96.703629606537774, 40.824394184824605 ], [ -96.70362716128507, 40.824395459472179 ], [ -96.703624715485176, 40.824396733561805 ], [ -96.703622269134883, 40.824398007090181 ], [ -96.703619822230962, 40.824399280054052 ], [ -96.703617374770232, 40.82440055245015 ], [ -96.703614926749452, 40.824401824275178 ], [ -96.703612478165439, 40.824403095525881 ], [ -96.703610029014982, 40.824404366198976 ], [ -96.703607579296147, 40.824405636292497 ], [ -96.703605129012217, 40.824406905809823 ], [ -96.703602678167726, 40.824408174755554 ], [ -96.703600226767264, 40.824409443134364 ], [ -96.703597774815393, 40.8244107109509 ], [ -96.703595322316644, 40.824411978209795 ], [ -96.703592869275582, 40.824413244915718 ], [ -96.703590415696794, 40.824414511073329 ], [ -96.703587961584802, 40.824415776687239 ], [ -96.703585506944208, 40.824417041762111 ], [ -96.703583051779518, 40.824418306302626 ], [ -96.70358059609535, 40.824419570313403 ], [ -96.703578139897203, 40.824420833800119 ], [ -96.7035756831947, 40.824422096772501 ], [ -96.703573225998369, 40.824423359241372 ], [ -96.70357076831877, 40.824424621217474 ], [ -96.703568310166474, 40.824425882711573 ], [ -96.703565851552057, 40.824427143734454 ], [ -96.703563392486046, 40.824428404296874 ], [ -96.703560932979045, 40.8244296644096 ], [ -96.703558473041596, 40.82443092408343 ], [ -96.70355601268426, 40.824432183329101 ], [ -96.703553551917608, 40.824433442157435 ], [ -96.70355109075264, 40.824434700579594 ], [ -96.703548629202089, 40.824435958608618 ], [ -96.703546167279171, 40.824437216257934 ], [ -96.703543704997045, 40.824438473540994 ], [ -96.703541242368928, 40.824439730471269 ], [ -96.703538779407992, 40.824440987062189 ], [ -96.703536316127412, 40.824442243327184 ], [ -96.703533852540417, 40.824443499279759 ], [ -96.703531388660167, 40.824444754933324 ], [ -96.703528924499849, 40.824446010301308 ], [ -96.703526460072666, 40.824447265397197 ], [ -96.703523995391791, 40.824448520234448 ], [ -96.703521530470582, 40.82444977482664 ], [ -96.703519065323022, 40.824451029188026 ], [ -96.703516599963237, 40.824452283333031 ], [ -96.703514134405353, 40.824453537276092 ], [ -96.703511668663538, 40.824454791031606 ], [ -96.703509202751903, 40.82445604461396 ], [ -96.703506736684574, 40.824457298037629 ], [ -96.703504270475705, 40.824458551316994 ], [ -96.703501804139435, 40.824459804466478 ], [ -96.703499337689905, 40.824461057500457 ], [ -96.703496871141226, 40.824462310433411 ], [ -96.703494404507552, 40.824463563279714 ], [ -96.703491937802994, 40.824464816053776 ], [ -96.703489471041692, 40.824466068769993 ], [ -96.703487004237743, 40.824467321442768 ], [ -96.703484537405274, 40.824468574086524 ], [ -96.703482070558394, 40.824469826715578 ], [ -96.70347960371123, 40.824471079344413 ], [ -96.703477136877922, 40.824472331987387 ], [ -96.703474670072538, 40.824473584658911 ], [ -96.703472203309246, 40.824474837373373 ], [ -96.703469736602159, 40.824476090145183 ], [ -96.703467269965373, 40.824477342988736 ], [ -96.703464803412913, 40.824478595918315 ], [ -96.703462336958353, 40.82447984894776 ], [ -96.703459870615177, 40.824481102090829 ], [ -96.703457404396815, 40.824482355361212 ], [ -96.703454938316753, 40.824483608772674 ], [ -96.703452472388449, 40.824484862338956 ], [ -96.703450006625388, 40.82448611607375 ], [ -96.703447541041015, 40.824487369990813 ], [ -96.703445075648816, 40.824488624103857 ], [ -96.703442610462247, 40.824489878426661 ], [ -96.703440145494767, 40.824491132972916 ], [ -96.703437680759436, 40.824492387755953 ], [ -96.703435216267621, 40.824493642787331 ], [ -96.703432752030324, 40.824494898078306 ], [ -96.703430288058456, 40.824496153639991 ], [ -96.703427824363004, 40.824497409483591 ], [ -96.70342536095491, 40.824498665620276 ], [ -96.703422897845158, 40.824499922061229 ], [ -96.70342043504472, 40.824501178817634 ], [ -96.703417972564523, 40.824502435900662 ], [ -96.703415510415567, 40.824503693321503 ], [ -96.70341304860878, 40.82450495109132 ], [ -96.703410587155147, 40.824506209221305 ], [ -96.70340812606473, 40.824507467721709 ], [ -96.70340566534388, 40.824508726599035 ], [ -96.703403204998111, 40.824509985858889 ], [ -96.703400745032894, 40.824511245506841 ], [ -96.70339828545373, 40.824512505548526 ], [ -96.703395826266089, 40.824513765989501 ], [ -96.703393367475456, 40.824515026835357 ], [ -96.703390909087304, 40.824516288091701 ], [ -96.703388451107131, 40.824517549764124 ], [ -96.703385993540408, 40.824518811858205 ], [ -96.703383536392636, 40.824520074379535 ], [ -96.703381079668048, 40.824521337332463 ], [ -96.703378623366063, 40.824522600716371 ], [ -96.703376167484805, 40.824523864529382 ], [ -96.703373712022469, 40.824525128769615 ], [ -96.703371256977221, 40.824526393435214 ], [ -96.7033688023472, 40.824527658524282 ], [ -96.703366348130601, 40.824528924034993 ], [ -96.703363894325562, 40.824530189965429 ], [ -96.703361440930237, 40.824531456313721 ], [ -96.703358987942835, 40.824532723078022 ], [ -96.703356535361493, 40.824533990256441 ], [ -96.703354083183413, 40.824535257846136 ], [ -96.703351631401929, 40.824536525840308 ], [ -96.703349180009468, 40.824537794231233 ], [ -96.703346728998412, 40.82453906301113 ], [ -96.703344278361158, 40.824540332172248 ], [ -96.703341828090075, 40.824541601706812 ], [ -96.703339378177589, 40.824542871607122 ], [ -96.703336928616054, 40.824544141865346 ], [ -96.703334479397896, 40.824545412473761 ], [ -96.703332030515497, 40.824546683424607 ], [ -96.703329581961242, 40.824547954710113 ], [ -96.703327133727527, 40.824549226322546 ], [ -96.703324685806336, 40.824550498253714 ], [ -96.703322238187965, 40.82455177049372 ], [ -96.703319790862352, 40.824553043032324 ], [ -96.703317343819393, 40.824554315859174 ], [ -96.703314897048969, 40.824555588964024 ], [ -96.703312450540977, 40.824556862336529 ], [ -96.70331000428537, 40.824558135966434 ], [ -96.703307558272044, 40.824559409843424 ], [ -96.703305112490852, 40.824560683957202 ], [ -96.703302666931734, 40.82456195829748 ], [ -96.703300221584598, 40.824563232853968 ], [ -96.703297776439257, 40.824564507616266 ], [ -96.703295331485194, 40.824565782573679 ], [ -96.703292886711793, 40.824567057715356 ], [ -96.703290442108468, 40.824568333030491 ], [ -96.703287997664589, 40.824569608508291 ], [ -96.703285553369568, 40.824570884137934 ], [ -96.703283109212805, 40.82457215990857 ], [ -96.703280665183669, 40.824573435809413 ], [ -96.703278221271589, 40.824574711829676 ], [ -96.703275777465933, 40.824575987958497 ], [ -96.703273333756101, 40.824577264185081 ], [ -96.703270890131506, 40.824578540498628 ], [ -96.703268446581532, 40.824579816888296 ], [ -96.703266003095578, 40.824581093343305 ], [ -96.703263559663043, 40.824582369852834 ], [ -96.703261116273353, 40.824583646406069 ], [ -96.703258672915894, 40.824584922992209 ], [ -96.70325622956635, 40.824586199585035 ], [ -96.703253786143847, 40.824587476094685 ], [ -96.703251342630651, 40.824588752502301 ], [ -96.703248899019329, 40.824590028800671 ], [ -96.703246455302519, 40.824591304982576 ], [ -96.703244011472819, 40.824592581040832 ], [ -96.703241567522852, 40.824593856968264 ], [ -96.703239123445414, 40.824595132757814 ], [ -96.703236679233271, 40.824596408402535 ], [ -96.703234234879261, 40.824597683895355 ], [ -96.703231790376165, 40.824598959229291 ], [ -96.703229345716778, 40.82460023439738 ], [ -96.70322690089391, 40.824601509392529 ], [ -96.703224455900354, 40.824602784207833 ], [ -96.703222010728936, 40.824604058836229 ], [ -96.703219565372436, 40.824605333270725 ], [ -96.703217119823648, 40.8246066075043 ], [ -96.703214674075383, 40.824607881529978 ], [ -96.703212228120563, 40.824609155340838 ], [ -96.703209781952438, 40.824610428930391 ], [ -96.703207335564443, 40.824611702292238 ], [ -96.703204888949955, 40.824612975419974 ], [ -96.703202442102366, 40.824614248307192 ], [ -96.703199995015098, 40.824615520947503 ], [ -96.703197547681526, 40.824616793334521 ], [ -96.703195100095044, 40.824618065461813 ], [ -96.703192652249058, 40.824619337323028 ], [ -96.703190204136959, 40.824620608911736 ], [ -96.70318775575214, 40.824621880221578 ], [ -96.703185307088376, 40.824623151246456 ], [ -96.703182858140849, 40.824624421981866 ], [ -96.703180408905169, 40.824625692423638 ], [ -96.703177959376887, 40.824626962567621 ], [ -96.703175509551585, 40.824628232409587 ], [ -96.70317305942487, 40.824629501945402 ], [ -96.703170608992266, 40.82463077117086 ], [ -96.703168158249383, 40.824632040081823 ], [ -96.7031657071918, 40.824633308674073 ], [ -96.703163255815099, 40.824634576943474 ], [ -96.70316080411483, 40.82463584488584 ], [ -96.703158352086575, 40.824637112496987 ], [ -96.703155899726681, 40.824638379773504 ], [ -96.70315344703441, 40.824639646715013 ], [ -96.703150994009832, 40.824640913321907 ], [ -96.703148540652975, 40.824642179594569 ], [ -96.703146086963883, 40.824643445533326 ], [ -96.703143632942613, 40.824644711138625 ], [ -96.703141178589178, 40.8246459764108 ], [ -96.703138723903635, 40.824647241350235 ], [ -96.703136268886041, 40.824648505957342 ], [ -96.703133813536411, 40.824649770232462 ], [ -96.703131357854815, 40.824651034175993 ], [ -96.703128901842234, 40.824652297789314 ], [ -96.703126445503656, 40.824653561077795 ], [ -96.703123988845007, 40.824654824047855 ], [ -96.703121531872185, 40.824656086705822 ], [ -96.703119074591172, 40.824657349058135 ], [ -96.703116617007851, 40.824658611111126 ], [ -96.703114159128177, 40.82465987287123 ], [ -96.703111700958061, 40.82466113434478 ], [ -96.703110560774803, 40.824661719242101 ] ] } },
{ "type": "Feature", "properties": { "point_a": 82, "point_b": 83, "trip": 1, "route": "antelope_before_bend", "status": "corrected", "mode": "reviewed_spatial_assumption" }, "geometry": { "type": "LineString", "coordinates": [ [ -96.695980913937106, 40.823512722141999 ], [ -96.695979015728767, 40.82351097974589 ], [ -96.695977122192687, 40.823509233780612 ], [ -96.695975233186985, 40.823507484354536 ], [ -96.69597334856978, 40.823505731576077 ], [ -96.695971468199147, 40.823503975553663 ], [ -96.69596959193322, 40.823502216395617 ], [ -96.695967719630062, 40.823500454210404 ], [ -96.695965851147804, 40.823498689106401 ], [ -96.695963986344552, 40.823496921191982 ], [ -96.695962125082488, 40.823495150572469 ], [ -96.695960267240167, 40.823493377340583 ], [ -96.695958412700207, 40.823491601586014 ], [ -96.695956561345255, 40.823489823398418 ], [ -96.695954713057958, 40.823488042867467 ], [ -96.695952867720919, 40.823486260082767 ], [ -96.695951025216786, 40.82348447513403 ], [ -96.695949185428191, 40.823482688110907 ], [ -96.69594734823778, 40.823480899103018 ], [ -96.695945513528173, 40.823479108200068 ], [ -96.695943681182726, 40.823477315491132 ], [ -96.695941851087568, 40.823475521063223 ], [ -96.695940023129623, 40.823473725002707 ], [ -96.695938197195744, 40.823471927396021 ], [ -96.695936373172799, 40.823470128329582 ], [ -96.695934550947669, 40.823468327889827 ], [ -96.695932730407236, 40.823466526163138 ], [ -96.695930911438353, 40.823464723235979 ], [ -96.695929093927916, 40.823462919194718 ], [ -96.695927277762792, 40.823461114125806 ], [ -96.695925462827603, 40.823459308117393 ], [ -96.695923648997962, 40.82345750126445 ], [ -96.695921836147221, 40.82345569366376 ], [ -96.695920024148762, 40.823453885412071 ], [ -96.695918212875924, 40.82345207660611 ], [ -96.695916402202073, 40.823450267342594 ], [ -96.695914592000591, 40.8234484577183 ], [ -96.695912782144831, 40.823446647829947 ], [ -96.69591097250813, 40.823444837774296 ], [ -96.695909162959893, 40.823443027651109 ], [ -96.695907353353604, 40.823441217572309 ], [ -96.6959055435388, 40.82343940765287 ], [ -96.695903733364986, 40.823437598007715 ], [ -96.695901922681671, 40.823435788751816 ], [ -96.695900111338389, 40.823433980000125 ], [ -96.695898299184663, 40.823432171867609 ], [ -96.695896486069998, 40.823430364469218 ], [ -96.695894671843917, 40.82342855791989 ], [ -96.695892856355925, 40.823426752334591 ], [ -96.695891039451226, 40.823424947831619 ], [ -96.695889220957611, 40.823423144542446 ], [ -96.695887400698552, 40.823421342602018 ], [ -96.695885578497538, 40.823419542145096 ], [ -96.695883754177999, 40.823417743306599 ], [ -96.695881927563434, 40.823415946221367 ], [ -96.695880098477303, 40.823414151024231 ], [ -96.695878266743094, 40.823412357850046 ], [ -96.695876432184264, 40.823410566833715 ], [ -96.695874594624257, 40.823408778110029 ], [ -96.695872753883663, 40.823406991816135 ], [ -96.695870909771216, 40.823405208098059 ], [ -96.695869064539366, 40.823403425235178 ], [ -96.695867220548081, 40.823401641424645 ], [ -96.695865377764534, 40.823399856691566 ], [ -96.695863536155869, 40.823398071061021 ], [ -96.69586169568926, 40.823396284558079 ], [ -96.695859856331879, 40.823394497207829 ], [ -96.695858018050913, 40.82339270903536 ], [ -96.6958561808121, 40.823390920066785 ], [ -96.695854344575764, 40.823389130332473 ], [ -96.695852509300792, 40.823387339863842 ], [ -96.695850674946101, 40.823385548692201 ], [ -96.695848841470564, 40.823383756849012 ], [ -96.695847008833113, 40.823381964365645 ], [ -96.695845176992663, 40.823380171273513 ], [ -96.695843345908074, 40.823378377603973 ], [ -96.695841515538277, 40.823376583388473 ], [ -96.695839685842174, 40.82337478865837 ], [ -96.695837856778851, 40.823372993444899 ], [ -96.695836028308037, 40.823371197778897 ], [ -96.695834200389641, 40.823369401690897 ], [ -96.695832372983617, 40.823367605211573 ], [ -96.695830546049862, 40.82336580837152 ], [ -96.695828719548288, 40.823364011201328 ], [ -96.69582689343882, 40.823362213731677 ], [ -96.695825067681398, 40.82336041599315 ], [ -96.695823242235917, 40.823358618016364 ], [ -96.695821417062305, 40.823356819831922 ], [ -96.695819592121779, 40.823355021469489 ], [ -96.695817767380888, 40.823353222954601 ], [ -96.695815942807485, 40.823351424311817 ], [ -96.69581411836937, 40.823349625565719 ], [ -96.695812294034425, 40.823347826740864 ], [ -96.695810469770464, 40.823346027861831 ], [ -96.695808645545355, 40.823344228953161 ], [ -96.69580682132694, 40.823342430039439 ], [ -96.69580499708303, 40.823340631145228 ], [ -96.695803172783016, 40.823338832293928 ], [ -96.695801348402327, 40.823337033504302 ], [ -96.695799523917898, 40.823335234793994 ], [ -96.695797699306681, 40.823333436180562 ], [ -96.695795874545624, 40.823331637681655 ], [ -96.695794049611678, 40.82332983931488 ], [ -96.695792224481792, 40.823328041097824 ], [ -96.695790399132889, 40.823326243048129 ], [ -96.695788573541961, 40.823324445183367 ], [ -96.695786747685929, 40.823322647521152 ], [ -96.695784921542639, 40.823320850078453 ], [ -96.695783095093603, 40.823319052869344 ], [ -96.695781268321213, 40.823317255907348 ], [ -96.695779441207847, 40.823315459205823 ], [ -96.695777613735913, 40.823313662778276 ], [ -96.695775785887818, 40.823311866638143 ], [ -96.695773957645926, 40.823310070798875 ], [ -96.695772128992658, 40.823308275273888 ], [ -96.695770299910407, 40.823306480076717 ], [ -96.69576847038158, 40.823304685220691 ], [ -96.695766640388797, 40.823302890719141 ], [ -96.695764809915659, 40.823301096584586 ], [ -96.69576297894605, 40.823299302829369 ], [ -96.695761147463813, 40.823297509465789 ], [ -96.69575931545279, 40.823295716506195 ], [ -96.695757482896823, 40.823293923962922 ], [ -96.695755649779798, 40.823292131848348 ], [ -96.695753816085556, 40.823290340174736 ], [ -96.69575198179794, 40.823288548954473 ], [ -96.695750146900764, 40.823286758199885 ], [ -96.695748311377656, 40.823284967923513 ], [ -96.695746475212218, 40.823283178137871 ], [ -96.695744638388049, 40.823281388855492 ], [ -96.695742800888723, 40.823279600088917 ], [ -96.69574096269784, 40.823277811850701 ], [ -96.695739123798987, 40.82327602415333 ], [ -96.695737284175749, 40.823274237009393 ], [ -96.695735443811728, 40.823272450431368 ], [ -96.695733602690524, 40.823270664431853 ], [ -96.695731760795567, 40.823268879023423 ], [ -96.695729918109834, 40.823267094219162 ], [ -96.695728074616071, 40.823265310032184 ], [ -96.695726230297126, 40.823263526475628 ], [ -96.695724385135804, 40.823261743562632 ], [ -96.695722539114882, 40.823259961306348 ], [ -96.695720692217165, 40.823258179719886 ], [ -96.695718844425471, 40.823256398816405 ], [ -96.695716995722591, 40.823254618609027 ], [ -96.695715146091331, 40.823252839110886 ], [ -96.695713295514437, 40.823251060335181 ], [ -96.69571144397446, 40.823249282295237 ], [ -96.695709591453863, 40.823247505004474 ], [ -96.695707737935109, 40.823245728476238 ], [ -96.695705883400677, 40.823243952723935 ], [ -96.695704027833088, 40.823242177760925 ], [ -96.695702171214776, 40.823240403600614 ], [ -96.695700313528221, 40.823238630256398 ], [ -96.695698454755927, 40.823236857741641 ], [ -96.695696594880474, 40.823235086069644 ], [ -96.695694733884949, 40.823233315253347 ], [ -96.695692871752556, 40.823231545305539 ], [ -96.69569100846654, 40.823229776239074 ], [ -96.695689144010046, 40.823228008066771 ], [ -96.695687278366321, 40.823226240801468 ], [ -96.695685411518582, 40.823224474455962 ], [ -96.695683543450002, 40.823222709043129 ], [ -96.695681674143813, 40.823220944575752 ], [ -96.695679803583218, 40.82321918106669 ], [ -96.695677931751817, 40.823217418528451 ], [ -96.695676058634788, 40.823215656972373 ], [ -96.69567418421768, 40.823213896409484 ], [ -96.695672308486067, 40.823212136850806 ], [ -96.695670431425512, 40.82321037830738 ], [ -96.695668553021591, 40.823208620790219 ], [ -96.695666673259836, 40.823206864310343 ], [ -96.695664792125825, 40.823205108878831 ], [ -96.695662909605133, 40.823203354506632 ], [ -96.695661025683307, 40.823201601204829 ], [ -96.695659140346521, 40.823199848983975 ], [ -96.695657253583263, 40.823198097852881 ], [ -96.695655365382677, 40.823196347819824 ], [ -96.695653475733849, 40.823194598893146 ], [ -96.695651584625892, 40.823192851081153 ], [ -96.695649692047922, 40.823191104392151 ], [ -96.695647797989039, 40.823189358834505 ], [ -96.695645902438358, 40.82318761441649 ], [ -96.695644005384992, 40.823185871146443 ], [ -96.695642106818809, 40.8231841290321 ], [ -96.695640206732762, 40.823182388078848 ], [ -96.695638305120553, 40.823180648291505 ], [ -96.695636401975889, 40.823178909674859 ], [ -96.695634497292474, 40.82317717223372 ], [ -96.695632591064054, 40.823175435972892 ], [ -96.695630683284307, 40.823173700897179 ], [ -96.695628773946936, 40.82317196701139 ], [ -96.695626863045675, 40.82317023432033 ], [ -96.695624950574214, 40.8231685028288 ], [ -96.695623036527152, 40.823166772540944 ], [ -96.695621120902516, 40.823165043458239 ], [ -96.695619203699238, 40.823163315581553 ], [ -96.695617284916239, 40.823161588911681 ], [ -96.695615364552395, 40.823159863449455 ], [ -96.695613442606657, 40.823158139195712 ], [ -96.695611519077943, 40.823156416151278 ], [ -96.695609593965145, 40.823154694316969 ], [ -96.695607667267197, 40.823152973693645 ], [ -96.695605738982991, 40.823151254282109 ], [ -96.695603809112072, 40.823149536082738 ], [ -96.695601877656387, 40.823147819094018 ], [ -96.695599944618493, 40.823146103314009 ], [ -96.695598010000978, 40.823144388740758 ], [ -96.695596073806371, 40.823142675372303 ], [ -96.695594136037229, 40.823140963206683 ], [ -96.695592196696154, 40.823139252241944 ], [ -96.695590255785675, 40.823137542476132 ], [ -96.695588313308363, 40.823135833907266 ], [ -96.695586369267147, 40.823134126533162 ], [ -96.69558442366646, 40.823132420350376 ], [ -96.695582476511078, 40.823130715355298 ], [ -96.695580527805774, 40.823129011544232 ], [ -96.695578577555381, 40.823127308913556 ], [ -96.695576625764659, 40.823125607459609 ], [ -96.695574672438383, 40.823123907178712 ], [ -96.695572717581385, 40.823122208067204 ], [ -96.695570761198411, 40.823120510121441 ], [ -96.695568803294279, 40.82311881333775 ], [ -96.695566843874019, 40.823117117712314 ], [ -96.695564882943629, 40.823115423240516 ], [ -96.69556292050936, 40.823113729917587 ], [ -96.695560956577467, 40.82311203773876 ], [ -96.695558991154215, 40.823110346699231 ], [ -96.695557024245829, 40.823108656794247 ], [ -96.695555055858591, 40.823106968019054 ], [ -96.695553085998739, 40.823105280368836 ], [ -96.695551114672526, 40.823103593838809 ], [ -96.695549141886204, 40.823101908424256 ], [ -96.695547167646168, 40.823100224120232 ], [ -96.695545191959241, 40.823098540921571 ], [ -96.695543214832455, 40.823096858822844 ], [ -96.695541236272774, 40.823095177818772 ], [ -96.695539256287205, 40.823093497904011 ], [ -96.695537274882753, 40.823091819073198 ], [ -96.695535292066367, 40.823090141321011 ], [ -96.695533307845054, 40.823088464642083 ], [ -96.695531322225818, 40.823086789031116 ], [ -96.695529335215724, 40.823085114482673 ], [ -96.695527346822217, 40.823083440991091 ], [ -96.695525357052773, 40.82308176855063 ], [ -96.695523365914951, 40.82308009715554 ], [ -96.695521373416241, 40.82307842680008 ], [ -96.695519379564161, 40.823076757478539 ], [ -96.695517384366212, 40.823075089185139 ], [ -96.695515387829943, 40.82307342191416 ], [ -96.695513389962841, 40.823071755659853 ], [ -96.695511390772424, 40.823070090416479 ], [ -96.695509390266309, 40.823068426178253 ], [ -96.695507388452469, 40.823066762939021 ], [ -96.695505385338947, 40.823065100692673 ], [ -96.695503380933843, 40.823063439433042 ], [ -96.695501375245229, 40.823061779153939 ], [ -96.695499368281133, 40.823060119849217 ], [ -96.695497360049657, 40.823058461512709 ], [ -96.695495350558872, 40.823056804138254 ], [ -96.695493339816835, 40.8230551477197 ], [ -96.69549132783159, 40.823053492250843 ], [ -96.695489314611365, 40.823051837725473 ], [ -96.695487300164785, 40.823050184136974 ], [ -96.69548528450062, 40.823048531478655 ], [ -96.695483267627651, 40.823046879743764 ], [ -96.695481249554632, 40.823045228925672 ], [ -96.69547923029036, 40.823043579017629 ], [ -96.69547720984356, 40.82304193001297 ], [ -96.695475188223043, 40.82304028190498 ], [ -96.695473165437548, 40.823038634686931 ], [ -96.695471141495858, 40.823036988352179 ], [ -96.695469116406883, 40.82303534289391 ], [ -96.695467090180017, 40.823033698304926 ], [ -96.69546506282478, 40.823032054577943 ], [ -96.695463034350738, 40.823030411705687 ], [ -96.695461004767424, 40.823028769680853 ], [ -96.695458974084374, 40.823027128496157 ], [ -96.695456942311097, 40.823025488144339 ], [ -96.695454909457169, 40.823023848618078 ], [ -96.695452875532112, 40.823022209910107 ], [ -96.69545084054559, 40.823020572013071 ], [ -96.695448804507791, 40.823018934919133 ], [ -96.695446767429019, 40.823017298620442 ], [ -96.69544472931959, 40.823015663109139 ], [ -96.695442690189807, 40.823014028377322 ], [ -96.695440650050003, 40.823012394417127 ], [ -96.69543860891045, 40.823010761220679 ], [ -96.69543656678151, 40.823009128780072 ], [ -96.695434523673441, 40.823007497087495 ], [ -96.695432479596604, 40.823005866134991 ], [ -96.695430434561345, 40.823004235914674 ], [ -96.695428388578421, 40.823002606418349 ], [ -96.695426341658617, 40.823000977637768 ], [ -96.695424293812707, 40.822999349564654 ], [ -96.695422245051546, 40.822997722190777 ], [ -96.695420195385879, 40.822996095507889 ], [ -96.695418144826519, 40.822994469507748 ], [ -96.695416093384281, 40.822992844182089 ], [ -96.695414041069967, 40.822991219522663 ], [ -96.69541198789436, 40.822989595521221 ], [ -96.695409933868191, 40.822987972169571 ], [ -96.695407879002033, 40.822986349459654 ], [ -96.695405823306317, 40.822984727383485 ], [ -96.695403766791514, 40.822983105933034 ], [ -96.695401709468101, 40.822981485100357 ], [ -96.695399651346548, 40.822979864877425 ], [ -96.695397592437317, 40.822978245256238 ], [ -96.695395532750894, 40.822976626228808 ], [ -96.695393472297738, 40.822975007787129 ], [ -96.695391411088096, 40.822973389923376 ], [ -96.695389349131503, 40.822971772630282 ], [ -96.69538728643721, 40.822970155900755 ], [ -96.69538522301454, 40.822968539727668 ], [ -96.695383158872758, 40.82296692410398 ], [ -96.695381094021158, 40.82296530902255 ], [ -96.695379028469063, 40.8229636944763 ], [ -96.695376962225708, 40.822962080458154 ], [ -96.695374895300418, 40.82296046696095 ], [ -96.695372827702499, 40.822958853977653 ], [ -96.695370759440934, 40.822957241501364 ], [ -96.695368690523551, 40.822955629526078 ], [ -96.695366620957955, 40.822954018046019 ], [ -96.695364550751677, 40.822952407055425 ], [ -96.695362479912276, 40.822950796548533 ], [ -96.695360408447343, 40.822949186519523 ], [ -96.695358336364407, 40.822947576962662 ], [ -96.69535626367103, 40.822945967872144 ], [ -96.695354190374786, 40.822944359242221 ], [ -96.695352116483249, 40.822942751067096 ], [ -96.695350042003653, 40.822941143341225 ], [ -96.695347966942137, 40.822939536059948 ], [ -96.695345891304484, 40.822937929218796 ], [ -96.69534381509655, 40.822936322813355 ], [ -96.695341738324117, 40.822934716839178 ], [ -96.695339660993028, 40.822933111291803 ], [ -96.69533758310908, 40.822931506166789 ], [ -96.695335504678098, 40.822929901459737 ], [ -96.695333425705897, 40.822928297166129 ], [ -96.695331346198003, 40.822926693281815 ], [ -96.695329266158723, 40.822925089803462 ], [ -96.695327185592106, 40.822923486727994 ], [ -96.695325104502189, 40.822921884052313 ], [ -96.695323022893007, 40.822920281773364 ], [ -96.695320940768582, 40.822918679888026 ], [ -96.695318858132964, 40.822917078393267 ], [ -96.695316774990175, 40.822915477285981 ], [ -96.695314691344251, 40.822913876563064 ], [ -96.695312607199241, 40.822912276221459 ], [ -96.695310522558799, 40.82291067625836 ], [ -96.695308437425354, 40.82290907667192 ], [ -96.695306351800866, 40.822907477460625 ], [ -96.695304265687398, 40.822905878622905 ], [ -96.695302179086966, 40.822904280157225 ], [ -96.695300092001602, 40.822902682062043 ], [ -96.695298004433326, 40.822901084335811 ], [ -96.695295916384168, 40.822899486976965 ], [ -96.695293827856133, 40.822897889983963 ], [ -96.695291738851267, 40.822896293355257 ], [ -96.69528964937129, 40.822894697089552 ], [ -96.695287559416656, 40.82289310118648 ], [ -96.695285468987521, 40.822891505645927 ], [ -96.695283378084028, 40.822889910467772 ], [ -96.695281286706333, 40.822888315651902 ], [ -96.695279194854606, 40.822886721198216 ], [ -96.695277102528991, 40.822885127106559 ], [ -96.695275009729627, 40.822883533376853 ], [ -96.695272916456688, 40.822881940008955 ], [ -96.695270822709986, 40.822880347003007 ], [ -96.695268728488074, 40.822878754360133 ], [ -96.695266633789132, 40.822877162081689 ], [ -96.695264538611383, 40.822875570169046 ], [ -96.695262442953037, 40.822873978623598 ], [ -96.695260346812319, 40.822872387446672 ], [ -96.695258250187393, 40.822870796639663 ], [ -96.695256153076514, 40.822869206203926 ], [ -96.695254055477889, 40.82286761614084 ], [ -96.695251957389686, 40.822866026451784 ], [ -96.695249858809788, 40.822864437138364 ], [ -96.695247759734599, 40.822862848203336 ], [ -96.695245660160211, 40.822861259649727 ], [ -96.695243560082659, 40.822859671480515 ], [ -96.695241459498007, 40.822858083698712 ], [ -96.695239358402318, 40.822856496307331 ], [ -96.695237256791657, 40.822854909309399 ], [ -96.6952351546621, 40.822853322707893 ], [ -96.695233052009684, 40.822851736505839 ], [ -96.695230948830485, 40.822850150706245 ], [ -96.695228845120255, 40.822848565312341 ], [ -96.695226740873565, 40.822846980328272 ], [ -96.695224636084689, 40.822845395758463 ], [ -96.69522253074787, 40.82284381160725 ], [ -96.695220424857368, 40.822842227879043 ], [ -96.69521831840747, 40.8228406445782 ], [ -96.69521621139242, 40.822839061709132 ], [ -96.695214103806478, 40.822837479276181 ], [ -96.69521199564393, 40.822835897283795 ], [ -96.695209886898795, 40.822834315736451 ], [ -96.695207777564292, 40.822832734639377 ], [ -96.695205667633445, 40.822831153997917 ], [ -96.695203557099234, 40.822829573817394 ], [ -96.695201445954652, 40.822827994103172 ], [ -96.695199334192708, 40.822826414860607 ], [ -96.69519722180641, 40.822824836095059 ], [ -96.695195108788738, 40.822823257811812 ], [ -96.695192995132714, 40.822821680016283 ], [ -96.695190880831319, 40.82282010271377 ], [ -96.695188765877461, 40.822818525909746 ], [ -96.695186650263778, 40.822816949609802 ], [ -96.69518453398274, 40.822815373819687 ], [ -96.695182417026899, 40.822813798545099 ], [ -96.695180299388753, 40.822812223791786 ], [ -96.695178181060811, 40.822810649565433 ], [ -96.6951760620356, 40.822809075871781 ], [ -96.69517394230563, 40.822807502716529 ], [ -96.695171821863426, 40.822805930105417 ], [ -96.695169700701484, 40.822804358044152 ], [ -96.695167578812345, 40.822802786538425 ], [ -96.69516545618859, 40.822801215593927 ], [ -96.695163332822844, 40.822799645216271 ], [ -96.695161208707702, 40.822798075411143 ], [ -96.695159083835762, 40.822796506184147 ], [ -96.695156958199647, 40.822794937540984 ], [ -96.695154831791939, 40.822793369487272 ], [ -96.695152704605249, 40.822791802028647 ], [ -96.695150576632201, 40.822790235170793 ], [ -96.695148447865435, 40.822788668919301 ], [ -96.695146318297745, 40.82278710327968 ], [ -96.695144187922011, 40.822785538257371 ], [ -96.6951420567311, 40.822783973857817 ], [ -96.695139924717864, 40.822782410086482 ], [ -96.695137791875155, 40.822780846948852 ], [ -96.695135658195838, 40.822779284450327 ], [ -96.695133523672766, 40.822777722596392 ], [ -96.69513138829879, 40.822776161392497 ], [ -96.695129252066806, 40.822774600844106 ], [ -96.695127114969694, 40.822773040956591 ], [ -96.69512497700056, 40.822771481735302 ], [ -96.695122838152542, 40.822769923185405 ], [ -96.695120698418805, 40.822768365312172 ], [ -96.695118557792497, 40.822766808120832 ], [ -96.695116416266742, 40.822765251616609 ], [ -96.695114273834704, 40.822763695804746 ], [ -96.69511213048952, 40.822762140690465 ], [ -96.695109986224367, 40.822760586279017 ], [ -96.695107841032353, 40.822759032575625 ], [ -96.695105694906687, 40.822757479585505 ], [ -96.695103547840688, 40.822755927313743 ], [ -96.695101399827735, 40.822754375765413 ], [ -96.695099250861205, 40.822752824945553 ], [ -96.695097100934447, 40.822751274859264 ], [ -96.695094950040854, 40.822749725511599 ], [ -96.695092798173789, 40.822748176907602 ], [ -96.695090645326616, 40.82274662905234 ], [ -96.695088491492712, 40.822745081950913 ], [ -96.695086336665483, 40.822743535608318 ], [ -96.695084180838492, 40.822741990029478 ], [ -96.695082024005359, 40.822740445219303 ], [ -96.695079866159688, 40.822738901182625 ], [ -96.695077707295084, 40.822737357924368 ], [ -96.695075547405153, 40.822735815449398 ], [ -96.695073386483514, 40.822734273762599 ], [ -96.695071224523772, 40.822732732868865 ], [ -96.695069061519519, 40.822731192773063 ], [ -96.695066897464372, 40.822729653480074 ], [ -96.695064732352037, 40.822728114994739 ], [ -96.69506256617656, 40.822726577321575 ], [ -96.695060398932043, 40.822725040465095 ], [ -96.695058230612659, 40.822723504429753 ], [ -96.695056061212512, 40.822721969220041 ], [ -96.695053890725745, 40.822720434840463 ], [ -96.695051719146505, 40.822718901295467 ], [ -96.695049546468894, 40.822717368589565 ], [ -96.695047372687057, 40.822715836727227 ], [ -96.695045197795125, 40.8227143057129 ], [ -96.695043021787399, 40.822712775550997 ], [ -96.695040844658806, 40.822711246245383 ], [ -96.695038666404443, 40.822709717799775 ], [ -96.695036487019394, 40.822708190217959 ], [ -96.695034306498769, 40.822706663503638 ], [ -96.695032124837638, 40.822705137660606 ], [ -96.695029942031113, 40.822703612692585 ], [ -96.695027758074275, 40.822702088603336 ], [ -96.695025572962223, 40.822700565396595 ], [ -96.695023386690337, 40.822699043075893 ], [ -96.695021199255322, 40.822697521643732 ], [ -96.695019010654121, 40.822696001102514 ], [ -96.695016820883723, 40.822694481454448 ], [ -96.695014629941099, 40.822692962701929 ], [ -96.695012437823195, 40.822691444847202 ], [ -96.695010244527026, 40.822689927892625 ], [ -96.695008050049552, 40.82268841184051 ], [ -96.69500585438773, 40.822686896693142 ], [ -96.695003657538535, 40.822685382452839 ], [ -96.695001459499551, 40.822683869121498 ], [ -96.694999260270578, 40.822682356699218 ], [ -96.694997059852042, 40.822680845185687 ], [ -96.694994858244357, 40.822679334580585 ], [ -96.694992655447933, 40.82267782488362 ], [ -96.694990451463184, 40.822676316094444 ], [ -96.694988246290535, 40.822674808212767 ], [ -96.694986039930384, 40.822673301238247 ], [ -96.694983832383173, 40.822671795170592 ], [ -96.694981623649284, 40.822670290009455 ], [ -96.694979413730039, 40.822668785753883 ], [ -96.694977202630284, 40.822667282400126 ], [ -96.694974990355817, 40.82266577994379 ], [ -96.694972776912365, 40.822664278380486 ], [ -96.694970562305699, 40.822662777705794 ], [ -96.694968346541557, 40.822661277915337 ], [ -96.694966129625712, 40.822659779004717 ], [ -96.694963911563946, 40.822658280969527 ], [ -96.694961692361971, 40.822656783805364 ], [ -96.694959472025573, 40.82265528750785 ], [ -96.694957250561444, 40.822653792071847 ], [ -96.694955027979901, 40.822652297489448 ], [ -96.694952804292299, 40.822650803752055 ], [ -96.694950579509879, 40.822649310851013 ], [ -96.694948353643966, 40.822647818777689 ], [ -96.69494612670583, 40.822646327523508 ], [ -96.694943898706768, 40.822644837079764 ], [ -96.694941669658078, 40.822643347437911 ], [ -96.69493943957103, 40.822641858589293 ], [ -96.694937208457745, 40.822640370524653 ], [ -96.694934976333542, 40.822638883232301 ], [ -96.694932743214579, 40.822637396699882 ], [ -96.694930509117, 40.822635910915068 ], [ -96.694928274056963, 40.82263442586553 ], [ -96.694926038050568, 40.822632941538934 ], [ -96.694923801114001, 40.822631457922938 ], [ -96.694921563263421, 40.822629975005235 ], [ -96.694919324514927, 40.822628492773454 ], [ -96.694917084884693, 40.822627011215275 ], [ -96.694914844389515, 40.822625530317879 ], [ -96.694912603048707, 40.822624050066494 ], [ -96.694910360882247, 40.822622570445873 ], [ -96.69490811791016, 40.822621091440709 ], [ -96.694905874152354, 40.822619613035776 ], [ -96.694903629628897, 40.822618135215798 ], [ -96.694901384359682, 40.822616657965497 ], [ -96.694899138364747, 40.822615181269647 ], [ -96.694896891664058, 40.82261370511295 ], [ -96.694894644277596, 40.822612229480164 ], [ -96.694892396225626, 40.822610754355786 ], [ -96.694890147529549, 40.82260927972348 ], [ -96.694887898211093, 40.822607805566662 ], [ -96.694885648291944, 40.82260633186872 ], [ -96.694883397793831, 40.822604858613133 ], [ -96.69488114673841, 40.82260338578326 ], [ -96.69487889514744, 40.822601913362554 ], [ -96.694876643042576, 40.822600441334451 ], [ -96.694874390445548, 40.822598969682353 ], [ -96.694872137378027, 40.82259749838969 ], [ -96.694869883861543, 40.822596027440028 ], [ -96.694867629917638, 40.822594556816917 ], [ -96.694865375567787, 40.822593086503936 ], [ -96.694863120833546, 40.822591616484637 ], [ -96.694860865736402, 40.822590146742584 ], [ -96.694858610297857, 40.822588677261358 ], [ -96.694856354539468, 40.822587208024522 ], [ -96.694854098482708, 40.822585739015622 ], [ -96.69485184214912, 40.822584270218243 ], [ -96.694849585559808, 40.82258280161625 ], [ -96.69484732873434, 40.822581333194677 ], [ -96.694845071691873, 40.822579864938909 ], [ -96.694842814451562, 40.822578396834302 ], [ -96.694840557032578, 40.822576928866233 ], [ -96.694838299454091, 40.822575461020044 ], [ -96.694836041735257, 40.822573993281082 ], [ -96.694833783895248, 40.822572525634733 ], [ -96.694831525953191, 40.822571058066366 ], [ -96.694829267928313, 40.822569590561336 ], [ -96.694827009839074, 40.822568123105476 ], [ -96.69482475170139, 40.822566655686657 ], [ -96.694822493530538, 40.822565188293218 ], [ -96.694820235341737, 40.822563720913536 ], [ -96.694817977150251, 40.822562253535914 ], [ -96.69481571897137, 40.822560786148713 ], [ -96.694813460820285, 40.822559318740318 ], [ -96.694811202712316, 40.822557851299003 ], [ -96.694808944662654, 40.822556383813193 ], [ -96.694806686685737, 40.822554916271862 ], [ -96.694804428792381, 40.82255344866671 ], [ -96.694802170992645, 40.82255198099007 ], [ -96.694799913296492, 40.822550513234368 ], [ -96.694797655713927, 40.822549045391909 ], [ -96.694795398254954, 40.822547577455083 ], [ -96.69479314092959, 40.822546109416216 ], [ -96.694790883747814, 40.822544641267712 ], [ -96.694788626719642, 40.822543173001897 ], [ -96.694786369855066, 40.822541704611147 ], [ -96.694784113163024, 40.822540236088635 ], [ -96.694781856648177, 40.822538767430785 ], [ -96.694779600314178, 40.822537298634813 ], [ -96.694777344164649, 40.822535829697991 ], [ -96.694775088203187, 40.822534360617524 ], [ -96.694772832433401, 40.822532891390665 ], [ -96.694770576858943, 40.822531422014642 ], [ -96.694768321483409, 40.82252995248669 ], [ -96.694766066310407, 40.822528482804039 ], [ -96.694763811343591, 40.822527012963938 ], [ -96.694761556585689, 40.822525542964257 ], [ -96.694759302036033, 40.822524072805564 ], [ -96.694757047693102, 40.822522602488981 ], [ -96.694754793555319, 40.822521132015702 ], [ -96.694752539621192, 40.822519661386906 ], [ -96.694750285889143, 40.822518190603759 ], [ -96.694748032357651, 40.822516719667448 ], [ -96.694745779025197, 40.822515248579137 ], [ -96.694743525890203, 40.822513777340006 ], [ -96.694741272950552, 40.822512305951697 ], [ -96.694739020201695, 40.822510834417677 ], [ -96.694736767638446, 40.822509362741897 ], [ -96.694734515255632, 40.822507890928321 ], [ -96.694732263048095, 40.822506418980893 ], [ -96.694730011010648, 40.822504946903543 ], [ -96.694727759138161, 40.822503474700227 ], [ -96.694725507425446, 40.822502002374883 ], [ -96.694723255867331, 40.822500529931489 ], [ -96.694721004458671, 40.822499057373967 ], [ -96.694718753193825, 40.82249758470661 ], [ -96.694716502065475, 40.822496111935024 ], [ -96.694714251065804, 40.822494639065191 ], [ -96.694712000187039, 40.822493166103015 ], [ -96.694709749421364, 40.822491693054467 ], [ -96.694707498761019, 40.822490219925506 ], [ -96.694705248198176, 40.822488746722108 ], [ -96.694702997725059, 40.822487273450172 ], [ -96.694700747333897, 40.822485800115707 ], [ -96.694698497016859, 40.822484326724627 ], [ -96.694696246765972, 40.822482853283063 ], [ -96.694693996572283, 40.822481379797843 ], [ -96.69469174642667, 40.822479906275909 ], [ -96.694689496320009, 40.822478432724274 ], [ -96.694687246243163, 40.822476959149881 ], [ -96.694684996186979, 40.822475485559757 ], [ -96.694682746142334, 40.822474011960836 ], [ -96.694680496100091, 40.822472538360131 ], [ -96.694678246051112, 40.822471064764606 ], [ -96.694675995986159, 40.822469591181296 ], [ -96.694673745895628, 40.822468117617575 ], [ -96.694671495769782, 40.822466644080862 ], [ -96.694669245598931, 40.822465170578575 ], [ -96.694666995373339, 40.822463697118131 ], [ -96.694664745083287, 40.822462223706971 ], [ -96.694662494719068, 40.822460750352469 ], [ -96.694660244270978, 40.822459277062109 ], [ -96.69465799372928, 40.822457803843285 ], [ -96.694655743084269, 40.822456330703389 ], [ -96.694653492326225, 40.822454857649895 ], [ -96.694651241445513, 40.822453384690171 ], [ -96.694648990432427, 40.82245191183155 ], [ -96.694646739277346, 40.822450439081479 ], [ -96.694644487970578, 40.82244896644729 ], [ -96.694642236502503, 40.822447493936359 ], [ -96.694639984863429, 40.822446021556104 ], [ -96.69463773304372, 40.822444549313857 ], [ -96.6946354810337, 40.822443077217038 ], [ -96.694633228823719, 40.822441605272992 ], [ -96.694630976404227, 40.822440133489032 ], [ -96.694628723766087, 40.822438661872141 ], [ -96.694626470900261, 40.822437190429198 ], [ -96.694624217797738, 40.822435719167117 ], [ -96.694621964449468, 40.822434248092776 ], [ -96.694619710846453, 40.822432777213109 ], [ -96.694617456979643, 40.822431306534959 ], [ -96.694615202840012, 40.822429836065261 ], [ -96.694612948418538, 40.8224283658109 ], [ -96.694610693706394, 40.822426895778612 ], [ -96.694608438695568, 40.822425425974544 ], [ -96.694606183378241, 40.822423956404627 ], [ -96.694603927746599, 40.82242248707486 ], [ -96.694601671792839, 40.822421017991189 ], [ -96.694599415509146, 40.822419549159584 ], [ -96.694597158887717, 40.822418080586033 ], [ -96.694594901920723, 40.822416612276477 ], [ -96.694592644600363, 40.822415144236906 ], [ -96.694590386918819, 40.822413676473261 ], [ -96.694588128868631, 40.822412208991267 ], [ -96.694585870443802, 40.822410741795501 ], [ -96.694583611638635, 40.822409274890319 ], [ -96.694581352447472, 40.822407808280019 ], [ -96.694579092864629, 40.822406341968978 ], [ -96.694576832884451, 40.822404875961467 ], [ -96.694574572501267, 40.822403410261884 ], [ -96.694572311709408, 40.8224019448745 ], [ -96.694570050503202, 40.822400479803676 ], [ -96.694567788876981, 40.82239901505374 ], [ -96.694565526825542, 40.822397550628672 ], [ -96.694563264345504, 40.822396086531022 ], [ -96.694561001434039, 40.822394622762999 ], [ -96.694558738088176, 40.822393159326829 ], [ -96.694556474305088, 40.822391696224699 ], [ -96.694554210081847, 40.822390233458847 ], [ -96.694551945415569, 40.822388771031449 ], [ -96.694549680303382, 40.822387308944741 ], [ -96.694547414742374, 40.822385847200906 ], [ -96.694545148730285, 40.822384385801683 ], [ -96.694542882267413, 40.822382924746876 ], [ -96.694540615354612, 40.822381464035772 ], [ -96.694538347992804, 40.82238000366771 ], [ -96.6945360801829, 40.822378543641982 ], [ -96.694533811925794, 40.822377083957917 ], [ -96.694531543222382, 40.822375624614814 ], [ -96.694529274073574, 40.82237416561199 ], [ -96.694527004480264, 40.822372706948748 ], [ -96.694524734443334, 40.822371248624407 ], [ -96.694522463964546, 40.822369790637666 ], [ -96.694520193048916, 40.822368332984631 ], [ -96.694517921702342, 40.822366875660869 ], [ -96.694515649930651, 40.822365418661853 ], [ -96.694513377739753, 40.822363961983108 ], [ -96.694511105135518, 40.822362505620177 ], [ -96.694508832123773, 40.822361049568549 ], [ -96.69450655871043, 40.822359593823734 ], [ -96.694504284901328, 40.822358138381269 ], [ -96.694502010702365, 40.82235668323667 ], [ -96.694499736120122, 40.822355228384886 ], [ -96.694497461164147, 40.822353773818634 ], [ -96.694495185844687, 40.822352319530076 ], [ -96.694492910172016, 40.822350865511382 ], [ -96.694490634156395, 40.822349411754679 ], [ -96.694488357808083, 40.822347958252166 ], [ -96.694486081137356, 40.822346504995984 ], [ -96.694483804154473, 40.822345051978282 ], [ -96.694481526869666, 40.822343599191228 ], [ -96.694479249293849, 40.822342146626561 ], [ -96.694476971440224, 40.822340694274125 ], [ -96.694474693322661, 40.822339242123348 ], [ -96.694472414954973, 40.822337790163651 ], [ -96.694470136351015, 40.822336338384495 ], [ -96.694467857524614, 40.822334886775302 ], [ -96.694465578489613, 40.822333435325483 ], [ -96.694463299259866, 40.822331984024459 ], [ -96.694461019849186, 40.82233053286167 ], [ -96.694458740271443, 40.822329081826581 ], [ -96.694456460540891, 40.822327630908219 ], [ -96.69445418067356, 40.822326180094372 ], [ -96.694451900685934, 40.822324729372468 ], [ -96.69444962059444, 40.822323278729947 ], [ -96.69444734041555, 40.822321828154209 ], [ -96.694445060165748, 40.822320377632678 ], [ -96.694442779861475, 40.822318927152772 ], [ -96.694440499519189, 40.822317476701954 ], [ -96.694438219155373, 40.822316026267622 ], [ -96.694435938786469, 40.822314575837197 ], [ -96.694433658429134, 40.82231312539799 ], [ -96.694431378100603, 40.822311674936778 ], [ -96.694429097818357, 40.822310224440258 ], [ -96.694426817599819, 40.822308773895109 ], [ -96.694424537462467, 40.822307323287987 ], [ -96.694422257423696, 40.822305872605575 ], [ -96.694419977500971, 40.822304421834538 ], [ -96.694417697711756, 40.82230297096158 ], [ -96.694415418073461, 40.82230151997333 ], [ -96.694413138603565, 40.822300068856478 ], [ -96.694410859319404, 40.822298617597809 ], [ -96.69440858023799, 40.822297166184264 ], [ -96.69440630137629, 40.822295714602916 ], [ -96.694404022751229, 40.822294262840849 ], [ -96.694401744379761, 40.822292810885088 ], [ -96.694399466278782, 40.82229135872273 ], [ -96.69439718846526, 40.822289906340799 ], [ -96.694394910956149, 40.822288453726408 ], [ -96.694392633768359, 40.822287000866574 ], [ -96.69439035691849, 40.822285547748614 ], [ -96.694388080421845, 40.822284094360874 ], [ -96.694385804293375, 40.822282640691924 ], [ -96.694383528548016, 40.822281186730343 ], [ -96.694381253200731, 40.822279732464708 ], [ -96.694378978266457, 40.822278277883605 ], [ -96.69437670376017, 40.822276822975603 ], [ -96.694374429696779, 40.822275367729304 ], [ -96.694372156091262, 40.822273912133248 ], [ -96.694369882958568, 40.822272456176066 ], [ -96.694367610313037, 40.822270999846779 ], [ -96.694365338166492, 40.822269543136336 ], [ -96.694363066530201, 40.822268086036154 ], [ -96.694360795415363, 40.822266628537641 ], [ -96.694358524833262, 40.822265170632228 ], [ -96.694356254795096, 40.822263712311333 ], [ -96.694353985312119, 40.822262253566372 ], [ -96.694351716395545, 40.822260794388747 ], [ -96.694349448056641, 40.822259334769903 ], [ -96.694347180306622, 40.822257874701229 ], [ -96.694344913155959, 40.822256414174745 ], [ -96.694342646612114, 40.822254953184739 ], [ -96.694340380681808, 40.82225349172608 ], [ -96.694338115371721, 40.822252029793674 ], [ -96.694335850688574, 40.822250567382412 ], [ -96.694333586639061, 40.822249104487128 ], [ -96.694331323229861, 40.822247641102749 ], [ -96.694329060467709, 40.822246177224116 ], [ -96.694326798359299, 40.822244712846135 ], [ -96.694324536910443, 40.822243247964352 ], [ -96.694322276123543, 40.822241782576938 ], [ -96.694320016000077, 40.82224031668278 ], [ -96.694317756541551, 40.822238850280662 ], [ -96.694315497749471, 40.822237383369519 ], [ -96.694313239625345, 40.822235915948163 ], [ -96.694310982170663, 40.822234448015415 ], [ -96.694308725386961, 40.822232979570188 ], [ -96.694306469275702, 40.822231510611296 ], [ -96.694304213838393, 40.822230041137594 ], [ -96.694301959075645, 40.822228571148671 ], [ -96.69429970498436, 40.822227100646806 ], [ -96.694297451560544, 40.822225629635142 ], [ -96.694295198800205, 40.822224158116654 ], [ -96.694292946699349, 40.822222686094435 ], [ -96.694290695253969, 40.822221213571517 ], [ -96.694288444460085, 40.822219740550963 ], [ -96.69428619431369, 40.822218267035844 ], [ -96.694283944810778, 40.822216793029185 ], [ -96.694281695947382, 40.822215318534049 ], [ -96.694279447718799, 40.822213843554003 ], [ -96.694277200117625, 40.822212368094732 ], [ -96.694274953135775, 40.822210892162396 ], [ -96.694272706765133, 40.822209415763176 ], [ -96.6942704609976, 40.822207938903276 ], [ -96.694268215825105, 40.82220646158887 ], [ -96.694265971239545, 40.822204983826154 ], [ -96.694263727232808, 40.822203505621296 ], [ -96.694261483796808, 40.822202026980484 ], [ -96.694259240923003, 40.822200547910271 ], [ -96.694256998600892, 40.822199068418627 ], [ -96.694254756819575, 40.822197588513916 ], [ -96.694252515568138, 40.822196108204473 ], [ -96.694250274835639, 40.822194627498639 ], [ -96.694248034611149, 40.822193146404778 ], [ -96.694245794883741, 40.822191664931232 ], [ -96.694243555642501, 40.822190183086335 ], [ -96.694241316876486, 40.822188700878456 ], [ -96.694239078574782, 40.822187218315918 ], [ -96.694236840726191, 40.822185735407288 ], [ -96.694234603318478, 40.822184252161911 ], [ -96.694232366339136, 40.822182768589343 ], [ -96.694230129775619, 40.822181284699134 ], [ -96.694227893615462, 40.822179800500855 ], [ -96.694225657846133, 40.82217831600407 ], [ -96.69422342245511, 40.822176831218307 ], [ -96.694221187429918, 40.822175346153145 ], [ -96.694218952758007, 40.822173860818133 ], [ -96.694216718426887, 40.822172375222827 ], [ -96.694214484424037, 40.822170889376785 ], [ -96.694212250736882, 40.822169403289635 ], [ -96.694210017352859, 40.822167916970947 ], [ -96.69420778425939, 40.822166430430364 ], [ -96.694205551443901, 40.822164943677436 ], [ -96.694203318893798, 40.822163456721846 ], [ -96.694201086596522, 40.822161969573123 ], [ -96.694198854539493, 40.822160482240911 ], [ -96.694196622710152, 40.822158994734842 ], [ -96.69419439109609, 40.822157507064333 ], [ -96.694192159685684, 40.8221560192383 ], [ -96.694189928467495, 40.82215453126544 ], [ -96.694187697430095, 40.822153043154536 ], [ -96.694185466562047, 40.822151554914292 ], [ -96.694183235851895, 40.822150066553455 ], [ -96.694181005288229, 40.822148578080771 ], [ -96.694178774859594, 40.822147089504966 ], [ -96.694176544554537, 40.822145600834794 ], [ -96.694174314361661, 40.822144112078973 ], [ -96.69417208426988, 40.822142623245938 ], [ -96.694169854269674, 40.822141134342992 ], [ -96.694167624351934, 40.822139645377099 ], [ -96.694165394507507, 40.82213815635523 ], [ -96.694163164727257, 40.822136667284383 ], [ -96.69416093500206, 40.8221351781715 ], [ -96.694158705322778, 40.822133689023595 ], [ -96.694156475680273, 40.822132199847623 ], [ -96.694154246065409, 40.822130710650562 ], [ -96.694152016469047, 40.822129221439425 ], [ -96.694149786882519, 40.822127732220792 ], [ -96.694147557298905, 40.822126242999957 ], [ -96.694145327711752, 40.822124753781878 ], [ -96.694143098114608, 40.822123264571466 ], [ -96.694140868501009, 40.822121775373674 ], [ -96.694138638864516, 40.822120286193396 ], [ -96.694136409198649, 40.822118797035586 ], [ -96.69413417949697, 40.822117307905181 ], [ -96.694131949753, 40.822115818807099 ], [ -96.694129719960756, 40.822114329745943 ], [ -96.694127490115989, 40.822112840724969 ], [ -96.694125260214889, 40.822111351747019 ], [ -96.694123030253678, 40.822109862815047 ], [ -96.694120800228532, 40.822108373931933 ], [ -96.694118570135686, 40.822106885100574 ], [ -96.694116339971345, 40.822105396323892 ], [ -96.694114109731686, 40.822103907604749 ], [ -96.69411187941293, 40.822102418946073 ], [ -96.694109649011267, 40.822100930350764 ], [ -96.694107418523231, 40.822099441821486 ], [ -96.694105187946604, 40.822097953359886 ], [ -96.694102957279469, 40.82209646496748 ], [ -96.69410072651992, 40.822094976645701 ], [ -96.694098495666054, 40.822093488396028 ], [ -96.694096264715952, 40.822092000219875 ], [ -96.694094033667739, 40.822090512118727 ], [ -96.694091802519466, 40.822089024094034 ], [ -96.694089571269245, 40.822087536147244 ], [ -96.694087339915171, 40.822086048279829 ], [ -96.694085108455283, 40.822084560493288 ], [ -96.694082876887379, 40.822083072789297 ], [ -96.694080645209183, 40.822081585169592 ], [ -96.694078413418438, 40.82208009763589 ], [ -96.694076181512912, 40.822078610189912 ], [ -96.694073949490303, 40.822077122833406 ], [ -96.694071717348379, 40.82207563556809 ], [ -96.694069485084867, 40.822074148395664 ], [ -96.694067252697508, 40.822072661317897 ], [ -96.694065020183601, 40.82207117433682 ], [ -96.694062787538741, 40.82206968745583 ], [ -96.694060554758067, 40.822068200678622 ], [ -96.694058321836707, 40.822066714008919 ], [ -96.694056088769798, 40.822065227450423 ], [ -96.694053855552511, 40.822063741006843 ], [ -96.694051622179956, 40.822062254681924 ], [ -96.694049388647301, 40.822060768479318 ], [ -96.694047154949672, 40.822059282402769 ], [ -96.694044921082224, 40.822057796456001 ], [ -96.694042687039442, 40.822056310643198 ], [ -96.694040452813269, 40.822054824970515 ], [ -96.694038218394951, 40.822053339444643 ], [ -96.694035983775791, 40.822051854072221 ], [ -96.694033748947064, 40.822050368859941 ], [ -96.694031513900057, 40.822048883814439 ], [ -96.694029278626019, 40.822047398942395 ], [ -96.694027043116265, 40.822045914250431 ], [ -96.694024807362069, 40.822044429745276 ], [ -96.694022571354679, 40.82204294543353 ], [ -96.694020335084801, 40.822041461322357 ], [ -96.694018098540667, 40.822039977420715 ], [ -96.694015861709914, 40.822038493738049 ], [ -96.694013624580165, 40.822037010283829 ], [ -96.694011387139099, 40.82203552706747 ], [ -96.694009149374324, 40.822034044098416 ], [ -96.694006911273462, 40.822032561386116 ], [ -96.694004672824192, 40.822031078940036 ], [ -96.694002434014109, 40.822029596769582 ], [ -96.69400019483038, 40.822028114884617 ], [ -96.693997955258013, 40.822026633296566 ], [ -96.693995715281574, 40.822025152017204 ], [ -96.693993474885573, 40.822023671058368 ], [ -96.69399123405455, 40.822022190431909 ], [ -96.693988992773043, 40.822020710149573 ], [ -96.693986751025591, 40.822019230223219 ], [ -96.693984508796703, 40.822017750664678 ], [ -96.693982266070961, 40.82201627148573 ], [ -96.693980022832847, 40.822014792698205 ], [ -96.693977779066543, 40.822013314314184 ], [ -96.693975534754713, 40.822011836346938 ], [ -96.693973289879608, 40.822010358810012 ], [ -96.693971044423535, 40.822008881716911 ], [ -96.693968798368772, 40.822007405081195 ], [ -96.693966551697585, 40.822005928916397 ], [ -96.693964304392267, 40.822004453236033 ], [ -96.693962056435069, 40.822002978053675 ], [ -96.693959807808312, 40.822001503382836 ], [ -96.693957558494247, 40.822000029237053 ], [ -96.693955308475068, 40.821998555629953 ], [ -96.693953057732529, 40.821997082575471 ], [ -96.69395080624831, 40.821995610087562 ], [ -96.693948554004052, 40.821994138180308 ], [ -96.693946300981452, 40.821992666867637 ], [ -96.693944047162148, 40.821991196163594 ], [ -96.693941792527824, 40.821989726082215 ], [ -96.693939537060132, 40.821988256637454 ], [ -96.693937280740755, 40.821986787843329 ], [ -96.69393502355156, 40.821985319713676 ], [ -96.69393276547531, 40.821983852261695 ], [ -96.693930506494951, 40.821982385500391 ], [ -96.693928246593501, 40.821980919442744 ], [ -96.693925985753864, 40.821979454101808 ], [ -96.693923723959045, 40.821977989490563 ], [ -96.693921461192005, 40.821976525622034 ], [ -96.693919197435704, 40.821975062509225 ], [ -96.693916932673119, 40.821973600165158 ], [ -96.693914666887224, 40.82197213860281 ], [ -96.693912400061606, 40.821970677834763 ], [ -96.69391013218241, 40.821969217871562 ], [ -96.69390786323639, 40.821967758723346 ], [ -96.693905593210317, 40.821966300400213 ], [ -96.693903322090961, 40.821964842912244 ], [ -96.693901049865076, 40.821963386269616 ], [ -96.693898776519433, 40.821961930482381 ], [ -96.693896502040815, 40.821960475560665 ], [ -96.693894226415949, 40.821959021514601 ], [ -96.693891949631634, 40.821957568354257 ], [ -96.693889671675791, 40.821956116088884 ], [ -96.693887392541058, 40.821954664724096 ], [ -96.693885112221253, 40.82195321426461 ], [ -96.693882830710152, 40.82195176471518 ], [ -96.693880548001601, 40.821950316080517 ], [ -96.693878264089363, 40.821948868365368 ], [ -96.69387597896727, 40.821947421574464 ], [ -96.693873692629126, 40.821945975712545 ], [ -96.693871405068734, 40.8219445307843 ], [ -96.693869116279885, 40.821943086794533 ], [ -96.693866826257974, 40.821941643746733 ], [ -96.693864535004735, 40.821940201639556 ], [ -96.693862242523409, 40.821938760470545 ], [ -96.69385994881732, 40.821937320237154 ], [ -96.693857653889722, 40.821935880936913 ], [ -96.693855357743942, 40.821934442567262 ], [ -96.693853060383248, 40.821933005125715 ], [ -96.693850761810921, 40.821931568609756 ], [ -96.69384846203026, 40.821930133016885 ], [ -96.693846161046508, 40.821928698343093 ], [ -96.693843858872697, 40.821927264578399 ], [ -96.693841555523846, 40.82192583171134 ], [ -96.69383925101495, 40.821924399730463 ], [ -96.693836945361028, 40.821922968624314 ], [ -96.693834638577087, 40.821921538381403 ], [ -96.693832330678106, 40.821920108990298 ], [ -96.693830021679105, 40.821918680439552 ], [ -96.693827711595077, 40.821917252717661 ], [ -96.693825400441028, 40.821915825813193 ], [ -96.693823088234026, 40.821914399713087 ], [ -96.693820774999239, 40.82191297439816 ], [ -96.693818460763922, 40.82191154984757 ], [ -96.693816145555274, 40.8219101260405 ], [ -96.693813829400568, 40.821908702956179 ], [ -96.693811512327031, 40.821907280573761 ], [ -96.69380919436189, 40.821905858872491 ], [ -96.693806875532388, 40.82190443783152 ], [ -96.693804555865739, 40.82190301743006 ], [ -96.693802235389214, 40.821901597647319 ], [ -96.693799914131475, 40.821900178461355 ], [ -96.693797592127069, 40.821898759845809 ], [ -96.693795269411979, 40.821897341773173 ], [ -96.693792946022214, 40.821895924215958 ], [ -96.693790621993756, 40.821894507146681 ], [ -96.693788297362588, 40.821893090537827 ], [ -96.693785972164704, 40.821891674361908 ], [ -96.693783646436103, 40.821890258591438 ], [ -96.693781320212764, 40.821888843198934 ], [ -96.693778993531581, 40.821887428156209 ], [ -96.693776666432967, 40.821886013432383 ], [ -96.693774338958249, 40.821884598995901 ], [ -96.693772011148724, 40.821883184815192 ], [ -96.693769683045744, 40.821881770858703 ], [ -96.693767354690578, 40.821880357094877 ], [ -96.693765026124552, 40.821878943492159 ], [ -96.693762697388991, 40.821877530018966 ], [ -96.693760368525218, 40.82187611664375 ], [ -96.693758039574533, 40.821874703334984 ], [ -96.693755710578515, 40.821873290060857 ], [ -96.693753381579739, 40.821871876788855 ], [ -96.693751052621067, 40.821870463486277 ], [ -96.693748723745358, 40.821869050120341 ], [ -96.693746394995429, 40.821867636658347 ], [ -96.693744066414169, 40.821866223067552 ], [ -96.693741738044395, 40.821864809315237 ], [ -96.693739409928952, 40.821863395368666 ], [ -96.693737082110701, 40.821861981195092 ], [ -96.693734754632501, 40.821860566761785 ], [ -96.693732427536744, 40.821859152036403 ], [ -96.693730100864144, 40.821857736987745 ], [ -96.693727774655002, 40.821856321585116 ], [ -96.693725448949564, 40.821854905797743 ], [ -96.693723123788132, 40.821853489594837 ], [ -96.693720799210965, 40.821852072945646 ], [ -96.693718475258365, 40.821850655819397 ], [ -96.693716151970563, 40.821849238185308 ], [ -96.693713829387889, 40.821847820012636 ], [ -96.693711507549565, 40.821846401271372 ], [ -96.693709186490793, 40.82184498193466 ], [ -96.693706866245734, 40.82184356197638 ], [ -96.693704546848565, 40.821842141370446 ], [ -96.69370222833345, 40.821840720090748 ], [ -96.693699910734523, 40.821839298111186 ], [ -96.693697594086004, 40.821837875405663 ], [ -96.693695278422027, 40.821836451948101 ], [ -96.693692963776755, 40.82183502771236 ], [ -96.693690650184365, 40.821833602672378 ], [ -96.693688337677429, 40.821832176803255 ], [ -96.693686026281995, 40.821830750085098 ], [ -96.693683716022562, 40.821829322499163 ], [ -96.693681406923602, 40.821827894026811 ], [ -96.6936790990096, 40.82182646464932 ], [ -96.693676792304998, 40.821825034347974 ], [ -96.693674486834283, 40.821823603104114 ], [ -96.693672182621953, 40.821822170899033 ], [ -96.69366987969245, 40.821820737714006 ], [ -96.693667578070261, 40.821819303530383 ], [ -96.69366527777818, 40.821817868330733 ], [ -96.69366297883218, 40.821816432102835 ], [ -96.693660681246612, 40.821814994835748 ], [ -96.693658385035775, 40.821813556518542 ], [ -96.693656090213992, 40.821812117140304 ], [ -96.693653796795587, 40.821810676690063 ], [ -96.693651504794857, 40.821809235156877 ], [ -96.693649214226127, 40.821807792529839 ], [ -96.693646925103707, 40.821806348798013 ], [ -96.693644637440428, 40.82180490395158 ], [ -96.693642351243099, 40.821803457985375 ], [ -96.69364006651702, 40.821802010895311 ], [ -96.693637783267519, 40.821800562677318 ], [ -96.693635501499912, 40.821799113327366 ], [ -96.6936332212195, 40.821797662841369 ], [ -96.693630942431597, 40.821796211215307 ], [ -96.693628665141546, 40.821794758445058 ], [ -96.693626389354634, 40.821793304526615 ], [ -96.693624115076176, 40.821791849455913 ], [ -96.69362184231062, 40.821790393229563 ], [ -96.693619571058804, 40.821788935846875 ], [ -96.693617301320756, 40.821787477307879 ], [ -96.693615033096435, 40.821786017612602 ], [ -96.69361276638584, 40.82178455676101 ], [ -96.693610501188957, 40.821783094753179 ], [ -96.693608237505771, 40.82178163158904 ], [ -96.693605975336268, 40.821780167268649 ], [ -96.693603714680449, 40.821778701792013 ], [ -96.693601455538271, 40.821777235159139 ], [ -96.693599197909563, 40.821775767370191 ], [ -96.693596941793416, 40.821774298425808 ], [ -96.693594687188721, 40.821772828326893 ], [ -96.693592434094398, 40.821771357074255 ], [ -96.693590182509354, 40.821769884668726 ], [ -96.693587932432465, 40.821768411111137 ], [ -96.693585683862665, 40.821766936402327 ], [ -96.69358343679886, 40.821765460543169 ], [ -96.693581191239957, 40.821763983534453 ], [ -96.693578947184932, 40.821762505376967 ], [ -96.693576704633202, 40.821761026071158 ], [ -96.693574463584184, 40.821759545617461 ], [ -96.693572224037368, 40.821758064016272 ], [ -96.693569985992255, 40.821756581267977 ], [ -96.693567749448277, 40.82175509737305 ], [ -96.693565514404924, 40.821753612331811 ], [ -96.693563280861653, 40.821752126144709 ], [ -96.693561048817941, 40.821750638812148 ], [ -96.693558818273232, 40.821749150334526 ], [ -96.693556589227185, 40.821747660712148 ], [ -96.693554361679958, 40.821746169944852 ], [ -96.693552135631876, 40.821744678032424 ], [ -96.693549911083281, 40.821743184974558 ], [ -96.693547688034485, 40.821741690771056 ], [ -96.69354546648583, 40.821740195421626 ], [ -96.693543246437656, 40.821738698926048 ], [ -96.693541027890262, 40.821737201284066 ], [ -96.693538810844018, 40.821735702495388 ], [ -96.693536595299221, 40.821734202559824 ], [ -96.693534381256228, 40.821732701477082 ], [ -96.693532168715421, 40.821731199246848 ], [ -96.693529957677256, 40.821729695868804 ], [ -96.693527748142131, 40.821728191342643 ], [ -96.693525540110429, 40.821726685668033 ], [ -96.693523333582633, 40.82172517884468 ], [ -96.693521128559112, 40.821723670872231 ], [ -96.693518925040308, 40.821722161750394 ], [ -96.693516723026619, 40.821720651478827 ], [ -96.693514522518271, 40.82171914005739 ], [ -96.693512323514625, 40.821717627486564 ], [ -96.693510126014829, 40.821716113766996 ], [ -96.693507930018029, 40.821714598899334 ], [ -96.693505735523416, 40.821713082884202 ], [ -96.693503542530109, 40.821711565722254 ], [ -96.693501351037284, 40.821710047414165 ], [ -96.693499161044073, 40.821708527960539 ], [ -96.693496972549667, 40.821707007362058 ], [ -96.693494785553213, 40.821705485619333 ], [ -96.693492600053318, 40.821703962733402 ], [ -96.693490416046643, 40.821702438706886 ], [ -96.693488233529251, 40.821700913542728 ], [ -96.693486052497292, 40.821699387243925 ], [ -96.693483872946842, 40.821697859813426 ], [ -96.693481694873995, 40.821696331254259 ], [ -96.69347951827487, 40.821694801569329 ], [ -96.69347734314556, 40.821693270761685 ], [ -96.693475169482184, 40.821691738834261 ], [ -96.693472997280836, 40.821690205790048 ], [ -96.693470826536952, 40.821688671632501 ], [ -96.693468657243287, 40.821687136367203 ], [ -96.693466489391909, 40.821685600000201 ], [ -96.693464322974918, 40.821684062537493 ], [ -96.693462157984399, 40.821682523985181 ], [ -96.693459994412422, 40.821680984349292 ], [ -96.69345783225107, 40.821679443635858 ], [ -96.693455671492444, 40.821677901850933 ], [ -96.693453512128613, 40.821676359000584 ], [ -96.693451354150923, 40.82167481509142 ], [ -96.693449197547679, 40.821673270132344 ], [ -96.693447042306474, 40.821671724132869 ], [ -96.693444888414888, 40.821670177102455 ], [ -96.693442735860515, 40.821668629050627 ], [ -96.693440584630906, 40.821667079986845 ], [ -96.693438434713656, 40.821665529920601 ], [ -96.693436286096343, 40.821663978861388 ], [ -96.693434138766534, 40.821662426818676 ], [ -96.693431992711837, 40.821660873801996 ], [ -96.693429847919177, 40.821659319821265 ], [ -96.693427704373008, 40.8216577648884 ], [ -96.6934255620572, 40.821656209015714 ], [ -96.69342342095554, 40.821654652215585 ], [ -96.693421281051897, 40.821653094500348 ], [ -96.693419142330072, 40.821651535882374 ], [ -96.69341700477392, 40.821649976373976 ], [ -96.693414868367256, 40.821648415987539 ], [ -96.693412733093922, 40.821646854735398 ], [ -96.693410598937731, 40.821645292629917 ], [ -96.693408465882499, 40.821643729683466 ], [ -96.69340633391181, 40.821642165908614 ], [ -96.693404203009166, 40.821640601317881 ], [ -96.693402073158168, 40.821639035923866 ], [ -96.693399944342346, 40.821637469739144 ], [ -96.693397816545215, 40.821635902776272 ], [ -96.693395689750346, 40.821634335047833 ], [ -96.693393563941271, 40.821632766566381 ], [ -96.693391439101546, 40.821631197344495 ], [ -96.693389315215299, 40.821629627394302 ], [ -96.693387192269185, 40.821628056725984 ], [ -96.693385070250372, 40.821626485349356 ], [ -96.693382949146113, 40.821624913274157 ], [ -96.693380828943603, 40.821623340510143 ], [ -96.693378709630053, 40.8216217670671 ], [ -96.693376591192703, 40.821620192954754 ], [ -96.693374473618775, 40.821618618182931 ], [ -96.693372356895452, 40.821617042761368 ], [ -96.693370241009973, 40.821615466699804 ], [ -96.693368125950641, 40.8216138900072 ], [ -96.693366011710026, 40.821612312689226 ], [ -96.693363898281817, 40.82161073475072 ], [ -96.693361785659633, 40.821609156196509 ], [ -96.693359673837193, 40.821607577031436 ], [ -96.693357562808131, 40.821605997260363 ], [ -96.693355452566109, 40.821604416888093 ], [ -96.693353343104818, 40.821602835919485 ], [ -96.693351234417889, 40.821601254359379 ], [ -96.693349126499015, 40.821599672212606 ], [ -96.693347019343236, 40.821598089482947 ], [ -96.693344912951119, 40.821596506169982 ], [ -96.693342807324612, 40.821594922272219 ], [ -96.693340702465662, 40.821593337788151 ], [ -96.693338598376229, 40.821591752716287 ], [ -96.693336495058276, 40.821590167055163 ], [ -96.693334392513719, 40.821588580803265 ], [ -96.693332290744536, 40.821586993959123 ], [ -96.693330189752686, 40.821585406521216 ], [ -96.693328089540103, 40.821583818488087 ], [ -96.693325990110168, 40.821582229857121 ], [ -96.693323891471948, 40.821580640621427 ], [ -96.693321793635931, 40.821579050772975 ], [ -96.693319696612591, 40.82157746030375 ], [ -96.693317600412442, 40.821575869205759 ], [ -96.693315505045973, 40.821574277470965 ], [ -96.693313410523643, 40.821572685091368 ], [ -96.693311316855969, 40.82157109205896 ], [ -96.693309224053451, 40.821569498365719 ], [ -96.693307132128012, 40.821567904002499 ], [ -96.693305041097602, 40.821566308955639 ], [ -96.693302950981604, 40.8215647132103 ], [ -96.693300861799386, 40.821563116751697 ], [ -96.693298773570334, 40.821561519565016 ], [ -96.693296686313843, 40.821559921635448 ], [ -96.693294600049313, 40.821558322948178 ], [ -96.693292514796113, 40.821556723488385 ], [ -96.693290430573626, 40.821555123241296 ], [ -96.69328834740125, 40.82155352219209 ], [ -96.693286265299946, 40.821551920324723 ], [ -96.693284184296957, 40.821550317618389 ], [ -96.693282104421101, 40.821548714051126 ], [ -96.693280025701199, 40.821547109600871 ], [ -96.693277948166084, 40.821545504245606 ], [ -96.693275871844563, 40.821543897963338 ], [ -96.693273796765453, 40.82154229073204 ], [ -96.69327172295759, 40.821540682529665 ], [ -96.693269650449778, 40.821539073334264 ], [ -96.693267579270852, 40.821537463123761 ], [ -96.693265509450825, 40.821535851875268 ], [ -96.693263441024527, 40.821534239562133 ], [ -96.693261374027983, 40.821532626156895 ], [ -96.693259308497232, 40.82153101163199 ], [ -96.693257244468271, 40.821529395959914 ], [ -96.693255181977136, 40.821527779113147 ], [ -96.693253121059868, 40.821526161064163 ], [ -96.693251061752491, 40.82152454178545 ], [ -96.693249004091001, 40.821522921249461 ], [ -96.693246948112176, 40.821521299428191 ], [ -96.693244893855493, 40.821519676291416 ], [ -96.693242841361169, 40.821518051808418 ], [ -96.693240790669435, 40.821516425948495 ], [ -96.693238741820508, 40.821514798680909 ], [ -96.693236694854605, 40.821513169974956 ], [ -96.693234649811913, 40.821511539799893 ], [ -96.693232606732693, 40.82150990812503 ], [ -96.693230565657132, 40.821508274919594 ], [ -96.693228526625461, 40.821506640152933 ], [ -96.693226489677571, 40.821505003794499 ], [ -96.693224454852185, 40.82150336581477 ], [ -96.693222422187674, 40.821501726184401 ], [ -96.693220391722434, 40.821500084874074 ], [ -96.69321836349485, 40.821498441854473 ], [ -96.693216337543305, 40.821496797096259 ], [ -96.693214313906211, 40.821495150570129 ], [ -96.693212292621922, 40.821493502246732 ], [ -96.69321027372888, 40.821491852096749 ], [ -96.693208257265425, 40.821490200090857 ], [ -96.693206243268151, 40.821488546201117 ], [ -96.693204231766344, 40.821486890405154 ], [ -96.693202222787477, 40.821485232681994 ], [ -96.693200216359031, 40.821483573010632 ], [ -96.693198212508477, 40.821481911370107 ], [ -96.693196211263256, 40.821480247739423 ], [ -96.69319421265088, 40.821478582097583 ], [ -96.693192216698819, 40.821476914423585 ], [ -96.693190223434513, 40.821475244696487 ], [ -96.693188232881909, 40.821473572898007 ], [ -96.693186245050711, 40.821471899020707 ], [ -96.693184259947088, 40.821470223059876 ], [ -96.693182277577193, 40.821468545010823 ], [ -96.693180297947222, 40.821466864868825 ], [ -96.693178321063286, 40.82146518262919 ], [ -96.693176346931608, 40.821463498287208 ], [ -96.6931743755583, 40.821461811838141 ], [ -96.693172406949543, 40.821460123277333 ], [ -96.693170441111505, 40.821458432600032 ], [ -96.693168478045934, 40.821456739804923 ], [ -96.693166517736955, 40.821455044904113 ], [ -96.693164560164291, 40.821453347913128 ], [ -96.69316260530762, 40.82145164884745 ], [ -96.693160653146705, 40.821449947722563 ], [ -96.693158703661226, 40.821448244553999 ], [ -96.693156756830902, 40.821446539357225 ], [ -96.693154812635441, 40.821444832147733 ], [ -96.693152871054565, 40.821443122941034 ], [ -96.693150932067994, 40.821441411752637 ], [ -96.693148995651839, 40.821439698600756 ], [ -96.69314706176786, 40.821437983514649 ], [ -96.693145130374248, 40.821436266526192 ], [ -96.693143201429166, 40.821434547667387 ], [ -96.693141274890777, 40.82143282697016 ], [ -96.693139350717288, 40.821431104466477 ], [ -96.693137428866834, 40.821429380188299 ], [ -96.693135509297605, 40.82142765416755 ], [ -96.693133591967793, 40.821425926436191 ], [ -96.693131676832976, 40.821424197028144 ], [ -96.693129763838556, 40.821422465985115 ], [ -96.693127852927347, 40.821420733350791 ], [ -96.693125944042137, 40.821418999168856 ], [ -96.693124037125756, 40.821417263483021 ], [ -96.693122132121019, 40.821415526336942 ], [ -96.693120228970727, 40.821413787774311 ], [ -96.693118327617725, 40.821412047838798 ], [ -96.693116428004785, 40.821410306574123 ], [ -96.693114530074737, 40.821408564023947 ], [ -96.693112633769061, 40.821406820232973 ], [ -96.693110739023922, 40.82140507524997 ], [ -96.693108845774148, 40.821403329124735 ], [ -96.693106953954526, 40.821401581907047 ], [ -96.6931050634999, 40.821399833646716 ], [ -96.693103174345097, 40.821398084393472 ], [ -96.693101286424948, 40.821396334197189 ], [ -96.693099399674239, 40.821394583107605 ], [ -96.693097514027841, 40.821392831174514 ], [ -96.693095629420526, 40.821391078447689 ], [ -96.693093745787394, 40.821389324976757 ], [ -96.693091863064609, 40.821387570810494 ], [ -96.693089981188521, 40.821385815997473 ], [ -96.693088100095551, 40.821384060586283 ], [ -96.69308621972209, 40.82138230462553 ], [ -96.693084340004518, 40.821380548163781 ], [ -96.693082460879225, 40.82137879124965 ], [ -96.693080582282633, 40.821377033931711 ], [ -96.693078704151119, 40.821375276258529 ], [ -96.693076826422768, 40.821373518277419 ], [ -96.693074949042426, 40.821371760030537 ], [ -96.693073071956633, 40.821370001558677 ], [ -96.693071195111941, 40.821368242902729 ], [ -96.693069318454874, 40.821366484103443 ], [ -96.693067441931987, 40.821364725201754 ], [ -96.693065565489817, 40.821362966238425 ], [ -96.69306368907489, 40.821361207254341 ], [ -96.693061812633772, 40.821359448290309 ], [ -96.693059936112988, 40.821357689387199 ], [ -96.693058059462317, 40.821355930583366 ], [ -96.693056182644398, 40.821354171907302 ], [ -96.693054305625154, 40.8213524133851 ], [ -96.693052428370493, 40.821350655042757 ], [ -96.69305055084628, 40.821348896906379 ], [ -96.693048673018438, 40.821347139001986 ], [ -96.693046794852862, 40.821345381355627 ], [ -96.693044916315444, 40.821343623993357 ], [ -96.693043037372078, 40.821341866941253 ], [ -96.693041157988674, 40.821340110225329 ], [ -96.693039278134904, 40.821338353868754 ], [ -96.693037397795635, 40.821336597883096 ], [ -96.693035516959483, 40.821334842277047 ], [ -96.693033635615109, 40.821333087059287 ], [ -96.693031753751114, 40.821331332238486 ], [ -96.693029871356174, 40.821329577823334 ], [ -96.693027988418905, 40.821327823822507 ], [ -96.693026104927952, 40.82132607024468 ], [ -96.693024220871948, 40.821324317098522 ], [ -96.693022336243473, 40.821322564389718 ], [ -96.693020451050955, 40.821320812111843 ], [ -96.693018565306772, 40.821319060255419 ], [ -96.693016679023273, 40.821317308811039 ], [ -96.693014792212821, 40.821315557769204 ], [ -96.693012904887794, 40.821313807120518 ], [ -96.69301101706057, 40.821312056855497 ], [ -96.693009128743498, 40.821310306964698 ], [ -96.693007239948955, 40.821308557438698 ], [ -96.693005350689305, 40.821306808268027 ], [ -96.693003460980194, 40.821305059440768 ], [ -96.693001570850285, 40.821303310934979 ], [ -96.692999680331511, 40.821301562726291 ], [ -96.692997789455845, 40.821299814790279 ], [ -96.692995898255205, 40.821298067102546 ], [ -96.692994006761552, 40.821296319638705 ], [ -96.692992115006817, 40.821294572374349 ], [ -96.69299022302296, 40.821292825285056 ], [ -96.692988330841914, 40.821291078346455 ], [ -96.692986438495609, 40.821289331534132 ], [ -96.692984546017058, 40.821287584822876 ], [ -96.692982653443551, 40.821285838184224 ], [ -96.692980760813356, 40.821284091588886 ], [ -96.692978868164829, 40.821282345007639 ], [ -96.692976975536254, 40.821280598411171 ], [ -96.692975082965987, 40.821278851770231 ], [ -96.692973190492339, 40.821277105055543 ], [ -96.692971298600369, 40.821275357896553 ], [ -96.692969419023171, 40.821273601330503 ], [ -96.692967556531954, 40.821271831712679 ], [ -96.692965710572636, 40.821270049466378 ], [ -96.692963880589929, 40.821268255015745 ], [ -96.692962066028571, 40.821266448784975 ], [ -96.692960266333259, 40.821264631198233 ], [ -96.692958480948718, 40.821262802679705 ], [ -96.692956709319674, 40.82126096365355 ], [ -96.692954950890837, 40.821259114543949 ], [ -96.692953205106932, 40.821257255775059 ], [ -96.692951471412684, 40.821255387771089 ], [ -96.692949749249649, 40.821253510958591 ], [ -96.692948038046765, 40.821251625773776 ], [ -96.692946337229841, 40.821249732655325 ], [ -96.692944646224632, 40.821247832041848 ], [ -96.692942964456947, 40.821245924372008 ], [ -96.692941291352568, 40.821244010084385 ], [ -96.69293962633725, 40.821242089617677 ], [ -96.69293796883683, 40.821240163410465 ], [ -96.692936318277063, 40.821238231901461 ], [ -96.69293467408373, 40.821236295529204 ], [ -96.692933035679246, 40.821234354735005 ], [ -96.692931402472325, 40.821232409970463 ], [ -96.692929773868343, 40.821230461689851 ], [ -96.692928149272689, 40.821228510347403 ], [ -96.692926528090652, 40.821226556397356 ], [ -96.692924909727637, 40.821224600293959 ], [ -96.69292329358899, 40.821222642491442 ], [ -96.692921679080072, 40.821220683444047 ], [ -96.692920065606202, 40.821218723606052 ], [ -96.692918452570467, 40.821216763433426 ], [ -96.692916839366617, 40.821214803389253 ], [ -96.692915225386145, 40.821212843938433 ], [ -96.692913610020497, 40.821210885545767 ], [ -96.692911992661138, 40.821208928676128 ], [ -96.692910372699544, 40.821206973794375 ], [ -96.692908749527192, 40.82120502136533 ], [ -96.692907122535516, 40.82120307185388 ], [ -96.692905491116022, 40.821201125724862 ], [ -96.692903854660145, 40.82119918344312 ], [ -96.69290221255892, 40.821197245473883 ], [ -96.692900564201494, 40.821195312283727 ], [ -96.692898908976602, 40.821193384339615 ], [ -96.692897246272921, 40.821191462108509 ], [ -96.692895575479227, 40.821189546057361 ], [ -96.692893895984184, 40.821187636653114 ], [ -96.692892207176513, 40.821185734362729 ], [ -96.692890508444947, 40.821183839653166 ], [ -96.692888799178164, 40.821181952991381 ], [ -96.692887078764912, 40.821180074844307 ], [ -96.692885346595972, 40.821178205677363 ], [ -96.692883602070339, 40.821176345949574 ], [ -96.69288184458911, 40.821174496118502 ], [ -96.692880073553383, 40.8211726566416 ], [ -96.692878288364241, 40.821170827976403 ], [ -96.692876488422755, 40.821169010580405 ], [ -96.692874673130021, 40.821167204911099 ], [ -96.692872841887109, 40.821165411426023 ], [ -96.692870994095131, 40.821163630582639 ], [ -96.692869551479802, 40.821162260535289 ] ] } },
{ "type": "Feature", "properties": { "point_a": 202, "point_b": 203, "trip": 2, "route": "antelope_before_bend", "status": "corrected", "mode": "reviewed_spatial_assumption" }, "geometry": { "type": "LineString", "coordinates": [ [ -96.695984601974502, 40.823514945845091 ], [ -96.695982700726788, 40.823513201616549 ], [ -96.69598079820949, 40.823511450236175 ], [ -96.695978894485634, 40.823509691935946 ], [ -96.695976989618217, 40.823507926947769 ], [ -96.695975083670206, 40.823506155503601 ], [ -96.695973176704612, 40.82350437783537 ], [ -96.695971268784447, 40.82350259417499 ], [ -96.695969359972679, 40.82350080475441 ], [ -96.695967450332319, 40.823499009805609 ], [ -96.695965539930441, 40.823497209557324 ], [ -96.695963628850492, 40.823495404225923 ], [ -96.695961717179983, 40.82349359402459 ], [ -96.695959805006453, 40.823491779166517 ], [ -96.695957892417425, 40.823489959864922 ], [ -96.695955979500425, 40.823488136332969 ], [ -96.695954066342964, 40.82348630878387 ], [ -96.695952153032593, 40.82348447743086 ], [ -96.69595023965681, 40.823482642487036 ], [ -96.695948326303167, 40.823480804165698 ], [ -96.695946413059872, 40.823478962679452 ], [ -96.695944500018001, 40.823477118238813 ], [ -96.6959425872693, 40.823475271053731 ], [ -96.695940674905543, 40.823473421334164 ], [ -96.695938763018518, 40.823471569290071 ], [ -96.695936851699955, 40.823469715131402 ], [ -96.695934941041642, 40.823467859068117 ], [ -96.695933031135326, 40.823466001310209 ], [ -96.695931122072807, 40.823464142067564 ], [ -96.695929213945803, 40.823462281550206 ], [ -96.69592730684387, 40.823460419969784 ], [ -96.695925400847472, 40.823458557544839 ], [ -96.695923496034894, 40.823456694495697 ], [ -96.695921592484382, 40.823454831042604 ], [ -96.695919690274167, 40.823452967405863 ], [ -96.695917789482522, 40.823451103805724 ], [ -96.695915890187692, 40.823449240462487 ], [ -96.695913992467922, 40.823447377596466 ], [ -96.695912096401486, 40.823445515427885 ], [ -96.695910202062635, 40.823443654180082 ], [ -96.695908309509761, 40.823441794088517 ], [ -96.695906418797264, 40.823439935391697 ], [ -96.695904529979586, 40.823438078328103 ], [ -96.695902643111097, 40.823436223136198 ], [ -96.695900758246225, 40.823434370054564 ], [ -96.695898875439354, 40.823432519321614 ], [ -96.695896994744942, 40.823430671175885 ], [ -96.695895116217343, 40.823428825855849 ], [ -96.695893239911001, 40.823426983600008 ], [ -96.69589136587598, 40.823425144650166 ], [ -96.695889494144964, 40.823423309261415 ], [ -96.695887624746319, 40.82342147769215 ], [ -96.695885757708425, 40.823419650200741 ], [ -96.695883893059602, 40.823417827045603 ], [ -96.69588203082823, 40.823416008485133 ], [ -96.695880171042688, 40.823414194777705 ], [ -96.695878313731299, 40.823412386181715 ], [ -96.695876458922456, 40.823410582955567 ], [ -96.695874606644509, 40.823408785357664 ], [ -96.695872756922853, 40.823406993648625 ], [ -96.695870909771216, 40.823405208098059 ], [ -96.695869064539366, 40.823403425235178 ], [ -96.695867220548081, 40.823401641424645 ], [ -96.695865377764534, 40.823399856691566 ], [ -96.695863536155869, 40.823398071061021 ], [ -96.69586169568926, 40.823396284558079 ], [ -96.695859856331879, 40.823394497207829 ], [ -96.695858018050913, 40.82339270903536 ], [ -96.6958561808121, 40.823390920066785 ], [ -96.695854344575764, 40.823389130332473 ], [ -96.695852509300792, 40.823387339863842 ], [ -96.695850674946101, 40.823385548692201 ], [ -96.695848841470564, 40.823383756849012 ], [ -96.695847008833113, 40.823381964365645 ], [ -96.695845176992663, 40.823380171273513 ], [ -96.695843345908074, 40.823378377603973 ], [ -96.695841515538277, 40.823376583388473 ], [ -96.695839685842174, 40.82337478865837 ], [ -96.695837856778851, 40.823372993444899 ], [ -96.695836028308037, 40.823371197778897 ], [ -96.695834200389641, 40.823369401690897 ], [ -96.695832372983617, 40.823367605211573 ], [ -96.695830546049862, 40.82336580837152 ], [ -96.695828719548288, 40.823364011201328 ], [ -96.69582689343882, 40.823362213731677 ], [ -96.695825067681398, 40.82336041599315 ], [ -96.695823242235917, 40.823358618016364 ], [ -96.695821417062305, 40.823356819831922 ], [ -96.695819592121779, 40.823355021469489 ], [ -96.695817767380888, 40.823353222954601 ], [ -96.695815942807485, 40.823351424311817 ], [ -96.69581411836937, 40.823349625565719 ], [ -96.695812294034425, 40.823347826740864 ], [ -96.695810469770464, 40.823346027861831 ], [ -96.695808645545355, 40.823344228953161 ], [ -96.69580682132694, 40.823342430039439 ], [ -96.69580499708303, 40.823340631145228 ], [ -96.695803172783016, 40.823338832293928 ], [ -96.695801348402327, 40.823337033504302 ], [ -96.695799523917898, 40.823335234793994 ], [ -96.695797699306681, 40.823333436180562 ], [ -96.695795874545624, 40.823331637681655 ], [ -96.695794049611678, 40.82332983931488 ], [ -96.695792224481792, 40.823328041097824 ], [ -96.695790399132889, 40.823326243048129 ], [ -96.695788573541961, 40.823324445183367 ], [ -96.695786747685929, 40.823322647521152 ], [ -96.695784921542639, 40.823320850078453 ], [ -96.695783095093603, 40.823319052869344 ], [ -96.695781268321213, 40.823317255907348 ], [ -96.695779441207847, 40.823315459205823 ], [ -96.695777613735913, 40.823313662778276 ], [ -96.695775785887818, 40.823311866638143 ], [ -96.695773957645926, 40.823310070798875 ], [ -96.695772128992658, 40.823308275273888 ], [ -96.695770299910407, 40.823306480076717 ], [ -96.69576847038158, 40.823304685220691 ], [ -96.695766640388797, 40.823302890719141 ], [ -96.695764809915659, 40.823301096584586 ], [ -96.69576297894605, 40.823299302829369 ], [ -96.695761147463813, 40.823297509465789 ], [ -96.69575931545279, 40.823295716506195 ], [ -96.695757482896823, 40.823293923962922 ], [ -96.695755649779798, 40.823292131848348 ], [ -96.695753816085556, 40.823290340174736 ], [ -96.69575198179794, 40.823288548954473 ], [ -96.695750146900764, 40.823286758199885 ], [ -96.695748311377656, 40.823284967923513 ], [ -96.695746475212218, 40.823283178137871 ], [ -96.695744638388049, 40.823281388855492 ], [ -96.695742800888723, 40.823279600088917 ], [ -96.69574096269784, 40.823277811850701 ], [ -96.695739123798987, 40.82327602415333 ], [ -96.695737284175749, 40.823274237009393 ], [ -96.695735443811728, 40.823272450431368 ], [ -96.695733602690524, 40.823270664431853 ], [ -96.695731760795567, 40.823268879023423 ], [ -96.695729918109834, 40.823267094219162 ], [ -96.695728074616071, 40.823265310032184 ], [ -96.695726230297126, 40.823263526475628 ], [ -96.695724385135804, 40.823261743562632 ], [ -96.695722539114882, 40.823259961306348 ], [ -96.695720692217165, 40.823258179719886 ], [ -96.695718844425471, 40.823256398816405 ], [ -96.695716995722591, 40.823254618609027 ], [ -96.695715146091331, 40.823252839110886 ], [ -96.695713295514437, 40.823251060335181 ], [ -96.69571144397446, 40.823249282295237 ], [ -96.695709591453863, 40.823247505004474 ], [ -96.695707737935109, 40.823245728476238 ], [ -96.695705883400677, 40.823243952723935 ], [ -96.695704027833088, 40.823242177760925 ], [ -96.695702171214776, 40.823240403600614 ], [ -96.695700313528221, 40.823238630256398 ], [ -96.695698454755927, 40.823236857741641 ], [ -96.695696594880474, 40.823235086069644 ], [ -96.695694733884949, 40.823233315253347 ], [ -96.695692871752556, 40.823231545305539 ], [ -96.69569100846654, 40.823229776239074 ], [ -96.695689144010046, 40.823228008066771 ], [ -96.695687278366321, 40.823226240801468 ], [ -96.695685411518582, 40.823224474455962 ], [ -96.695683543450002, 40.823222709043129 ], [ -96.695681674143813, 40.823220944575752 ], [ -96.695679803583218, 40.82321918106669 ], [ -96.695677931751817, 40.823217418528451 ], [ -96.695676058634788, 40.823215656972373 ], [ -96.69567418421768, 40.823213896409484 ], [ -96.695672308486067, 40.823212136850806 ], [ -96.695670431425512, 40.82321037830738 ], [ -96.695668553021591, 40.823208620790219 ], [ -96.695666673259836, 40.823206864310343 ], [ -96.695664792125825, 40.823205108878831 ], [ -96.695662909605133, 40.823203354506632 ], [ -96.695661025683307, 40.823201601204829 ], [ -96.695659140346521, 40.823199848983975 ], [ -96.695657253583263, 40.823198097852881 ], [ -96.695655365382677, 40.823196347819824 ], [ -96.695653475733849, 40.823194598893146 ], [ -96.695651584625892, 40.823192851081153 ], [ -96.695649692047922, 40.823191104392151 ], [ -96.695647797989039, 40.823189358834505 ], [ -96.695645902438358, 40.82318761441649 ], [ -96.695644005384992, 40.823185871146443 ], [ -96.695642106818809, 40.8231841290321 ], [ -96.695640206732762, 40.823182388078848 ], [ -96.695638305120553, 40.823180648291505 ], [ -96.695636401975889, 40.823178909674859 ], [ -96.695634497292474, 40.82317717223372 ], [ -96.695632591064054, 40.823175435972892 ], [ -96.695630683284307, 40.823173700897179 ], [ -96.695628773946936, 40.82317196701139 ], [ -96.695626863045675, 40.82317023432033 ], [ -96.695624950574214, 40.8231685028288 ], [ -96.695623036527152, 40.823166772540944 ], [ -96.695621120902516, 40.823165043458239 ], [ -96.695619203699238, 40.823163315581553 ], [ -96.695617284916239, 40.823161588911681 ], [ -96.695615364552395, 40.823159863449455 ], [ -96.695613442606657, 40.823158139195712 ], [ -96.695611519077943, 40.823156416151278 ], [ -96.695609593965145, 40.823154694316969 ], [ -96.695607667267197, 40.823152973693645 ], [ -96.695605738982991, 40.823151254282109 ], [ -96.695603809112072, 40.823149536082738 ], [ -96.695601877656387, 40.823147819094018 ], [ -96.695599944618493, 40.823146103314009 ], [ -96.695598010000978, 40.823144388740758 ], [ -96.695596073806371, 40.823142675372303 ], [ -96.695594136037229, 40.823140963206683 ], [ -96.695592196696154, 40.823139252241944 ], [ -96.695590255785675, 40.823137542476132 ], [ -96.695588313308363, 40.823135833907266 ], [ -96.695586369267147, 40.823134126533162 ], [ -96.69558442366646, 40.823132420350376 ], [ -96.695582476511078, 40.823130715355298 ], [ -96.695580527805774, 40.823129011544232 ], [ -96.695578577555381, 40.823127308913556 ], [ -96.695576625764659, 40.823125607459609 ], [ -96.695574672438383, 40.823123907178712 ], [ -96.695572717581385, 40.823122208067204 ], [ -96.695570761198411, 40.823120510121441 ], [ -96.695568803294279, 40.82311881333775 ], [ -96.695566843874019, 40.823117117712314 ], [ -96.695564882943629, 40.823115423240516 ], [ -96.69556292050936, 40.823113729917587 ], [ -96.695560956577467, 40.82311203773876 ], [ -96.695558991154215, 40.823110346699231 ], [ -96.695557024245829, 40.823108656794247 ], [ -96.695555055858591, 40.823106968019054 ], [ -96.695553085998739, 40.823105280368836 ], [ -96.695551114672526, 40.823103593838809 ], [ -96.695549141886204, 40.823101908424256 ], [ -96.695547167646168, 40.823100224120232 ], [ -96.695545191959241, 40.823098540921571 ], [ -96.695543214832455, 40.823096858822844 ], [ -96.695541236272774, 40.823095177818772 ], [ -96.695539256287205, 40.823093497904011 ], [ -96.695537274882753, 40.823091819073198 ], [ -96.695535292066367, 40.823090141321011 ], [ -96.695533307845054, 40.823088464642083 ], [ -96.695531322225818, 40.823086789031116 ], [ -96.695529335215724, 40.823085114482673 ], [ -96.695527346822217, 40.823083440991091 ], [ -96.695525357052773, 40.82308176855063 ], [ -96.695523365914951, 40.82308009715554 ], [ -96.695521373416241, 40.82307842680008 ], [ -96.695519379564161, 40.823076757478539 ], [ -96.695517384366212, 40.823075089185139 ], [ -96.695515387829943, 40.82307342191416 ], [ -96.695513389962841, 40.823071755659853 ], [ -96.695511390772424, 40.823070090416479 ], [ -96.695509390266309, 40.823068426178253 ], [ -96.695507388452469, 40.823066762939021 ], [ -96.695505385338947, 40.823065100692673 ], [ -96.695503380933843, 40.823063439433042 ], [ -96.695501375245229, 40.823061779153939 ], [ -96.695499368281133, 40.823060119849217 ], [ -96.695497360049657, 40.823058461512709 ], [ -96.695495350558872, 40.823056804138254 ], [ -96.695493339816835, 40.8230551477197 ], [ -96.69549132783159, 40.823053492250843 ], [ -96.695489314611365, 40.823051837725473 ], [ -96.695487300164785, 40.823050184136974 ], [ -96.69548528450062, 40.823048531478655 ], [ -96.695483267627651, 40.823046879743764 ], [ -96.695481249554632, 40.823045228925672 ], [ -96.69547923029036, 40.823043579017629 ], [ -96.69547720984356, 40.82304193001297 ], [ -96.695475188223043, 40.82304028190498 ], [ -96.695473165437548, 40.823038634686931 ], [ -96.695471141495858, 40.823036988352179 ], [ -96.695469116406883, 40.82303534289391 ], [ -96.695467090180017, 40.823033698304926 ], [ -96.69546506282478, 40.823032054577943 ], [ -96.695463034350738, 40.823030411705687 ], [ -96.695461004767424, 40.823028769680853 ], [ -96.695458974084374, 40.823027128496157 ], [ -96.695456942311097, 40.823025488144339 ], [ -96.695454909457169, 40.823023848618078 ], [ -96.695452875532112, 40.823022209910107 ], [ -96.69545084054559, 40.823020572013071 ], [ -96.695448804507791, 40.823018934919133 ], [ -96.695446767429019, 40.823017298620442 ], [ -96.69544472931959, 40.823015663109139 ], [ -96.695442690189807, 40.823014028377322 ], [ -96.695440650050003, 40.823012394417127 ], [ -96.69543860891045, 40.823010761220679 ], [ -96.69543656678151, 40.823009128780072 ], [ -96.695434523673441, 40.823007497087495 ], [ -96.695432479596604, 40.823005866134991 ], [ -96.695430434561345, 40.823004235914674 ], [ -96.695428388578421, 40.823002606418349 ], [ -96.695426341658617, 40.823000977637768 ], [ -96.695424293812707, 40.822999349564654 ], [ -96.695422245051546, 40.822997722190777 ], [ -96.695420195385879, 40.822996095507889 ], [ -96.695418144826519, 40.822994469507748 ], [ -96.695416093384281, 40.822992844182089 ], [ -96.695414041069967, 40.822991219522663 ], [ -96.69541198789436, 40.822989595521221 ], [ -96.695409933868191, 40.822987972169571 ], [ -96.695407879002033, 40.822986349459654 ], [ -96.695405823306317, 40.822984727383485 ], [ -96.695403766791514, 40.822983105933034 ], [ -96.695401709468101, 40.822981485100357 ], [ -96.695399651346548, 40.822979864877425 ], [ -96.695397592437317, 40.822978245256238 ], [ -96.695395532750894, 40.822976626228808 ], [ -96.695393472297738, 40.822975007787129 ], [ -96.695391411088096, 40.822973389923376 ], [ -96.695389349131503, 40.822971772630282 ], [ -96.69538728643721, 40.822970155900755 ], [ -96.69538522301454, 40.822968539727668 ], [ -96.695383158872758, 40.82296692410398 ], [ -96.695381094021158, 40.82296530902255 ], [ -96.695379028469063, 40.8229636944763 ], [ -96.695376962225708, 40.822962080458154 ], [ -96.695374895300418, 40.82296046696095 ], [ -96.695372827702499, 40.822958853977653 ], [ -96.695370759440934, 40.822957241501364 ], [ -96.695368690523551, 40.822955629526078 ], [ -96.695366620957955, 40.822954018046019 ], [ -96.695364550751677, 40.822952407055425 ], [ -96.695362479912276, 40.822950796548533 ], [ -96.695360408447343, 40.822949186519523 ], [ -96.695358336364407, 40.822947576962662 ], [ -96.69535626367103, 40.822945967872144 ], [ -96.695354190374786, 40.822944359242221 ], [ -96.695352116483249, 40.822942751067096 ], [ -96.695350042003653, 40.822941143341225 ], [ -96.695347966942137, 40.822939536059948 ], [ -96.695345891304484, 40.822937929218796 ], [ -96.69534381509655, 40.822936322813355 ], [ -96.695341738324117, 40.822934716839178 ], [ -96.695339660993028, 40.822933111291803 ], [ -96.69533758310908, 40.822931506166789 ], [ -96.695335504678098, 40.822929901459737 ], [ -96.695333425705897, 40.822928297166129 ], [ -96.695331346198003, 40.822926693281815 ], [ -96.695329266158723, 40.822925089803462 ], [ -96.695327185592106, 40.822923486727994 ], [ -96.695325104502189, 40.822921884052313 ], [ -96.695323022893007, 40.822920281773364 ], [ -96.695320940768582, 40.822918679888026 ], [ -96.695318858132964, 40.822917078393267 ], [ -96.695316774990175, 40.822915477285981 ], [ -96.695314691344251, 40.822913876563064 ], [ -96.695312607199241, 40.822912276221459 ], [ -96.695310522558799, 40.82291067625836 ], [ -96.695308437425354, 40.82290907667192 ], [ -96.695306351800866, 40.822907477460625 ], [ -96.695304265687398, 40.822905878622905 ], [ -96.695302179086966, 40.822904280157225 ], [ -96.695300092001602, 40.822902682062043 ], [ -96.695298004433326, 40.822901084335811 ], [ -96.695295916384168, 40.822899486976965 ], [ -96.695293827856133, 40.822897889983963 ], [ -96.695291738851267, 40.822896293355257 ], [ -96.69528964937129, 40.822894697089552 ], [ -96.695287559416656, 40.82289310118648 ], [ -96.695285468987521, 40.822891505645927 ], [ -96.695283378084028, 40.822889910467772 ], [ -96.695281286706333, 40.822888315651902 ], [ -96.695279194854606, 40.822886721198216 ], [ -96.695277102528991, 40.822885127106559 ], [ -96.695275009729627, 40.822883533376853 ], [ -96.695272916456688, 40.822881940008955 ], [ -96.695270822709986, 40.822880347003007 ], [ -96.695268728488074, 40.822878754360133 ], [ -96.695266633789132, 40.822877162081689 ], [ -96.695264538611383, 40.822875570169046 ], [ -96.695262442953037, 40.822873978623598 ], [ -96.695260346812319, 40.822872387446672 ], [ -96.695258250187393, 40.822870796639663 ], [ -96.695256153076514, 40.822869206203926 ], [ -96.695254055477889, 40.82286761614084 ], [ -96.695251957389686, 40.822866026451784 ], [ -96.695249858809788, 40.822864437138364 ], [ -96.695247759734599, 40.822862848203336 ], [ -96.695245660160211, 40.822861259649727 ], [ -96.695243560082659, 40.822859671480515 ], [ -96.695241459498007, 40.822858083698712 ], [ -96.695239358402318, 40.822856496307331 ], [ -96.695237256791657, 40.822854909309399 ], [ -96.6952351546621, 40.822853322707893 ], [ -96.695233052009684, 40.822851736505839 ], [ -96.695230948830485, 40.822850150706245 ], [ -96.695228845120255, 40.822848565312341 ], [ -96.695226740873565, 40.822846980328272 ], [ -96.695224636084689, 40.822845395758463 ], [ -96.69522253074787, 40.82284381160725 ], [ -96.695220424857368, 40.822842227879043 ], [ -96.69521831840747, 40.8228406445782 ], [ -96.69521621139242, 40.822839061709132 ], [ -96.695214103806478, 40.822837479276181 ], [ -96.69521199564393, 40.822835897283795 ], [ -96.695209886898795, 40.822834315736451 ], [ -96.695207777564292, 40.822832734639377 ], [ -96.695205667633445, 40.822831153997917 ], [ -96.695203557099234, 40.822829573817394 ], [ -96.695201445954652, 40.822827994103172 ], [ -96.695199334192708, 40.822826414860607 ], [ -96.69519722180641, 40.822824836095059 ], [ -96.695195108788738, 40.822823257811812 ], [ -96.695192995132714, 40.822821680016283 ], [ -96.695190880831319, 40.82282010271377 ], [ -96.695188765877461, 40.822818525909746 ], [ -96.695186650263778, 40.822816949609802 ], [ -96.69518453398274, 40.822815373819687 ], [ -96.695182417026899, 40.822813798545099 ], [ -96.695180299388753, 40.822812223791786 ], [ -96.695178181060811, 40.822810649565433 ], [ -96.6951760620356, 40.822809075871781 ], [ -96.69517394230563, 40.822807502716529 ], [ -96.695171821863426, 40.822805930105417 ], [ -96.695169700701484, 40.822804358044152 ], [ -96.695167578812345, 40.822802786538425 ], [ -96.69516545618859, 40.822801215593927 ], [ -96.695163332822844, 40.822799645216271 ], [ -96.695161208707702, 40.822798075411143 ], [ -96.695159083835762, 40.822796506184147 ], [ -96.695156958199647, 40.822794937540984 ], [ -96.695154831791939, 40.822793369487272 ], [ -96.695152704605249, 40.822791802028647 ], [ -96.695150576632201, 40.822790235170793 ], [ -96.695148447865435, 40.822788668919301 ], [ -96.695146318297745, 40.82278710327968 ], [ -96.695144187922011, 40.822785538257371 ], [ -96.6951420567311, 40.822783973857817 ], [ -96.695139924717864, 40.822782410086482 ], [ -96.695137791875155, 40.822780846948852 ], [ -96.695135658195838, 40.822779284450327 ], [ -96.695133523672766, 40.822777722596392 ], [ -96.69513138829879, 40.822776161392497 ], [ -96.695129252066806, 40.822774600844106 ], [ -96.695127114969694, 40.822773040956591 ], [ -96.69512497700056, 40.822771481735302 ], [ -96.695122838152542, 40.822769923185405 ], [ -96.695120698418805, 40.822768365312172 ], [ -96.695118557792497, 40.822766808120832 ], [ -96.695116416266742, 40.822765251616609 ], [ -96.695114273834704, 40.822763695804746 ], [ -96.69511213048952, 40.822762140690465 ], [ -96.695109986224367, 40.822760586279017 ], [ -96.695107841032353, 40.822759032575625 ], [ -96.695105694906687, 40.822757479585505 ], [ -96.695103547840688, 40.822755927313743 ], [ -96.695101399827735, 40.822754375765413 ], [ -96.695099250861205, 40.822752824945553 ], [ -96.695097100934447, 40.822751274859264 ], [ -96.695094950040854, 40.822749725511599 ], [ -96.695092798173789, 40.822748176907602 ], [ -96.695090645326616, 40.82274662905234 ], [ -96.695088491492712, 40.822745081950913 ], [ -96.695086336665483, 40.822743535608318 ], [ -96.695084180838492, 40.822741990029478 ], [ -96.695082024005359, 40.822740445219303 ], [ -96.695079866159688, 40.822738901182625 ], [ -96.695077707295084, 40.822737357924368 ], [ -96.695075547405153, 40.822735815449398 ], [ -96.695073386483514, 40.822734273762599 ], [ -96.695071224523772, 40.822732732868865 ], [ -96.695069061519519, 40.822731192773063 ], [ -96.695066897464372, 40.822729653480074 ], [ -96.695064732352037, 40.822728114994739 ], [ -96.69506256617656, 40.822726577321575 ], [ -96.695060398932043, 40.822725040465095 ], [ -96.695058230612659, 40.822723504429753 ], [ -96.695056061212512, 40.822721969220041 ], [ -96.695053890725745, 40.822720434840463 ], [ -96.695051719146505, 40.822718901295467 ], [ -96.695049546468894, 40.822717368589565 ], [ -96.695047372687057, 40.822715836727227 ], [ -96.695045197795125, 40.8227143057129 ], [ -96.695043021787399, 40.822712775550997 ], [ -96.695040844658806, 40.822711246245383 ], [ -96.695038666404443, 40.822709717799775 ], [ -96.695036487019394, 40.822708190217959 ], [ -96.695034306498769, 40.822706663503638 ], [ -96.695032124837638, 40.822705137660606 ], [ -96.695029942031113, 40.822703612692585 ], [ -96.695027758074275, 40.822702088603336 ], [ -96.695025572962223, 40.822700565396595 ], [ -96.695023386690337, 40.822699043075893 ], [ -96.695021199255322, 40.822697521643732 ], [ -96.695019010654121, 40.822696001102514 ], [ -96.695016820883723, 40.822694481454448 ], [ -96.695014629941099, 40.822692962701929 ], [ -96.695012437823195, 40.822691444847202 ], [ -96.695010244527026, 40.822689927892625 ], [ -96.695008050049552, 40.82268841184051 ], [ -96.69500585438773, 40.822686896693142 ], [ -96.695003657538535, 40.822685382452839 ], [ -96.695001459499551, 40.822683869121498 ], [ -96.694999260270578, 40.822682356699218 ], [ -96.694997059852042, 40.822680845185687 ], [ -96.694994858244357, 40.822679334580585 ], [ -96.694992655447933, 40.82267782488362 ], [ -96.694990451463184, 40.822676316094444 ], [ -96.694988246290535, 40.822674808212767 ], [ -96.694986039930384, 40.822673301238247 ], [ -96.694983832383173, 40.822671795170592 ], [ -96.694981623649284, 40.822670290009455 ], [ -96.694979413730039, 40.822668785753883 ], [ -96.694977202630284, 40.822667282400126 ], [ -96.694974990355817, 40.82266577994379 ], [ -96.694972776912365, 40.822664278380486 ], [ -96.694970562305699, 40.822662777705794 ], [ -96.694968346541557, 40.822661277915337 ], [ -96.694966129625712, 40.822659779004717 ], [ -96.694963911563946, 40.822658280969527 ], [ -96.694961692361971, 40.822656783805364 ], [ -96.694959472025573, 40.82265528750785 ], [ -96.694957250561444, 40.822653792071847 ], [ -96.694955027979901, 40.822652297489448 ], [ -96.694952804292299, 40.822650803752055 ], [ -96.694950579509879, 40.822649310851013 ], [ -96.694948353643966, 40.822647818777689 ], [ -96.69494612670583, 40.822646327523508 ], [ -96.694943898706768, 40.822644837079764 ], [ -96.694941669658078, 40.822643347437911 ], [ -96.69493943957103, 40.822641858589293 ], [ -96.694937208457745, 40.822640370524653 ], [ -96.694934976333542, 40.822638883232301 ], [ -96.694932743214579, 40.822637396699882 ], [ -96.694930509117, 40.822635910915068 ], [ -96.694928274056963, 40.82263442586553 ], [ -96.694926038050568, 40.822632941538934 ], [ -96.694923801114001, 40.822631457922938 ], [ -96.694921563263421, 40.822629975005235 ], [ -96.694919324514927, 40.822628492773454 ], [ -96.694917084884693, 40.822627011215275 ], [ -96.694914844389515, 40.822625530317879 ], [ -96.694912603048707, 40.822624050066494 ], [ -96.694910360882247, 40.822622570445873 ], [ -96.69490811791016, 40.822621091440709 ], [ -96.694905874152354, 40.822619613035776 ], [ -96.694903629628897, 40.822618135215798 ], [ -96.694901384359682, 40.822616657965497 ], [ -96.694899138364747, 40.822615181269647 ], [ -96.694896891664058, 40.82261370511295 ], [ -96.694894644277596, 40.822612229480164 ], [ -96.694892396225626, 40.822610754355786 ], [ -96.694890147529549, 40.82260927972348 ], [ -96.694887898211093, 40.822607805566662 ], [ -96.694885648291944, 40.82260633186872 ], [ -96.694883397793831, 40.822604858613133 ], [ -96.69488114673841, 40.82260338578326 ], [ -96.69487889514744, 40.822601913362554 ], [ -96.694876643042576, 40.822600441334451 ], [ -96.694874390445548, 40.822598969682353 ], [ -96.694872137378027, 40.82259749838969 ], [ -96.694869883861543, 40.822596027440028 ], [ -96.694867629917638, 40.822594556816917 ], [ -96.694865375567787, 40.822593086503936 ], [ -96.694863120833546, 40.822591616484637 ], [ -96.694860865736402, 40.822590146742584 ], [ -96.694858610297857, 40.822588677261358 ], [ -96.694856354539468, 40.822587208024522 ], [ -96.694854098482708, 40.822585739015622 ], [ -96.69485184214912, 40.822584270218243 ], [ -96.694849585559808, 40.82258280161625 ], [ -96.69484732873434, 40.822581333194677 ], [ -96.694845071691873, 40.822579864938909 ], [ -96.694842814451562, 40.822578396834302 ], [ -96.694840557032578, 40.822576928866233 ], [ -96.694838299454091, 40.822575461020044 ], [ -96.694836041735257, 40.822573993281082 ], [ -96.694833783895248, 40.822572525634733 ], [ -96.694831525953191, 40.822571058066366 ], [ -96.694829267928313, 40.822569590561336 ], [ -96.694827009839074, 40.822568123105476 ], [ -96.69482475170139, 40.822566655686657 ], [ -96.694822493530538, 40.822565188293218 ], [ -96.694820235341737, 40.822563720913536 ], [ -96.694817977150251, 40.822562253535914 ], [ -96.69481571897137, 40.822560786148713 ], [ -96.694813460820285, 40.822559318740318 ], [ -96.694811202712316, 40.822557851299003 ], [ -96.694808944662654, 40.822556383813193 ], [ -96.694806686685737, 40.822554916271862 ], [ -96.694804428792381, 40.82255344866671 ], [ -96.694802170992645, 40.82255198099007 ], [ -96.694799913296492, 40.822550513234368 ], [ -96.694797655713927, 40.822549045391909 ], [ -96.694795398254954, 40.822547577455083 ], [ -96.69479314092959, 40.822546109416216 ], [ -96.694790883747814, 40.822544641267712 ], [ -96.694788626719642, 40.822543173001897 ], [ -96.694786369855066, 40.822541704611147 ], [ -96.694784113163024, 40.822540236088635 ], [ -96.694781856648177, 40.822538767430785 ], [ -96.694779600314178, 40.822537298634813 ], [ -96.694777344164649, 40.822535829697991 ], [ -96.694775088203187, 40.822534360617524 ], [ -96.694772832433401, 40.822532891390665 ], [ -96.694770576858943, 40.822531422014642 ], [ -96.694768321483409, 40.82252995248669 ], [ -96.694766066310407, 40.822528482804039 ], [ -96.694763811343591, 40.822527012963938 ], [ -96.694761556585689, 40.822525542964257 ], [ -96.694759302036033, 40.822524072805564 ], [ -96.694757047693102, 40.822522602488981 ], [ -96.694754793555319, 40.822521132015702 ], [ -96.694752539621192, 40.822519661386906 ], [ -96.694750285889143, 40.822518190603759 ], [ -96.694748032357651, 40.822516719667448 ], [ -96.694745779025197, 40.822515248579137 ], [ -96.694743525890203, 40.822513777340006 ], [ -96.694741272950552, 40.822512305951697 ], [ -96.694739020201695, 40.822510834417677 ], [ -96.694736767638446, 40.822509362741897 ], [ -96.694734515255632, 40.822507890928321 ], [ -96.694732263048095, 40.822506418980893 ], [ -96.694730011010648, 40.822504946903543 ], [ -96.694727759138161, 40.822503474700227 ], [ -96.694725507425446, 40.822502002374883 ], [ -96.694723255867331, 40.822500529931489 ], [ -96.694721004458671, 40.822499057373967 ], [ -96.694718753193825, 40.82249758470661 ], [ -96.694716502065475, 40.822496111935024 ], [ -96.694714251065804, 40.822494639065191 ], [ -96.694712000187039, 40.822493166103015 ], [ -96.694709749421364, 40.822491693054467 ], [ -96.694707498761019, 40.822490219925506 ], [ -96.694705248198176, 40.822488746722108 ], [ -96.694702997725059, 40.822487273450172 ], [ -96.694700747333897, 40.822485800115707 ], [ -96.694698497016859, 40.822484326724627 ], [ -96.694696246765972, 40.822482853283063 ], [ -96.694693996572283, 40.822481379797843 ], [ -96.69469174642667, 40.822479906275909 ], [ -96.694689496320009, 40.822478432724274 ], [ -96.694687246243163, 40.822476959149881 ], [ -96.694684996186979, 40.822475485559757 ], [ -96.694682746142334, 40.822474011960836 ], [ -96.694680496100091, 40.822472538360131 ], [ -96.694678246051112, 40.822471064764606 ], [ -96.694675995986159, 40.822469591181296 ], [ -96.694673745895628, 40.822468117617575 ], [ -96.694671495769782, 40.822466644080862 ], [ -96.694669245598931, 40.822465170578575 ], [ -96.694666995373339, 40.822463697118131 ], [ -96.694664745083287, 40.822462223706971 ], [ -96.694662494719068, 40.822460750352469 ], [ -96.694660244270978, 40.822459277062109 ], [ -96.69465799372928, 40.822457803843285 ], [ -96.694655743084269, 40.822456330703389 ], [ -96.694653492326225, 40.822454857649895 ], [ -96.694651241445513, 40.822453384690171 ], [ -96.694648990432427, 40.82245191183155 ], [ -96.694646739277346, 40.822450439081479 ], [ -96.694644487970578, 40.82244896644729 ], [ -96.694642236502503, 40.822447493936359 ], [ -96.694639984863429, 40.822446021556104 ], [ -96.69463773304372, 40.822444549313857 ], [ -96.6946354810337, 40.822443077217038 ], [ -96.694633228823719, 40.822441605272992 ], [ -96.694630976404227, 40.822440133489032 ], [ -96.694628723766087, 40.822438661872141 ], [ -96.694626470900261, 40.822437190429198 ], [ -96.694624217797738, 40.822435719167117 ], [ -96.694621964449468, 40.822434248092776 ], [ -96.694619710846453, 40.822432777213109 ], [ -96.694617456979643, 40.822431306534959 ], [ -96.694615202840012, 40.822429836065261 ], [ -96.694612948418538, 40.8224283658109 ], [ -96.694610693706394, 40.822426895778612 ], [ -96.694608438695568, 40.822425425974544 ], [ -96.694606183378241, 40.822423956404627 ], [ -96.694603927746599, 40.82242248707486 ], [ -96.694601671792839, 40.822421017991189 ], [ -96.694599415509146, 40.822419549159584 ], [ -96.694597158887717, 40.822418080586033 ], [ -96.694594901920723, 40.822416612276477 ], [ -96.694592644600363, 40.822415144236906 ], [ -96.694590386918819, 40.822413676473261 ], [ -96.694588128868631, 40.822412208991267 ], [ -96.694585870443802, 40.822410741795501 ], [ -96.694583611638635, 40.822409274890319 ], [ -96.694581352447472, 40.822407808280019 ], [ -96.694579092864629, 40.822406341968978 ], [ -96.694576832884451, 40.822404875961467 ], [ -96.694574572501267, 40.822403410261884 ], [ -96.694572311709408, 40.8224019448745 ], [ -96.694570050503202, 40.822400479803676 ], [ -96.694567788876981, 40.82239901505374 ], [ -96.694565526825542, 40.822397550628672 ], [ -96.694563264345504, 40.822396086531022 ], [ -96.694561001434039, 40.822394622762999 ], [ -96.694558738088176, 40.822393159326829 ], [ -96.694556474305088, 40.822391696224699 ], [ -96.694554210081847, 40.822390233458847 ], [ -96.694551945415569, 40.822388771031449 ], [ -96.694549680303382, 40.822387308944741 ], [ -96.694547414742374, 40.822385847200906 ], [ -96.694545148730285, 40.822384385801683 ], [ -96.694542882267413, 40.822382924746876 ], [ -96.694540615354612, 40.822381464035772 ], [ -96.694538347992804, 40.82238000366771 ], [ -96.6945360801829, 40.822378543641982 ], [ -96.694533811925794, 40.822377083957917 ], [ -96.694531543222382, 40.822375624614814 ], [ -96.694529274073574, 40.82237416561199 ], [ -96.694527004480264, 40.822372706948748 ], [ -96.694524734443334, 40.822371248624407 ], [ -96.694522463964546, 40.822369790637666 ], [ -96.694520193048916, 40.822368332984631 ], [ -96.694517921702342, 40.822366875660869 ], [ -96.694515649930651, 40.822365418661853 ], [ -96.694513377739753, 40.822363961983108 ], [ -96.694511105135518, 40.822362505620177 ], [ -96.694508832123773, 40.822361049568549 ], [ -96.69450655871043, 40.822359593823734 ], [ -96.694504284901328, 40.822358138381269 ], [ -96.694502010702365, 40.82235668323667 ], [ -96.694499736120122, 40.822355228384886 ], [ -96.694497461164147, 40.822353773818634 ], [ -96.694495185844687, 40.822352319530076 ], [ -96.694492910172016, 40.822350865511382 ], [ -96.694490634156395, 40.822349411754679 ], [ -96.694488357808083, 40.822347958252166 ], [ -96.694486081137356, 40.822346504995984 ], [ -96.694483804154473, 40.822345051978282 ], [ -96.694481526869666, 40.822343599191228 ], [ -96.694479249293849, 40.822342146626561 ], [ -96.694476971440224, 40.822340694274125 ], [ -96.694474693322661, 40.822339242123348 ], [ -96.694472414954973, 40.822337790163651 ], [ -96.694470136351015, 40.822336338384495 ], [ -96.694467857524614, 40.822334886775302 ], [ -96.694465578489613, 40.822333435325483 ], [ -96.694463299259866, 40.822331984024459 ], [ -96.694461019849186, 40.82233053286167 ], [ -96.694458740271443, 40.822329081826581 ], [ -96.694456460540891, 40.822327630908219 ], [ -96.69445418067356, 40.822326180094372 ], [ -96.694451900685934, 40.822324729372468 ], [ -96.69444962059444, 40.822323278729947 ], [ -96.69444734041555, 40.822321828154209 ], [ -96.694445060165748, 40.822320377632678 ], [ -96.694442779861475, 40.822318927152772 ], [ -96.694440499519189, 40.822317476701954 ], [ -96.694438219155373, 40.822316026267622 ], [ -96.694435938786469, 40.822314575837197 ], [ -96.694433658429134, 40.82231312539799 ], [ -96.694431378100603, 40.822311674936778 ], [ -96.694429097818357, 40.822310224440258 ], [ -96.694426817599819, 40.822308773895109 ], [ -96.694424537462467, 40.822307323287987 ], [ -96.694422257423696, 40.822305872605575 ], [ -96.694419977500971, 40.822304421834538 ], [ -96.694417697711756, 40.82230297096158 ], [ -96.694415418073461, 40.82230151997333 ], [ -96.694413138603565, 40.822300068856478 ], [ -96.694410859319404, 40.822298617597809 ], [ -96.69440858023799, 40.822297166184264 ], [ -96.69440630137629, 40.822295714602916 ], [ -96.694404022751229, 40.822294262840849 ], [ -96.694401744379761, 40.822292810885088 ], [ -96.694399466278782, 40.82229135872273 ], [ -96.69439718846526, 40.822289906340799 ], [ -96.694394910956149, 40.822288453726408 ], [ -96.694392633768359, 40.822287000866574 ], [ -96.69439035691849, 40.822285547748614 ], [ -96.694388080421845, 40.822284094360874 ], [ -96.694385804293375, 40.822282640691924 ], [ -96.694383528548016, 40.822281186730343 ], [ -96.694381253200731, 40.822279732464708 ], [ -96.694378978266457, 40.822278277883605 ], [ -96.69437670376017, 40.822276822975603 ], [ -96.694374429696779, 40.822275367729304 ], [ -96.694372156091262, 40.822273912133248 ], [ -96.694369882958568, 40.822272456176066 ], [ -96.694367610313037, 40.822270999846779 ], [ -96.694365338166492, 40.822269543136336 ], [ -96.694363066530201, 40.822268086036154 ], [ -96.694360795415363, 40.822266628537641 ], [ -96.694358524833262, 40.822265170632228 ], [ -96.694356254795096, 40.822263712311333 ], [ -96.694353985312119, 40.822262253566372 ], [ -96.694351716395545, 40.822260794388747 ], [ -96.694349448056641, 40.822259334769903 ], [ -96.694347180306622, 40.822257874701229 ], [ -96.694344913155959, 40.822256414174745 ], [ -96.694342646612114, 40.822254953184739 ], [ -96.694340380681808, 40.82225349172608 ], [ -96.694338115371721, 40.822252029793674 ], [ -96.694335850688574, 40.822250567382412 ], [ -96.694333586639061, 40.822249104487128 ], [ -96.694331323229861, 40.822247641102749 ], [ -96.694329060467709, 40.822246177224116 ], [ -96.694326798359299, 40.822244712846135 ], [ -96.694324536910443, 40.822243247964352 ], [ -96.694322276123543, 40.822241782576938 ], [ -96.694320016000077, 40.82224031668278 ], [ -96.694317756541551, 40.822238850280662 ], [ -96.694315497749471, 40.822237383369519 ], [ -96.694313239625345, 40.822235915948163 ], [ -96.694310982170663, 40.822234448015415 ], [ -96.694308725386961, 40.822232979570188 ], [ -96.694306469275702, 40.822231510611296 ], [ -96.694304213838393, 40.822230041137594 ], [ -96.694301959075645, 40.822228571148671 ], [ -96.69429970498436, 40.822227100646806 ], [ -96.694297451560544, 40.822225629635142 ], [ -96.694295198800205, 40.822224158116654 ], [ -96.694292946699349, 40.822222686094435 ], [ -96.694290695253969, 40.822221213571517 ], [ -96.694288444460085, 40.822219740550963 ], [ -96.69428619431369, 40.822218267035844 ], [ -96.694283944810778, 40.822216793029185 ], [ -96.694281695947382, 40.822215318534049 ], [ -96.694279447718799, 40.822213843554003 ], [ -96.694277200117625, 40.822212368094732 ], [ -96.694274953135775, 40.822210892162396 ], [ -96.694272706765133, 40.822209415763176 ], [ -96.6942704609976, 40.822207938903276 ], [ -96.694268215825105, 40.82220646158887 ], [ -96.694265971239545, 40.822204983826154 ], [ -96.694263727232808, 40.822203505621296 ], [ -96.694261483796808, 40.822202026980484 ], [ -96.694259240923003, 40.822200547910271 ], [ -96.694256998600892, 40.822199068418627 ], [ -96.694254756819575, 40.822197588513916 ], [ -96.694252515568138, 40.822196108204473 ], [ -96.694250274835639, 40.822194627498639 ], [ -96.694248034611149, 40.822193146404778 ], [ -96.694245794883741, 40.822191664931232 ], [ -96.694243555642501, 40.822190183086335 ], [ -96.694241316876486, 40.822188700878456 ], [ -96.694239078574782, 40.822187218315918 ], [ -96.694236840726191, 40.822185735407288 ], [ -96.694234603318478, 40.822184252161911 ], [ -96.694232366339136, 40.822182768589343 ], [ -96.694230129775619, 40.822181284699134 ], [ -96.694227893615462, 40.822179800500855 ], [ -96.694225657846133, 40.82217831600407 ], [ -96.69422342245511, 40.822176831218307 ], [ -96.694221187429918, 40.822175346153145 ], [ -96.694218952758007, 40.822173860818133 ], [ -96.694216718426887, 40.822172375222827 ], [ -96.694214484424037, 40.822170889376785 ], [ -96.694212250736882, 40.822169403289635 ], [ -96.694210017352859, 40.822167916970947 ], [ -96.69420778425939, 40.822166430430364 ], [ -96.694205551443901, 40.822164943677436 ], [ -96.694203318893798, 40.822163456721846 ], [ -96.694201086596522, 40.822161969573123 ], [ -96.694198854539493, 40.822160482240911 ], [ -96.694196622710152, 40.822158994734842 ], [ -96.69419439109609, 40.822157507064333 ], [ -96.694192159685684, 40.8221560192383 ], [ -96.694189928467495, 40.82215453126544 ], [ -96.694187697430095, 40.822153043154536 ], [ -96.694185466562047, 40.822151554914292 ], [ -96.694183235851895, 40.822150066553455 ], [ -96.694181005288229, 40.822148578080771 ], [ -96.694178774859594, 40.822147089504966 ], [ -96.694176544554537, 40.822145600834794 ], [ -96.694174314361661, 40.822144112078973 ], [ -96.69417208426988, 40.822142623245938 ], [ -96.694169854269674, 40.822141134342992 ], [ -96.694167624351934, 40.822139645377099 ], [ -96.694165394507507, 40.82213815635523 ], [ -96.694163164727257, 40.822136667284383 ], [ -96.69416093500206, 40.8221351781715 ], [ -96.694158705322778, 40.822133689023595 ], [ -96.694156475680273, 40.822132199847623 ], [ -96.694154246065409, 40.822130710650562 ], [ -96.694152016469047, 40.822129221439425 ], [ -96.694149786882519, 40.822127732220792 ], [ -96.694147557298905, 40.822126242999957 ], [ -96.694145327711752, 40.822124753781878 ], [ -96.694143098114608, 40.822123264571466 ], [ -96.694140868501009, 40.822121775373674 ], [ -96.694138638864516, 40.822120286193396 ], [ -96.694136409198649, 40.822118797035586 ], [ -96.69413417949697, 40.822117307905181 ], [ -96.694131949753, 40.822115818807099 ], [ -96.694129719960756, 40.822114329745943 ], [ -96.694127490115989, 40.822112840724969 ], [ -96.694125260214889, 40.822111351747019 ], [ -96.694123030253678, 40.822109862815047 ], [ -96.694120800228532, 40.822108373931933 ], [ -96.694118570135686, 40.822106885100574 ], [ -96.694116339971345, 40.822105396323892 ], [ -96.694114109731686, 40.822103907604749 ], [ -96.69411187941293, 40.822102418946073 ], [ -96.694109649011267, 40.822100930350764 ], [ -96.694107418523231, 40.822099441821486 ], [ -96.694105187946604, 40.822097953359886 ], [ -96.694102957279469, 40.82209646496748 ], [ -96.69410072651992, 40.822094976645701 ], [ -96.694098495666054, 40.822093488396028 ], [ -96.694096264715952, 40.822092000219875 ], [ -96.694094033667739, 40.822090512118727 ], [ -96.694091802519466, 40.822089024094034 ], [ -96.694089571269245, 40.822087536147244 ], [ -96.694087339915171, 40.822086048279829 ], [ -96.694085108455283, 40.822084560493288 ], [ -96.694082876887379, 40.822083072789297 ], [ -96.694080645209183, 40.822081585169592 ], [ -96.694078413418438, 40.82208009763589 ], [ -96.694076181512912, 40.822078610189912 ], [ -96.694073949490303, 40.822077122833406 ], [ -96.694071717348379, 40.82207563556809 ], [ -96.694069485084867, 40.822074148395664 ], [ -96.694067252697508, 40.822072661317897 ], [ -96.694065020183601, 40.82207117433682 ], [ -96.694062787538741, 40.82206968745583 ], [ -96.694060554758067, 40.822068200678622 ], [ -96.694058321836707, 40.822066714008919 ], [ -96.694056088769798, 40.822065227450423 ], [ -96.694053855552511, 40.822063741006843 ], [ -96.694051622179956, 40.822062254681924 ], [ -96.694049388647301, 40.822060768479318 ], [ -96.694047154949672, 40.822059282402769 ], [ -96.694044921082224, 40.822057796456001 ], [ -96.694042687039442, 40.822056310643198 ], [ -96.694040452813269, 40.822054824970515 ], [ -96.694038218394951, 40.822053339444643 ], [ -96.694035983775791, 40.822051854072221 ], [ -96.694033748947064, 40.822050368859941 ], [ -96.694031513900057, 40.822048883814439 ], [ -96.694029278626019, 40.822047398942395 ], [ -96.694027043116265, 40.822045914250431 ], [ -96.694024807362069, 40.822044429745276 ], [ -96.694022571354679, 40.82204294543353 ], [ -96.694020335084801, 40.822041461322357 ], [ -96.694018098540667, 40.822039977420715 ], [ -96.694015861709914, 40.822038493738049 ], [ -96.694013624580165, 40.822037010283829 ], [ -96.694011387139099, 40.82203552706747 ], [ -96.694009149374324, 40.822034044098416 ], [ -96.694006911273462, 40.822032561386116 ], [ -96.694004672824192, 40.822031078940036 ], [ -96.694002434014109, 40.822029596769582 ], [ -96.69400019483038, 40.822028114884617 ], [ -96.693997955258013, 40.822026633296566 ], [ -96.693995715281574, 40.822025152017204 ], [ -96.693993474885573, 40.822023671058368 ], [ -96.69399123405455, 40.822022190431909 ], [ -96.693988992773043, 40.822020710149573 ], [ -96.693986751025591, 40.822019230223219 ], [ -96.693984508796703, 40.822017750664678 ], [ -96.693982266070961, 40.82201627148573 ], [ -96.693980022832847, 40.822014792698205 ], [ -96.693977779066543, 40.822013314314184 ], [ -96.693975534754713, 40.822011836346938 ], [ -96.693973289879608, 40.822010358810012 ], [ -96.693971044423535, 40.822008881716911 ], [ -96.693968798368772, 40.822007405081195 ], [ -96.693966551697585, 40.822005928916397 ], [ -96.693964304392267, 40.822004453236033 ], [ -96.693962056435069, 40.822002978053675 ], [ -96.693959807808312, 40.822001503382836 ], [ -96.693957558494247, 40.822000029237053 ], [ -96.693955308475068, 40.821998555629953 ], [ -96.693953057732529, 40.821997082575471 ], [ -96.69395080624831, 40.821995610087562 ], [ -96.693948554004052, 40.821994138180308 ], [ -96.693946300981452, 40.821992666867637 ], [ -96.693944047162148, 40.821991196163594 ], [ -96.693941792527824, 40.821989726082215 ], [ -96.693939537060132, 40.821988256637454 ], [ -96.693937280740755, 40.821986787843329 ], [ -96.69393502355156, 40.821985319713676 ], [ -96.69393276547531, 40.821983852261695 ], [ -96.693930506494951, 40.821982385500391 ], [ -96.693928246593501, 40.821980919442744 ], [ -96.693925985753864, 40.821979454101808 ], [ -96.693923723959045, 40.821977989490563 ], [ -96.693921461192005, 40.821976525622034 ], [ -96.693919197435704, 40.821975062509225 ], [ -96.693916932673119, 40.821973600165158 ], [ -96.693914666887224, 40.82197213860281 ], [ -96.693912400061606, 40.821970677834763 ], [ -96.69391013218241, 40.821969217871562 ], [ -96.69390786323639, 40.821967758723346 ], [ -96.693905593210317, 40.821966300400213 ], [ -96.693903322090961, 40.821964842912244 ], [ -96.693901049865076, 40.821963386269616 ], [ -96.693898776519433, 40.821961930482381 ], [ -96.693896502040815, 40.821960475560665 ], [ -96.693894226415949, 40.821959021514601 ], [ -96.693891949631634, 40.821957568354257 ], [ -96.693889671675791, 40.821956116088884 ], [ -96.693887392541058, 40.821954664724096 ], [ -96.693885112221253, 40.82195321426461 ], [ -96.693882830710152, 40.82195176471518 ], [ -96.693880548001601, 40.821950316080517 ], [ -96.693878264089363, 40.821948868365368 ], [ -96.69387597896727, 40.821947421574464 ], [ -96.693873692629126, 40.821945975712545 ], [ -96.693871405068734, 40.8219445307843 ], [ -96.693869116279885, 40.821943086794533 ], [ -96.693866826257974, 40.821941643746733 ], [ -96.693864535004735, 40.821940201639556 ], [ -96.693862242523409, 40.821938760470545 ], [ -96.69385994881732, 40.821937320237154 ], [ -96.693857653889722, 40.821935880936913 ], [ -96.693855357743942, 40.821934442567262 ], [ -96.693853060383248, 40.821933005125715 ], [ -96.693850761810921, 40.821931568609756 ], [ -96.69384846203026, 40.821930133016885 ], [ -96.693846161046508, 40.821928698343093 ], [ -96.693843858872697, 40.821927264578399 ], [ -96.693841555523846, 40.82192583171134 ], [ -96.69383925101495, 40.821924399730463 ], [ -96.693836945361028, 40.821922968624314 ], [ -96.693834638577087, 40.821921538381403 ], [ -96.693832330678106, 40.821920108990298 ], [ -96.693830021679105, 40.821918680439552 ], [ -96.693827711595077, 40.821917252717661 ], [ -96.693825400441028, 40.821915825813193 ], [ -96.693823088234026, 40.821914399713087 ], [ -96.693820774999239, 40.82191297439816 ], [ -96.693818460763922, 40.82191154984757 ], [ -96.693816145555274, 40.8219101260405 ], [ -96.693813829400568, 40.821908702956179 ], [ -96.693811512327031, 40.821907280573761 ], [ -96.69380919436189, 40.821905858872491 ], [ -96.693806875532388, 40.82190443783152 ], [ -96.693804555865739, 40.82190301743006 ], [ -96.693802235389214, 40.821901597647319 ], [ -96.693799914131475, 40.821900178461355 ], [ -96.693797592127069, 40.821898759845809 ], [ -96.693795269411979, 40.821897341773173 ], [ -96.693792946022214, 40.821895924215958 ], [ -96.693790621993756, 40.821894507146681 ], [ -96.693788297362588, 40.821893090537827 ], [ -96.693785972164704, 40.821891674361908 ], [ -96.693783646436103, 40.821890258591438 ], [ -96.693781320212764, 40.821888843198934 ], [ -96.693778993531581, 40.821887428156209 ], [ -96.693776666432967, 40.821886013432383 ], [ -96.693774338958249, 40.821884598995901 ], [ -96.693772011148724, 40.821883184815192 ], [ -96.693769683045744, 40.821881770858703 ], [ -96.693767354690578, 40.821880357094877 ], [ -96.693765026124552, 40.821878943492159 ], [ -96.693762697388991, 40.821877530018966 ], [ -96.693760368525218, 40.82187611664375 ], [ -96.693758039574533, 40.821874703334984 ], [ -96.693755710578515, 40.821873290060857 ], [ -96.693753381579739, 40.821871876788855 ], [ -96.693751052621067, 40.821870463486277 ], [ -96.693748723745358, 40.821869050120341 ], [ -96.693746394995429, 40.821867636658347 ], [ -96.693744066414169, 40.821866223067552 ], [ -96.693741738044395, 40.821864809315237 ], [ -96.693739409928952, 40.821863395368666 ], [ -96.693737082110701, 40.821861981195092 ], [ -96.693734754632501, 40.821860566761785 ], [ -96.693732427536744, 40.821859152036403 ], [ -96.693730100864144, 40.821857736987745 ], [ -96.693727774655002, 40.821856321585116 ], [ -96.693725448949564, 40.821854905797743 ], [ -96.693723123788132, 40.821853489594837 ], [ -96.693720799210965, 40.821852072945646 ], [ -96.693718475258365, 40.821850655819397 ], [ -96.693716151970563, 40.821849238185308 ], [ -96.693713829387889, 40.821847820012636 ], [ -96.693711507549565, 40.821846401271372 ], [ -96.693709186490793, 40.82184498193466 ], [ -96.693706866245734, 40.82184356197638 ], [ -96.693704546848565, 40.821842141370446 ], [ -96.69370222833345, 40.821840720090748 ], [ -96.693699910734523, 40.821839298111186 ], [ -96.693697594086004, 40.821837875405663 ], [ -96.693695278422027, 40.821836451948101 ], [ -96.693692963776755, 40.82183502771236 ], [ -96.693690650184365, 40.821833602672378 ], [ -96.693688337677429, 40.821832176803255 ], [ -96.693686026281995, 40.821830750085098 ], [ -96.693683716022562, 40.821829322499163 ], [ -96.693681406923602, 40.821827894026811 ], [ -96.6936790990096, 40.82182646464932 ], [ -96.693676792304998, 40.821825034347974 ], [ -96.693674486834283, 40.821823603104114 ], [ -96.693672182621953, 40.821822170899033 ], [ -96.69366987969245, 40.821820737714006 ], [ -96.693667578070261, 40.821819303530383 ], [ -96.69366527777818, 40.821817868330733 ], [ -96.69366297883218, 40.821816432102835 ], [ -96.693660681246612, 40.821814994835748 ], [ -96.693658385035775, 40.821813556518542 ], [ -96.693656090213992, 40.821812117140304 ], [ -96.693653796795587, 40.821810676690063 ], [ -96.693651504794857, 40.821809235156877 ], [ -96.693649214226127, 40.821807792529839 ], [ -96.693646925103707, 40.821806348798013 ], [ -96.693644637440428, 40.82180490395158 ], [ -96.693642351243099, 40.821803457985375 ], [ -96.69364006651702, 40.821802010895311 ], [ -96.693637783267519, 40.821800562677318 ], [ -96.693635501499912, 40.821799113327366 ], [ -96.6936332212195, 40.821797662841369 ], [ -96.693630942431597, 40.821796211215307 ], [ -96.693628665141546, 40.821794758445058 ], [ -96.693626389354634, 40.821793304526615 ], [ -96.693624115076176, 40.821791849455913 ], [ -96.69362184231062, 40.821790393229563 ], [ -96.693619571058804, 40.821788935846875 ], [ -96.693617301320756, 40.821787477307879 ], [ -96.693615033096435, 40.821786017612602 ], [ -96.69361276638584, 40.82178455676101 ], [ -96.693610501188957, 40.821783094753179 ], [ -96.693608237505771, 40.82178163158904 ], [ -96.693605975336268, 40.821780167268649 ], [ -96.693603714680449, 40.821778701792013 ], [ -96.693601455538271, 40.821777235159139 ], [ -96.693599197909563, 40.821775767370191 ], [ -96.693596941793416, 40.821774298425808 ], [ -96.693594687188721, 40.821772828326893 ], [ -96.693592434094398, 40.821771357074255 ], [ -96.693590182509354, 40.821769884668726 ], [ -96.693587932432465, 40.821768411111137 ], [ -96.693585683862665, 40.821766936402327 ], [ -96.69358343679886, 40.821765460543169 ], [ -96.693581191239957, 40.821763983534453 ], [ -96.693578947184932, 40.821762505376967 ], [ -96.693576704633202, 40.821761026071158 ], [ -96.693574463584184, 40.821759545617461 ], [ -96.693572224037368, 40.821758064016272 ], [ -96.693569985992255, 40.821756581267977 ], [ -96.693567749448277, 40.82175509737305 ], [ -96.693565514404924, 40.821753612331811 ], [ -96.693563280861653, 40.821752126144709 ], [ -96.693561048817941, 40.821750638812148 ], [ -96.693558818273232, 40.821749150334526 ], [ -96.693556589227185, 40.821747660712148 ], [ -96.693554361679958, 40.821746169944852 ], [ -96.693552135631876, 40.821744678032424 ], [ -96.693549911083281, 40.821743184974558 ], [ -96.693547688034485, 40.821741690771056 ], [ -96.69354546648583, 40.821740195421626 ], [ -96.693543246437656, 40.821738698926048 ], [ -96.693541027890262, 40.821737201284066 ], [ -96.693538810844018, 40.821735702495388 ], [ -96.693536595299221, 40.821734202559824 ], [ -96.693534381256228, 40.821732701477082 ], [ -96.693532168715421, 40.821731199246848 ], [ -96.693529957677256, 40.821729695868804 ], [ -96.693527748142131, 40.821728191342643 ], [ -96.693525540110429, 40.821726685668033 ], [ -96.693523333582633, 40.82172517884468 ], [ -96.693521128559112, 40.821723670872231 ], [ -96.693518925040308, 40.821722161750394 ], [ -96.693516723026619, 40.821720651478827 ], [ -96.693514522518271, 40.82171914005739 ], [ -96.693512323514625, 40.821717627486564 ], [ -96.693510126014829, 40.821716113766996 ], [ -96.693507930018029, 40.821714598899334 ], [ -96.693505735523416, 40.821713082884202 ], [ -96.693503542530109, 40.821711565722254 ], [ -96.693501351037284, 40.821710047414165 ], [ -96.693499161044073, 40.821708527960539 ], [ -96.693496972549667, 40.821707007362058 ], [ -96.693494785553213, 40.821705485619333 ], [ -96.693492600053318, 40.821703962733402 ], [ -96.693490416046643, 40.821702438706886 ], [ -96.693488233529251, 40.821700913542728 ], [ -96.693486052497292, 40.821699387243925 ], [ -96.693483872946842, 40.821697859813426 ], [ -96.693481694873995, 40.821696331254259 ], [ -96.69347951827487, 40.821694801569329 ], [ -96.69347734314556, 40.821693270761685 ], [ -96.693475169482184, 40.821691738834261 ], [ -96.693472997280836, 40.821690205790048 ], [ -96.693470826536952, 40.821688671632501 ], [ -96.693468657243287, 40.821687136367203 ], [ -96.693466489391909, 40.821685600000201 ], [ -96.693464322974918, 40.821684062537493 ], [ -96.693462157984399, 40.821682523985181 ], [ -96.693459994412422, 40.821680984349292 ], [ -96.69345783225107, 40.821679443635858 ], [ -96.693455671492444, 40.821677901850933 ], [ -96.693453512128613, 40.821676359000584 ], [ -96.693451354150923, 40.82167481509142 ], [ -96.693449197547679, 40.821673270132344 ], [ -96.693447042306474, 40.821671724132869 ], [ -96.693444888414888, 40.821670177102455 ], [ -96.693442735860515, 40.821668629050627 ], [ -96.693440584630906, 40.821667079986845 ], [ -96.693438434713656, 40.821665529920601 ], [ -96.693436286096343, 40.821663978861388 ], [ -96.693434138766534, 40.821662426818676 ], [ -96.693431992711837, 40.821660873801996 ], [ -96.693429847919177, 40.821659319821265 ], [ -96.693427704373008, 40.8216577648884 ], [ -96.6934255620572, 40.821656209015714 ], [ -96.69342342095554, 40.821654652215585 ], [ -96.693421281051897, 40.821653094500348 ], [ -96.693419142330072, 40.821651535882374 ], [ -96.69341700477392, 40.821649976373976 ], [ -96.693414868367256, 40.821648415987539 ], [ -96.693412733093922, 40.821646854735398 ], [ -96.693410598937731, 40.821645292629917 ], [ -96.693408465882499, 40.821643729683466 ], [ -96.69340633391181, 40.821642165908614 ], [ -96.693404203009166, 40.821640601317881 ], [ -96.693402073158168, 40.821639035923866 ], [ -96.693399944342346, 40.821637469739144 ], [ -96.693397816545215, 40.821635902776272 ], [ -96.693395689750346, 40.821634335047833 ], [ -96.693393563941271, 40.821632766566381 ], [ -96.693391439101546, 40.821631197344495 ], [ -96.693389315215299, 40.821629627394302 ], [ -96.693387192269185, 40.821628056725984 ], [ -96.693385070250372, 40.821626485349356 ], [ -96.693382949146113, 40.821624913274157 ], [ -96.693380828943603, 40.821623340510143 ], [ -96.693378709630053, 40.8216217670671 ], [ -96.693376591192703, 40.821620192954754 ], [ -96.693374473618775, 40.821618618182931 ], [ -96.693372356895452, 40.821617042761368 ], [ -96.693370241009973, 40.821615466699804 ], [ -96.693368125950641, 40.8216138900072 ], [ -96.693366011710026, 40.821612312689226 ], [ -96.693363898281817, 40.82161073475072 ], [ -96.693361785659633, 40.821609156196509 ], [ -96.693359673837193, 40.821607577031436 ], [ -96.693357562808131, 40.821605997260363 ], [ -96.693355452566109, 40.821604416888093 ], [ -96.693353343104818, 40.821602835919485 ], [ -96.693351234417889, 40.821601254359379 ], [ -96.693349126499015, 40.821599672212606 ], [ -96.693347019343236, 40.821598089482947 ], [ -96.693344912951119, 40.821596506169982 ], [ -96.693342807324612, 40.821594922272219 ], [ -96.693340702465662, 40.821593337788151 ], [ -96.693338598376229, 40.821591752716287 ], [ -96.693336495058276, 40.821590167055163 ], [ -96.693334392513719, 40.821588580803265 ], [ -96.693332290744536, 40.821586993959123 ], [ -96.693330189752686, 40.821585406521216 ], [ -96.693328089540103, 40.821583818488087 ], [ -96.693325990110168, 40.821582229857121 ], [ -96.693323891471948, 40.821580640621427 ], [ -96.693321793635931, 40.821579050772975 ], [ -96.693319696612591, 40.82157746030375 ], [ -96.693317600412442, 40.821575869205759 ], [ -96.693315505045973, 40.821574277470965 ], [ -96.693313410523643, 40.821572685091368 ], [ -96.693311316855969, 40.82157109205896 ], [ -96.693309224053451, 40.821569498365719 ], [ -96.693307132128012, 40.821567904002499 ], [ -96.693305041097602, 40.821566308955639 ], [ -96.693302950981604, 40.8215647132103 ], [ -96.693300861799386, 40.821563116751697 ], [ -96.693298773570334, 40.821561519565016 ], [ -96.693296686313843, 40.821559921635448 ], [ -96.693294600049313, 40.821558322948178 ], [ -96.693292514796113, 40.821556723488385 ], [ -96.693290430573626, 40.821555123241296 ], [ -96.69328834740125, 40.82155352219209 ], [ -96.693286265299946, 40.821551920324723 ], [ -96.693284184296957, 40.821550317618389 ], [ -96.693282104421101, 40.821548714051126 ], [ -96.693280025701199, 40.821547109600871 ], [ -96.693277948166084, 40.821545504245606 ], [ -96.693275871844563, 40.821543897963338 ], [ -96.693273796765453, 40.82154229073204 ], [ -96.69327172295759, 40.821540682529665 ], [ -96.693269650449778, 40.821539073334264 ], [ -96.693267579270852, 40.821537463123761 ], [ -96.693265509450825, 40.821535851875268 ], [ -96.693263441024527, 40.821534239562133 ], [ -96.693261374027983, 40.821532626156895 ], [ -96.693259308497232, 40.82153101163199 ], [ -96.693257244468271, 40.821529395959914 ], [ -96.693255181977136, 40.821527779113147 ], [ -96.693253121059868, 40.821526161064163 ], [ -96.693251061752491, 40.82152454178545 ], [ -96.693249004091001, 40.821522921249461 ], [ -96.693246948112176, 40.821521299428191 ], [ -96.693244893855493, 40.821519676291416 ], [ -96.693242841361169, 40.821518051808418 ], [ -96.693240790669435, 40.821516425948495 ], [ -96.693238741820508, 40.821514798680909 ], [ -96.693236694854605, 40.821513169974956 ], [ -96.693234649811913, 40.821511539799893 ], [ -96.693232606732693, 40.82150990812503 ], [ -96.693230565657132, 40.821508274919594 ], [ -96.693228526625461, 40.821506640152933 ], [ -96.693226489677571, 40.821505003794499 ], [ -96.693224454852185, 40.82150336581477 ], [ -96.693222422187674, 40.821501726184401 ], [ -96.693220391722434, 40.821500084874074 ], [ -96.69321836349485, 40.821498441854473 ], [ -96.693216337543305, 40.821496797096259 ], [ -96.693214313906211, 40.821495150570129 ], [ -96.693212292621922, 40.821493502246732 ], [ -96.69321027372888, 40.821491852096749 ], [ -96.693208257265425, 40.821490200090857 ], [ -96.693206243268151, 40.821488546201117 ], [ -96.693204231766344, 40.821486890405154 ], [ -96.693202222787477, 40.821485232681994 ], [ -96.693200216359031, 40.821483573010632 ], [ -96.693198212508477, 40.821481911370107 ], [ -96.693196211263256, 40.821480247739423 ], [ -96.69319421265088, 40.821478582097583 ], [ -96.693192216698819, 40.821476914423585 ], [ -96.693190223434513, 40.821475244696487 ], [ -96.693188232881909, 40.821473572898007 ], [ -96.693186245050711, 40.821471899020707 ], [ -96.693184259947088, 40.821470223059876 ], [ -96.693182277577193, 40.821468545010823 ], [ -96.693180297947222, 40.821466864868825 ], [ -96.693178321063286, 40.82146518262919 ], [ -96.693176346931608, 40.821463498287208 ], [ -96.6931743755583, 40.821461811838141 ], [ -96.693172406949543, 40.821460123277333 ], [ -96.693170441111505, 40.821458432600032 ], [ -96.693168478045934, 40.821456739804923 ], [ -96.693166517736955, 40.821455044904113 ], [ -96.693164560164291, 40.821453347913128 ], [ -96.69316260530762, 40.82145164884745 ], [ -96.693160653146705, 40.821449947722563 ], [ -96.693158703661226, 40.821448244553999 ], [ -96.693156756830902, 40.821446539357225 ], [ -96.693154812635441, 40.821444832147733 ], [ -96.693152871054565, 40.821443122941034 ], [ -96.693150932067994, 40.821441411752637 ], [ -96.693148995651839, 40.821439698600756 ], [ -96.69314706176786, 40.821437983514649 ], [ -96.693145130374248, 40.821436266526192 ], [ -96.693143201429166, 40.821434547667387 ], [ -96.693141274890777, 40.82143282697016 ], [ -96.693139350717288, 40.821431104466477 ], [ -96.693137428866834, 40.821429380188299 ], [ -96.693135509297605, 40.82142765416755 ], [ -96.693133591967793, 40.821425926436191 ], [ -96.693131676832976, 40.821424197028144 ], [ -96.693129763838556, 40.821422465985115 ], [ -96.693127852927347, 40.821420733350791 ], [ -96.693125944042137, 40.821418999168856 ], [ -96.693124037125756, 40.821417263483021 ], [ -96.693122132121019, 40.821415526336942 ], [ -96.693120228970727, 40.821413787774311 ], [ -96.693118327617725, 40.821412047838798 ], [ -96.693116428004785, 40.821410306574123 ], [ -96.693114530074737, 40.821408564023947 ], [ -96.693112633769061, 40.821406820232973 ], [ -96.693110739023922, 40.82140507524997 ], [ -96.693108845774148, 40.821403329124735 ], [ -96.693106953954526, 40.821401581907047 ], [ -96.6931050634999, 40.821399833646716 ], [ -96.693103174345097, 40.821398084393472 ], [ -96.693101286424948, 40.821396334197189 ], [ -96.693099399674239, 40.821394583107605 ], [ -96.693097514027841, 40.821392831174514 ], [ -96.693095629420526, 40.821391078447689 ], [ -96.693093745787394, 40.821389324976757 ], [ -96.693091863064609, 40.821387570810494 ], [ -96.693089981188521, 40.821385815997473 ], [ -96.693088100095551, 40.821384060586283 ], [ -96.69308621972209, 40.82138230462553 ], [ -96.693084340004518, 40.821380548163781 ], [ -96.693082460879225, 40.82137879124965 ], [ -96.693080582282633, 40.821377033931711 ], [ -96.693078704151119, 40.821375276258529 ], [ -96.693076826422768, 40.821373518277419 ], [ -96.693074949042426, 40.821371760030537 ], [ -96.693073071956633, 40.821370001558677 ], [ -96.693071195111941, 40.821368242902729 ], [ -96.693069318454874, 40.821366484103443 ], [ -96.693067441931987, 40.821364725201754 ], [ -96.693065565489817, 40.821362966238425 ], [ -96.69306368907489, 40.821361207254341 ], [ -96.693061812633772, 40.821359448290309 ], [ -96.693059936112988, 40.821357689387199 ], [ -96.693058059462317, 40.821355930583366 ], [ -96.693056182644398, 40.821354171907302 ], [ -96.693054305625154, 40.8213524133851 ], [ -96.693052428370493, 40.821350655042757 ], [ -96.69305055084628, 40.821348896906379 ], [ -96.693048673018438, 40.821347139001986 ], [ -96.693046794852862, 40.821345381355627 ], [ -96.693044916315444, 40.821343623993357 ], [ -96.693043037372078, 40.821341866941253 ], [ -96.693041157988674, 40.821340110225329 ], [ -96.693039278134904, 40.821338353868754 ], [ -96.693037397795635, 40.821336597883096 ], [ -96.693035516959483, 40.821334842277047 ], [ -96.693033635615109, 40.821333087059287 ], [ -96.693031753751114, 40.821331332238486 ], [ -96.693029871356174, 40.821329577823334 ], [ -96.693027988418905, 40.821327823822507 ], [ -96.693026104927952, 40.82132607024468 ], [ -96.693024220903581, 40.821324317079046 ], [ -96.69302234051068, 40.821322561763175 ], [ -96.693020466513488, 40.821320802594357 ], [ -96.693018598683651, 40.821319039711305 ], [ -96.693016736792728, 40.821317273252809 ], [ -96.693014880612338, 40.821315503357596 ], [ -96.69301302991407, 40.821313730164434 ], [ -96.693011184469512, 40.821311953812071 ], [ -96.693009344050267, 40.821310174439247 ], [ -96.693007508427954, 40.821308392184712 ], [ -96.69300567737416, 40.821306607187246 ], [ -96.693003850663715, 40.821304819583077 ], [ -96.693002028084578, 40.821303029498502 ], [ -96.693000209427879, 40.82130123705732 ], [ -96.692998394484817, 40.821299442383349 ], [ -96.692996583046565, 40.821297645600346 ], [ -96.692994774904278, 40.821295846832143 ], [ -96.692992969849158, 40.821294046202524 ], [ -96.692991167672346, 40.821292243835288 ], [ -96.692989368165058, 40.821290439854238 ], [ -96.692987571118422, 40.821288634383137 ], [ -96.69298577632469, 40.82128682754503 ], [ -96.692983983580362, 40.821285019459616 ], [ -96.692982192682976, 40.821283210245817 ], [ -96.69298040343007, 40.821281400022592 ], [ -96.692978615619225, 40.821279588908844 ], [ -96.69297682904795, 40.821277777023504 ], [ -96.692975043513826, 40.82127596448553 ], [ -96.692973258814391, 40.821274151413789 ], [ -96.692971474747182, 40.821272337927255 ], [ -96.692969691108573, 40.82127052414576 ], [ -96.692967907690189, 40.821268710192726 ], [ -96.692966124282435, 40.821266896192547 ], [ -96.692964340675786, 40.821265082269584 ], [ -96.692962556660632, 40.821263268548201 ], [ -96.692960772027419, 40.821261455152758 ], [ -96.692958986566566, 40.821259642207643 ], [ -96.69295720006852, 40.821257829837172 ], [ -96.692955412323712, 40.821256018165769 ], [ -96.692953623122563, 40.821254207317736 ], [ -96.692951832252348, 40.821252397419912 ], [ -96.692950039487741, 40.821250588608642 ], [ -96.692948244600203, 40.821248781022824 ], [ -96.69294644736128, 40.821246974801234 ], [ -96.692944647542419, 40.821245170082761 ], [ -96.692942844915137, 40.821243367006161 ], [ -96.69294103925094, 40.821241565710316 ], [ -96.692939230321301, 40.821239766334017 ], [ -96.692937417897753, 40.821237969016124 ], [ -96.692935601751756, 40.821236173895429 ], [ -96.692933781651419, 40.821234381113385 ], [ -96.69293195735122, 40.821232590821822 ], [ -96.692930128602214, 40.82123080317519 ], [ -96.692928295155482, 40.821229018327884 ], [ -96.692926456762081, 40.82122723643436 ], [ -96.692924613173062, 40.821225457649078 ], [ -96.69292276413951, 40.821223682126423 ], [ -96.692920909412493, 40.82122191002086 ], [ -96.692919048743079, 40.821220141486833 ], [ -96.692917181880006, 40.82121837668052 ], [ -96.692915484309196, 40.821216780494005 ] ] } },
{ "type": "Feature", "properties": { "point_a": 204, "point_b": 205, "trip": 2, "route": "antelope_before_bend", "status": "corrected", "mode": "reviewed_spatial_assumption" }, "geometry": { "type": "LineString", "coordinates": [ [ -96.692915484309196, 40.821216780494005 ], [ -96.692915307881123, 40.821216616184756 ], [ -96.692913340787058, 40.821214912912495 ], [ -96.692911239074576, 40.821213292425249 ], [ -96.692909028645587, 40.821211738783191 ], [ -96.692906735402048, 40.82121023604649 ], [ -96.692904385245868, 40.821208768275255 ], [ -96.692902004078974, 40.82120731952967 ], [ -96.692899617803292, 40.82120587386985 ], [ -96.692897252320762, 40.821204415355993 ], [ -96.692894933532841, 40.821202928048557 ], [ -96.692892687339153, 40.821201396009485 ], [ -96.692890539638867, 40.821199803301035 ], [ -96.692888516331166, 40.821198133985455 ], [ -96.692886672105985, 40.821196354589951 ], [ -96.692885184706086, 40.82119435682209 ], [ -96.692884023977626, 40.82119215921194 ], [ -96.692883122225297, 40.821189803169709 ], [ -96.692882411753757, 40.821187330105602 ], [ -96.692881824867683, 40.821184781429778 ], [ -96.692881293873796, 40.821182198550922 ], [ -96.692880751087102, 40.821179622871263 ], [ -96.692880128824697, 40.821177095791612 ], [ -96.692879359403619, 40.821174658712643 ], [ -96.692878375141007, 40.821172353035138 ], [ -96.692877108353912, 40.821170220159821 ], [ -96.69287549135943, 40.821168301487404 ], [ -96.692875251174002, 40.82116806926809 ] ] } },
{ "type": "Feature", "properties": { "point_a": 333, "point_b": 334, "trip": 3, "route": "antelope_before_bend", "status": "corrected", "mode": "reviewed_spatial_assumption" }, "geometry": { "type": "LineString", "coordinates": [ [ -96.695980578660993, 40.82350785410771 ], [ -96.695979811801536, 40.823507151779978 ], [ -96.69597791151115, 40.823505411015034 ], [ -96.69597601157885, 40.823503670020045 ], [ -96.695974112012649, 40.823501928787429 ], [ -96.695972212820593, 40.823500187309463 ], [ -96.695970314010765, 40.823498445578473 ], [ -96.695968415591182, 40.823496703586812 ], [ -96.695966517569929, 40.823494961326801 ], [ -96.695964619959128, 40.823493218787661 ], [ -96.695962722787257, 40.823491475946064 ], [ -96.695960826086917, 40.823489732775634 ], [ -96.695958929890679, 40.823487989249934 ], [ -96.695957034231142, 40.8234862453426 ], [ -96.695955139140864, 40.823484501027181 ], [ -96.695953244652429, 40.823482756277265 ], [ -96.695951350798424, 40.823481011066505 ], [ -96.695949457611434, 40.823479265368391 ], [ -96.69594756512403, 40.823477519156611 ], [ -96.695945673369522, 40.823475772404123 ], [ -96.695943782383992, 40.823474025081907 ], [ -96.695941892204274, 40.823472277160263 ], [ -96.695940002867204, 40.823470528609562 ], [ -96.695938114409572, 40.82346877940013 ], [ -96.695936226868227, 40.823467029502332 ], [ -96.69593434027999, 40.823465278886545 ], [ -96.695932454681682, 40.823463527523089 ], [ -96.695930570110107, 40.823461775382292 ], [ -96.695928686602102, 40.823460022434581 ], [ -96.695926804192212, 40.823458268651969 ], [ -96.69592492290603, 40.823456514013394 ], [ -96.695923042766864, 40.823454758499572 ], [ -96.695921163797991, 40.823453002091171 ], [ -96.695919286022729, 40.823451244768876 ], [ -96.6959174094644, 40.823449486513319 ], [ -96.695915534146309, 40.823447727305201 ], [ -96.695913660091762, 40.823445967125195 ], [ -96.69591178732405, 40.823444205953983 ], [ -96.695909915862529, 40.823442443775264 ], [ -96.695908045710638, 40.823440680584874 ], [ -96.695906176867837, 40.823438916381761 ], [ -96.695904309333571, 40.823437151164754 ], [ -96.695902443107343, 40.823435384932736 ], [ -96.695900578188599, 40.823433617684628 ], [ -96.695898714576785, 40.823431849419329 ], [ -96.695896852271389, 40.823430080135701 ], [ -96.695894991271885, 40.823428309832629 ], [ -96.695893131577719, 40.823426538509004 ], [ -96.695891273184017, 40.823424766167051 ], [ -96.695889416068539, 40.823422992822209 ], [ -96.695887560204724, 40.823421218493301 ], [ -96.695885705565942, 40.823419443199086 ], [ -96.695883852125661, 40.823417666958356 ], [ -96.695881999857249, 40.823415889789899 ], [ -96.695880148734147, 40.823414111712523 ], [ -96.695878298729781, 40.823412332744979 ], [ -96.695876449817547, 40.823410552906068 ], [ -96.695874601970885, 40.823408772214599 ], [ -96.695872755160252, 40.823406990691595 ], [ -96.695870909344379, 40.823405208367021 ], [ -96.695869064479112, 40.823403425273149 ], [ -96.695867220548081, 40.823401641424645 ], [ -96.695865377764534, 40.823399856691566 ], [ -96.695863536155869, 40.823398071061021 ], [ -96.69586169568926, 40.823396284558079 ], [ -96.695859856331879, 40.823394497207829 ], [ -96.695858018050913, 40.82339270903536 ], [ -96.6958561808121, 40.823390920066785 ], [ -96.695854344575764, 40.823389130332473 ], [ -96.695852509300792, 40.823387339863842 ], [ -96.695850674946101, 40.823385548692201 ], [ -96.695848841470564, 40.823383756849012 ], [ -96.695847008833113, 40.823381964365645 ], [ -96.695845176992663, 40.823380171273513 ], [ -96.695843345908074, 40.823378377603973 ], [ -96.695841515538277, 40.823376583388473 ], [ -96.695839685842174, 40.82337478865837 ], [ -96.695837856778851, 40.823372993444899 ], [ -96.695836028308037, 40.823371197778897 ], [ -96.695834200389641, 40.823369401690897 ], [ -96.695832372983617, 40.823367605211573 ], [ -96.695830546049862, 40.82336580837152 ], [ -96.695828719548288, 40.823364011201328 ], [ -96.69582689343882, 40.823362213731677 ], [ -96.695825067681398, 40.82336041599315 ], [ -96.695823242235917, 40.823358618016364 ], [ -96.695821417062305, 40.823356819831922 ], [ -96.695819592121779, 40.823355021469489 ], [ -96.695817767380888, 40.823353222954601 ], [ -96.695815942807485, 40.823351424311817 ], [ -96.69581411836937, 40.823349625565719 ], [ -96.695812294034425, 40.823347826740864 ], [ -96.695810469770464, 40.823346027861831 ], [ -96.695808645545355, 40.823344228953161 ], [ -96.69580682132694, 40.823342430039439 ], [ -96.69580499708303, 40.823340631145228 ], [ -96.695803172783016, 40.823338832293928 ], [ -96.695801348402327, 40.823337033504302 ], [ -96.695799523917898, 40.823335234793994 ], [ -96.695797699306681, 40.823333436180562 ], [ -96.695795874545624, 40.823331637681655 ], [ -96.695794049611678, 40.82332983931488 ], [ -96.695792224481792, 40.823328041097824 ], [ -96.695790399132889, 40.823326243048129 ], [ -96.695788573541961, 40.823324445183367 ], [ -96.695786747685929, 40.823322647521152 ], [ -96.695784921542639, 40.823320850078453 ], [ -96.695783095093603, 40.823319052869344 ], [ -96.695781268321213, 40.823317255907348 ], [ -96.695779441207847, 40.823315459205823 ], [ -96.695777613735913, 40.823313662778276 ], [ -96.695775785887818, 40.823311866638143 ], [ -96.695773957645926, 40.823310070798875 ], [ -96.695772128992658, 40.823308275273888 ], [ -96.695770299910407, 40.823306480076717 ], [ -96.69576847038158, 40.823304685220691 ], [ -96.695766640388797, 40.823302890719141 ], [ -96.695764809915659, 40.823301096584586 ], [ -96.69576297894605, 40.823299302829369 ], [ -96.695761147463813, 40.823297509465789 ], [ -96.69575931545279, 40.823295716506195 ], [ -96.695757482896823, 40.823293923962922 ], [ -96.695755649779798, 40.823292131848348 ], [ -96.695753816085556, 40.823290340174736 ], [ -96.69575198179794, 40.823288548954473 ], [ -96.695750146900764, 40.823286758199885 ], [ -96.695748311377656, 40.823284967923513 ], [ -96.695746475212218, 40.823283178137871 ], [ -96.695744638388049, 40.823281388855492 ], [ -96.695742800888723, 40.823279600088917 ], [ -96.69574096269784, 40.823277811850701 ], [ -96.695739123798987, 40.82327602415333 ], [ -96.695737284175749, 40.823274237009393 ], [ -96.695735443811728, 40.823272450431368 ], [ -96.695733602690524, 40.823270664431853 ], [ -96.695731760795567, 40.823268879023423 ], [ -96.695729918109834, 40.823267094219162 ], [ -96.695728074616071, 40.823265310032184 ], [ -96.695726230297126, 40.823263526475628 ], [ -96.695724385135804, 40.823261743562632 ], [ -96.695722539114882, 40.823259961306348 ], [ -96.695720692217165, 40.823258179719886 ], [ -96.695718844425471, 40.823256398816405 ], [ -96.695716995722591, 40.823254618609027 ], [ -96.695715146091331, 40.823252839110886 ], [ -96.695713295514437, 40.823251060335181 ], [ -96.69571144397446, 40.823249282295237 ], [ -96.695709591453863, 40.823247505004474 ], [ -96.695707737935109, 40.823245728476238 ], [ -96.695705883400677, 40.823243952723935 ], [ -96.695704027833088, 40.823242177760925 ], [ -96.695702171214776, 40.823240403600614 ], [ -96.695700313528221, 40.823238630256398 ], [ -96.695698454755927, 40.823236857741641 ], [ -96.695696594880474, 40.823235086069644 ], [ -96.695694733884949, 40.823233315253347 ], [ -96.695692871752556, 40.823231545305539 ], [ -96.69569100846654, 40.823229776239074 ], [ -96.695689144010046, 40.823228008066771 ], [ -96.695687278366321, 40.823226240801468 ], [ -96.695685411518582, 40.823224474455962 ], [ -96.695683543450002, 40.823222709043129 ], [ -96.695681674143813, 40.823220944575752 ], [ -96.695679803583218, 40.82321918106669 ], [ -96.695677931751817, 40.823217418528451 ], [ -96.695676058634788, 40.823215656972373 ], [ -96.69567418421768, 40.823213896409484 ], [ -96.695672308486067, 40.823212136850806 ], [ -96.695670431425512, 40.82321037830738 ], [ -96.695668553021591, 40.823208620790219 ], [ -96.695666673259836, 40.823206864310343 ], [ -96.695664792125825, 40.823205108878831 ], [ -96.695662909605133, 40.823203354506632 ], [ -96.695661025683307, 40.823201601204829 ], [ -96.695659140346521, 40.823199848983975 ], [ -96.695657253583263, 40.823198097852881 ], [ -96.695655365382677, 40.823196347819824 ], [ -96.695653475733849, 40.823194598893146 ], [ -96.695651584625892, 40.823192851081153 ], [ -96.695649692047922, 40.823191104392151 ], [ -96.695647797989039, 40.823189358834505 ], [ -96.695645902438358, 40.82318761441649 ], [ -96.695644005384992, 40.823185871146443 ], [ -96.695642106818809, 40.8231841290321 ], [ -96.695640206732762, 40.823182388078848 ], [ -96.695638305120553, 40.823180648291505 ], [ -96.695636401975889, 40.823178909674859 ], [ -96.695634497292474, 40.82317717223372 ], [ -96.695632591064054, 40.823175435972892 ], [ -96.695630683284307, 40.823173700897179 ], [ -96.695628773946936, 40.82317196701139 ], [ -96.695626863045675, 40.82317023432033 ], [ -96.695624950574214, 40.8231685028288 ], [ -96.695623036527152, 40.823166772540944 ], [ -96.695621120902516, 40.823165043458239 ], [ -96.695619203699238, 40.823163315581553 ], [ -96.695617284916239, 40.823161588911681 ], [ -96.695615364552395, 40.823159863449455 ], [ -96.695613442606657, 40.823158139195712 ], [ -96.695611519077943, 40.823156416151278 ], [ -96.695609593965145, 40.823154694316969 ], [ -96.695607667267197, 40.823152973693645 ], [ -96.695605738982991, 40.823151254282109 ], [ -96.695603809112072, 40.823149536082738 ], [ -96.695601877656387, 40.823147819094018 ], [ -96.695599944618493, 40.823146103314009 ], [ -96.695598010000978, 40.823144388740758 ], [ -96.695596073806371, 40.823142675372303 ], [ -96.695594136037229, 40.823140963206683 ], [ -96.695592196696154, 40.823139252241944 ], [ -96.695590255785675, 40.823137542476132 ], [ -96.695588313308363, 40.823135833907266 ], [ -96.695586369267147, 40.823134126533162 ], [ -96.69558442366646, 40.823132420350376 ], [ -96.695582476511078, 40.823130715355298 ], [ -96.695580527805774, 40.823129011544232 ], [ -96.695578577555381, 40.823127308913556 ], [ -96.695576625764659, 40.823125607459609 ], [ -96.695574672438383, 40.823123907178712 ], [ -96.695572717581385, 40.823122208067204 ], [ -96.695570761198411, 40.823120510121441 ], [ -96.695568803294279, 40.82311881333775 ], [ -96.695566843874019, 40.823117117712314 ], [ -96.695564882943629, 40.823115423240516 ], [ -96.69556292050936, 40.823113729917587 ], [ -96.695560956577467, 40.82311203773876 ], [ -96.695558991154215, 40.823110346699231 ], [ -96.695557024245829, 40.823108656794247 ], [ -96.695555055858591, 40.823106968019054 ], [ -96.695553085998739, 40.823105280368836 ], [ -96.695551114672526, 40.823103593838809 ], [ -96.695549141886204, 40.823101908424256 ], [ -96.695547167646168, 40.823100224120232 ], [ -96.695545191959241, 40.823098540921571 ], [ -96.695543214832455, 40.823096858822844 ], [ -96.695541236272774, 40.823095177818772 ], [ -96.695539256287205, 40.823093497904011 ], [ -96.695537274882753, 40.823091819073198 ], [ -96.695535292066367, 40.823090141321011 ], [ -96.695533307845054, 40.823088464642083 ], [ -96.695531322225818, 40.823086789031116 ], [ -96.695529335215724, 40.823085114482673 ], [ -96.695527346822217, 40.823083440991091 ], [ -96.695525357052773, 40.82308176855063 ], [ -96.695523365914951, 40.82308009715554 ], [ -96.695521373416241, 40.82307842680008 ], [ -96.695519379564161, 40.823076757478539 ], [ -96.695517384366212, 40.823075089185139 ], [ -96.695515387829943, 40.82307342191416 ], [ -96.695513389962841, 40.823071755659853 ], [ -96.695511390772424, 40.823070090416479 ], [ -96.695509390266309, 40.823068426178253 ], [ -96.695507388452469, 40.823066762939021 ], [ -96.695505385338947, 40.823065100692673 ], [ -96.695503380933843, 40.823063439433042 ], [ -96.695501375245229, 40.823061779153939 ], [ -96.695499368281133, 40.823060119849217 ], [ -96.695497360049657, 40.823058461512709 ], [ -96.695495350558872, 40.823056804138254 ], [ -96.695493339816835, 40.8230551477197 ], [ -96.69549132783159, 40.823053492250843 ], [ -96.695489314611365, 40.823051837725473 ], [ -96.695487300164785, 40.823050184136974 ], [ -96.69548528450062, 40.823048531478655 ], [ -96.695483267627651, 40.823046879743764 ], [ -96.695481249554632, 40.823045228925672 ], [ -96.69547923029036, 40.823043579017629 ], [ -96.69547720984356, 40.82304193001297 ], [ -96.695475188223043, 40.82304028190498 ], [ -96.695473165437548, 40.823038634686931 ], [ -96.695471141495858, 40.823036988352179 ], [ -96.695469116406883, 40.82303534289391 ], [ -96.695467090180017, 40.823033698304926 ], [ -96.69546506282478, 40.823032054577943 ], [ -96.695463034350738, 40.823030411705687 ], [ -96.695461004767424, 40.823028769680853 ], [ -96.695458974084374, 40.823027128496157 ], [ -96.695456942311097, 40.823025488144339 ], [ -96.695454909457169, 40.823023848618078 ], [ -96.695452875532112, 40.823022209910107 ], [ -96.69545084054559, 40.823020572013071 ], [ -96.695448804507791, 40.823018934919133 ], [ -96.695446767429019, 40.823017298620442 ], [ -96.69544472931959, 40.823015663109139 ], [ -96.695442690189807, 40.823014028377322 ], [ -96.695440650050003, 40.823012394417127 ], [ -96.69543860891045, 40.823010761220679 ], [ -96.69543656678151, 40.823009128780072 ], [ -96.695434523673441, 40.823007497087495 ], [ -96.695432479596604, 40.823005866134991 ], [ -96.695430434561345, 40.823004235914674 ], [ -96.695428388578421, 40.823002606418349 ], [ -96.695426341658617, 40.823000977637768 ], [ -96.695424293812707, 40.822999349564654 ], [ -96.695422245051546, 40.822997722190777 ], [ -96.695420195385879, 40.822996095507889 ], [ -96.695418144826519, 40.822994469507748 ], [ -96.695416093384281, 40.822992844182089 ], [ -96.695414041069967, 40.822991219522663 ], [ -96.69541198789436, 40.822989595521221 ], [ -96.695409933868191, 40.822987972169571 ], [ -96.695407879002033, 40.822986349459654 ], [ -96.695405823306317, 40.822984727383485 ], [ -96.695403766791514, 40.822983105933034 ], [ -96.695401709468101, 40.822981485100357 ], [ -96.695399651346548, 40.822979864877425 ], [ -96.695397592437317, 40.822978245256238 ], [ -96.695395532750894, 40.822976626228808 ], [ -96.695393472297738, 40.822975007787129 ], [ -96.695391411088096, 40.822973389923376 ], [ -96.695389349131503, 40.822971772630282 ], [ -96.69538728643721, 40.822970155900755 ], [ -96.69538522301454, 40.822968539727668 ], [ -96.695383158872758, 40.82296692410398 ], [ -96.695381094021158, 40.82296530902255 ], [ -96.695379028469063, 40.8229636944763 ], [ -96.695376962225708, 40.822962080458154 ], [ -96.695374895300418, 40.82296046696095 ], [ -96.695372827702499, 40.822958853977653 ], [ -96.695370759440934, 40.822957241501364 ], [ -96.695368690523551, 40.822955629526078 ], [ -96.695366620957955, 40.822954018046019 ], [ -96.695364550751677, 40.822952407055425 ], [ -96.695362479912276, 40.822950796548533 ], [ -96.695360408447343, 40.822949186519523 ], [ -96.695358336364407, 40.822947576962662 ], [ -96.69535626367103, 40.822945967872144 ], [ -96.695354190374786, 40.822944359242221 ], [ -96.695352116483249, 40.822942751067096 ], [ -96.695350042003653, 40.822941143341225 ], [ -96.695347966942137, 40.822939536059948 ], [ -96.695345891304484, 40.822937929218796 ], [ -96.69534381509655, 40.822936322813355 ], [ -96.695341738324117, 40.822934716839178 ], [ -96.695339660993028, 40.822933111291803 ], [ -96.69533758310908, 40.822931506166789 ], [ -96.695335504678098, 40.822929901459737 ], [ -96.695333425705897, 40.822928297166129 ], [ -96.695331346198003, 40.822926693281815 ], [ -96.695329266158723, 40.822925089803462 ], [ -96.695327185592106, 40.822923486727994 ], [ -96.695325104502189, 40.822921884052313 ], [ -96.695323022893007, 40.822920281773364 ], [ -96.695320940768582, 40.822918679888026 ], [ -96.695318858132964, 40.822917078393267 ], [ -96.695316774990175, 40.822915477285981 ], [ -96.695314691344251, 40.822913876563064 ], [ -96.695312607199241, 40.822912276221459 ], [ -96.695310522558799, 40.82291067625836 ], [ -96.695308437425354, 40.82290907667192 ], [ -96.695306351800866, 40.822907477460625 ], [ -96.695304265687398, 40.822905878622905 ], [ -96.695302179086966, 40.822904280157225 ], [ -96.695300092001602, 40.822902682062043 ], [ -96.695298004433326, 40.822901084335811 ], [ -96.695295916384168, 40.822899486976965 ], [ -96.695293827856133, 40.822897889983963 ], [ -96.695291738851267, 40.822896293355257 ], [ -96.69528964937129, 40.822894697089552 ], [ -96.695287559416656, 40.82289310118648 ], [ -96.695285468987521, 40.822891505645927 ], [ -96.695283378084028, 40.822889910467772 ], [ -96.695281286706333, 40.822888315651902 ], [ -96.695279194854606, 40.822886721198216 ], [ -96.695277102528991, 40.822885127106559 ], [ -96.695275009729627, 40.822883533376853 ], [ -96.695272916456688, 40.822881940008955 ], [ -96.695270822709986, 40.822880347003007 ], [ -96.695268728488074, 40.822878754360133 ], [ -96.695266633789132, 40.822877162081689 ], [ -96.695264538611383, 40.822875570169046 ], [ -96.695262442953037, 40.822873978623598 ], [ -96.695260346812319, 40.822872387446672 ], [ -96.695258250187393, 40.822870796639663 ], [ -96.695256153076514, 40.822869206203926 ], [ -96.695254055477889, 40.82286761614084 ], [ -96.695251957389686, 40.822866026451784 ], [ -96.695249858809788, 40.822864437138364 ], [ -96.695247759734599, 40.822862848203336 ], [ -96.695245660160211, 40.822861259649727 ], [ -96.695243560082659, 40.822859671480515 ], [ -96.695241459498007, 40.822858083698712 ], [ -96.695239358402318, 40.822856496307331 ], [ -96.695237256791657, 40.822854909309399 ], [ -96.6952351546621, 40.822853322707893 ], [ -96.695233052009684, 40.822851736505839 ], [ -96.695230948830485, 40.822850150706245 ], [ -96.695228845120255, 40.822848565312341 ], [ -96.695226740873565, 40.822846980328272 ], [ -96.695224636084689, 40.822845395758463 ], [ -96.69522253074787, 40.82284381160725 ], [ -96.695220424857368, 40.822842227879043 ], [ -96.69521831840747, 40.8228406445782 ], [ -96.69521621139242, 40.822839061709132 ], [ -96.695214103806478, 40.822837479276181 ], [ -96.69521199564393, 40.822835897283795 ], [ -96.695209886898795, 40.822834315736451 ], [ -96.695207777564292, 40.822832734639377 ], [ -96.695205667633445, 40.822831153997917 ], [ -96.695203557099234, 40.822829573817394 ], [ -96.695201445954652, 40.822827994103172 ], [ -96.695199334192708, 40.822826414860607 ], [ -96.69519722180641, 40.822824836095059 ], [ -96.695195108788738, 40.822823257811812 ], [ -96.695192995132714, 40.822821680016283 ], [ -96.695190880831319, 40.82282010271377 ], [ -96.695188765877461, 40.822818525909746 ], [ -96.695186650263778, 40.822816949609802 ], [ -96.69518453398274, 40.822815373819687 ], [ -96.695182417026899, 40.822813798545099 ], [ -96.695180299388753, 40.822812223791786 ], [ -96.695178181060811, 40.822810649565433 ], [ -96.6951760620356, 40.822809075871781 ], [ -96.69517394230563, 40.822807502716529 ], [ -96.695171821863426, 40.822805930105417 ], [ -96.695169700701484, 40.822804358044152 ], [ -96.695167578812345, 40.822802786538425 ], [ -96.69516545618859, 40.822801215593927 ], [ -96.695163332822844, 40.822799645216271 ], [ -96.695161208707702, 40.822798075411143 ], [ -96.695159083835762, 40.822796506184147 ], [ -96.695156958199647, 40.822794937540984 ], [ -96.695154831791939, 40.822793369487272 ], [ -96.695152704605249, 40.822791802028647 ], [ -96.695150576632201, 40.822790235170793 ], [ -96.695148447865435, 40.822788668919301 ], [ -96.695146318297745, 40.82278710327968 ], [ -96.695144187922011, 40.822785538257371 ], [ -96.6951420567311, 40.822783973857817 ], [ -96.695139924717864, 40.822782410086482 ], [ -96.695137791875155, 40.822780846948852 ], [ -96.695135658195838, 40.822779284450327 ], [ -96.695133523672766, 40.822777722596392 ], [ -96.69513138829879, 40.822776161392497 ], [ -96.695129252066806, 40.822774600844106 ], [ -96.695127114969694, 40.822773040956591 ], [ -96.69512497700056, 40.822771481735302 ], [ -96.695122838152542, 40.822769923185405 ], [ -96.695120698418805, 40.822768365312172 ], [ -96.695118557792497, 40.822766808120832 ], [ -96.695116416266742, 40.822765251616609 ], [ -96.695114273834704, 40.822763695804746 ], [ -96.69511213048952, 40.822762140690465 ], [ -96.695109986224367, 40.822760586279017 ], [ -96.695107841032353, 40.822759032575625 ], [ -96.695105694906687, 40.822757479585505 ], [ -96.695103547840688, 40.822755927313743 ], [ -96.695101399827735, 40.822754375765413 ], [ -96.695099250861205, 40.822752824945553 ], [ -96.695097100934447, 40.822751274859264 ], [ -96.695094950040854, 40.822749725511599 ], [ -96.695092798173789, 40.822748176907602 ], [ -96.695090645326616, 40.82274662905234 ], [ -96.695088491492712, 40.822745081950913 ], [ -96.695086336665483, 40.822743535608318 ], [ -96.695084180838492, 40.822741990029478 ], [ -96.695082024005359, 40.822740445219303 ], [ -96.695079866159688, 40.822738901182625 ], [ -96.695077707295084, 40.822737357924368 ], [ -96.695075547405153, 40.822735815449398 ], [ -96.695073386483514, 40.822734273762599 ], [ -96.695071224523772, 40.822732732868865 ], [ -96.695069061519519, 40.822731192773063 ], [ -96.695066897464372, 40.822729653480074 ], [ -96.695064732352037, 40.822728114994739 ], [ -96.69506256617656, 40.822726577321575 ], [ -96.695060398932043, 40.822725040465095 ], [ -96.695058230612659, 40.822723504429753 ], [ -96.695056061212512, 40.822721969220041 ], [ -96.695053890725745, 40.822720434840463 ], [ -96.695051719146505, 40.822718901295467 ], [ -96.695049546468894, 40.822717368589565 ], [ -96.695047372687057, 40.822715836727227 ], [ -96.695045197795125, 40.8227143057129 ], [ -96.695043021787399, 40.822712775550997 ], [ -96.695040844658806, 40.822711246245383 ], [ -96.695038666404443, 40.822709717799775 ], [ -96.695036487019394, 40.822708190217959 ], [ -96.695034306498769, 40.822706663503638 ], [ -96.695032124837638, 40.822705137660606 ], [ -96.695029942031113, 40.822703612692585 ], [ -96.695027758074275, 40.822702088603336 ], [ -96.695025572962223, 40.822700565396595 ], [ -96.695023386690337, 40.822699043075893 ], [ -96.695021199255322, 40.822697521643732 ], [ -96.695019010654121, 40.822696001102514 ], [ -96.695016820883723, 40.822694481454448 ], [ -96.695014629941099, 40.822692962701929 ], [ -96.695012437823195, 40.822691444847202 ], [ -96.695010244527026, 40.822689927892625 ], [ -96.695008050049552, 40.82268841184051 ], [ -96.69500585438773, 40.822686896693142 ], [ -96.695003657538535, 40.822685382452839 ], [ -96.695001459499551, 40.822683869121498 ], [ -96.694999260270578, 40.822682356699218 ], [ -96.694997059852042, 40.822680845185687 ], [ -96.694994858244357, 40.822679334580585 ], [ -96.694992655447933, 40.82267782488362 ], [ -96.694990451463184, 40.822676316094444 ], [ -96.694988246290535, 40.822674808212767 ], [ -96.694986039930384, 40.822673301238247 ], [ -96.694983832383173, 40.822671795170592 ], [ -96.694981623649284, 40.822670290009455 ], [ -96.694979413730039, 40.822668785753883 ], [ -96.694977202630284, 40.822667282400126 ], [ -96.694974990355817, 40.82266577994379 ], [ -96.694972776912365, 40.822664278380486 ], [ -96.694970562305699, 40.822662777705794 ], [ -96.694968346541557, 40.822661277915337 ], [ -96.694966129625712, 40.822659779004717 ], [ -96.694963911563946, 40.822658280969527 ], [ -96.694961692361971, 40.822656783805364 ], [ -96.694959472025573, 40.82265528750785 ], [ -96.694957250561444, 40.822653792071847 ], [ -96.694955027979901, 40.822652297489448 ], [ -96.694952804292299, 40.822650803752055 ], [ -96.694950579509879, 40.822649310851013 ], [ -96.694948353643966, 40.822647818777689 ], [ -96.69494612670583, 40.822646327523508 ], [ -96.694943898706768, 40.822644837079764 ], [ -96.694941669658078, 40.822643347437911 ], [ -96.69493943957103, 40.822641858589293 ], [ -96.694937208457745, 40.822640370524653 ], [ -96.694934976333542, 40.822638883232301 ], [ -96.694932743214579, 40.822637396699882 ], [ -96.694930509117, 40.822635910915068 ], [ -96.694928274056963, 40.82263442586553 ], [ -96.694926038050568, 40.822632941538934 ], [ -96.694923801114001, 40.822631457922938 ], [ -96.694921563263421, 40.822629975005235 ], [ -96.694919324514927, 40.822628492773454 ], [ -96.694917084884693, 40.822627011215275 ], [ -96.694914844389515, 40.822625530317879 ], [ -96.694912603048707, 40.822624050066494 ], [ -96.694910360882247, 40.822622570445873 ], [ -96.69490811791016, 40.822621091440709 ], [ -96.694905874152354, 40.822619613035776 ], [ -96.694903629628897, 40.822618135215798 ], [ -96.694901384359682, 40.822616657965497 ], [ -96.694899138364747, 40.822615181269647 ], [ -96.694896891664058, 40.82261370511295 ], [ -96.694894644277596, 40.822612229480164 ], [ -96.694892396225626, 40.822610754355786 ], [ -96.694890147529549, 40.82260927972348 ], [ -96.694887898211093, 40.822607805566662 ], [ -96.694885648291944, 40.82260633186872 ], [ -96.694883397793831, 40.822604858613133 ], [ -96.69488114673841, 40.82260338578326 ], [ -96.69487889514744, 40.822601913362554 ], [ -96.694876643042576, 40.822600441334451 ], [ -96.694874390445548, 40.822598969682353 ], [ -96.694872137378027, 40.82259749838969 ], [ -96.694869883861543, 40.822596027440028 ], [ -96.694867629917638, 40.822594556816917 ], [ -96.694865375567787, 40.822593086503936 ], [ -96.694863120833546, 40.822591616484637 ], [ -96.694860865736402, 40.822590146742584 ], [ -96.694858610297857, 40.822588677261358 ], [ -96.694856354539468, 40.822587208024522 ], [ -96.694854098482708, 40.822585739015622 ], [ -96.69485184214912, 40.822584270218243 ], [ -96.694849585559808, 40.82258280161625 ], [ -96.69484732873434, 40.822581333194677 ], [ -96.694845071691873, 40.822579864938909 ], [ -96.694842814451562, 40.822578396834302 ], [ -96.694840557032578, 40.822576928866233 ], [ -96.694838299454091, 40.822575461020044 ], [ -96.694836041735257, 40.822573993281082 ], [ -96.694833783895248, 40.822572525634733 ], [ -96.694831525953191, 40.822571058066366 ], [ -96.694829267928313, 40.822569590561336 ], [ -96.694827009839074, 40.822568123105476 ], [ -96.69482475170139, 40.822566655686657 ], [ -96.694822493530538, 40.822565188293218 ], [ -96.694820235341737, 40.822563720913536 ], [ -96.694817977150251, 40.822562253535914 ], [ -96.69481571897137, 40.822560786148713 ], [ -96.694813460820285, 40.822559318740318 ], [ -96.694811202712316, 40.822557851299003 ], [ -96.694808944662654, 40.822556383813193 ], [ -96.694806686685737, 40.822554916271862 ], [ -96.694804428792381, 40.82255344866671 ], [ -96.694802170992645, 40.82255198099007 ], [ -96.694799913296492, 40.822550513234368 ], [ -96.694797655713927, 40.822549045391909 ], [ -96.694795398254954, 40.822547577455083 ], [ -96.69479314092959, 40.822546109416216 ], [ -96.694790883747814, 40.822544641267712 ], [ -96.694788626719642, 40.822543173001897 ], [ -96.694786369855066, 40.822541704611147 ], [ -96.694784113163024, 40.822540236088635 ], [ -96.694781856648177, 40.822538767430785 ], [ -96.694779600314178, 40.822537298634813 ], [ -96.694777344164649, 40.822535829697991 ], [ -96.694775088203187, 40.822534360617524 ], [ -96.694772832433401, 40.822532891390665 ], [ -96.694770576858943, 40.822531422014642 ], [ -96.694768321483409, 40.82252995248669 ], [ -96.694766066310407, 40.822528482804039 ], [ -96.694763811343591, 40.822527012963938 ], [ -96.694761556585689, 40.822525542964257 ], [ -96.694759302036033, 40.822524072805564 ], [ -96.694757047693102, 40.822522602488981 ], [ -96.694754793555319, 40.822521132015702 ], [ -96.694752539621192, 40.822519661386906 ], [ -96.694750285889143, 40.822518190603759 ], [ -96.694748032357651, 40.822516719667448 ], [ -96.694745779025197, 40.822515248579137 ], [ -96.694743525890203, 40.822513777340006 ], [ -96.694741272950552, 40.822512305951697 ], [ -96.694739020201695, 40.822510834417677 ], [ -96.694736767638446, 40.822509362741897 ], [ -96.694734515255632, 40.822507890928321 ], [ -96.694732263048095, 40.822506418980893 ], [ -96.694730011010648, 40.822504946903543 ], [ -96.694727759138161, 40.822503474700227 ], [ -96.694725507425446, 40.822502002374883 ], [ -96.694723255867331, 40.822500529931489 ], [ -96.694721004458671, 40.822499057373967 ], [ -96.694718753193825, 40.82249758470661 ], [ -96.694716502065475, 40.822496111935024 ], [ -96.694714251065804, 40.822494639065191 ], [ -96.694712000187039, 40.822493166103015 ], [ -96.694709749421364, 40.822491693054467 ], [ -96.694707498761019, 40.822490219925506 ], [ -96.694705248198176, 40.822488746722108 ], [ -96.694702997725059, 40.822487273450172 ], [ -96.694700747333897, 40.822485800115707 ], [ -96.694698497016859, 40.822484326724627 ], [ -96.694696246765972, 40.822482853283063 ], [ -96.694693996572283, 40.822481379797843 ], [ -96.69469174642667, 40.822479906275909 ], [ -96.694689496320009, 40.822478432724274 ], [ -96.694687246243163, 40.822476959149881 ], [ -96.694684996186979, 40.822475485559757 ], [ -96.694682746142334, 40.822474011960836 ], [ -96.694680496100091, 40.822472538360131 ], [ -96.694678246051112, 40.822471064764606 ], [ -96.694675995986159, 40.822469591181296 ], [ -96.694673745895628, 40.822468117617575 ], [ -96.694671495769782, 40.822466644080862 ], [ -96.694669245598931, 40.822465170578575 ], [ -96.694666995373339, 40.822463697118131 ], [ -96.694664745083287, 40.822462223706971 ], [ -96.694662494719068, 40.822460750352469 ], [ -96.694660244270978, 40.822459277062109 ], [ -96.69465799372928, 40.822457803843285 ], [ -96.694655743084269, 40.822456330703389 ], [ -96.694653492326225, 40.822454857649895 ], [ -96.694651241445513, 40.822453384690171 ], [ -96.694648990432427, 40.82245191183155 ], [ -96.694646739277346, 40.822450439081479 ], [ -96.694644487970578, 40.82244896644729 ], [ -96.694642236502503, 40.822447493936359 ], [ -96.694639984863429, 40.822446021556104 ], [ -96.69463773304372, 40.822444549313857 ], [ -96.6946354810337, 40.822443077217038 ], [ -96.694633228823719, 40.822441605272992 ], [ -96.694630976404227, 40.822440133489032 ], [ -96.694628723766087, 40.822438661872141 ], [ -96.694626470900261, 40.822437190429198 ], [ -96.694624217797738, 40.822435719167117 ], [ -96.694621964449468, 40.822434248092776 ], [ -96.694619710846453, 40.822432777213109 ], [ -96.694617456979643, 40.822431306534959 ], [ -96.694615202840012, 40.822429836065261 ], [ -96.694612948418538, 40.8224283658109 ], [ -96.694610693706394, 40.822426895778612 ], [ -96.694608438695568, 40.822425425974544 ], [ -96.694606183378241, 40.822423956404627 ], [ -96.694603927746599, 40.82242248707486 ], [ -96.694601671792839, 40.822421017991189 ], [ -96.694599415509146, 40.822419549159584 ], [ -96.694597158887717, 40.822418080586033 ], [ -96.694594901920723, 40.822416612276477 ], [ -96.694592644600363, 40.822415144236906 ], [ -96.694590386918819, 40.822413676473261 ], [ -96.694588128868631, 40.822412208991267 ], [ -96.694585870443802, 40.822410741795501 ], [ -96.694583611638635, 40.822409274890319 ], [ -96.694581352447472, 40.822407808280019 ], [ -96.694579092864629, 40.822406341968978 ], [ -96.694576832884451, 40.822404875961467 ], [ -96.694574572501267, 40.822403410261884 ], [ -96.694572311709408, 40.8224019448745 ], [ -96.694570050503202, 40.822400479803676 ], [ -96.694567788876981, 40.82239901505374 ], [ -96.694565526825542, 40.822397550628672 ], [ -96.694563264345504, 40.822396086531022 ], [ -96.694561001434039, 40.822394622762999 ], [ -96.694558738088176, 40.822393159326829 ], [ -96.694556474305088, 40.822391696224699 ], [ -96.694554210081847, 40.822390233458847 ], [ -96.694551945415569, 40.822388771031449 ], [ -96.694549680303382, 40.822387308944741 ], [ -96.694547414742374, 40.822385847200906 ], [ -96.694545148730285, 40.822384385801683 ], [ -96.694542882267413, 40.822382924746876 ], [ -96.694540615354612, 40.822381464035772 ], [ -96.694538347992804, 40.82238000366771 ], [ -96.6945360801829, 40.822378543641982 ], [ -96.694533811925794, 40.822377083957917 ], [ -96.694531543222382, 40.822375624614814 ], [ -96.694529274073574, 40.82237416561199 ], [ -96.694527004480264, 40.822372706948748 ], [ -96.694524734443334, 40.822371248624407 ], [ -96.694522463964546, 40.822369790637666 ], [ -96.694520193048916, 40.822368332984631 ], [ -96.694517921702342, 40.822366875660869 ], [ -96.694515649930651, 40.822365418661853 ], [ -96.694513377739753, 40.822363961983108 ], [ -96.694511105135518, 40.822362505620177 ], [ -96.694508832123773, 40.822361049568549 ], [ -96.69450655871043, 40.822359593823734 ], [ -96.694504284901328, 40.822358138381269 ], [ -96.694502010702365, 40.82235668323667 ], [ -96.694499736120122, 40.822355228384886 ], [ -96.694497461164147, 40.822353773818634 ], [ -96.694495185844687, 40.822352319530076 ], [ -96.694492910172016, 40.822350865511382 ], [ -96.694490634156395, 40.822349411754679 ], [ -96.694488357808083, 40.822347958252166 ], [ -96.694486081137356, 40.822346504995984 ], [ -96.694483804154473, 40.822345051978282 ], [ -96.694481526869666, 40.822343599191228 ], [ -96.694479249293849, 40.822342146626561 ], [ -96.694476971440224, 40.822340694274125 ], [ -96.694474693322661, 40.822339242123348 ], [ -96.694472414954973, 40.822337790163651 ], [ -96.694470136351015, 40.822336338384495 ], [ -96.694467857524614, 40.822334886775302 ], [ -96.694465578489613, 40.822333435325483 ], [ -96.694463299259866, 40.822331984024459 ], [ -96.694461019849186, 40.82233053286167 ], [ -96.694458740271443, 40.822329081826581 ], [ -96.694456460540891, 40.822327630908219 ], [ -96.69445418067356, 40.822326180094372 ], [ -96.694451900685934, 40.822324729372468 ], [ -96.69444962059444, 40.822323278729947 ], [ -96.69444734041555, 40.822321828154209 ], [ -96.694445060165748, 40.822320377632678 ], [ -96.694442779861475, 40.822318927152772 ], [ -96.694440499519189, 40.822317476701954 ], [ -96.694438219155373, 40.822316026267622 ], [ -96.694435938786469, 40.822314575837197 ], [ -96.694433658429134, 40.82231312539799 ], [ -96.694431378100603, 40.822311674936778 ], [ -96.694429097818357, 40.822310224440258 ], [ -96.694426817599819, 40.822308773895109 ], [ -96.694424537462467, 40.822307323287987 ], [ -96.694422257423696, 40.822305872605575 ], [ -96.694419977500971, 40.822304421834538 ], [ -96.694417697711756, 40.82230297096158 ], [ -96.694415418073461, 40.82230151997333 ], [ -96.694413138603565, 40.822300068856478 ], [ -96.694410859319404, 40.822298617597809 ], [ -96.69440858023799, 40.822297166184264 ], [ -96.69440630137629, 40.822295714602916 ], [ -96.694404022751229, 40.822294262840849 ], [ -96.694401744379761, 40.822292810885088 ], [ -96.694399466278782, 40.82229135872273 ], [ -96.69439718846526, 40.822289906340799 ], [ -96.694394910956149, 40.822288453726408 ], [ -96.694392633768359, 40.822287000866574 ], [ -96.69439035691849, 40.822285547748614 ], [ -96.694388080421845, 40.822284094360874 ], [ -96.694385804293375, 40.822282640691924 ], [ -96.694383528548016, 40.822281186730343 ], [ -96.694381253200731, 40.822279732464708 ], [ -96.694378978266457, 40.822278277883605 ], [ -96.69437670376017, 40.822276822975603 ], [ -96.694374429696779, 40.822275367729304 ], [ -96.694372156091262, 40.822273912133248 ], [ -96.694369882958568, 40.822272456176066 ], [ -96.694367610313037, 40.822270999846779 ], [ -96.694365338166492, 40.822269543136336 ], [ -96.694363066530201, 40.822268086036154 ], [ -96.694360795415363, 40.822266628537641 ], [ -96.694358524833262, 40.822265170632228 ], [ -96.694356254795096, 40.822263712311333 ], [ -96.694353985312119, 40.822262253566372 ], [ -96.694351716395545, 40.822260794388747 ], [ -96.694349448056641, 40.822259334769903 ], [ -96.694347180306622, 40.822257874701229 ], [ -96.694344913155959, 40.822256414174745 ], [ -96.694342646612114, 40.822254953184739 ], [ -96.694340380681808, 40.82225349172608 ], [ -96.694338115371721, 40.822252029793674 ], [ -96.694335850688574, 40.822250567382412 ], [ -96.694333586639061, 40.822249104487128 ], [ -96.694331323229861, 40.822247641102749 ], [ -96.694329060467709, 40.822246177224116 ], [ -96.694326798359299, 40.822244712846135 ], [ -96.694324536910443, 40.822243247964352 ], [ -96.694322276123543, 40.822241782576938 ], [ -96.694320016000077, 40.82224031668278 ], [ -96.694317756541551, 40.822238850280662 ], [ -96.694315497749471, 40.822237383369519 ], [ -96.694313239625345, 40.822235915948163 ], [ -96.694310982170663, 40.822234448015415 ], [ -96.694308725386961, 40.822232979570188 ], [ -96.694306469275702, 40.822231510611296 ], [ -96.694304213838393, 40.822230041137594 ], [ -96.694301959075645, 40.822228571148671 ], [ -96.69429970498436, 40.822227100646806 ], [ -96.694297451560544, 40.822225629635142 ], [ -96.694295198800205, 40.822224158116654 ], [ -96.694292946699349, 40.822222686094435 ], [ -96.694290695253969, 40.822221213571517 ], [ -96.694288444460085, 40.822219740550963 ], [ -96.69428619431369, 40.822218267035844 ], [ -96.694283944810778, 40.822216793029185 ], [ -96.694281695947382, 40.822215318534049 ], [ -96.694279447718799, 40.822213843554003 ], [ -96.694277200117625, 40.822212368094732 ], [ -96.694274953135775, 40.822210892162396 ], [ -96.694272706765133, 40.822209415763176 ], [ -96.6942704609976, 40.822207938903276 ], [ -96.694268215825105, 40.82220646158887 ], [ -96.694265971239545, 40.822204983826154 ], [ -96.694263727232808, 40.822203505621296 ], [ -96.694261483796808, 40.822202026980484 ], [ -96.694259240923003, 40.822200547910271 ], [ -96.694256998600892, 40.822199068418627 ], [ -96.694254756819575, 40.822197588513916 ], [ -96.694252515568138, 40.822196108204473 ], [ -96.694250274835639, 40.822194627498639 ], [ -96.694248034611149, 40.822193146404778 ], [ -96.694245794883741, 40.822191664931232 ], [ -96.694243555642501, 40.822190183086335 ], [ -96.694241316876486, 40.822188700878456 ], [ -96.694239078574782, 40.822187218315918 ], [ -96.694236840726191, 40.822185735407288 ], [ -96.694234603318478, 40.822184252161911 ], [ -96.694232366339136, 40.822182768589343 ], [ -96.694230129775619, 40.822181284699134 ], [ -96.694227893615462, 40.822179800500855 ], [ -96.694225657846133, 40.82217831600407 ], [ -96.69422342245511, 40.822176831218307 ], [ -96.694221187429918, 40.822175346153145 ], [ -96.694218952758007, 40.822173860818133 ], [ -96.694216718426887, 40.822172375222827 ], [ -96.694214484424037, 40.822170889376785 ], [ -96.694212250736882, 40.822169403289635 ], [ -96.694210017352859, 40.822167916970947 ], [ -96.69420778425939, 40.822166430430364 ], [ -96.694205551443901, 40.822164943677436 ], [ -96.694203318893798, 40.822163456721846 ], [ -96.694201086596522, 40.822161969573123 ], [ -96.694198854539493, 40.822160482240911 ], [ -96.694196622710152, 40.822158994734842 ], [ -96.69419439109609, 40.822157507064333 ], [ -96.694192159685684, 40.8221560192383 ], [ -96.694189928467495, 40.82215453126544 ], [ -96.694187697430095, 40.822153043154536 ], [ -96.694185466562047, 40.822151554914292 ], [ -96.694183235851895, 40.822150066553455 ], [ -96.694181005288229, 40.822148578080771 ], [ -96.694178774859594, 40.822147089504966 ], [ -96.694176544554537, 40.822145600834794 ], [ -96.694174314361661, 40.822144112078973 ], [ -96.69417208426988, 40.822142623245938 ], [ -96.694169854269674, 40.822141134342992 ], [ -96.694167624351934, 40.822139645377099 ], [ -96.694165394507507, 40.82213815635523 ], [ -96.694163164727257, 40.822136667284383 ], [ -96.69416093500206, 40.8221351781715 ], [ -96.694158705322778, 40.822133689023595 ], [ -96.694156475680273, 40.822132199847623 ], [ -96.694154246065409, 40.822130710650562 ], [ -96.694152016469047, 40.822129221439425 ], [ -96.694149786882519, 40.822127732220792 ], [ -96.694147557298905, 40.822126242999957 ], [ -96.694145327711752, 40.822124753781878 ], [ -96.694143098114608, 40.822123264571466 ], [ -96.694140868501009, 40.822121775373674 ], [ -96.694138638864516, 40.822120286193396 ], [ -96.694136409198649, 40.822118797035586 ], [ -96.69413417949697, 40.822117307905181 ], [ -96.694131949753, 40.822115818807099 ], [ -96.694129719960756, 40.822114329745943 ], [ -96.694127490115989, 40.822112840724969 ], [ -96.694125260214889, 40.822111351747019 ], [ -96.694123030253678, 40.822109862815047 ], [ -96.694120800228532, 40.822108373931933 ], [ -96.694118570135686, 40.822106885100574 ], [ -96.694116339971345, 40.822105396323892 ], [ -96.694114109731686, 40.822103907604749 ], [ -96.69411187941293, 40.822102418946073 ], [ -96.694109649011267, 40.822100930350764 ], [ -96.694107418523231, 40.822099441821486 ], [ -96.694105187946604, 40.822097953359886 ], [ -96.694102957279469, 40.82209646496748 ], [ -96.69410072651992, 40.822094976645701 ], [ -96.694098495666054, 40.822093488396028 ], [ -96.694096264715952, 40.822092000219875 ], [ -96.694094033667739, 40.822090512118727 ], [ -96.694091802519466, 40.822089024094034 ], [ -96.694089571269245, 40.822087536147244 ], [ -96.694087339915171, 40.822086048279829 ], [ -96.694085108455283, 40.822084560493288 ], [ -96.694082876887379, 40.822083072789297 ], [ -96.694080645209183, 40.822081585169592 ], [ -96.694078413418438, 40.82208009763589 ], [ -96.694076181512912, 40.822078610189912 ], [ -96.694073949490303, 40.822077122833406 ], [ -96.694071717348379, 40.82207563556809 ], [ -96.694069485084867, 40.822074148395664 ], [ -96.694067252697508, 40.822072661317897 ], [ -96.694065020183601, 40.82207117433682 ], [ -96.694062787538741, 40.82206968745583 ], [ -96.694060554758067, 40.822068200678622 ], [ -96.694058321836707, 40.822066714008919 ], [ -96.694056088769798, 40.822065227450423 ], [ -96.694053855552511, 40.822063741006843 ], [ -96.694051622179956, 40.822062254681924 ], [ -96.694049388647301, 40.822060768479318 ], [ -96.694047154949672, 40.822059282402769 ], [ -96.694044921082224, 40.822057796456001 ], [ -96.694042687039442, 40.822056310643198 ], [ -96.694040452813269, 40.822054824970515 ], [ -96.694038218394951, 40.822053339444643 ], [ -96.694035983775791, 40.822051854072221 ], [ -96.694033748947064, 40.822050368859941 ], [ -96.694031513900057, 40.822048883814439 ], [ -96.694029278626019, 40.822047398942395 ], [ -96.694027043116265, 40.822045914250431 ], [ -96.694024807362069, 40.822044429745276 ], [ -96.694022571354679, 40.82204294543353 ], [ -96.694020335084801, 40.822041461322357 ], [ -96.694018098540667, 40.822039977420715 ], [ -96.694015861709914, 40.822038493738049 ], [ -96.694013624580165, 40.822037010283829 ], [ -96.694011387139099, 40.82203552706747 ], [ -96.694009149374324, 40.822034044098416 ], [ -96.694006911273462, 40.822032561386116 ], [ -96.694004672824192, 40.822031078940036 ], [ -96.694002434014109, 40.822029596769582 ], [ -96.69400019483038, 40.822028114884617 ], [ -96.693997955258013, 40.822026633296566 ], [ -96.693995715281574, 40.822025152017204 ], [ -96.693993474885573, 40.822023671058368 ], [ -96.69399123405455, 40.822022190431909 ], [ -96.693988992773043, 40.822020710149573 ], [ -96.693986751025591, 40.822019230223219 ], [ -96.693984508796703, 40.822017750664678 ], [ -96.693982266070961, 40.82201627148573 ], [ -96.693980022832847, 40.822014792698205 ], [ -96.693977779066543, 40.822013314314184 ], [ -96.693975534754713, 40.822011836346938 ], [ -96.693973289879608, 40.822010358810012 ], [ -96.693971044423535, 40.822008881716911 ], [ -96.693968798368772, 40.822007405081195 ], [ -96.693966551697585, 40.822005928916397 ], [ -96.693964304392267, 40.822004453236033 ], [ -96.693962056435069, 40.822002978053675 ], [ -96.693959807808312, 40.822001503382836 ], [ -96.693957558494247, 40.822000029237053 ], [ -96.693955308475068, 40.821998555629953 ], [ -96.693953057732529, 40.821997082575471 ], [ -96.69395080624831, 40.821995610087562 ], [ -96.693948554004052, 40.821994138180308 ], [ -96.693946300981452, 40.821992666867637 ], [ -96.693944047162148, 40.821991196163594 ], [ -96.693941792527824, 40.821989726082215 ], [ -96.693939537060132, 40.821988256637454 ], [ -96.693937280740755, 40.821986787843329 ], [ -96.69393502355156, 40.821985319713676 ], [ -96.69393276547531, 40.821983852261695 ], [ -96.693930506494951, 40.821982385500391 ], [ -96.693928246593501, 40.821980919442744 ], [ -96.693925985753864, 40.821979454101808 ], [ -96.693923723959045, 40.821977989490563 ], [ -96.693921461192005, 40.821976525622034 ], [ -96.693919197435704, 40.821975062509225 ], [ -96.693916932673119, 40.821973600165158 ], [ -96.693914666887224, 40.82197213860281 ], [ -96.693912400061606, 40.821970677834763 ], [ -96.69391013218241, 40.821969217871562 ], [ -96.69390786323639, 40.821967758723346 ], [ -96.693905593210317, 40.821966300400213 ], [ -96.693903322090961, 40.821964842912244 ], [ -96.693901049865076, 40.821963386269616 ], [ -96.693898776519433, 40.821961930482381 ], [ -96.693896502040815, 40.821960475560665 ], [ -96.693894226415949, 40.821959021514601 ], [ -96.693891949631634, 40.821957568354257 ], [ -96.693889671675791, 40.821956116088884 ], [ -96.693887392541058, 40.821954664724096 ], [ -96.693885112221253, 40.82195321426461 ], [ -96.693882830710152, 40.82195176471518 ], [ -96.693880548001601, 40.821950316080517 ], [ -96.693878264089363, 40.821948868365368 ], [ -96.69387597896727, 40.821947421574464 ], [ -96.693873692629126, 40.821945975712545 ], [ -96.693871405068734, 40.8219445307843 ], [ -96.693869116279885, 40.821943086794533 ], [ -96.693866826257974, 40.821941643746733 ], [ -96.693864535004735, 40.821940201639556 ], [ -96.693862242523409, 40.821938760470545 ], [ -96.69385994881732, 40.821937320237154 ], [ -96.693857653889722, 40.821935880936913 ], [ -96.693855357743942, 40.821934442567262 ], [ -96.693853060383248, 40.821933005125715 ], [ -96.693850761810921, 40.821931568609756 ], [ -96.69384846203026, 40.821930133016885 ], [ -96.693846161046508, 40.821928698343093 ], [ -96.693843858872697, 40.821927264578399 ], [ -96.693841555523846, 40.82192583171134 ], [ -96.69383925101495, 40.821924399730463 ], [ -96.693836945361028, 40.821922968624314 ], [ -96.693834638577087, 40.821921538381403 ], [ -96.693832330678106, 40.821920108990298 ], [ -96.693830021679105, 40.821918680439552 ], [ -96.693827711595077, 40.821917252717661 ], [ -96.693825400441028, 40.821915825813193 ], [ -96.693823088234026, 40.821914399713087 ], [ -96.693820774999239, 40.82191297439816 ], [ -96.693818460763922, 40.82191154984757 ], [ -96.693816145555274, 40.8219101260405 ], [ -96.693813829400568, 40.821908702956179 ], [ -96.693811512327031, 40.821907280573761 ], [ -96.69380919436189, 40.821905858872491 ], [ -96.693806875532388, 40.82190443783152 ], [ -96.693804555865739, 40.82190301743006 ], [ -96.693802235389214, 40.821901597647319 ], [ -96.693799914131475, 40.821900178461355 ], [ -96.693797592127069, 40.821898759845809 ], [ -96.693795269411979, 40.821897341773173 ], [ -96.693792946022214, 40.821895924215958 ], [ -96.693790621993756, 40.821894507146681 ], [ -96.693788297362588, 40.821893090537827 ], [ -96.693785972164704, 40.821891674361908 ], [ -96.693783646436103, 40.821890258591438 ], [ -96.693781320212764, 40.821888843198934 ], [ -96.693778993531581, 40.821887428156209 ], [ -96.693776666432967, 40.821886013432383 ], [ -96.693774338958249, 40.821884598995901 ], [ -96.693772011148724, 40.821883184815192 ], [ -96.693769683045744, 40.821881770858703 ], [ -96.693767354690578, 40.821880357094877 ], [ -96.693765026124552, 40.821878943492159 ], [ -96.693762697388991, 40.821877530018966 ], [ -96.693760368525218, 40.82187611664375 ], [ -96.693758039574533, 40.821874703334984 ], [ -96.693755710578515, 40.821873290060857 ], [ -96.693753381579739, 40.821871876788855 ], [ -96.693751052621067, 40.821870463486277 ], [ -96.693748723745358, 40.821869050120341 ], [ -96.693746394995429, 40.821867636658347 ], [ -96.693744066414169, 40.821866223067552 ], [ -96.693741738044395, 40.821864809315237 ], [ -96.693739409928952, 40.821863395368666 ], [ -96.693737082110701, 40.821861981195092 ], [ -96.693734754632501, 40.821860566761785 ], [ -96.693732427536744, 40.821859152036403 ], [ -96.693730100864144, 40.821857736987745 ], [ -96.693727774655002, 40.821856321585116 ], [ -96.693725448949564, 40.821854905797743 ], [ -96.693723123788132, 40.821853489594837 ], [ -96.693720799210965, 40.821852072945646 ], [ -96.693718475258365, 40.821850655819397 ], [ -96.693716151970563, 40.821849238185308 ], [ -96.693713829387889, 40.821847820012636 ], [ -96.693711507549565, 40.821846401271372 ], [ -96.693709186490793, 40.82184498193466 ], [ -96.693706866245734, 40.82184356197638 ], [ -96.693704546848565, 40.821842141370446 ], [ -96.69370222833345, 40.821840720090748 ], [ -96.693699910734523, 40.821839298111186 ], [ -96.693697594086004, 40.821837875405663 ], [ -96.693695278422027, 40.821836451948101 ], [ -96.693692963776755, 40.82183502771236 ], [ -96.693690650184365, 40.821833602672378 ], [ -96.693688337677429, 40.821832176803255 ], [ -96.693686026281995, 40.821830750085098 ], [ -96.693683716022562, 40.821829322499163 ], [ -96.693681406923602, 40.821827894026811 ], [ -96.6936790990096, 40.82182646464932 ], [ -96.693676792304998, 40.821825034347974 ], [ -96.693674486834283, 40.821823603104114 ], [ -96.693672182621953, 40.821822170899033 ], [ -96.69366987969245, 40.821820737714006 ], [ -96.693667578070261, 40.821819303530383 ], [ -96.69366527777818, 40.821817868330733 ], [ -96.69366297883218, 40.821816432102835 ], [ -96.693660681246612, 40.821814994835748 ], [ -96.693658385035775, 40.821813556518542 ], [ -96.693656090213992, 40.821812117140304 ], [ -96.693653796795587, 40.821810676690063 ], [ -96.693651504794857, 40.821809235156877 ], [ -96.693649214226127, 40.821807792529839 ], [ -96.693646925103707, 40.821806348798013 ], [ -96.693644637440428, 40.82180490395158 ], [ -96.693642351243099, 40.821803457985375 ], [ -96.69364006651702, 40.821802010895311 ], [ -96.693637783267519, 40.821800562677318 ], [ -96.693635501499912, 40.821799113327366 ], [ -96.6936332212195, 40.821797662841369 ], [ -96.693630942431597, 40.821796211215307 ], [ -96.693628665141546, 40.821794758445058 ], [ -96.693626389354634, 40.821793304526615 ], [ -96.693624115076176, 40.821791849455913 ], [ -96.69362184231062, 40.821790393229563 ], [ -96.693619571058804, 40.821788935846875 ], [ -96.693617301320756, 40.821787477307879 ], [ -96.693615033096435, 40.821786017612602 ], [ -96.69361276638584, 40.82178455676101 ], [ -96.693610501188957, 40.821783094753179 ], [ -96.693608237505771, 40.82178163158904 ], [ -96.693605975336268, 40.821780167268649 ], [ -96.693603714680449, 40.821778701792013 ], [ -96.693601455538271, 40.821777235159139 ], [ -96.693599197909563, 40.821775767370191 ], [ -96.693596941793416, 40.821774298425808 ], [ -96.693594687188721, 40.821772828326893 ], [ -96.693592434094398, 40.821771357074255 ], [ -96.693590182509354, 40.821769884668726 ], [ -96.693587932432465, 40.821768411111137 ], [ -96.693585683862665, 40.821766936402327 ], [ -96.69358343679886, 40.821765460543169 ], [ -96.693581191239957, 40.821763983534453 ], [ -96.693578947184932, 40.821762505376967 ], [ -96.693576704633202, 40.821761026071158 ], [ -96.693574463584184, 40.821759545617461 ], [ -96.693572224037368, 40.821758064016272 ], [ -96.693569985992255, 40.821756581267977 ], [ -96.693567749448277, 40.82175509737305 ], [ -96.693565514404924, 40.821753612331811 ], [ -96.693563280861653, 40.821752126144709 ], [ -96.693561048817941, 40.821750638812148 ], [ -96.693558818273232, 40.821749150334526 ], [ -96.693556589227185, 40.821747660712148 ], [ -96.693554361679958, 40.821746169944852 ], [ -96.693552135631876, 40.821744678032424 ], [ -96.693549911083281, 40.821743184974558 ], [ -96.693547688034485, 40.821741690771056 ], [ -96.69354546648583, 40.821740195421626 ], [ -96.693543246437656, 40.821738698926048 ], [ -96.693541027890262, 40.821737201284066 ], [ -96.693538810844018, 40.821735702495388 ], [ -96.693536595299221, 40.821734202559824 ], [ -96.693534381256228, 40.821732701477082 ], [ -96.693532168715421, 40.821731199246848 ], [ -96.693529957677256, 40.821729695868804 ], [ -96.693527748142131, 40.821728191342643 ], [ -96.693525540110429, 40.821726685668033 ], [ -96.693523333582633, 40.82172517884468 ], [ -96.693521128559112, 40.821723670872231 ], [ -96.693518925040308, 40.821722161750394 ], [ -96.693516723026619, 40.821720651478827 ], [ -96.693514522518271, 40.82171914005739 ], [ -96.693512323514625, 40.821717627486564 ], [ -96.693510126014829, 40.821716113766996 ], [ -96.693507930018029, 40.821714598899334 ], [ -96.693505735523416, 40.821713082884202 ], [ -96.693503542530109, 40.821711565722254 ], [ -96.693501351037284, 40.821710047414165 ], [ -96.693499161044073, 40.821708527960539 ], [ -96.693496972549667, 40.821707007362058 ], [ -96.693494785553213, 40.821705485619333 ], [ -96.693492600053318, 40.821703962733402 ], [ -96.693490416046643, 40.821702438706886 ], [ -96.693488233529251, 40.821700913542728 ], [ -96.693486052497292, 40.821699387243925 ], [ -96.693483872946842, 40.821697859813426 ], [ -96.693481694873995, 40.821696331254259 ], [ -96.69347951827487, 40.821694801569329 ], [ -96.69347734314556, 40.821693270761685 ], [ -96.693475169482184, 40.821691738834261 ], [ -96.693472997280836, 40.821690205790048 ], [ -96.693470826536952, 40.821688671632501 ], [ -96.693468657243287, 40.821687136367203 ], [ -96.693466489391909, 40.821685600000201 ], [ -96.693464322974918, 40.821684062537493 ], [ -96.693462157984399, 40.821682523985181 ], [ -96.693459994412422, 40.821680984349292 ], [ -96.69345783225107, 40.821679443635858 ], [ -96.693455671492444, 40.821677901850933 ], [ -96.693453512128613, 40.821676359000584 ], [ -96.693451354150923, 40.82167481509142 ], [ -96.693449197547679, 40.821673270132344 ], [ -96.693447042306474, 40.821671724132869 ], [ -96.693444888414888, 40.821670177102455 ], [ -96.693442735860515, 40.821668629050627 ], [ -96.693440584630906, 40.821667079986845 ], [ -96.693438434713656, 40.821665529920601 ], [ -96.693436286096343, 40.821663978861388 ], [ -96.693434138766534, 40.821662426818676 ], [ -96.693431992711837, 40.821660873801996 ], [ -96.693429847919177, 40.821659319821265 ], [ -96.693427704373008, 40.8216577648884 ], [ -96.6934255620572, 40.821656209015714 ], [ -96.69342342095554, 40.821654652215585 ], [ -96.693421281051897, 40.821653094500348 ], [ -96.693419142330072, 40.821651535882374 ], [ -96.69341700477392, 40.821649976373976 ], [ -96.693414868367256, 40.821648415987539 ], [ -96.693412733093922, 40.821646854735398 ], [ -96.693410598937731, 40.821645292629917 ], [ -96.693408465882499, 40.821643729683466 ], [ -96.69340633391181, 40.821642165908614 ], [ -96.693404203009166, 40.821640601317881 ], [ -96.693402073158168, 40.821639035923866 ], [ -96.693399944342346, 40.821637469739144 ], [ -96.693397816545215, 40.821635902776272 ], [ -96.693395689750346, 40.821634335047833 ], [ -96.693393563941271, 40.821632766566381 ], [ -96.693391439101546, 40.821631197344495 ], [ -96.693389315215299, 40.821629627394302 ], [ -96.693387192269185, 40.821628056725984 ], [ -96.693385070250372, 40.821626485349356 ], [ -96.693382949146113, 40.821624913274157 ], [ -96.693380828943603, 40.821623340510143 ], [ -96.693378709630053, 40.8216217670671 ], [ -96.693376591192703, 40.821620192954754 ], [ -96.693374473618775, 40.821618618182931 ], [ -96.693372356895452, 40.821617042761368 ], [ -96.693370241009973, 40.821615466699804 ], [ -96.693368125950641, 40.8216138900072 ], [ -96.693366011710026, 40.821612312689226 ], [ -96.693363898281817, 40.82161073475072 ], [ -96.693361785659633, 40.821609156196509 ], [ -96.693359673837193, 40.821607577031436 ], [ -96.693357562808131, 40.821605997260363 ], [ -96.693355452566109, 40.821604416888093 ], [ -96.693353343104818, 40.821602835919485 ], [ -96.693351234417889, 40.821601254359379 ], [ -96.693349126499015, 40.821599672212606 ], [ -96.693347019343236, 40.821598089482947 ], [ -96.693344912951119, 40.821596506169982 ], [ -96.693342807324612, 40.821594922272219 ], [ -96.693340702465662, 40.821593337788151 ], [ -96.693338598376229, 40.821591752716287 ], [ -96.693336495058276, 40.821590167055163 ], [ -96.693334392513719, 40.821588580803265 ], [ -96.693332290744536, 40.821586993959123 ], [ -96.693330189752686, 40.821585406521216 ], [ -96.693328089540103, 40.821583818488087 ], [ -96.693325990110168, 40.821582229857121 ], [ -96.693323891471948, 40.821580640621427 ], [ -96.693321793635931, 40.821579050772975 ], [ -96.693319696612591, 40.82157746030375 ], [ -96.693317600412442, 40.821575869205759 ], [ -96.693315505045973, 40.821574277470965 ], [ -96.693313410523643, 40.821572685091368 ], [ -96.693311316855969, 40.82157109205896 ], [ -96.693309224053451, 40.821569498365719 ], [ -96.693307132128012, 40.821567904002499 ], [ -96.693305041097602, 40.821566308955639 ], [ -96.693302950981604, 40.8215647132103 ], [ -96.693300861799386, 40.821563116751697 ], [ -96.693298773570334, 40.821561519565016 ], [ -96.693296686313843, 40.821559921635448 ], [ -96.693294600049313, 40.821558322948178 ], [ -96.693292514796113, 40.821556723488385 ], [ -96.693290430573626, 40.821555123241296 ], [ -96.69328834740125, 40.82155352219209 ], [ -96.693286265299946, 40.821551920324723 ], [ -96.693284184296957, 40.821550317618389 ], [ -96.693282104421101, 40.821548714051126 ], [ -96.693280025701199, 40.821547109600871 ], [ -96.693277948166084, 40.821545504245606 ], [ -96.693275871844563, 40.821543897963338 ], [ -96.693273796765453, 40.82154229073204 ], [ -96.69327172295759, 40.821540682529665 ], [ -96.693269650449778, 40.821539073334264 ], [ -96.693267579270852, 40.821537463123761 ], [ -96.693265509450825, 40.821535851875268 ], [ -96.693263441024527, 40.821534239562133 ], [ -96.693261374027983, 40.821532626156895 ], [ -96.693259308497232, 40.82153101163199 ], [ -96.693257244468271, 40.821529395959914 ], [ -96.693255181977136, 40.821527779113147 ], [ -96.693253121059868, 40.821526161064163 ], [ -96.693251061752491, 40.82152454178545 ], [ -96.693249004091001, 40.821522921249461 ], [ -96.693246948112176, 40.821521299428191 ], [ -96.693244893855493, 40.821519676291416 ], [ -96.693242841361169, 40.821518051808418 ], [ -96.693240790669435, 40.821516425948495 ], [ -96.693238741820508, 40.821514798680909 ], [ -96.693236694854605, 40.821513169974956 ], [ -96.693234649811913, 40.821511539799893 ], [ -96.693232606732693, 40.82150990812503 ], [ -96.693230565657132, 40.821508274919594 ], [ -96.693228526625461, 40.821506640152933 ], [ -96.693226489677571, 40.821505003794499 ], [ -96.693224454852185, 40.82150336581477 ], [ -96.693222422187674, 40.821501726184401 ], [ -96.693220391722434, 40.821500084874074 ], [ -96.69321836349485, 40.821498441854473 ], [ -96.693216337543305, 40.821496797096259 ], [ -96.693214313906211, 40.821495150570129 ], [ -96.693212292621922, 40.821493502246732 ], [ -96.69321027372888, 40.821491852096749 ], [ -96.693208257265425, 40.821490200090857 ], [ -96.693206243268151, 40.821488546201117 ], [ -96.693204231766344, 40.821486890405154 ], [ -96.693202222787477, 40.821485232681994 ], [ -96.693200216359031, 40.821483573010632 ], [ -96.693198212508477, 40.821481911370107 ], [ -96.693196211263256, 40.821480247739423 ], [ -96.69319421265088, 40.821478582097583 ], [ -96.693192216698819, 40.821476914423585 ], [ -96.693190223434513, 40.821475244696487 ], [ -96.693188232881909, 40.821473572898007 ], [ -96.693186245050711, 40.821471899020707 ], [ -96.693184259947088, 40.821470223059876 ], [ -96.693182277577193, 40.821468545010823 ], [ -96.693180297947222, 40.821466864868825 ], [ -96.693178321063286, 40.82146518262919 ], [ -96.693176346931608, 40.821463498287208 ], [ -96.6931743755583, 40.821461811838141 ], [ -96.693172406949543, 40.821460123277333 ], [ -96.693170441111505, 40.821458432600032 ], [ -96.693168478045934, 40.821456739804923 ], [ -96.693166517736955, 40.821455044904113 ], [ -96.693164560164291, 40.821453347913128 ], [ -96.69316260530762, 40.82145164884745 ], [ -96.693160653146705, 40.821449947722563 ], [ -96.693158703661226, 40.821448244553999 ], [ -96.693156756830902, 40.821446539357225 ], [ -96.693154812635441, 40.821444832147733 ], [ -96.693152871054565, 40.821443122941034 ], [ -96.693150932067994, 40.821441411752637 ], [ -96.693148995651839, 40.821439698600756 ], [ -96.69314706176786, 40.821437983514649 ], [ -96.693145130374248, 40.821436266526192 ], [ -96.693143201429166, 40.821434547667387 ], [ -96.693141274890777, 40.82143282697016 ], [ -96.693139350717288, 40.821431104466477 ], [ -96.693137428866834, 40.821429380188299 ], [ -96.693135509297605, 40.82142765416755 ], [ -96.693133591967793, 40.821425926436191 ], [ -96.693131676832976, 40.821424197028144 ], [ -96.693129763838556, 40.821422465985115 ], [ -96.693127852927347, 40.821420733350791 ], [ -96.693125944042137, 40.821418999168856 ], [ -96.693124037125756, 40.821417263483021 ], [ -96.693122132121019, 40.821415526336942 ], [ -96.693120228970727, 40.821413787774311 ], [ -96.693118327617725, 40.821412047838798 ], [ -96.693116428004785, 40.821410306574123 ], [ -96.693114530074737, 40.821408564023947 ], [ -96.693112633769061, 40.821406820232973 ], [ -96.693110739023922, 40.82140507524997 ], [ -96.693108845774148, 40.821403329124735 ], [ -96.693106953954526, 40.821401581907047 ], [ -96.6931050634999, 40.821399833646716 ], [ -96.693103174345097, 40.821398084393472 ], [ -96.693101286424948, 40.821396334197189 ], [ -96.693099399674239, 40.821394583107605 ], [ -96.693097514027841, 40.821392831174514 ], [ -96.693095629420526, 40.821391078447689 ], [ -96.693093745787394, 40.821389324976757 ], [ -96.693091863064609, 40.821387570810494 ], [ -96.693089981188521, 40.821385815997473 ], [ -96.693088100095551, 40.821384060586283 ], [ -96.69308621972209, 40.82138230462553 ], [ -96.693084340004518, 40.821380548163781 ], [ -96.693082460879225, 40.82137879124965 ], [ -96.693080582282633, 40.821377033931711 ], [ -96.693078704151119, 40.821375276258529 ], [ -96.693076826422768, 40.821373518277419 ], [ -96.693074949042426, 40.821371760030537 ], [ -96.693073071956633, 40.821370001558677 ], [ -96.693071195111941, 40.821368242902729 ], [ -96.693069318454874, 40.821366484103443 ], [ -96.693067441931987, 40.821364725201754 ], [ -96.693065565489817, 40.821362966238425 ], [ -96.69306368907489, 40.821361207254341 ], [ -96.693061812633772, 40.821359448290309 ], [ -96.693059936112988, 40.821357689387199 ], [ -96.693058059462317, 40.821355930583366 ], [ -96.693056182644398, 40.821354171907302 ], [ -96.693054305625154, 40.8213524133851 ], [ -96.693052428370493, 40.821350655042757 ], [ -96.69305055084628, 40.821348896906379 ], [ -96.693048673018438, 40.821347139001986 ], [ -96.693046794852862, 40.821345381355627 ], [ -96.693044916315444, 40.821343623993357 ], [ -96.693043037372078, 40.821341866941253 ], [ -96.693041157988674, 40.821340110225329 ], [ -96.693039278134904, 40.821338353868754 ], [ -96.693037397795635, 40.821336597883096 ], [ -96.693035516959483, 40.821334842277047 ], [ -96.693033635615109, 40.821333087059287 ], [ -96.693031753751114, 40.821331332238486 ], [ -96.693029871356174, 40.821329577823334 ], [ -96.693027988715386, 40.821327823639827 ], [ -96.69302611291036, 40.821326065326012 ], [ -96.693024246681574, 40.821324301194956 ], [ -96.693022389669039, 40.821322531469598 ], [ -96.693020541528568, 40.821320756360713 ], [ -96.693018701919954, 40.821318976076149 ], [ -96.693016870502987, 40.82131719082372 ], [ -96.693015046937461, 40.821315400811216 ], [ -96.693013230883139, 40.821313606246449 ], [ -96.693011421999842, 40.821311807337224 ], [ -96.693009619947318, 40.821310004291348 ], [ -96.693007824385361, 40.821308197316647 ], [ -96.693006034973749, 40.821306386620918 ], [ -96.693004251375569, 40.82130457240951 ], [ -96.693002473266901, 40.821302754877699 ], [ -96.693000700327076, 40.821300934218414 ], [ -96.692998932235483, 40.821299110624466 ], [ -96.692997168671496, 40.821297284288725 ], [ -96.692995409314449, 40.821295455404055 ], [ -96.692993653843715, 40.82129362416331 ], [ -96.692991901938669, 40.821291790759311 ], [ -96.692990153278643, 40.821289955384948 ], [ -96.692988407543012, 40.821288118233078 ], [ -96.692986664412217, 40.821286279495745 ], [ -96.692984923570918, 40.821284439361712 ], [ -96.692983184704843, 40.821282598018982 ], [ -96.692981447499747, 40.821280755655557 ], [ -96.692979711641343, 40.82127891245942 ], [ -96.692977976815385, 40.821277068618528 ], [ -96.692976242707616, 40.821275224320914 ], [ -96.692974509003761, 40.821273379754501 ], [ -96.692972775389578, 40.821271535107329 ], [ -96.692971041549583, 40.821269690568265 ], [ -96.692969307163594, 40.821267846329825 ], [ -96.692967571910245, 40.821266002585439 ], [ -96.692965835468158, 40.821264159528496 ], [ -96.692964097515912, 40.821262317352456 ], [ -96.692962357732171, 40.821260476250742 ], [ -96.692960615795542, 40.821258636416758 ], [ -96.692958871384633, 40.821256798043954 ], [ -96.692957124178051, 40.821254961325721 ], [ -96.69295537385446, 40.821253126455488 ], [ -96.69295362008927, 40.821251293629118 ], [ -96.692951862545371, 40.821249463052006 ], [ -96.692950100882413, 40.821247634932142 ], [ -96.692948334760104, 40.821245809477333 ], [ -96.692946563838106, 40.821243986895517 ], [ -96.692944787776128, 40.821242167394551 ], [ -96.692943006233833, 40.821240351182318 ], [ -96.692941218870928, 40.821238538466702 ], [ -96.692939425347078, 40.821236729455627 ], [ -96.692937625321989, 40.821234924356908 ], [ -96.692935818451929, 40.821233123381099 ], [ -96.692934004379552, 40.821231326749064 ], [ -96.692932182744116, 40.821229534684285 ], [ -96.692930353184877, 40.821227747410269 ], [ -96.692928515341109, 40.821225965150504 ], [ -96.692926668852039, 40.821224188128483 ], [ -96.692924813356939, 40.8212224165677 ], [ -96.692922948495053, 40.821220650691629 ], [ -96.692921519279494, 40.8212193073865 ] ] } },
{ "type": "Feature", "properties": { "point_a": 335, "point_b": 336, "trip": 3, "route": "antelope_before_bend", "status": "corrected", "mode": "reviewed_spatial_assumption" }, "geometry": { "type": "LineString", "coordinates": [ [ -96.692921519279494, 40.8212193073865 ], [ -96.692921069162594, 40.82121889364641 ], [ -96.692919066557224, 40.821217212476071 ], [ -96.692916914110896, 40.821215623554416 ], [ -96.69291463683345, 40.821214111473992 ], [ -96.692912259734712, 40.821212660827314 ], [ -96.69290980782452, 40.821211256206894 ], [ -96.692907306112701, 40.821209882205302 ], [ -96.69290477960908, 40.821208523415045 ], [ -96.69290225332351, 40.821207164428678 ], [ -96.692899752265802, 40.8212057898387 ], [ -96.692897301445797, 40.821204384237724 ], [ -96.692894925872878, 40.821202932218583 ], [ -96.692892650554555, 40.821201418375594 ], [ -96.692890500497938, 40.821199827303424 ], [ -96.692888500710097, 40.821198143596675 ], [ -96.692886713514312, 40.821196329262442 ], [ -96.692885220000363, 40.821194335235312 ], [ -96.692883979250098, 40.821192186572922 ], [ -96.69288294530331, 40.821189911390832 ], [ -96.692882072199851, 40.821187537804647 ], [ -96.692881313979541, 40.821185093929905 ], [ -96.692880624684278, 40.821182607880658 ], [ -96.692879958364216, 40.821180107764555 ], [ -96.692879269071554, 40.821177621687752 ], [ -96.69287851085852, 40.821175177756338 ], [ -96.692877637777357, 40.821172804076483 ], [ -96.692876603880293, 40.821170528754251 ], [ -96.692875363219542, 40.821168379895795 ], [ -96.692873869847361, 40.821166385607214 ], [ -96.692872568965001, 40.82116502013919 ] ] } },
{ "type": "Feature", "properties": { "point_a": 59, "point_b": 60, "trip": 1, "route": "north10th_rightmost", "status": "corrected", "mode": "reviewed_spatial_assumption" }, "geometry": { "type": "LineString", "coordinates": [ [ -96.708162836730494, 40.819277050617593 ], [ -96.708163465730053, 40.819279143538253 ], [ -96.708164132724065, 40.819281337560923 ], [ -96.708164806889272, 40.819283530353914 ], [ -96.708165487985681, 40.819285721966224 ], [ -96.708166175773343, 40.81928791244696 ], [ -96.708166870012306, 40.819290101845112 ], [ -96.708167570462606, 40.819292290209759 ], [ -96.708168276884294, 40.819294477589956 ], [ -96.70816898903675, 40.819296664034383 ], [ -96.708169706676784, 40.819298849590375 ], [ -96.708170429560525, 40.81930103430485 ], [ -96.708171157444141, 40.81930321822481 ], [ -96.708171890083761, 40.819305401397173 ], [ -96.708172627235541, 40.819307583868927 ], [ -96.708173368655622, 40.819309765687009 ], [ -96.708174114100146, 40.819311946898395 ], [ -96.708174863325283, 40.819314127550037 ], [ -96.708175616082031, 40.819316307688318 ], [ -96.708176372100951, 40.819318487357293 ], [ -96.70817713110749, 40.819320666600476 ], [ -96.708177892827081, 40.819322845461365 ], [ -96.70817865698514, 40.819325023983438 ], [ -96.708179423307143, 40.819327202210211 ], [ -96.70818019151848, 40.819329380185145 ], [ -96.708180961344624, 40.81933155795177 ], [ -96.708181732511008, 40.819333735553577 ], [ -96.708182504736214, 40.819335913034642 ], [ -96.708183277711626, 40.819338090441583 ], [ -96.708184051121734, 40.819340267821531 ], [ -96.708184824651113, 40.819342445221707 ], [ -96.708185597984226, 40.819344622689307 ], [ -96.708186370805649, 40.819346800271504 ], [ -96.708187142799872, 40.819348978015455 ], [ -96.708187913651443, 40.819351155968377 ], [ -96.708188683044881, 40.81935333417745 ], [ -96.708189450662658, 40.819355512690457 ], [ -96.708190216179133, 40.819357691557684 ], [ -96.708190979266575, 40.819359870829999 ], [ -96.708191739597311, 40.819362050558262 ], [ -96.708192496843623, 40.819364230793333 ], [ -96.708193250677823, 40.819366411586124 ], [ -96.708194000772181, 40.819368592987466 ], [ -96.708194746799023, 40.819370775048263 ], [ -96.708195488430619, 40.819372957819375 ], [ -96.70819622534529, 40.819375141351642 ], [ -96.708196957245335, 40.819377325695861 ], [ -96.708197683839074, 40.819379510902792 ], [ -96.708198404834789, 40.819381697023154 ], [ -96.708199119940815, 40.819383884107744 ], [ -96.708199828865432, 40.819386072207273 ], [ -96.708200531316962, 40.819388261372517 ], [ -96.708201227003713, 40.819390451654222 ], [ -96.708201915633978, 40.819392643103143 ], [ -96.708202596922732, 40.819394835769231 ], [ -96.708203270611392, 40.819397029699203 ], [ -96.708203936448072, 40.819399224938998 ], [ -96.708204594180842, 40.819401421534494 ], [ -96.708205243557799, 40.819403619531641 ], [ -96.708205884327029, 40.819405818976314 ], [ -96.708206516236615, 40.819408019914476 ], [ -96.708207142550819, 40.81941022178561 ], [ -96.708207767392395, 40.819412423881232 ], [ -96.708208390782062, 40.819414626200285 ], [ -96.708209012768506, 40.819416828736863 ], [ -96.708209633409581, 40.819419031483548 ], [ -96.708210252763124, 40.819421234432852 ], [ -96.708210870886901, 40.81942343757742 ], [ -96.708211487838781, 40.819425640909742 ], [ -96.708212103676573, 40.819427844422414 ], [ -96.708212718458086, 40.819430048107989 ], [ -96.708213332250708, 40.819432251957458 ], [ -96.708213945159926, 40.819434455955452 ], [ -96.708214557300806, 40.81943666008511 ], [ -96.708215168788385, 40.819438864329449 ], [ -96.708215779737742, 40.819441068671523 ], [ -96.7082163902639, 40.819443273094478 ], [ -96.708217000481937, 40.819445477581326 ], [ -96.708217610506892, 40.819447682115175 ], [ -96.708218220453816, 40.819449886679095 ], [ -96.708218830428081, 40.819452091257368 ], [ -96.708219440496364, 40.81945429583925 ], [ -96.708220050715596, 40.819456500415193 ], [ -96.708220661142761, 40.819458704975666 ], [ -96.708221271834859, 40.819460909511136 ], [ -96.708221882848818, 40.819463114012066 ], [ -96.708222494241639, 40.819465318468922 ], [ -96.708223106070278, 40.819467522872152 ], [ -96.708223718391707, 40.819469727212216 ], [ -96.708224331236053, 40.819471931483264 ], [ -96.708224944526052, 40.819474135694009 ], [ -96.708225558157565, 40.81947633985687 ], [ -96.7082261720265, 40.819478543984204 ], [ -96.708226786028703, 40.819480748088495 ], [ -96.708227400060096, 40.819482952182064 ], [ -96.708228014016512, 40.81948515627731 ], [ -96.708228627793872, 40.819487360386688 ], [ -96.708229241288038, 40.819489564522563 ], [ -96.708229854382978, 40.81949176869891 ], [ -96.70823046691504, 40.819493972936172 ], [ -96.708231078708636, 40.81949617725634 ], [ -96.708231689588203, 40.819498381681385 ], [ -96.708232299378196, 40.81950058623336 ], [ -96.70823290790301, 40.819502790934266 ], [ -96.708233514987086, 40.819504995806049 ], [ -96.708234120454861, 40.819507200870774 ], [ -96.708234724130762, 40.819509406150424 ], [ -96.708235325849131, 40.819511611665838 ], [ -96.708235925484118, 40.819513817433076 ], [ -96.708236522919748, 40.819516023467123 ], [ -96.708237118040088, 40.819518229782886 ], [ -96.708237710729165, 40.819520436395301 ], [ -96.708238300871059, 40.819522643319303 ], [ -96.708238888349797, 40.819524850569842 ], [ -96.708239473049431, 40.81952705816181 ], [ -96.708240054854016, 40.819529266110159 ], [ -96.708240633668154, 40.819531474427478 ], [ -96.708241209478729, 40.819533683116845 ], [ -96.708241782293143, 40.819535892179033 ], [ -96.708242352118816, 40.819538101614789 ], [ -96.70824291896318, 40.819540311424873 ], [ -96.708243482833666, 40.819542521610039 ], [ -96.708244043737665, 40.819544732171032 ], [ -96.708244601682622, 40.819546943108627 ], [ -96.708245156675972, 40.819549154423541 ], [ -96.7082457087308, 40.819551366116194 ], [ -96.708246257883062, 40.819553578185399 ], [ -96.708246804174422, 40.819555790629657 ], [ -96.708247347646505, 40.819558003447476 ], [ -96.708247888340935, 40.819560216637278 ], [ -96.708248426299377, 40.819562430197557 ], [ -96.70824896156347, 40.819564644126814 ], [ -96.708249494174851, 40.819566858423535 ], [ -96.708250024175157, 40.81956907308615 ], [ -96.708250551600131, 40.819571288113721 ], [ -96.708251076461934, 40.819573503507478 ], [ -96.708251598766793, 40.819575719269189 ], [ -96.708252118520988, 40.819577935400609 ], [ -96.708252635730744, 40.819580151903523 ], [ -96.708253150402328, 40.81958236877972 ], [ -96.708253662541978, 40.819584586030928 ], [ -96.708254172155947, 40.819586803658964 ], [ -96.708254679244874, 40.819589021665877 ], [ -96.70825518378679, 40.819591240054784 ], [ -96.708255685754153, 40.819593458829189 ], [ -96.708256185119396, 40.81959567799251 ], [ -96.708256681854934, 40.819597897548185 ], [ -96.708257175933227, 40.819600117499668 ], [ -96.708257667326706, 40.819602337850391 ], [ -96.708258156007801, 40.819604558603835 ], [ -96.708258641948945, 40.819606779763397 ], [ -96.708259125120662, 40.819609001332545 ], [ -96.70825960548575, 40.819611223314617 ], [ -96.708260083005158, 40.819613445712989 ], [ -96.708260557639775, 40.819615668531 ], [ -96.708261029350524, 40.819617891771983 ], [ -96.70826149809831, 40.819620115439342 ], [ -96.708261963844024, 40.819622339536359 ], [ -96.7082624265486, 40.819624564066459 ], [ -96.708262886172946, 40.819626789032931 ], [ -96.708263342685797, 40.819629014437957 ], [ -96.708263796087152, 40.819631240279008 ], [ -96.708264246384857, 40.819633466552261 ], [ -96.708264693586756, 40.819635693253993 ], [ -96.708265137700678, 40.819637920380416 ], [ -96.708265578734469, 40.819640147927792 ], [ -96.708266016695973, 40.819642375892343 ], [ -96.708266451593005, 40.819644604270344 ], [ -96.708266883433424, 40.819646833057988 ], [ -96.708267312237012, 40.819649062249908 ], [ -96.708267738071271, 40.819651291834219 ], [ -96.70826816101571, 40.819653521797413 ], [ -96.708268581149795, 40.819655752125961 ], [ -96.708268998552981, 40.819657982806355 ], [ -96.708269413304748, 40.819660213825074 ], [ -96.708269825484592, 40.819662445168611 ], [ -96.708270235171952, 40.81966467682345 ], [ -96.708270642446323, 40.819666908776043 ], [ -96.708271047391008, 40.81966914101249 ], [ -96.70827145010459, 40.819671373516933 ], [ -96.708271850689485, 40.81967360627317 ], [ -96.708272249248097, 40.819675839264924 ], [ -96.708272645882857, 40.819678072475973 ], [ -96.70827304069617, 40.819680305890053 ], [ -96.708273433790453, 40.819682539490941 ], [ -96.708273825268122, 40.819684773262367 ], [ -96.708274215231597, 40.819687007188087 ], [ -96.708274603776459, 40.819689241252853 ], [ -96.708274990971134, 40.819691475445261 ], [ -96.70827537687714, 40.819693709754951 ], [ -96.708275761556067, 40.819695944171507 ], [ -96.70827614506949, 40.819698178684533 ], [ -96.708276527478972, 40.819700413283655 ], [ -96.708276908846074, 40.819702647958444 ], [ -96.70827728923237, 40.819704882698545 ], [ -96.708277668699424, 40.819707117493529 ], [ -96.708278047296702, 40.819709352334684 ], [ -96.708278425025128, 40.819711587219835 ], [ -96.708278801873576, 40.819713822148536 ], [ -96.708279177830846, 40.819716057120303 ], [ -96.708279552885799, 40.819718292134645 ], [ -96.708279927027263, 40.819720527191087 ], [ -96.70828030024407, 40.819722762289153 ], [ -96.708280672525078, 40.819724997428338 ], [ -96.708281043859088, 40.81972723260818 ], [ -96.708281414230015, 40.819729467828942 ], [ -96.708281783601862, 40.81973170309378 ], [ -96.708282151933787, 40.819733938406628 ], [ -96.708282519184834, 40.819736173771403 ], [ -96.708282885314119, 40.819738409192034 ], [ -96.708283250280715, 40.819740644672407 ], [ -96.708283614043751, 40.819742880216467 ], [ -96.708283976562285, 40.819745115828134 ], [ -96.708284337798034, 40.819747351511111 ], [ -96.70828469772303, 40.819749587268589 ], [ -96.708285056311922, 40.819751823103502 ], [ -96.708285413539372, 40.819754059018791 ], [ -96.708285769380026, 40.81975629501742 ], [ -96.70828612380852, 40.819758531102345 ], [ -96.708286476799501, 40.819760767276541 ], [ -96.708286828327644, 40.819763003542931 ], [ -96.708287178367584, 40.819765239904513 ], [ -96.708287526898772, 40.819767476363708 ], [ -96.708287873920085, 40.819769712921108 ], [ -96.70828821943519, 40.819771949576705 ], [ -96.708288563447738, 40.819774186330569 ], [ -96.708288905961396, 40.819776423182745 ], [ -96.708289246979845, 40.819778660133267 ], [ -96.708289586506737, 40.819780897182163 ], [ -96.708289924545781, 40.819783134329491 ], [ -96.708290261100601, 40.819785371575314 ], [ -96.708290596176809, 40.819787608919327 ], [ -96.708290929787708, 40.819789846360038 ], [ -96.708291261948531, 40.819792083895607 ], [ -96.708291592674513, 40.819794321524185 ], [ -96.708291921980887, 40.819796559243947 ], [ -96.708292249882874, 40.819798797053068 ], [ -96.708292576395721, 40.81980103494972 ], [ -96.708292901534634, 40.819803272932027 ], [ -96.708293225314861, 40.819805510998201 ], [ -96.708293547747701, 40.819807749146726 ], [ -96.708293868828662, 40.819809987377525 ], [ -96.708294188549289, 40.81981222569086 ], [ -96.708294506901169, 40.819814464086974 ], [ -96.708294823875903, 40.819816702566108 ], [ -96.708295139464994, 40.819818941128517 ], [ -96.708295453660085, 40.819821179774472 ], [ -96.708295766452707, 40.819823418504214 ], [ -96.708296077834433, 40.819825657317999 ], [ -96.708296387789659, 40.819827896216744 ], [ -96.708296696273962, 40.819830135204128 ], [ -96.708297003235728, 40.819832374284402 ], [ -96.708297308623372, 40.819834613461936 ], [ -96.708297612385323, 40.819836852741055 ], [ -96.70829791446991, 40.819839092126031 ], [ -96.708298214825589, 40.819841331621198 ], [ -96.708298513400749, 40.819843571230912 ], [ -96.708298810143773, 40.819845810959428 ], [ -96.708299104998474, 40.819848050811466 ], [ -96.708299397890258, 40.819850290793156 ], [ -96.708299688739956, 40.819852530910993 ], [ -96.708299977468357, 40.819854771171492 ], [ -96.708300263996279, 40.819857011581128 ], [ -96.708300548244551, 40.819859252146429 ], [ -96.708300830133965, 40.819861492873876 ], [ -96.708301109585364, 40.819863733769992 ], [ -96.708301386519537, 40.819865974841264 ], [ -96.708301660859064, 40.819868216093916 ], [ -96.708301932533416, 40.81987045753305 ], [ -96.708302201473842, 40.819872699163533 ], [ -96.708302467611588, 40.819874940990154 ], [ -96.708302730877904, 40.819877183017773 ], [ -96.708302991203993, 40.819879425251251 ], [ -96.708303248521119, 40.819881667695377 ], [ -96.708303502760529, 40.819883910355017 ], [ -96.708303753853443, 40.819886153234997 ], [ -96.708304001741325, 40.81988839633911 ], [ -96.70830424640647, 40.819890639666959 ], [ -96.708304487841431, 40.819892883217136 ], [ -96.708304726038705, 40.819895126988207 ], [ -96.708304960990816, 40.819897370978758 ], [ -96.708305192690304, 40.819899615187374 ], [ -96.70830542112968, 40.819901859612592 ], [ -96.708305646301469, 40.819904104253013 ], [ -96.708305868217323, 40.819906349105452 ], [ -96.708306086965521, 40.819908594159649 ], [ -96.708306302653455, 40.819910839403576 ], [ -96.708306515388514, 40.819913084825181 ], [ -96.708306725278092, 40.819915330412506 ], [ -96.708306932429593, 40.819917576153451 ], [ -96.708307136950438, 40.819919822036034 ], [ -96.708307338947989, 40.819922068048221 ], [ -96.708307538529652, 40.81992431417801 ], [ -96.708307735817371, 40.819926560412142 ], [ -96.708307930991239, 40.819928806732769 ], [ -96.708308124245875, 40.819931053120733 ], [ -96.708308315775909, 40.819933299556965 ], [ -96.708308505775946, 40.819935546022343 ], [ -96.708308694440646, 40.819937792497775 ], [ -96.708308881964612, 40.819940038964155 ], [ -96.708309068542476, 40.819942285402412 ], [ -96.708309254368857, 40.819944531793411 ], [ -96.708309439637333, 40.8199467781184 ], [ -96.708309624537279, 40.81994902436 ], [ -96.70830980925696, 40.819951270501164 ], [ -96.708309993984699, 40.819953516524841 ], [ -96.708310178908803, 40.81995576241399 ], [ -96.708310364217567, 40.819958008151552 ], [ -96.708310550099299, 40.819960253720481 ], [ -96.708310736742291, 40.819962499103752 ], [ -96.708310924334839, 40.819964744284292 ], [ -96.708311113048424, 40.819966989247021 ], [ -96.708311302987141, 40.819969233984686 ], [ -96.708311494238245, 40.819971478491986 ], [ -96.708311686888976, 40.819973722763621 ], [ -96.708311881026603, 40.819975966794303 ], [ -96.708312076738366, 40.819978210578718 ], [ -96.708312274111563, 40.819980454111572 ], [ -96.708312473233406, 40.81998269738758 ], [ -96.708312674191149, 40.81998494040144 ], [ -96.708312877047803, 40.819987183150403 ], [ -96.708313081769248, 40.819989425641836 ], [ -96.708313288297077, 40.819991667885681 ], [ -96.708313496572913, 40.81999390989187 ], [ -96.708313706538348, 40.819996151670367 ], [ -96.708313918135033, 40.819998393231081 ], [ -96.708314131304533, 40.820000634583948 ], [ -96.708314345988484, 40.820002875738915 ], [ -96.708314562128507, 40.820005116705914 ], [ -96.708314779650152, 40.820007357495953 ], [ -96.708314998414878, 40.820009598124336 ], [ -96.70831521826814, 40.820011838607449 ], [ -96.708315439055326, 40.820014078961691 ], [ -96.708315660621892, 40.820016319203454 ], [ -96.70831588281321, 40.820018559349123 ], [ -96.708316105474765, 40.82002079941509 ], [ -96.708316328451929, 40.820023039417748 ], [ -96.708316551590173, 40.820025279373453 ], [ -96.708316774732992, 40.820027519298336 ], [ -96.708316997716324, 40.820029759207152 ], [ -96.708317220374255, 40.820031999114384 ], [ -96.708317442540775, 40.820034239034577 ], [ -96.708317664049986, 40.820036478982168 ], [ -96.708317884735891, 40.820038718971659 ], [ -96.708318104432564, 40.820040959017525 ], [ -96.708318322974051, 40.820043199134268 ], [ -96.708318540194384, 40.820045439336369 ], [ -96.708318755936759, 40.820047679637284 ], [ -96.708318970080938, 40.820049920046394 ], [ -96.708319182515851, 40.820052160572033 ], [ -96.708319393130367, 40.820054401222542 ], [ -96.708319601813415, 40.820056642006286 ], [ -96.708319808453936, 40.820058882931583 ], [ -96.708320012940774, 40.82006112400682 ], [ -96.708320215162885, 40.820063365240266 ], [ -96.708320415025568, 40.820065606639034 ], [ -96.708320612499733, 40.820067848204914 ], [ -96.708320807572719, 40.820070089938405 ], [ -96.708321000231834, 40.820072331840016 ], [ -96.708321190464403, 40.820074573910276 ], [ -96.70832137825775, 40.820076816149665 ], [ -96.708321563599199, 40.820079058558733 ], [ -96.708321746476088, 40.820081301137947 ], [ -96.708321926875712, 40.82008354388784 ], [ -96.708322104798057, 40.8200857868081 ], [ -96.708322280293743, 40.820088029895047 ], [ -96.708322453426035, 40.820090273144231 ], [ -96.708322624258173, 40.820092516551206 ], [ -96.708322792853437, 40.820094760111459 ], [ -96.70832295927508, 40.820097003820557 ], [ -96.708323123586382, 40.82009924767398 ], [ -96.708323285850597, 40.82010149166728 ], [ -96.70832344613099, 40.820103735795996 ], [ -96.708323604493202, 40.820105980055658 ], [ -96.70832376101248, 40.82010822444181 ], [ -96.708323915766442, 40.820110468950027 ], [ -96.708324068832709, 40.820112713575902 ], [ -96.708324220288929, 40.820114958314981 ], [ -96.708324370212665, 40.82011720316283 ], [ -96.708324518681593, 40.82011944811503 ], [ -96.708324665773318, 40.820121693167145 ], [ -96.708324811565433, 40.820123938314758 ], [ -96.708324956132145, 40.820126183553747 ], [ -96.708325099533653, 40.820128428881546 ], [ -96.708325241826728, 40.820130674295825 ], [ -96.708325383068157, 40.820132919794318 ], [ -96.708325523314684, 40.820135165374694 ], [ -96.708325662623096, 40.820137411034757 ], [ -96.708325801050151, 40.820139656772177 ], [ -96.708325938652607, 40.820141902584673 ], [ -96.708326075487264, 40.820144148469964 ], [ -96.708326211605623, 40.820146394426054 ], [ -96.708326347038238, 40.820148640451919 ], [ -96.708326481810445, 40.82015088654687 ], [ -96.708326615947556, 40.820153132710189 ], [ -96.708326749474892, 40.82015537894118 ], [ -96.708326882417765, 40.820157625239077 ], [ -96.708327014801483, 40.820159871603195 ], [ -96.708327146651399, 40.820162118032826 ], [ -96.708327277992808, 40.820164364527216 ], [ -96.708327408852924, 40.820166611084943 ], [ -96.708327539266605, 40.820168857701603 ], [ -96.708327669270588, 40.820171104372044 ], [ -96.708327798901607, 40.820173351091157 ], [ -96.708327928196383, 40.820175597853776 ], [ -96.708328057191693, 40.820177844654758 ], [ -96.708328185924259, 40.820180091488986 ], [ -96.708328314430815, 40.820182338351337 ], [ -96.708328442748112, 40.820184585236639 ], [ -96.70832857091969, 40.820186832138532 ], [ -96.708328699016363, 40.820189079045555 ], [ -96.708328827115736, 40.820191325945096 ], [ -96.7083289552954, 40.820193572824465 ], [ -96.708329083633004, 40.820195819671 ], [ -96.70832921220611, 40.820198066472024 ], [ -96.708329341092366, 40.82020031321489 ], [ -96.708329470369364, 40.820202559886894 ], [ -96.708329600114723, 40.820204806475409 ], [ -96.708329730406305, 40.820207052967994 ], [ -96.708329861322937, 40.820209299353117 ], [ -96.708329992943732, 40.820211545619514 ], [ -96.708330125347814, 40.820213791755862 ], [ -96.708330258614268, 40.820216037750903 ], [ -96.708330392822162, 40.820218283593356 ], [ -96.708330528050624, 40.8202205292719 ], [ -96.708330664378764, 40.820222774775303 ], [ -96.708330801876329, 40.820225020093311 ], [ -96.708330940575721, 40.820227265220126 ], [ -96.708331080500002, 40.820229510150966 ], [ -96.708331221672196, 40.820231754881121 ], [ -96.708331364115395, 40.820233999405815 ], [ -96.708331507852662, 40.820236243720309 ], [ -96.70833165290702, 40.820238487819836 ], [ -96.708331799301533, 40.82024073169967 ], [ -96.708331947059293, 40.820242975355065 ], [ -96.708332096186695, 40.820245218782496 ], [ -96.708332246623684, 40.820247461983485 ], [ -96.708332398293521, 40.820249704960787 ], [ -96.708332551119511, 40.820251947717132 ], [ -96.708332705024944, 40.820254190255298 ], [ -96.708332859933094, 40.820256432577978 ], [ -96.708333015767266, 40.820258674687985 ], [ -96.70833317245075, 40.820260916588047 ], [ -96.708333329906807, 40.820263158280909 ], [ -96.708333488048979, 40.820265399769866 ], [ -96.708333646751512, 40.820267641060305 ], [ -96.70833380587888, 40.8202698821582 ], [ -96.70833396529558, 40.820272123069472 ], [ -96.708334124866113, 40.82027436380006 ], [ -96.708334284454949, 40.820276604355904 ], [ -96.708334443926546, 40.82027884474298 ], [ -96.708334603145417, 40.820281084967199 ], [ -96.708334761976033, 40.820283325034517 ], [ -96.708334920281146, 40.820285564950858 ], [ -96.70833507791653, 40.820287804722113 ], [ -96.708335234736239, 40.820290044354181 ], [ -96.708335390594343, 40.820292283852915 ], [ -96.708335545344852, 40.820294523224213 ], [ -96.70833569884185, 40.820296762473959 ], [ -96.708335850939378, 40.820299001608035 ], [ -96.708336001491475, 40.820301240632297 ], [ -96.708336150352196, 40.820303479552678 ], [ -96.708336297376803, 40.820305718375074 ], [ -96.708336442425434, 40.82030795710574 ], [ -96.708336585359405, 40.82031019575092 ], [ -96.708336726040073, 40.820312434316918 ], [ -96.708336864328771, 40.820314672810007 ], [ -96.708337000086829, 40.820316911236482 ], [ -96.70833713317559, 40.820319149602618 ], [ -96.7083372634564, 40.820321387914682 ], [ -96.708337390790589, 40.820323626178975 ], [ -96.708337515044761, 40.820325864402221 ], [ -96.708337636106535, 40.820328102593002 ], [ -96.708337753868861, 40.820330340760279 ], [ -96.708337868224632, 40.820332578913145 ], [ -96.708337979066727, 40.820334817060548 ], [ -96.708338086288094, 40.820337055211553 ], [ -96.7083381897816, 40.820339293375177 ], [ -96.708338289440192, 40.820341531560388 ], [ -96.70833838515675, 40.820343769776244 ], [ -96.708338476839387, 40.820346008032246 ], [ -96.708338564457122, 40.820348246340018 ], [ -96.70833864799414, 40.820350484711632 ], [ -96.708338727434636, 40.820352723159203 ], [ -96.708338802762853, 40.820354961694818 ], [ -96.708338873962944, 40.820357200330584 ], [ -96.708338941019164, 40.820359439078615 ], [ -96.708339003915697, 40.82036167795097 ], [ -96.708339062636739, 40.820363916959799 ], [ -96.708339117184153, 40.82036615611684 ], [ -96.708339167630484, 40.820368395432467 ], [ -96.708339214065916, 40.820370634916706 ], [ -96.708339256580601, 40.820372874579618 ], [ -96.708339295264764, 40.820375114431208 ], [ -96.708339330208574, 40.820377354481522 ], [ -96.708339361502198, 40.820379594740579 ], [ -96.70833938923586, 40.820381835218463 ], [ -96.708339413506181, 40.820384075921552 ], [ -96.708339434435587, 40.820386316841883 ], [ -96.708339452153027, 40.820388557967895 ], [ -96.708339466787365, 40.820390799288013 ], [ -96.708339478467536, 40.820393040790663 ], [ -96.708339487322405, 40.82039528246424 ], [ -96.708339493480921, 40.820397524297192 ], [ -96.708339497071961, 40.820399766277916 ], [ -96.708339498224419, 40.820402008394886 ], [ -96.708339497060038, 40.820404250634887 ], [ -96.708339493671716, 40.820406492978393 ], [ -96.708339488145228, 40.820408735404307 ], [ -96.708339480566281, 40.820410977891477 ], [ -96.708339471020636, 40.820413220418779 ], [ -96.708339459594015, 40.820415462965087 ], [ -96.708339446372179, 40.8204177055093 ], [ -96.708339431440848, 40.820419948030256 ], [ -96.708339414885785, 40.820422190506868 ], [ -96.708339396779238, 40.820424432919239 ], [ -96.708339377139595, 40.820426675252541 ], [ -96.708339355971731, 40.820428917493238 ], [ -96.708339333280549, 40.820431159627717 ], [ -96.708339309070979, 40.82043340164244 ], [ -96.708339283347883, 40.820435643523815 ], [ -96.708339256116162, 40.820437885258265 ], [ -96.708339227380748, 40.82044012683226 ], [ -96.708339197146501, 40.8204423682322 ], [ -96.708339165411829, 40.820444609445509 ], [ -96.708339132149092, 40.820446850463767 ], [ -96.708339097324142, 40.820449091279436 ], [ -96.708339060902844, 40.820451331885103 ], [ -96.70833902285105, 40.820453572273294 ], [ -96.70833898313461, 40.820455812436499 ], [ -96.708338941719376, 40.820458052367314 ], [ -96.708338898571213, 40.820460292058257 ], [ -96.708338853655945, 40.820462531501832 ], [ -96.708338806939409, 40.820464770691082 ], [ -96.708338758387086, 40.820467009620934 ], [ -96.70833870796443, 40.82046924828682 ], [ -96.708338655636908, 40.820471486684106 ], [ -96.708338601369917, 40.820473724808274 ], [ -96.708338545128967, 40.820475962654697 ], [ -96.708338486879441, 40.820478200218815 ], [ -96.708338426586835, 40.82048043749603 ], [ -96.708338364216587, 40.820482674481767 ], [ -96.708338299734933, 40.820484911171739 ], [ -96.708338233111377, 40.820487147562844 ], [ -96.708338164316189, 40.820489383652266 ], [ -96.708338093319696, 40.820491619437199 ], [ -96.708338020092185, 40.82049385491483 ], [ -96.708337944603926, 40.820496090082379 ], [ -96.708337866825232, 40.820498324937006 ], [ -96.708337786726418, 40.820500559475917 ], [ -96.708337704277739, 40.820502793696292 ], [ -96.708337619450305, 40.820505027596205 ], [ -96.708337532218351, 40.820507261177049 ], [ -96.708337442556925, 40.820509494441083 ], [ -96.708337350441056, 40.820511727390588 ], [ -96.708337255845777, 40.82051396002781 ], [ -96.708337158746147, 40.820516192355043 ], [ -96.708337059117184, 40.820518424374555 ], [ -96.708336956933934, 40.82052065608859 ], [ -96.708336852171442, 40.820522887499422 ], [ -96.708336744807042, 40.820525118610988 ], [ -96.708336634827418, 40.820527349433846 ], [ -96.708336522221543, 40.820529579980196 ], [ -96.708336406978418, 40.820531810262281 ], [ -96.708336289087029, 40.82053404029233 ], [ -96.708336168536349, 40.820536270082542 ], [ -96.708336045315363, 40.820538499645181 ], [ -96.708335919413045, 40.820540728992405 ], [ -96.708335790823469, 40.820542958138795 ], [ -96.708335659560788, 40.820545187108017 ], [ -96.708335525644287, 40.8205474159261 ], [ -96.708335389093193, 40.820549644619064 ], [ -96.708335249926748, 40.820551873212899 ], [ -96.708335108164206, 40.820554101733627 ], [ -96.708334963824825, 40.820556330207282 ], [ -96.708334816927831, 40.820558558659819 ], [ -96.70833466749248, 40.820560787117302 ], [ -96.708334515543982, 40.820563015606588 ], [ -96.70833436113135, 40.820565244158075 ], [ -96.708334204309551, 40.820567472802978 ], [ -96.708334045133583, 40.820569701572609 ], [ -96.708333883658412, 40.820571930498183 ], [ -96.708333719938992, 40.820574159610985 ], [ -96.708333554030318, 40.820576388942236 ], [ -96.708333385987387, 40.820578618523236 ], [ -96.708333215865139, 40.820580848385227 ], [ -96.708333043719449, 40.820583078551607 ], [ -96.708332869609691, 40.820585309014461 ], [ -96.708332693596134, 40.820587539757994 ], [ -96.708332515739031, 40.82058977076646 ], [ -96.708332336098678, 40.820592002024064 ], [ -96.708332154735302, 40.82059423351506 ], [ -96.708331971709185, 40.820596465223623 ], [ -96.708331787080581, 40.820598697134045 ], [ -96.708331600909759, 40.82060092923048 ], [ -96.708331413249198, 40.820603161491839 ], [ -96.708331224120187, 40.820605393875375 ], [ -96.708331033536254, 40.820607626333015 ], [ -96.708330841510914, 40.820609858816688 ], [ -96.708330648057697, 40.82061209127825 ], [ -96.708330453190101, 40.82061432366968 ], [ -96.708330256921656, 40.820616555942848 ], [ -96.70833005926589, 40.820618788049693 ], [ -96.708329860236276, 40.820621019942116 ], [ -96.708329659839819, 40.820623251574297 ], [ -96.708329458057207, 40.820625482909485 ], [ -96.708329254862647, 40.82062771391319 ], [ -96.708329050230248, 40.820629944550952 ], [ -96.708328844134201, 40.820632174788237 ], [ -96.708328636548671, 40.820634404590635 ], [ -96.708328427447825, 40.820636633923606 ], [ -96.70832821680581, 40.820638862752702 ], [ -96.708328004596794, 40.820641091043413 ], [ -96.708327790792339, 40.820643318763778 ], [ -96.708327575353636, 40.82064554589185 ], [ -96.708327358239274, 40.820647772408194 ], [ -96.7083271394078, 40.820649998293376 ], [ -96.708326918817818, 40.820652223527937 ], [ -96.708326696427903, 40.820654448092476 ], [ -96.708326472196646, 40.820656671967527 ], [ -96.708326246082606, 40.820658895133668 ], [ -96.708326018044389, 40.82066111757144 ], [ -96.708325788039588, 40.820663339262836 ], [ -96.70832555602189, 40.82066556019538 ], [ -96.708325321944045, 40.820667780358008 ], [ -96.708325085758759, 40.82066999973965 ], [ -96.708324847418766, 40.820672218329278 ], [ -96.708324606876772, 40.820674436115809 ], [ -96.708324364085499, 40.820676653088171 ], [ -96.708324118997709, 40.820678869235337 ], [ -96.70832387156608, 40.820681084546202 ], [ -96.708323621742679, 40.820683299010106 ], [ -96.708323369476801, 40.820685512617814 ], [ -96.708323114717118, 40.820687725360486 ], [ -96.708322857412199, 40.820689937229282 ], [ -96.70832259751073, 40.82069214821535 ], [ -96.708322334961309, 40.820694358309829 ], [ -96.70832206971258, 40.82069656750388 ], [ -96.708321801713168, 40.820698775788685 ], [ -96.708321530911391, 40.820700983155625 ], [ -96.708321257254212, 40.820703189597353 ], [ -96.708320980688285, 40.820705395106806 ], [ -96.708320701160247, 40.820707599676844 ], [ -96.708320418616779, 40.820709803300403 ], [ -96.70832013300452, 40.820712005970407 ], [ -96.708319844270108, 40.820714207679742 ], [ -96.708319552360194, 40.820716408421319 ], [ -96.708319257221447, 40.820718608188059 ], [ -96.708318958800561, 40.820720806974123 ], [ -96.708318657044501, 40.820723004778706 ], [ -96.708318351900289, 40.820725201602265 ], [ -96.708318043314961, 40.820727397445246 ], [ -96.708317731235539, 40.820729592308105 ], [ -96.708317415609031, 40.820731786191274 ], [ -96.708317096382501, 40.820733979095216 ], [ -96.708316773502929, 40.820736171020364 ], [ -96.708316446917379, 40.820738361967209 ], [ -96.708316116572405, 40.820740551938854 ], [ -96.708315782412797, 40.820742740949214 ], [ -96.70831544438289, 40.820744929014921 ], [ -96.708315102427051, 40.820747116152567 ], [ -96.708314756489585, 40.820749302378779 ], [ -96.708314406514845, 40.820751487710133 ], [ -96.708314052447179, 40.820753672163271 ], [ -96.70831369423091, 40.820755855754776 ], [ -96.708313331810402, 40.820758038501268 ], [ -96.70831296513019, 40.820760220422727 ], [ -96.708312594135776, 40.820762401552713 ], [ -96.708312218772875, 40.82076458192811 ], [ -96.708311838987157, 40.820766761585844 ], [ -96.708311454724367, 40.820768940562829 ], [ -96.708311065930189, 40.820771118895969 ], [ -96.70831067255034, 40.820773296622207 ], [ -96.708310274530547, 40.820775473778433 ], [ -96.708309871816482, 40.820777650401538 ], [ -96.708309464359473, 40.820779826526611 ], [ -96.708309052133316, 40.82078200218114 ], [ -96.70830863511739, 40.820784177390848 ], [ -96.708308213291048, 40.820786352181344 ], [ -96.708307786633725, 40.820788526578333 ], [ -96.708307355124788, 40.820790700607418 ], [ -96.708306918743617, 40.82079287429432 ], [ -96.708306477469606, 40.820795047664696 ], [ -96.708306031282135, 40.820797220744176 ], [ -96.708305580174212, 40.820799393553976 ], [ -96.708305124193259, 40.820801566097423 ], [ -96.708304663400341, 40.820803738373336 ], [ -96.708304197856478, 40.820805910380578 ], [ -96.708303727622734, 40.820808082117999 ], [ -96.708303252760146, 40.82081025358444 ], [ -96.708302773329763, 40.820812424778758 ], [ -96.708302289392648, 40.820814595699765 ], [ -96.70830180100981, 40.820816766346347 ], [ -96.70830130825118, 40.820818936717416 ], [ -96.708300811222117, 40.820821106812268 ], [ -96.708300310036861, 40.820823276630271 ], [ -96.708299804809641, 40.820825446170794 ], [ -96.708299295654655, 40.82082761543321 ], [ -96.708298782686157, 40.820829784416887 ], [ -96.70829826601836, 40.820831953121186 ], [ -96.70829774576552, 40.820834121545502 ], [ -96.708297222039548, 40.820836289689687 ], [ -96.708296694943286, 40.820838457555688 ], [ -96.708296164577249, 40.820840625145927 ], [ -96.708295631041977, 40.820842792462834 ], [ -96.708295094437986, 40.820844959508833 ], [ -96.708294554865844, 40.820847126286381 ], [ -96.708294012426052, 40.820849292797874 ], [ -96.708293467219136, 40.820851459045784 ], [ -96.708292919345652, 40.820853625032505 ], [ -96.708292368894092, 40.820855790760042 ], [ -96.708291815904715, 40.82085795622848 ], [ -96.708291260405758, 40.820860121437505 ], [ -96.708290702425487, 40.820862286386756 ], [ -96.708290141992123, 40.820864451075927 ], [ -96.70828957913389, 40.820866615504642 ], [ -96.708289013879039, 40.82086877967258 ], [ -96.708288446255821, 40.820870943579386 ], [ -96.708287876292459, 40.82087310722472 ], [ -96.708287304008465, 40.820875270607701 ], [ -96.70828672938849, 40.820877433725215 ], [ -96.708286152408476, 40.82087959657354 ], [ -96.70828557304435, 40.820881759149032 ], [ -96.708284991271995, 40.820883921448008 ], [ -96.708284407067396, 40.820886083466789 ], [ -96.70828382040645, 40.820888245201694 ], [ -96.708283231265085, 40.820890406649035 ], [ -96.708282639619242, 40.820892567805167 ], [ -96.708282045449437, 40.820894728667142 ], [ -96.70828144875469, 40.820896889235229 ], [ -96.708280849538539, 40.820899049510373 ], [ -96.708280247804623, 40.820901209493634 ], [ -96.708279643556509, 40.820903369185956 ], [ -96.708279036797776, 40.820905528588369 ], [ -96.708278427532036, 40.820907687701862 ], [ -96.708277815762884, 40.820909846527435 ], [ -96.7082772014939, 40.82091200506607 ], [ -96.708276584734421, 40.820914163319379 ], [ -96.708275965516876, 40.820916321291435 ], [ -96.708275343879407, 40.820918478986847 ], [ -96.708274719860171, 40.820920636410285 ], [ -96.708274093497309, 40.820922793566403 ], [ -96.708273464829006, 40.82092495045984 ], [ -96.708272833893403, 40.820927107095258 ], [ -96.708272200728658, 40.820929263477275 ], [ -96.708271565372925, 40.820931419610574 ], [ -96.708270927865343, 40.820933575499311 ], [ -96.708270288248841, 40.820935731145724 ], [ -96.708269646567331, 40.82093788655154 ], [ -96.708269002864739, 40.820940041718536 ], [ -96.708268357184963, 40.820942196648446 ], [ -96.708267709571928, 40.820944351343002 ], [ -96.708267060069531, 40.820946505803967 ], [ -96.708266408721684, 40.820948660033089 ], [ -96.708265755572327, 40.820950814032123 ], [ -96.708265100660583, 40.820952967801134 ], [ -96.70826444400663, 40.820955121333533 ], [ -96.70826378562586, 40.820957274621072 ], [ -96.708263125533705, 40.820959427655488 ], [ -96.708262463745569, 40.820961580428531 ], [ -96.708261800276858, 40.820963732931922 ], [ -96.708261135142976, 40.820965885157428 ], [ -96.708260468359327, 40.820968037096797 ], [ -96.708259799941317, 40.82097018874174 ], [ -96.708259129897741, 40.820972340082854 ], [ -96.708258458210835, 40.820974491105893 ], [ -96.708257784856215, 40.820976641795554 ], [ -96.708257109809466, 40.820978792136408 ], [ -96.708256433046245, 40.820980942113131 ], [ -96.708255754542151, 40.820983091710303 ], [ -96.708255074272785, 40.820985240912592 ], [ -96.708254392213775, 40.820987389704563 ], [ -96.708253708336599, 40.820989538071736 ], [ -96.708253022596253, 40.820991686002792 ], [ -96.708252334943595, 40.820993833487272 ], [ -96.708251645329483, 40.820995980514702 ], [ -96.708250953704791, 40.820998127074638 ], [ -96.708250260020378, 40.821000273156635 ], [ -96.708249564227103, 40.821002418750183 ], [ -96.708248866275824, 40.821004563844866 ], [ -96.708248166117414, 40.82100670843019 ], [ -96.708247463702691, 40.821008852496256 ], [ -96.70824675898227, 40.821010996035234 ], [ -96.708246051906741, 40.821013139039898 ], [ -96.708245342426721, 40.821015281503009 ], [ -96.708244630492743, 40.821017423417288 ], [ -96.708243916055437, 40.821019564775504 ], [ -96.708243199065365, 40.821021705570388 ], [ -96.708242479473114, 40.821023845794699 ], [ -96.708241757229274, 40.821025985441167 ], [ -96.708241032287688, 40.821028124502924 ], [ -96.708240304615146, 40.821030262974539 ], [ -96.708239574181704, 40.821032400850967 ], [ -96.708238840957449, 40.821034538127172 ], [ -96.708238104912397, 40.821036674798066 ], [ -96.708237366016618, 40.821038810858639 ], [ -96.708236624240172, 40.821040946303803 ], [ -96.708235879553129, 40.821043081128522 ], [ -96.70823513192552, 40.82104521532775 ], [ -96.708234381330541, 40.82104734889672 ], [ -96.708233627753913, 40.821049481831793 ], [ -96.708232871184464, 40.821051614129658 ], [ -96.708232111611053, 40.821053745786948 ], [ -96.708231349022526, 40.821055876800365 ], [ -96.708230583407712, 40.821058007166528 ], [ -96.708229814755455, 40.821060136882146 ], [ -96.708229043054601, 40.821062265943844 ], [ -96.708228268294008, 40.821064394348291 ], [ -96.708227490461681, 40.821066522091655 ], [ -96.708226709542515, 40.821068649167955 ], [ -96.708225925520523, 40.821070775570753 ], [ -96.70822513837976, 40.821072901293554 ], [ -96.708224348104267, 40.821075026329886 ], [ -96.708223554678085, 40.821077150673283 ], [ -96.70822275808527, 40.821079274317313 ], [ -96.708221958309849, 40.821081397255455 ], [ -96.708221155335863, 40.821083519481256 ], [ -96.708220349141826, 40.821085640986531 ], [ -96.708219539684038, 40.821087761756147 ], [ -96.708218726913188, 40.821089881773212 ], [ -96.708217910780064, 40.821092001020958 ], [ -96.708217091235397, 40.821094119482474 ], [ -96.708216268229904, 40.821096237140928 ], [ -96.70821544171433, 40.821098353979458 ], [ -96.708214611639448, 40.821100469981218 ], [ -96.708213777955947, 40.821102585129374 ], [ -96.708212940606856, 40.821104699404373 ], [ -96.708212099504166, 40.82110681277593 ], [ -96.70821125455214, 40.821108925211078 ], [ -96.708210405655066, 40.821111036676868 ], [ -96.70820955271715, 40.821113147140352 ], [ -96.70820869564271, 40.821115256568525 ], [ -96.70820783433598, 40.82111736492844 ], [ -96.708206968701219, 40.821119472187142 ], [ -96.708206098642691, 40.82112157831169 ], [ -96.708205224063349, 40.821123683267572 ], [ -96.708204344860903, 40.821125787014495 ], [ -96.708203460931742, 40.821127889510535 ], [ -96.708202572172269, 40.821129990713885 ], [ -96.708201678478858, 40.821132090582687 ], [ -96.708200779747912, 40.82113418907511 ], [ -96.708199875875835, 40.821136286149233 ], [ -96.708198966759014, 40.821138381763276 ], [ -96.708198052313705, 40.821140475879389 ], [ -96.708197132535659, 40.821142568475722 ], [ -96.708196207440508, 40.82114465953449 ], [ -96.70819527704387, 40.821146749037858 ], [ -96.708194341361363, 40.821148836968064 ], [ -96.708193400408589, 40.821150923307265 ], [ -96.708192454201182, 40.821153008037662 ], [ -96.708191502754772, 40.821155091141435 ], [ -96.70819054608495, 40.821157172600806 ], [ -96.708189584230169, 40.821159252404513 ], [ -96.708188617320104, 40.821161330567726 ], [ -96.708187645507238, 40.821163407112088 ], [ -96.708186668944066, 40.821165482059328 ], [ -96.708185687783072, 40.821167555431146 ], [ -96.708184702176737, 40.821169627249233 ], [ -96.708183712277574, 40.821171697535313 ], [ -96.708182718238049, 40.821173766311063 ], [ -96.708181720210646, 40.821175833598204 ], [ -96.70818071835194, 40.82117789942609 ], [ -96.708179712834578, 40.821179963854604 ], [ -96.708178703835344, 40.821182026951369 ], [ -96.708177691530963, 40.82118408878393 ], [ -96.708176676098191, 40.821186149419901 ], [ -96.708175657713753, 40.821188208926813 ], [ -96.708174636554389, 40.821190267372273 ], [ -96.70817361279687, 40.821192324823848 ], [ -96.70817258661792, 40.821194381349102 ], [ -96.708171558182016, 40.821196437016503 ], [ -96.708170527604508, 40.821198491898009 ], [ -96.70816949498851, 40.82120054606645 ], [ -96.708168460437093, 40.821202599594649 ], [ -96.708167424053372, 40.821204652555458 ], [ -96.708166385940416, 40.821206705021702 ], [ -96.708165346201326, 40.821208757066238 ], [ -96.708164304939203, 40.821210808761883 ], [ -96.708163262257102, 40.821212860181468 ], [ -96.708162218236467, 40.821214911389134 ], [ -96.708161172871925, 40.821216962414169 ], [ -96.708160126136406, 40.821219013277158 ], [ -96.708159078002893, 40.821221063998699 ], [ -96.708158028444288, 40.821223114599356 ], [ -96.708156977433589, 40.82122516509974 ], [ -96.708155924943725, 40.821227215520423 ], [ -96.708154870947638, 40.821229265882018 ], [ -96.708153815418299, 40.821231316205086 ], [ -96.708152758311982, 40.821233366502213 ], [ -96.708151699518396, 40.821235416754035 ], [ -96.708150638910567, 40.821237466933127 ], [ -96.708149576361521, 40.821239517012145 ], [ -96.708148511744284, 40.821241566963678 ], [ -96.708147444931924, 40.821243616760327 ], [ -96.70814637579744, 40.821245666374736 ], [ -96.7081453042139, 40.821247715779471 ], [ -96.708144230054302, 40.821249764947204 ], [ -96.708143153187351, 40.821251813846992 ], [ -96.708142073464089, 40.821253862434041 ], [ -96.708140990731309, 40.821255910659943 ], [ -96.708139904835733, 40.821257958476394 ], [ -96.708138815624068, 40.821260005835022 ], [ -96.708137722943079, 40.821262052687487 ], [ -96.708136626639487, 40.821264098985452 ], [ -96.708135526560028, 40.821266144680543 ], [ -96.708134422551439, 40.821268189724435 ], [ -96.70813331446692, 40.821270234069907 ], [ -96.708132202185581, 40.821272277674218 ], [ -96.708131085592967, 40.82127432049581 ], [ -96.708129964574681, 40.821276362493073 ], [ -96.708128839016283, 40.82127840362439 ], [ -96.708127708803346, 40.821280443848174 ], [ -96.708126573821417, 40.821282483122872 ], [ -96.708125433956127, 40.821284521406866 ], [ -96.708124289111581, 40.821286558664532 ], [ -96.708123139266377, 40.821288594884194 ], [ -96.70812198441763, 40.821290630060098 ], [ -96.708120824562499, 40.821292664186522 ], [ -96.708119659698156, 40.821294697257756 ], [ -96.708118489821715, 40.821296729268091 ], [ -96.708117314930348, 40.821298760211754 ], [ -96.7081161350212, 40.821300790083036 ], [ -96.708114950091399, 40.821302818876227 ], [ -96.708113760164409, 40.821304846594714 ], [ -96.708112565368822, 40.821306873278466 ], [ -96.708111365859494, 40.821308898976575 ], [ -96.708110161791367, 40.821310923738082 ], [ -96.708108953319282, 40.821312947612114 ], [ -96.708107740598152, 40.821314970647734 ], [ -96.708106523782831, 40.821316992894047 ], [ -96.708105303028233, 40.821319014400096 ], [ -96.708104078489256, 40.821321035214986 ], [ -96.708102850334882, 40.821323055392945 ], [ -96.708101618790579, 40.821325075008822 ], [ -96.708100384095914, 40.821327094142575 ], [ -96.708099146490468, 40.821329112874146 ], [ -96.708097906213851, 40.821331131283571 ], [ -96.708096663505614, 40.821333149450759 ], [ -96.708095418605353, 40.821335167455736 ], [ -96.70809417175262, 40.821337185378454 ], [ -96.708092923187024, 40.821339203298891 ], [ -96.708091673141979, 40.821341221294269 ], [ -96.70809042182627, 40.821343239430739 ], [ -96.708089169442559, 40.821345257771789 ], [ -96.708087916193449, 40.821347276380834 ], [ -96.708086662281616, 40.821349295321312 ], [ -96.708085407909664, 40.821351314656646 ], [ -96.70808415328024, 40.821353334450279 ], [ -96.70808289859599, 40.821355354765657 ], [ -96.708081644059533, 40.821357375666182 ], [ -96.708080389850352, 40.821359397204617 ], [ -96.70807913605509, 40.821361419390833 ], [ -96.708077882737243, 40.82136344222404 ], [ -96.708076629960303, 40.82136546570343 ], [ -96.708075377787779, 40.82136748982817 ], [ -96.708074126283122, 40.821369514597443 ], [ -96.708072875509842, 40.821371540010482 ], [ -96.708071625531417, 40.821373566066413 ], [ -96.708070376411342, 40.82137559276449 ], [ -96.708069128194893, 40.821377620093109 ], [ -96.708067880854585, 40.821379647997666 ], [ -96.708066634344746, 40.82138167641282 ], [ -96.708065388619673, 40.821383705273249 ], [ -96.708064143633663, 40.821385734513562 ], [ -96.708062899341058, 40.821387764068405 ], [ -96.708061655696156, 40.821389793872456 ], [ -96.708060412653239, 40.821391823860338 ], [ -96.708059170166678, 40.821393853966718 ], [ -96.708057928193028, 40.821395884127604 ], [ -96.708056686698185, 40.821397914284461 ], [ -96.708055445650302, 40.821399944380161 ], [ -96.708054205017547, 40.821401974357521 ], [ -96.708052964768058, 40.821404004159398 ], [ -96.708051724870018, 40.821406033728671 ], [ -96.708050485291608, 40.821408063008128 ], [ -96.708049246000954, 40.821410091940663 ], [ -96.708048006966237, 40.82141212046912 ], [ -96.708046768162063, 40.821414148542424 ], [ -96.70804552958883, 40.821416176134029 ], [ -96.708044291253373, 40.82141820322348 ], [ -96.708043053162513, 40.821420229790299 ], [ -96.708041815323099, 40.821422255814078 ], [ -96.70804057774194, 40.821424281274304 ], [ -96.708039340425913, 40.821426306150549 ], [ -96.708038103381824, 40.821428330422364 ], [ -96.708036866620048, 40.82143035407335 ], [ -96.708035630165071, 40.821432377103505 ], [ -96.708034394044944, 40.821434399516889 ], [ -96.708033158287662, 40.821436421317593 ], [ -96.708031922921293, 40.82143844250961 ], [ -96.708030687973846, 40.821440463097069 ], [ -96.708029453473358, 40.821442483084013 ], [ -96.70802821944784, 40.821444502474499 ], [ -96.708026985925343, 40.821446521272613 ], [ -96.708025752929146, 40.82144853948229 ], [ -96.708024520463496, 40.821450557107184 ], [ -96.708023288527997, 40.821452574150804 ], [ -96.70802205712215, 40.821454590616696 ], [ -96.708020826245502, 40.821456606508377 ], [ -96.708019595897582, 40.821458621829372 ], [ -96.708018366077951, 40.821460636583232 ], [ -96.70801713678614, 40.821462650773491 ], [ -96.708015908021693, 40.821464664403649 ], [ -96.708014679766691, 40.821466677471051 ], [ -96.708013451933496, 40.821468689948098 ], [ -96.708012224417004, 40.821470701801061 ], [ -96.708010997112112, 40.82147271299614 ], [ -96.708009769913716, 40.821474723499563 ], [ -96.708008542716726, 40.821476733277549 ], [ -96.70800731541604, 40.82147874229635 ], [ -96.70800608790654, 40.821480750522163 ], [ -96.708004860083136, 40.821482757921238 ], [ -96.708003631824681, 40.821484764452848 ], [ -96.708002402945766, 40.821486770048651 ], [ -96.708001173244924, 40.82148877463333 ], [ -96.707999942520686, 40.821490778131583 ], [ -96.707998710571573, 40.821492780468127 ], [ -96.707997477196159, 40.821494781567672 ], [ -96.707996242192948, 40.821496781354895 ], [ -96.707995005360488, 40.821498779754528 ], [ -96.707993766497296, 40.821500776691245 ], [ -96.707992525398907, 40.821502772086809 ], [ -96.707991281848791, 40.821504765851131 ], [ -96.707990035627375, 40.821506757891143 ], [ -96.707988786515074, 40.821508748113814 ], [ -96.707987534292386, 40.821510736426085 ], [ -96.707986278739696, 40.821512722734916 ], [ -96.707985019637462, 40.821514706947248 ], [ -96.70798375676614, 40.821516688970043 ], [ -96.707982489906172, 40.821518668710233 ], [ -96.707981218850549, 40.82152064607758 ], [ -96.707979943442695, 40.821522620993107 ], [ -96.707978663538555, 40.821524593380573 ], [ -96.707977378994073, 40.821526563163779 ], [ -96.707976089665237, 40.821528530266548 ], [ -96.707974795408006, 40.821530494612666 ], [ -96.707973496078338, 40.821532456125929 ], [ -96.707972191532207, 40.821534414730152 ], [ -96.70797088162557, 40.821536370349101 ], [ -96.707969566241204, 40.821538322916801 ], [ -96.707968245369059, 40.821540272408249 ], [ -96.707966919025921, 40.821542218808595 ], [ -96.707965587228543, 40.821544162102967 ], [ -96.707964249993708, 40.821546102276628 ], [ -96.707962907338171, 40.821548039314699 ], [ -96.707961559278701, 40.821549973202352 ], [ -96.70796020583208, 40.821551903924799 ], [ -96.707958847015064, 40.821553831467185 ], [ -96.7079574828674, 40.821555755826665 ], [ -96.707956113520723, 40.82155767704846 ], [ -96.707954739129633, 40.821559595189655 ], [ -96.70795335984873, 40.821561510307419 ], [ -96.707951975832614, 40.821563422458929 ], [ -96.707950587235899, 40.821565331701279 ], [ -96.707949194213171, 40.82156723809166 ], [ -96.707947796919072, 40.821569141687213 ], [ -96.707946395512693, 40.821571042557807 ], [ -96.70794499017137, 40.821572940824232 ], [ -96.70794358107689, 40.821574836620002 ], [ -96.707942168411108, 40.821576730078611 ], [ -96.707940752355853, 40.821578621333572 ], [ -96.707939333092952, 40.821580510518423 ], [ -96.707937910804191, 40.821582397766626 ], [ -96.707936485671453, 40.821584283211735 ], [ -96.707935057876554, 40.821586166987245 ], [ -96.707933627593192, 40.821588049233839 ], [ -96.707932194962595, 40.821589930121043 ], [ -96.707930760117932, 40.821591809825449 ], [ -96.707929323192289, 40.821593688523784 ], [ -96.707927884318792, 40.821595566392688 ], [ -96.707926443630598, 40.821597443608852 ], [ -96.70792500126079, 40.821599320348916 ], [ -96.707923557342511, 40.821601196789572 ], [ -96.707922112008902, 40.821603073107461 ], [ -96.70792066537831, 40.821604949467385 ], [ -96.707919217510124, 40.821606825986649 ], [ -96.707917768448965, 40.821608702770661 ], [ -96.707916318239469, 40.82161057992483 ], [ -96.707914866926231, 40.821612457554608 ], [ -96.707913414553886, 40.821614335765368 ], [ -96.707911961167071, 40.821616214662555 ], [ -96.707910506810407, 40.821618094351578 ], [ -96.707909051528503, 40.821619974937846 ], [ -96.707907595351315, 40.82162185651206 ], [ -96.707906138249996, 40.821623739105881 ], [ -96.707904680181059, 40.821625622736285 ], [ -96.707903221100992, 40.821627507420189 ], [ -96.707901760966294, 40.821629393174589 ], [ -96.707900299733467, 40.821631280016405 ], [ -96.707898837358982, 40.821633167962574 ], [ -96.707897373799355, 40.821635057030072 ], [ -96.707895909011057, 40.821636947235824 ], [ -96.707894442944252, 40.82163883858837 ], [ -96.707892975523706, 40.82164073106248 ], [ -96.707891506667821, 40.821642624624523 ], [ -96.707890036295026, 40.821644519240884 ], [ -96.707888564323753, 40.821646414877847 ], [ -96.707887090672401, 40.821648311501818 ], [ -96.707885615259386, 40.821650209079159 ], [ -96.707884138003124, 40.82165210757622 ], [ -96.707882658822058, 40.821654006959335 ], [ -96.70788117763523, 40.821655907192124 ], [ -96.70787969436428, 40.821657808227172 ], [ -96.70787820893149, 40.821659710014416 ], [ -96.707876721259126, 40.821661612503604 ], [ -96.707875231269497, 40.821663515644637 ], [ -96.707873738884857, 40.821665419387379 ], [ -96.707872244027513, 40.821667323681659 ], [ -96.707870746619719, 40.82166922847734 ], [ -96.707869246583755, 40.82167113372428 ], [ -96.707867743854138, 40.821673039375391 ], [ -96.707866238414155, 40.821674945395877 ], [ -96.707864730259331, 40.821676851753978 ], [ -96.707863219385203, 40.821678758417981 ], [ -96.707861705787252, 40.821680665356112 ], [ -96.707860189461044, 40.821682572536645 ], [ -96.707858670402061, 40.821684479927846 ], [ -96.707857148605854, 40.821686387497962 ], [ -96.707855624067918, 40.821688295215253 ], [ -96.707854096811062, 40.821690203057351 ], [ -96.707852566967276, 40.821692111039141 ], [ -96.707851034695764, 40.821694019184939 ], [ -96.707849500155831, 40.821695927519066 ], [ -96.707847963506708, 40.821697836065759 ], [ -96.707846424907629, 40.821699744849319 ], [ -96.70784488451784, 40.821701653894038 ], [ -96.707843342496631, 40.82170356322419 ], [ -96.707841799037766, 40.821705472875607 ], [ -96.707840254473297, 40.821707382930249 ], [ -96.707838709169792, 40.821709293481575 ], [ -96.707837163493835, 40.821711204623092 ], [ -96.70783561781198, 40.821713116448272 ], [ -96.707834072490826, 40.821715029050615 ], [ -96.70783252789694, 40.82171694252358 ], [ -96.707830984396921, 40.821718856960672 ], [ -96.707829442357323, 40.821720772455357 ], [ -96.707827902161029, 40.821722689105883 ], [ -96.707826364256007, 40.821724607029289 ], [ -96.707824829106556, 40.821726526347462 ], [ -96.707823297176972, 40.821728447182181 ], [ -96.707821768931481, 40.821730369655292 ], [ -96.707820244834423, 40.821732293888601 ], [ -96.707818725350052, 40.821734220003961 ], [ -96.707817210942636, 40.821736148123158 ], [ -96.707815702076488, 40.821738078368043 ], [ -96.70781419919004, 40.821740010868439 ], [ -96.707812702618455, 40.82174194578625 ], [ -96.707811212671118, 40.821743883291326 ], [ -96.707809729657356, 40.821745823553584 ], [ -96.707808253886512, 40.821747766742909 ], [ -96.707806785667955, 40.821749713029206 ], [ -96.707805325311028, 40.821751662582344 ], [ -96.707803873125059, 40.821753615572199 ], [ -96.707802429419431, 40.821755572168712 ], [ -96.707800994448704, 40.821757532533681 ], [ -96.707799568248404, 40.821759496796737 ], [ -96.707798150799306, 40.821761465079454 ], [ -96.707796742082152, 40.821763437503364 ], [ -96.707795342077702, 40.821765414190068 ], [ -96.707793950766728, 40.821767395261126 ], [ -96.70779256812996, 40.821769380838084 ], [ -96.7077911941482, 40.821771371042502 ], [ -96.707789828802163, 40.821773365995966 ], [ -96.707788471995073, 40.821775365772005 ], [ -96.707787123319875, 40.821777370251944 ], [ -96.707785782291978, 40.821779379269117 ], [ -96.707784448426736, 40.821781392656824 ], [ -96.707783121239586, 40.821783410248401 ], [ -96.707781800245911, 40.821785431877153 ], [ -96.707780484961077, 40.821787457376367 ], [ -96.707779174900523, 40.821789486579391 ], [ -96.707777869579601, 40.821791519319525 ], [ -96.707776568458954, 40.821793555390173 ], [ -96.707775270780118, 40.821795594425225 ], [ -96.707773975729879, 40.821797636018616 ], [ -96.707772682494991, 40.82179967976429 ], [ -96.707771390262252, 40.821801725256279 ], [ -96.707770098218404, 40.821803772088444 ], [ -96.707768805550231, 40.821805819854831 ], [ -96.707767511444516, 40.821807868149357 ], [ -96.707766215088014, 40.821809916566011 ], [ -96.70776491567959, 40.821811964696884 ], [ -96.707763612466408, 40.821814012126637 ], [ -96.707762304707714, 40.821816058438159 ], [ -96.707760991662781, 40.821818103214241 ], [ -96.707759672590839, 40.821820146037723 ], [ -96.707758346751135, 40.821822186491474 ], [ -96.707757013402926, 40.821824224158242 ], [ -96.707755671805472, 40.821826258620945 ], [ -96.70775432121799, 40.821828289462353 ], [ -96.707752960966289, 40.821830316295383 ], [ -96.707751590642104, 40.821832338852971 ], [ -96.707750209903779, 40.821834356898229 ], [ -96.707748818409613, 40.821836370194134 ], [ -96.707747415817877, 40.821838378503749 ], [ -96.707746001786902, 40.821840381590107 ], [ -96.707744575974971, 40.821842379216235 ], [ -96.707743138040385, 40.821844371145183 ], [ -96.707741687730561, 40.821846357173428 ], [ -96.707740225149365, 40.821848337231259 ], [ -96.707738750489753, 40.821850311282411 ], [ -96.707737263944679, 40.821852279290631 ], [ -96.707735765707127, 40.821854241219633 ], [ -96.707734255970067, 40.821856197033178 ], [ -96.707732734926466, 40.821858146695014 ], [ -96.707731202769267, 40.821860090168855 ], [ -96.707729659691452, 40.821862027418447 ], [ -96.707728105917312, 40.821863958415641 ], [ -96.707726541796305, 40.821865883164577 ], [ -96.707724967709225, 40.821867801677541 ], [ -96.707723384036868, 40.821869713966812 ], [ -96.707721791160026, 40.821871620044654 ], [ -96.707720189459479, 40.821873519923358 ], [ -96.707718579316023, 40.821875413615182 ], [ -96.707716961110435, 40.821877301132417 ], [ -96.707715335223511, 40.821879182487287 ], [ -96.707713702001229, 40.821881057694746 ], [ -96.707712061650312, 40.821882926780255 ], [ -96.7077104143426, 40.821884789771936 ], [ -96.707708760250014, 40.821886646697919 ], [ -96.70770709954445, 40.821888497586279 ], [ -96.707705432397773, 40.821890342465181 ], [ -96.707703758981879, 40.821892181362713 ], [ -96.70770207946866, 40.82189401430702 ], [ -96.707700394029999, 40.821895841326196 ], [ -96.707698702797288, 40.821897662449935 ], [ -96.707697005739874, 40.821899477714354 ], [ -96.707695302786576, 40.821901287157068 ], [ -96.707693593866267, 40.821903090815766 ], [ -96.707691878907767, 40.821904888728092 ], [ -96.70769015783992, 40.821906680931711 ], [ -96.707688430591574, 40.821908467464283 ], [ -96.707686697091575, 40.821910248363473 ], [ -96.707684957268754, 40.821912023666926 ], [ -96.707683211027231, 40.821913793410566 ], [ -96.707681458172345, 40.821915557623349 ], [ -96.707679698484696, 40.821917316332502 ], [ -96.707677931744897, 40.821919069565205 ], [ -96.707676157733545, 40.821920817348683 ], [ -96.707674376231239, 40.821922559710139 ], [ -96.707672587018592, 40.821924296676777 ], [ -96.707670789876232, 40.821926028275833 ], [ -96.707668984584743, 40.821927754534471 ], [ -96.707667170943438, 40.821929475459996 ], [ -96.707665348826438, 40.82193119097979 ], [ -96.707663518126552, 40.821932901001311 ], [ -96.707661678736599, 40.821934605432006 ], [ -96.707659830549417, 40.821936304179367 ], [ -96.707657973457813, 40.821937997150812 ], [ -96.707656107354595, 40.82193968425382 ], [ -96.707654232132597, 40.821941365395851 ], [ -96.707652347684615, 40.821943040484335 ], [ -96.707650453908272, 40.821944709379686 ], [ -96.707648550720151, 40.821946371753924 ], [ -96.707646638041652, 40.821948027232068 ], [ -96.707644715794203, 40.821949675439079 ], [ -96.707642783899146, 40.821951315999982 ], [ -96.707640842277911, 40.821952948539725 ], [ -96.707638890851868, 40.821954572683303 ], [ -96.707636929542417, 40.821956188055708 ], [ -96.707634958270944, 40.821957794281936 ], [ -96.707632976930824, 40.821959390953545 ], [ -96.707630985303283, 40.82196097752847 ], [ -96.707628983141575, 40.821962553431284 ], [ -96.707626970198916, 40.821964118086548 ], [ -96.707624946228506, 40.821965670918786 ], [ -96.707622910983602, 40.82196721135255 ], [ -96.707620864217404, 40.821968738812366 ], [ -96.707618805683168, 40.821970252722828 ], [ -96.707616735114499, 40.821971752495898 ], [ -96.707614652166754, 40.821973237493353 ], [ -96.707612557239656, 40.821974709164728 ], [ -96.707610456518196, 40.821976184864589 ], [ -96.707608350898141, 40.821977667406287 ], [ -96.707606239715361, 40.821979155314537 ], [ -96.707604122305739, 40.821980647114103 ], [ -96.707601998005131, 40.82198214132972 ], [ -96.707599866149394, 40.821983636486138 ], [ -96.707597726064677, 40.8219851311433 ], [ -96.707595577038106, 40.82198662400188 ], [ -96.70759341834713, 40.821988113797701 ], [ -96.707591249269129, 40.821989599266637 ], [ -96.707589069081536, 40.821991079144517 ], [ -96.707586877061772, 40.821992552167202 ], [ -96.707584672487229, 40.821994017070558 ], [ -96.707582454635357, 40.821995472590423 ], [ -96.707580222783534, 40.821996917462656 ], [ -96.707577976264517, 40.821998350530691 ], [ -96.707575714632313, 40.821999771068356 ], [ -96.707573437496208, 40.822001178457128 ], [ -96.707571144465533, 40.822002572078354 ], [ -96.707568835149601, 40.822003951313519 ], [ -96.707566509157743, 40.82200531554404 ], [ -96.707564166099246, 40.822006664151345 ], [ -96.707561805583452, 40.822007996516845 ], [ -96.70755942721965, 40.822009312022004 ], [ -96.707557030738215, 40.822010610119712 ], [ -96.707554616353576, 40.822011890548872 ], [ -96.707552184401209, 40.82201315311989 ], [ -96.707549735216574, 40.822014397643173 ], [ -96.707547269135191, 40.822015623929104 ], [ -96.707544786492477, 40.822016831788105 ], [ -96.707542287623937, 40.822018021030509 ], [ -96.707539772865047, 40.822019191466786 ], [ -96.707537242551282, 40.822020342907287 ], [ -96.707534697027, 40.822021475182062 ], [ -96.707532136672214, 40.822022588199729 ], [ -96.707529561875802, 40.822023681888538 ], [ -96.707526973026646, 40.822024756176717 ], [ -96.707524370513639, 40.822025810992578 ], [ -96.707521754725676, 40.822026846264315 ], [ -96.707519126051636, 40.822027861920219 ], [ -96.707516484880401, 40.822028857888498 ], [ -96.707513831600863, 40.822029834097464 ], [ -96.707511166578811, 40.82203079047995 ], [ -96.707508490087434, 40.82203172698722 ], [ -96.707505802376829, 40.822032643575199 ], [ -96.707503103697121, 40.82203354019974 ], [ -96.707500394298378, 40.822034416816777 ], [ -96.707497674430726, 40.82203527338217 ], [ -96.707494944344219, 40.822036109851844 ], [ -96.707492204288997, 40.822036926181653 ], [ -96.707489454515112, 40.822037722327487 ], [ -96.707486695246999, 40.822038498172233 ], [ -96.707483926606244, 40.822039253306606 ], [ -96.707481148688814, 40.822039987248303 ], [ -96.70747836159056, 40.822040699515014 ], [ -96.707475565407449, 40.822041389624424 ], [ -96.70747276023539, 40.822042057094215 ], [ -96.707469946170278, 40.822042701442115 ], [ -96.707467123308064, 40.822043322185806 ], [ -96.707465462386594, 40.822043675382801 ] ] } },
{ "type": "Feature", "properties": { "point_a": 180, "point_b": 181, "trip": 2, "route": "north10th_rightmost", "status": "conflict", "mode": "reviewed_spatial_assumption" }, "geometry": { "type": "LineString", "coordinates": [ [ -96.708170548081398, 40.819272740899805 ], [ -96.708171201635849, 40.819274939607773 ], [ -96.708171850116415, 40.819277143817523 ], [ -96.708172493713221, 40.819279353344413 ], [ -96.708173132616409, 40.819281568003667 ], [ -96.708173767016163, 40.819283787610658 ], [ -96.70817439710261, 40.819286011980658 ], [ -96.708175023065891, 40.819288240928984 ], [ -96.708175645096176, 40.81929047427095 ], [ -96.708176263382953, 40.819292711821525 ], [ -96.708176878113136, 40.819294953394262 ], [ -96.708177489472973, 40.81929719880236 ], [ -96.708178097648712, 40.81929944785908 ], [ -96.708178702826615, 40.819301700377586 ], [ -96.708179305192928, 40.81930395617114 ], [ -96.7081799049339, 40.819306215052919 ], [ -96.708180502235805, 40.819308476836184 ], [ -96.708181097284879, 40.819310741334149 ], [ -96.708181690262265, 40.819313008359416 ], [ -96.708182281328632, 40.819315277722325 ], [ -96.70818287063949, 40.819317549232657 ], [ -96.708183458350433, 40.819319822700152 ], [ -96.708184044616956, 40.819322097934538 ], [ -96.708184629594655, 40.819324374745634 ], [ -96.708185213439023, 40.819326652943126 ], [ -96.708185796305628, 40.819328932336802 ], [ -96.708186378350007, 40.819331212736422 ], [ -96.708186959720905, 40.819333493952328 ], [ -96.708187540539754, 40.819335775797363 ], [ -96.708188120921193, 40.819338058084981 ], [ -96.708188700979846, 40.819340340628585 ], [ -96.708189280830368, 40.819342623241667 ], [ -96.708189860587368, 40.81934490573768 ], [ -96.708190440365485, 40.819347187929999 ], [ -96.708191020279372, 40.819349469632137 ], [ -96.708191600443641, 40.819351750657518 ], [ -96.708192180970883, 40.819354030820172 ], [ -96.708192761965563, 40.819356309936644 ], [ -96.70819334353007, 40.81935858782407 ], [ -96.708193925766821, 40.819360864299568 ], [ -96.70819450877822, 40.819363139180275 ], [ -96.708195092666671, 40.819365412283332 ], [ -96.70819567753459, 40.819367683425845 ], [ -96.708196263484353, 40.819369952424971 ], [ -96.708196850618407, 40.819372219097808 ], [ -96.708197439045122, 40.819374483261541 ], [ -96.708198028896959, 40.819376744733098 ], [ -96.708198620312288, 40.819379003329608 ], [ -96.708199213429552, 40.819381258867971 ], [ -96.708199808387164, 40.819383511165277 ], [ -96.708200405323524, 40.8193857600385 ], [ -96.708201004377074, 40.819388005304681 ], [ -96.708201605686227, 40.819390246780799 ], [ -96.708202209389384, 40.819392484283895 ], [ -96.70820281563158, 40.819394717630153 ], [ -96.70820342458444, 40.819396946632573 ], [ -96.70820403642611, 40.819399171103314 ], [ -96.708204651334782, 40.819401390854551 ], [ -96.708205269488687, 40.819403605698476 ], [ -96.708205891066001, 40.819405815447226 ], [ -96.708206516244928, 40.819408019913034 ], [ -96.708207142550819, 40.81941022178561 ], [ -96.708207767392395, 40.819412423881232 ], [ -96.708208390782062, 40.819414626200285 ], [ -96.708209012768506, 40.819416828736863 ], [ -96.708209633409581, 40.819419031483548 ], [ -96.708210252763124, 40.819421234432852 ], [ -96.708210870886901, 40.81942343757742 ], [ -96.708211487838781, 40.819425640909742 ], [ -96.708212103676573, 40.819427844422414 ], [ -96.708212718458086, 40.819430048107989 ], [ -96.708213332250708, 40.819432251957458 ], [ -96.708213945159926, 40.819434455955452 ], [ -96.708214557300806, 40.81943666008511 ], [ -96.708215168788385, 40.819438864329449 ], [ -96.708215779737742, 40.819441068671523 ], [ -96.7082163902639, 40.819443273094478 ], [ -96.708217000481937, 40.819445477581326 ], [ -96.708217610506892, 40.819447682115175 ], [ -96.708218220453816, 40.819449886679095 ], [ -96.708218830428081, 40.819452091257368 ], [ -96.708219440496364, 40.81945429583925 ], [ -96.708220050715596, 40.819456500415193 ], [ -96.708220661142761, 40.819458704975666 ], [ -96.708221271834859, 40.819460909511136 ], [ -96.708221882848818, 40.819463114012066 ], [ -96.708222494241639, 40.819465318468922 ], [ -96.708223106070278, 40.819467522872152 ], [ -96.708223718391707, 40.819469727212216 ], [ -96.708224331236053, 40.819471931483264 ], [ -96.708224944526052, 40.819474135694009 ], [ -96.708225558157565, 40.81947633985687 ], [ -96.7082261720265, 40.819478543984204 ], [ -96.708226786028703, 40.819480748088495 ], [ -96.708227400060096, 40.819482952182064 ], [ -96.708228014016512, 40.81948515627731 ], [ -96.708228627793872, 40.819487360386688 ], [ -96.708229241288038, 40.819489564522563 ], [ -96.708229854382978, 40.81949176869891 ], [ -96.70823046691504, 40.819493972936172 ], [ -96.708231078708636, 40.81949617725634 ], [ -96.708231689588203, 40.819498381681385 ], [ -96.708232299378196, 40.81950058623336 ], [ -96.70823290790301, 40.819502790934266 ], [ -96.708233514987086, 40.819504995806049 ], [ -96.708234120454861, 40.819507200870774 ], [ -96.708234724130762, 40.819509406150424 ], [ -96.708235325849131, 40.819511611665838 ], [ -96.708235925484118, 40.819513817433076 ], [ -96.708236522919748, 40.819516023467123 ], [ -96.708237118040088, 40.819518229782886 ], [ -96.708237710729165, 40.819520436395301 ], [ -96.708238300871059, 40.819522643319303 ], [ -96.708238888349797, 40.819524850569842 ], [ -96.708239473049431, 40.81952705816181 ], [ -96.708240054854016, 40.819529266110159 ], [ -96.708240633668154, 40.819531474427478 ], [ -96.708241209478729, 40.819533683116845 ], [ -96.708241782293143, 40.819535892179033 ], [ -96.708242352118816, 40.819538101614789 ], [ -96.70824291896318, 40.819540311424873 ], [ -96.708243482833666, 40.819542521610039 ], [ -96.708244043737665, 40.819544732171032 ], [ -96.708244601682622, 40.819546943108627 ], [ -96.708245156675972, 40.819549154423541 ], [ -96.7082457087308, 40.819551366116194 ], [ -96.708246257883062, 40.819553578185399 ], [ -96.708246804174422, 40.819555790629657 ], [ -96.708247347646505, 40.819558003447476 ], [ -96.708247888340935, 40.819560216637278 ], [ -96.708248426299377, 40.819562430197557 ], [ -96.70824896156347, 40.819564644126814 ], [ -96.708249494174851, 40.819566858423535 ], [ -96.708250024175157, 40.81956907308615 ], [ -96.708250551600131, 40.819571288113721 ], [ -96.708251076461934, 40.819573503507478 ], [ -96.708251598766793, 40.819575719269189 ], [ -96.708252118520988, 40.819577935400609 ], [ -96.708252635730744, 40.819580151903523 ], [ -96.708253150402328, 40.81958236877972 ], [ -96.708253662541978, 40.819584586030928 ], [ -96.708254172155947, 40.819586803658964 ], [ -96.708254679244874, 40.819589021665877 ], [ -96.70825518378679, 40.819591240054784 ], [ -96.708255685754153, 40.819593458829189 ], [ -96.708256185119396, 40.81959567799251 ], [ -96.708256681854934, 40.819597897548185 ], [ -96.708257175933227, 40.819600117499668 ], [ -96.708257667326706, 40.819602337850391 ], [ -96.708258156007801, 40.819604558603835 ], [ -96.708258641948945, 40.819606779763397 ], [ -96.708259125120662, 40.819609001332545 ], [ -96.70825960548575, 40.819611223314617 ], [ -96.708260083005158, 40.819613445712989 ], [ -96.708260557639775, 40.819615668531 ], [ -96.708261029350524, 40.819617891771983 ], [ -96.70826149809831, 40.819620115439342 ], [ -96.708261963844024, 40.819622339536359 ], [ -96.7082624265486, 40.819624564066459 ], [ -96.708262886172946, 40.819626789032931 ], [ -96.708263342685797, 40.819629014437957 ], [ -96.708263796087152, 40.819631240279008 ], [ -96.708264246384857, 40.819633466552261 ], [ -96.708264693586756, 40.819635693253993 ], [ -96.708265137700678, 40.819637920380416 ], [ -96.708265578734469, 40.819640147927792 ], [ -96.708266016695973, 40.819642375892343 ], [ -96.708266451593005, 40.819644604270344 ], [ -96.708266883433424, 40.819646833057988 ], [ -96.708267312237012, 40.819649062249908 ], [ -96.708267738071271, 40.819651291834219 ], [ -96.70826816101571, 40.819653521797413 ], [ -96.708268581149795, 40.819655752125961 ], [ -96.708268998552981, 40.819657982806355 ], [ -96.708269413304748, 40.819660213825074 ], [ -96.708269825484592, 40.819662445168611 ], [ -96.708270235171952, 40.81966467682345 ], [ -96.708270642446323, 40.819666908776043 ], [ -96.708271047391008, 40.81966914101249 ], [ -96.70827145010459, 40.819671373516933 ], [ -96.708271850689485, 40.81967360627317 ], [ -96.708272249248097, 40.819675839264924 ], [ -96.708272645882857, 40.819678072475973 ], [ -96.70827304069617, 40.819680305890053 ], [ -96.708273433790453, 40.819682539490941 ], [ -96.708273825268122, 40.819684773262367 ], [ -96.708274215231597, 40.819687007188087 ], [ -96.708274603776459, 40.819689241252853 ], [ -96.708274990971134, 40.819691475445261 ], [ -96.70827537687714, 40.819693709754951 ], [ -96.708275761556067, 40.819695944171507 ], [ -96.70827614506949, 40.819698178684533 ], [ -96.708276527478972, 40.819700413283655 ], [ -96.708276908846074, 40.819702647958444 ], [ -96.70827728923237, 40.819704882698545 ], [ -96.708277668699424, 40.819707117493529 ], [ -96.708278047296702, 40.819709352334684 ], [ -96.708278425025128, 40.819711587219835 ], [ -96.708278801873576, 40.819713822148536 ], [ -96.708279177830846, 40.819716057120303 ], [ -96.708279552885799, 40.819718292134645 ], [ -96.708279927027263, 40.819720527191087 ], [ -96.70828030024407, 40.819722762289153 ], [ -96.708280672525078, 40.819724997428338 ], [ -96.708281043859088, 40.81972723260818 ], [ -96.708281414230015, 40.819729467828942 ], [ -96.708281783601862, 40.81973170309378 ], [ -96.708282151933787, 40.819733938406628 ], [ -96.708282519184834, 40.819736173771403 ], [ -96.708282885314119, 40.819738409192034 ], [ -96.708283250280715, 40.819740644672407 ], [ -96.708283614043751, 40.819742880216467 ], [ -96.708283976562285, 40.819745115828134 ], [ -96.708284337798034, 40.819747351511111 ], [ -96.70828469772303, 40.819749587268589 ], [ -96.708285056311922, 40.819751823103502 ], [ -96.708285413539372, 40.819754059018791 ], [ -96.708285769380026, 40.81975629501742 ], [ -96.70828612380852, 40.819758531102345 ], [ -96.708286476799501, 40.819760767276541 ], [ -96.708286828327644, 40.819763003542931 ], [ -96.708287178367584, 40.819765239904513 ], [ -96.708287526898772, 40.819767476363708 ], [ -96.708287873920085, 40.819769712921108 ], [ -96.70828821943519, 40.819771949576705 ], [ -96.708288563447738, 40.819774186330569 ], [ -96.708288905961396, 40.819776423182745 ], [ -96.708289246979845, 40.819778660133267 ], [ -96.708289586506737, 40.819780897182163 ], [ -96.708289924545781, 40.819783134329491 ], [ -96.708290261100601, 40.819785371575314 ], [ -96.708290596176809, 40.819787608919327 ], [ -96.708290929787708, 40.819789846360038 ], [ -96.708291261948531, 40.819792083895607 ], [ -96.708291592674513, 40.819794321524185 ], [ -96.708291921980887, 40.819796559243947 ], [ -96.708292249882874, 40.819798797053068 ], [ -96.708292576395721, 40.81980103494972 ], [ -96.708292901534634, 40.819803272932027 ], [ -96.708293225314861, 40.819805510998201 ], [ -96.708293547747701, 40.819807749146726 ], [ -96.708293868828662, 40.819809987377525 ], [ -96.708294188549289, 40.81981222569086 ], [ -96.708294506901169, 40.819814464086974 ], [ -96.708294823875903, 40.819816702566108 ], [ -96.708295139464994, 40.819818941128517 ], [ -96.708295453660085, 40.819821179774472 ], [ -96.708295766452707, 40.819823418504214 ], [ -96.708296077834433, 40.819825657317999 ], [ -96.708296387789659, 40.819827896216744 ], [ -96.708296696273962, 40.819830135204128 ], [ -96.708297003235728, 40.819832374284402 ], [ -96.708297308623372, 40.819834613461936 ], [ -96.708297612385323, 40.819836852741055 ], [ -96.70829791446991, 40.819839092126031 ], [ -96.708298214825589, 40.819841331621198 ], [ -96.708298513400749, 40.819843571230912 ], [ -96.708298810143773, 40.819845810959428 ], [ -96.708299104998474, 40.819848050811466 ], [ -96.708299397890258, 40.819850290793156 ], [ -96.708299688739956, 40.819852530910993 ], [ -96.708299977468357, 40.819854771171492 ], [ -96.708300263996279, 40.819857011581128 ], [ -96.708300548244551, 40.819859252146429 ], [ -96.708300830133965, 40.819861492873876 ], [ -96.708301109585364, 40.819863733769992 ], [ -96.708301386519537, 40.819865974841264 ], [ -96.708301660859064, 40.819868216093916 ], [ -96.708301932533416, 40.81987045753305 ], [ -96.708302201473842, 40.819872699163533 ], [ -96.708302467611588, 40.819874940990154 ], [ -96.708302730877904, 40.819877183017773 ], [ -96.708302991203993, 40.819879425251251 ], [ -96.708303248521119, 40.819881667695377 ], [ -96.708303502760529, 40.819883910355017 ], [ -96.708303753853443, 40.819886153234997 ], [ -96.708304001741325, 40.81988839633911 ], [ -96.70830424640647, 40.819890639666959 ], [ -96.708304487841431, 40.819892883217136 ], [ -96.708304726038705, 40.819895126988207 ], [ -96.708304960990816, 40.819897370978758 ], [ -96.708305192690304, 40.819899615187374 ], [ -96.70830542112968, 40.819901859612592 ], [ -96.708305646301469, 40.819904104253013 ], [ -96.708305868217323, 40.819906349105452 ], [ -96.708306086965521, 40.819908594159649 ], [ -96.708306302653455, 40.819910839403576 ], [ -96.708306515388514, 40.819913084825181 ], [ -96.708306725278092, 40.819915330412506 ], [ -96.708306932429593, 40.819917576153451 ], [ -96.708307136950438, 40.819919822036034 ], [ -96.708307338947989, 40.819922068048221 ], [ -96.708307538529652, 40.81992431417801 ], [ -96.708307735817371, 40.819926560412142 ], [ -96.708307930991239, 40.819928806732769 ], [ -96.708308124245875, 40.819931053120733 ], [ -96.708308315775909, 40.819933299556965 ], [ -96.708308505775946, 40.819935546022343 ], [ -96.708308694440646, 40.819937792497775 ], [ -96.708308881964612, 40.819940038964155 ], [ -96.708309068542476, 40.819942285402412 ], [ -96.708309254368857, 40.819944531793411 ], [ -96.708309439637333, 40.8199467781184 ], [ -96.708309624537279, 40.81994902436 ], [ -96.70830980925696, 40.819951270501164 ], [ -96.708309993984699, 40.819953516524841 ], [ -96.708310178908803, 40.81995576241399 ], [ -96.708310364217567, 40.819958008151552 ], [ -96.708310550099299, 40.819960253720481 ], [ -96.708310736742291, 40.819962499103752 ], [ -96.708310924334839, 40.819964744284292 ], [ -96.708311113048424, 40.819966989247021 ], [ -96.708311302987141, 40.819969233984686 ], [ -96.708311494238245, 40.819971478491986 ], [ -96.708311686888976, 40.819973722763621 ], [ -96.708311881026603, 40.819975966794303 ], [ -96.708312076738366, 40.819978210578718 ], [ -96.708312274111563, 40.819980454111572 ], [ -96.708312473233406, 40.81998269738758 ], [ -96.708312674191149, 40.81998494040144 ], [ -96.708312877047803, 40.819987183150403 ], [ -96.708313081769248, 40.819989425641836 ], [ -96.708313288297077, 40.819991667885681 ], [ -96.708313496572913, 40.81999390989187 ], [ -96.708313706538348, 40.819996151670367 ], [ -96.708313918135033, 40.819998393231081 ], [ -96.708314131304533, 40.820000634583948 ], [ -96.708314345988484, 40.820002875738915 ], [ -96.708314562128507, 40.820005116705914 ], [ -96.708314779650152, 40.820007357495953 ], [ -96.708314998414878, 40.820009598124336 ], [ -96.70831521826814, 40.820011838607449 ], [ -96.708315439055326, 40.820014078961691 ], [ -96.708315660621892, 40.820016319203454 ], [ -96.70831588281321, 40.820018559349123 ], [ -96.708316105474765, 40.82002079941509 ], [ -96.708316328451929, 40.820023039417748 ], [ -96.708316551590173, 40.820025279373453 ], [ -96.708316774732992, 40.820027519298336 ], [ -96.708316997716324, 40.820029759207152 ], [ -96.708317220374255, 40.820031999114384 ], [ -96.708317442540775, 40.820034239034577 ], [ -96.708317664049986, 40.820036478982168 ], [ -96.708317884735891, 40.820038718971659 ], [ -96.708318104432564, 40.820040959017525 ], [ -96.708318322974051, 40.820043199134268 ], [ -96.708318540194384, 40.820045439336369 ], [ -96.708318755936759, 40.820047679637284 ], [ -96.708318970080938, 40.820049920046394 ], [ -96.708319182515851, 40.820052160572033 ], [ -96.708319393130367, 40.820054401222542 ], [ -96.708319601813415, 40.820056642006286 ], [ -96.708319808453936, 40.820058882931583 ], [ -96.708320012940774, 40.82006112400682 ], [ -96.708320215162885, 40.820063365240266 ], [ -96.708320415025568, 40.820065606639034 ], [ -96.708320612499733, 40.820067848204914 ], [ -96.708320807572719, 40.820070089938405 ], [ -96.708321000231834, 40.820072331840016 ], [ -96.708321190464403, 40.820074573910276 ], [ -96.70832137825775, 40.820076816149665 ], [ -96.708321563599199, 40.820079058558733 ], [ -96.708321746476088, 40.820081301137947 ], [ -96.708321926875712, 40.82008354388784 ], [ -96.708322104798057, 40.8200857868081 ], [ -96.708322280293743, 40.820088029895047 ], [ -96.708322453426035, 40.820090273144231 ], [ -96.708322624258173, 40.820092516551206 ], [ -96.708322792853437, 40.820094760111459 ], [ -96.70832295927508, 40.820097003820557 ], [ -96.708323123586382, 40.82009924767398 ], [ -96.708323285850597, 40.82010149166728 ], [ -96.70832344613099, 40.820103735795996 ], [ -96.708323604493202, 40.820105980055658 ], [ -96.70832376101248, 40.82010822444181 ], [ -96.708323915766442, 40.820110468950027 ], [ -96.708324068832709, 40.820112713575902 ], [ -96.708324220288929, 40.820114958314981 ], [ -96.708324370212665, 40.82011720316283 ], [ -96.708324518681593, 40.82011944811503 ], [ -96.708324665773318, 40.820121693167145 ], [ -96.708324811565433, 40.820123938314758 ], [ -96.708324956132145, 40.820126183553747 ], [ -96.708325099533653, 40.820128428881546 ], [ -96.708325241826728, 40.820130674295825 ], [ -96.708325383068157, 40.820132919794318 ], [ -96.708325523314684, 40.820135165374694 ], [ -96.708325662623096, 40.820137411034757 ], [ -96.708325801050151, 40.820139656772177 ], [ -96.708325938652607, 40.820141902584673 ], [ -96.708326075487264, 40.820144148469964 ], [ -96.708326211605623, 40.820146394426054 ], [ -96.708326347038238, 40.820148640451919 ], [ -96.708326481810445, 40.82015088654687 ], [ -96.708326615947556, 40.820153132710189 ], [ -96.708326749474892, 40.82015537894118 ], [ -96.708326882417765, 40.820157625239077 ], [ -96.708327014801483, 40.820159871603195 ], [ -96.708327146651399, 40.820162118032826 ], [ -96.708327277992808, 40.820164364527216 ], [ -96.708327408852924, 40.820166611084943 ], [ -96.708327539266605, 40.820168857701603 ], [ -96.708327669270588, 40.820171104372044 ], [ -96.708327798901607, 40.820173351091157 ], [ -96.708327928196383, 40.820175597853776 ], [ -96.708328057191693, 40.820177844654758 ], [ -96.708328185924259, 40.820180091488986 ], [ -96.708328314430815, 40.820182338351337 ], [ -96.708328442748112, 40.820184585236639 ], [ -96.70832857091969, 40.820186832138532 ], [ -96.708328699016363, 40.820189079045555 ], [ -96.708328827115736, 40.820191325945096 ], [ -96.7083289552954, 40.820193572824465 ], [ -96.708329083633004, 40.820195819671 ], [ -96.70832921220611, 40.820198066472024 ], [ -96.708329341092366, 40.82020031321489 ], [ -96.708329470369364, 40.820202559886894 ], [ -96.708329600114723, 40.820204806475409 ], [ -96.708329730406305, 40.820207052967994 ], [ -96.708329861322937, 40.820209299353117 ], [ -96.708329992943732, 40.820211545619514 ], [ -96.708330125347814, 40.820213791755862 ], [ -96.708330258614268, 40.820216037750903 ], [ -96.708330392822162, 40.820218283593356 ], [ -96.708330528050624, 40.8202205292719 ], [ -96.708330664378764, 40.820222774775303 ], [ -96.708330801876329, 40.820225020093311 ], [ -96.708330940575721, 40.820227265220126 ], [ -96.708331080500002, 40.820229510150966 ], [ -96.708331221672196, 40.820231754881121 ], [ -96.708331364115395, 40.820233999405815 ], [ -96.708331507852662, 40.820236243720309 ], [ -96.70833165290702, 40.820238487819836 ], [ -96.708331799301533, 40.82024073169967 ], [ -96.708331947059293, 40.820242975355065 ], [ -96.708332096186695, 40.820245218782496 ], [ -96.708332246623684, 40.820247461983485 ], [ -96.708332398293521, 40.820249704960787 ], [ -96.708332551119511, 40.820251947717132 ], [ -96.708332705024944, 40.820254190255298 ], [ -96.708332859933094, 40.820256432577978 ], [ -96.708333015767266, 40.820258674687985 ], [ -96.70833317245075, 40.820260916588047 ], [ -96.708333329906807, 40.820263158280909 ], [ -96.708333488048979, 40.820265399769866 ], [ -96.708333646751512, 40.820267641060305 ], [ -96.70833380587888, 40.8202698821582 ], [ -96.70833396529558, 40.820272123069472 ], [ -96.708334124866113, 40.82027436380006 ], [ -96.708334284454949, 40.820276604355904 ], [ -96.708334443926546, 40.82027884474298 ], [ -96.708334603145417, 40.820281084967199 ], [ -96.708334761976033, 40.820283325034517 ], [ -96.708334920281146, 40.820285564950858 ], [ -96.70833507791653, 40.820287804722113 ], [ -96.708335234736239, 40.820290044354181 ], [ -96.708335390594343, 40.820292283852915 ], [ -96.708335545344852, 40.820294523224213 ], [ -96.70833569884185, 40.820296762473959 ], [ -96.708335850939378, 40.820299001608035 ], [ -96.708336001491475, 40.820301240632297 ], [ -96.708336150352196, 40.820303479552678 ], [ -96.708336297376803, 40.820305718375074 ], [ -96.708336442425434, 40.82030795710574 ], [ -96.708336585359405, 40.82031019575092 ], [ -96.708336726040073, 40.820312434316918 ], [ -96.708336864328771, 40.820314672810007 ], [ -96.708337000086829, 40.820316911236482 ], [ -96.70833713317559, 40.820319149602618 ], [ -96.7083372634564, 40.820321387914682 ], [ -96.708337390790589, 40.820323626178975 ], [ -96.708337515044761, 40.820325864402221 ], [ -96.708337636106535, 40.820328102593002 ], [ -96.708337753868861, 40.820330340760279 ], [ -96.708337868224632, 40.820332578913145 ], [ -96.708337979066727, 40.820334817060548 ], [ -96.708338086288094, 40.820337055211553 ], [ -96.7083381897816, 40.820339293375177 ], [ -96.708338289440192, 40.820341531560388 ], [ -96.70833838515675, 40.820343769776244 ], [ -96.708338476839387, 40.820346008032246 ], [ -96.708338564457122, 40.820348246340018 ], [ -96.70833864799414, 40.820350484711632 ], [ -96.708338727434636, 40.820352723159203 ], [ -96.708338802762853, 40.820354961694818 ], [ -96.708338873962944, 40.820357200330584 ], [ -96.708338941019164, 40.820359439078615 ], [ -96.708339003915697, 40.82036167795097 ], [ -96.708339062636739, 40.820363916959799 ], [ -96.708339117184153, 40.82036615611684 ], [ -96.708339167630484, 40.820368395432467 ], [ -96.708339214065916, 40.820370634916706 ], [ -96.708339256580601, 40.820372874579618 ], [ -96.708339295264764, 40.820375114431208 ], [ -96.708339330208574, 40.820377354481522 ], [ -96.708339361502198, 40.820379594740579 ], [ -96.70833938923586, 40.820381835218463 ], [ -96.708339413506181, 40.820384075921552 ], [ -96.708339434435587, 40.820386316841883 ], [ -96.708339452153027, 40.820388557967895 ], [ -96.708339466787365, 40.820390799288013 ], [ -96.708339478467536, 40.820393040790663 ], [ -96.708339487322405, 40.82039528246424 ], [ -96.708339493480921, 40.820397524297192 ], [ -96.708339497071961, 40.820399766277916 ], [ -96.708339498224419, 40.820402008394886 ], [ -96.708339497060038, 40.820404250634887 ], [ -96.708339493671716, 40.820406492978393 ], [ -96.708339488145228, 40.820408735404307 ], [ -96.708339480566281, 40.820410977891477 ], [ -96.708339471020636, 40.820413220418779 ], [ -96.708339459594015, 40.820415462965087 ], [ -96.708339446372179, 40.8204177055093 ], [ -96.708339431440848, 40.820419948030256 ], [ -96.708339414885785, 40.820422190506868 ], [ -96.708339396779238, 40.820424432919239 ], [ -96.708339377139595, 40.820426675252541 ], [ -96.708339355971731, 40.820428917493238 ], [ -96.708339333280549, 40.820431159627717 ], [ -96.708339309070979, 40.82043340164244 ], [ -96.708339283347883, 40.820435643523815 ], [ -96.708339256116162, 40.820437885258265 ], [ -96.708339227380748, 40.82044012683226 ], [ -96.708339197146501, 40.8204423682322 ], [ -96.708339165411829, 40.820444609445509 ], [ -96.708339132149092, 40.820446850463767 ], [ -96.708339097324142, 40.820449091279436 ], [ -96.708339060902844, 40.820451331885103 ], [ -96.70833902285105, 40.820453572273294 ], [ -96.70833898313461, 40.820455812436499 ], [ -96.708338941719376, 40.820458052367314 ], [ -96.708338898571213, 40.820460292058257 ], [ -96.708338853655945, 40.820462531501832 ], [ -96.708338806939409, 40.820464770691082 ], [ -96.708338758387086, 40.820467009620934 ], [ -96.70833870796443, 40.82046924828682 ], [ -96.708338655636908, 40.820471486684106 ], [ -96.708338601369917, 40.820473724808274 ], [ -96.708338545128967, 40.820475962654697 ], [ -96.708338486879441, 40.820478200218815 ], [ -96.708338426586835, 40.82048043749603 ], [ -96.708338364216587, 40.820482674481767 ], [ -96.708338299734933, 40.820484911171739 ], [ -96.708338233111377, 40.820487147562844 ], [ -96.708338164316189, 40.820489383652266 ], [ -96.708338093319696, 40.820491619437199 ], [ -96.708338020092185, 40.82049385491483 ], [ -96.708337944603926, 40.820496090082379 ], [ -96.708337866825232, 40.820498324937006 ], [ -96.708337786726418, 40.820500559475917 ], [ -96.708337704277739, 40.820502793696292 ], [ -96.708337619450305, 40.820505027596205 ], [ -96.708337532218351, 40.820507261177049 ], [ -96.708337442556925, 40.820509494441083 ], [ -96.708337350441056, 40.820511727390588 ], [ -96.708337255845777, 40.82051396002781 ], [ -96.708337158746147, 40.820516192355043 ], [ -96.708337059117184, 40.820518424374555 ], [ -96.708336956933934, 40.82052065608859 ], [ -96.708336852171442, 40.820522887499422 ], [ -96.708336744807042, 40.820525118610988 ], [ -96.708336634827418, 40.820527349433846 ], [ -96.708336522221543, 40.820529579980196 ], [ -96.708336406978418, 40.820531810262281 ], [ -96.708336289087029, 40.82053404029233 ], [ -96.708336168536349, 40.820536270082542 ], [ -96.708336045315363, 40.820538499645181 ], [ -96.708335919413045, 40.820540728992405 ], [ -96.708335790823469, 40.820542958138795 ], [ -96.708335659560788, 40.820545187108017 ], [ -96.708335525644287, 40.8205474159261 ], [ -96.708335389093193, 40.820549644619064 ], [ -96.708335249926748, 40.820551873212899 ], [ -96.708335108164206, 40.820554101733627 ], [ -96.708334963824825, 40.820556330207282 ], [ -96.708334816927831, 40.820558558659819 ], [ -96.70833466749248, 40.820560787117302 ], [ -96.708334515543982, 40.820563015606588 ], [ -96.70833436113135, 40.820565244158075 ], [ -96.708334204309551, 40.820567472802978 ], [ -96.708334045133583, 40.820569701572609 ], [ -96.708333883658412, 40.820571930498183 ], [ -96.708333719938992, 40.820574159610985 ], [ -96.708333554030318, 40.820576388942236 ], [ -96.708333385987387, 40.820578618523236 ], [ -96.708333215865139, 40.820580848385227 ], [ -96.708333043719449, 40.820583078551607 ], [ -96.708332869609691, 40.820585309014461 ], [ -96.708332693596134, 40.820587539757994 ], [ -96.708332515739031, 40.82058977076646 ], [ -96.708332336098678, 40.820592002024064 ], [ -96.708332154735302, 40.82059423351506 ], [ -96.708331971709185, 40.820596465223623 ], [ -96.708331787080581, 40.820598697134045 ], [ -96.708331600909759, 40.82060092923048 ], [ -96.708331413249198, 40.820603161491839 ], [ -96.708331224120187, 40.820605393875375 ], [ -96.708331033536254, 40.820607626333015 ], [ -96.708330841510914, 40.820609858816688 ], [ -96.708330648057697, 40.82061209127825 ], [ -96.708330453190101, 40.82061432366968 ], [ -96.708330256921656, 40.820616555942848 ], [ -96.70833005926589, 40.820618788049693 ], [ -96.708329860236276, 40.820621019942116 ], [ -96.708329659839819, 40.820623251574297 ], [ -96.708329458057207, 40.820625482909485 ], [ -96.708329254862647, 40.82062771391319 ], [ -96.708329050230248, 40.820629944550952 ], [ -96.708328844134201, 40.820632174788237 ], [ -96.708328636548671, 40.820634404590635 ], [ -96.708328427447825, 40.820636633923606 ], [ -96.70832821680581, 40.820638862752702 ], [ -96.708328004596794, 40.820641091043413 ], [ -96.708327790792339, 40.820643318763778 ], [ -96.708327575353636, 40.82064554589185 ], [ -96.708327358239274, 40.820647772408194 ], [ -96.7083271394078, 40.820649998293376 ], [ -96.708326918817818, 40.820652223527937 ], [ -96.708326696427903, 40.820654448092476 ], [ -96.708326472196646, 40.820656671967527 ], [ -96.708326246082606, 40.820658895133668 ], [ -96.708326018044389, 40.82066111757144 ], [ -96.708325788039588, 40.820663339262836 ], [ -96.70832555602189, 40.82066556019538 ], [ -96.708325321944045, 40.820667780358008 ], [ -96.708325085758759, 40.82066999973965 ], [ -96.708324847418766, 40.820672218329278 ], [ -96.708324606876772, 40.820674436115809 ], [ -96.708324364085499, 40.820676653088171 ], [ -96.708324118997709, 40.820678869235337 ], [ -96.70832387156608, 40.820681084546202 ], [ -96.708323621742679, 40.820683299010106 ], [ -96.708323369476801, 40.820685512617814 ], [ -96.708323114717118, 40.820687725360486 ], [ -96.708322857412199, 40.820689937229282 ], [ -96.70832259751073, 40.82069214821535 ], [ -96.708322334961309, 40.820694358309829 ], [ -96.70832206971258, 40.82069656750388 ], [ -96.708321801713168, 40.820698775788685 ], [ -96.708321530911391, 40.820700983155625 ], [ -96.708321257254212, 40.820703189597353 ], [ -96.708320980688285, 40.820705395106806 ], [ -96.708320701160247, 40.820707599676844 ], [ -96.708320418616779, 40.820709803300403 ], [ -96.70832013300452, 40.820712005970407 ], [ -96.708319844270108, 40.820714207679742 ], [ -96.708319552360194, 40.820716408421319 ], [ -96.708319257221447, 40.820718608188059 ], [ -96.708318958800561, 40.820720806974123 ], [ -96.708318657044501, 40.820723004778706 ], [ -96.708318351900289, 40.820725201602265 ], [ -96.708318043314961, 40.820727397445246 ], [ -96.708317731235539, 40.820729592308105 ], [ -96.708317415609031, 40.820731786191274 ], [ -96.708317096382501, 40.820733979095216 ], [ -96.708316773502929, 40.820736171020364 ], [ -96.708316446917379, 40.820738361967209 ], [ -96.708316116572405, 40.820740551938854 ], [ -96.708315782412797, 40.820742740949214 ], [ -96.70831544438289, 40.820744929014921 ], [ -96.708315102427051, 40.820747116152567 ], [ -96.708314756489585, 40.820749302378779 ], [ -96.708314406514845, 40.820751487710133 ], [ -96.708314052447179, 40.820753672163271 ], [ -96.70831369423091, 40.820755855754776 ], [ -96.708313331810402, 40.820758038501268 ], [ -96.70831296513019, 40.820760220422727 ], [ -96.708312594135776, 40.820762401552713 ], [ -96.708312218772875, 40.82076458192811 ], [ -96.708311838987157, 40.820766761585844 ], [ -96.708311454724367, 40.820768940562829 ], [ -96.708311065930189, 40.820771118895969 ], [ -96.70831067255034, 40.820773296622207 ], [ -96.708310274530547, 40.820775473778433 ], [ -96.708309871816482, 40.820777650401538 ], [ -96.708309464359473, 40.820779826526611 ], [ -96.708309052133316, 40.82078200218114 ], [ -96.70830863511739, 40.820784177390848 ], [ -96.708308213291048, 40.820786352181344 ], [ -96.708307786633725, 40.820788526578333 ], [ -96.708307355124788, 40.820790700607418 ], [ -96.708306918743617, 40.82079287429432 ], [ -96.708306477469606, 40.820795047664696 ], [ -96.708306031282135, 40.820797220744176 ], [ -96.708305580174212, 40.820799393553976 ], [ -96.708305124193259, 40.820801566097423 ], [ -96.708304663400341, 40.820803738373336 ], [ -96.708304197856478, 40.820805910380578 ], [ -96.708303727622734, 40.820808082117999 ], [ -96.708303252760146, 40.82081025358444 ], [ -96.708302773329763, 40.820812424778758 ], [ -96.708302289392648, 40.820814595699765 ], [ -96.70830180100981, 40.820816766346347 ], [ -96.70830130825118, 40.820818936717416 ], [ -96.708300811222117, 40.820821106812268 ], [ -96.708300310036861, 40.820823276630271 ], [ -96.708299804809641, 40.820825446170794 ], [ -96.708299295654655, 40.82082761543321 ], [ -96.708298782686157, 40.820829784416887 ], [ -96.70829826601836, 40.820831953121186 ], [ -96.70829774576552, 40.820834121545502 ], [ -96.708297222039548, 40.820836289689687 ], [ -96.708296694943286, 40.820838457555688 ], [ -96.708296164577249, 40.820840625145927 ], [ -96.708295631041977, 40.820842792462834 ], [ -96.708295094437986, 40.820844959508833 ], [ -96.708294554865844, 40.820847126286381 ], [ -96.708294012426052, 40.820849292797874 ], [ -96.708293467219136, 40.820851459045784 ], [ -96.708292919345652, 40.820853625032505 ], [ -96.708292368894092, 40.820855790760042 ], [ -96.708291815904715, 40.82085795622848 ], [ -96.708291260405758, 40.820860121437505 ], [ -96.708290702425487, 40.820862286386756 ], [ -96.708290141992123, 40.820864451075927 ], [ -96.70828957913389, 40.820866615504642 ], [ -96.708289013879039, 40.82086877967258 ], [ -96.708288446255821, 40.820870943579386 ], [ -96.708287876292459, 40.82087310722472 ], [ -96.708287304008465, 40.820875270607701 ], [ -96.70828672938849, 40.820877433725215 ], [ -96.708286152408476, 40.82087959657354 ], [ -96.70828557304435, 40.820881759149032 ], [ -96.708284991271995, 40.820883921448008 ], [ -96.708284407067396, 40.820886083466789 ], [ -96.70828382040645, 40.820888245201694 ], [ -96.708283231265085, 40.820890406649035 ], [ -96.708282639619242, 40.820892567805167 ], [ -96.708282045449437, 40.820894728667142 ], [ -96.70828144875469, 40.820896889235229 ], [ -96.708280849538539, 40.820899049510373 ], [ -96.708280247804623, 40.820901209493634 ], [ -96.708279643556509, 40.820903369185956 ], [ -96.708279036797776, 40.820905528588369 ], [ -96.708278427532036, 40.820907687701862 ], [ -96.708277815762884, 40.820909846527435 ], [ -96.7082772014939, 40.82091200506607 ], [ -96.708276584734421, 40.820914163319379 ], [ -96.708275965516876, 40.820916321291435 ], [ -96.708275343879407, 40.820918478986847 ], [ -96.708274719860171, 40.820920636410285 ], [ -96.708274093497309, 40.820922793566403 ], [ -96.708273464829006, 40.82092495045984 ], [ -96.708272833893403, 40.820927107095258 ], [ -96.708272200728658, 40.820929263477275 ], [ -96.708271565372925, 40.820931419610574 ], [ -96.708270927865343, 40.820933575499311 ], [ -96.708270288248841, 40.820935731145724 ], [ -96.708269646567331, 40.82093788655154 ], [ -96.708269002864739, 40.820940041718536 ], [ -96.708268357184963, 40.820942196648446 ], [ -96.708267709571928, 40.820944351343002 ], [ -96.708267060069531, 40.820946505803967 ], [ -96.708266408721684, 40.820948660033089 ], [ -96.708265755572327, 40.820950814032123 ], [ -96.708265100660583, 40.820952967801134 ], [ -96.70826444400663, 40.820955121333533 ], [ -96.70826378562586, 40.820957274621072 ], [ -96.708263125533705, 40.820959427655488 ], [ -96.708262463745569, 40.820961580428531 ], [ -96.708261800276858, 40.820963732931922 ], [ -96.708261135142976, 40.820965885157428 ], [ -96.708260468359327, 40.820968037096797 ], [ -96.708259799941317, 40.82097018874174 ], [ -96.708259129897741, 40.820972340082854 ], [ -96.708258458210835, 40.820974491105893 ], [ -96.708257784856215, 40.820976641795554 ], [ -96.708257109809466, 40.820978792136408 ], [ -96.708256433046245, 40.820980942113131 ], [ -96.708255754542151, 40.820983091710303 ], [ -96.708255074272785, 40.820985240912592 ], [ -96.708254392213775, 40.820987389704563 ], [ -96.708253708336599, 40.820989538071736 ], [ -96.708253022596253, 40.820991686002792 ], [ -96.708252334943595, 40.820993833487272 ], [ -96.708251645329483, 40.820995980514702 ], [ -96.708250953704791, 40.820998127074638 ], [ -96.708250260020378, 40.821000273156635 ], [ -96.708249564227103, 40.821002418750183 ], [ -96.708248866275824, 40.821004563844866 ], [ -96.708248166117414, 40.82100670843019 ], [ -96.708247463702691, 40.821008852496256 ], [ -96.70824675898227, 40.821010996035234 ], [ -96.708246051906741, 40.821013139039898 ], [ -96.708245342426721, 40.821015281503009 ], [ -96.708244630492743, 40.821017423417288 ], [ -96.708243916055437, 40.821019564775504 ], [ -96.708243199065365, 40.821021705570388 ], [ -96.708242479473114, 40.821023845794699 ], [ -96.708241757229274, 40.821025985441167 ], [ -96.708241032287688, 40.821028124502924 ], [ -96.708240304615146, 40.821030262974539 ], [ -96.708239574181704, 40.821032400850967 ], [ -96.708238840957449, 40.821034538127172 ], [ -96.708238104912397, 40.821036674798066 ], [ -96.708237366016618, 40.821038810858639 ], [ -96.708236624240172, 40.821040946303803 ], [ -96.708235879553129, 40.821043081128522 ], [ -96.70823513192552, 40.82104521532775 ], [ -96.708234381330541, 40.82104734889672 ], [ -96.708233627753913, 40.821049481831793 ], [ -96.708232871184464, 40.821051614129658 ], [ -96.708232111611053, 40.821053745786948 ], [ -96.708231349022526, 40.821055876800365 ], [ -96.708230583407712, 40.821058007166528 ], [ -96.708229814755455, 40.821060136882146 ], [ -96.708229043054601, 40.821062265943844 ], [ -96.708228268294008, 40.821064394348291 ], [ -96.708227490461681, 40.821066522091655 ], [ -96.708226709542515, 40.821068649167955 ], [ -96.708225925520523, 40.821070775570753 ], [ -96.70822513837976, 40.821072901293554 ], [ -96.708224348104267, 40.821075026329886 ], [ -96.708223554678085, 40.821077150673283 ], [ -96.70822275808527, 40.821079274317313 ], [ -96.708221958309849, 40.821081397255455 ], [ -96.708221155335863, 40.821083519481256 ], [ -96.708220349141826, 40.821085640986531 ], [ -96.708219539684038, 40.821087761756147 ], [ -96.708218726913188, 40.821089881773212 ], [ -96.708217910780064, 40.821092001020958 ], [ -96.708217091235397, 40.821094119482474 ], [ -96.708216268229904, 40.821096237140928 ], [ -96.70821544171433, 40.821098353979458 ], [ -96.708214611639448, 40.821100469981218 ], [ -96.708213777955947, 40.821102585129374 ], [ -96.708212940606856, 40.821104699404373 ], [ -96.708212099504166, 40.82110681277593 ], [ -96.70821125455214, 40.821108925211078 ], [ -96.708210405655066, 40.821111036676868 ], [ -96.70820955271715, 40.821113147140352 ], [ -96.70820869564271, 40.821115256568525 ], [ -96.70820783433598, 40.82111736492844 ], [ -96.708206968701219, 40.821119472187142 ], [ -96.708206098642691, 40.82112157831169 ], [ -96.708205224063349, 40.821123683267572 ], [ -96.708204344860903, 40.821125787014495 ], [ -96.708203460931742, 40.821127889510535 ], [ -96.708202572172269, 40.821129990713885 ], [ -96.708201678478858, 40.821132090582687 ], [ -96.708200779747912, 40.82113418907511 ], [ -96.708199875875835, 40.821136286149233 ], [ -96.708198966759014, 40.821138381763276 ], [ -96.708198052313705, 40.821140475879389 ], [ -96.708197132535659, 40.821142568475722 ], [ -96.708196207440508, 40.82114465953449 ], [ -96.70819527704387, 40.821146749037858 ], [ -96.708194341361363, 40.821148836968064 ], [ -96.708193400408589, 40.821150923307265 ], [ -96.708192454201182, 40.821153008037662 ], [ -96.708191502754772, 40.821155091141435 ], [ -96.70819054608495, 40.821157172600806 ], [ -96.708189584230169, 40.821159252404513 ], [ -96.708188617320104, 40.821161330567726 ], [ -96.708187645507238, 40.821163407112088 ], [ -96.708186668944066, 40.821165482059328 ], [ -96.708185687783072, 40.821167555431146 ], [ -96.708184702176737, 40.821169627249233 ], [ -96.708183712277574, 40.821171697535313 ], [ -96.708182718238049, 40.821173766311063 ], [ -96.708181720210646, 40.821175833598204 ], [ -96.70818071835194, 40.82117789942609 ], [ -96.708179712834578, 40.821179963854604 ], [ -96.708178703835344, 40.821182026951369 ], [ -96.708177691530963, 40.82118408878393 ], [ -96.708176676098191, 40.821186149419901 ], [ -96.708175657713753, 40.821188208926813 ], [ -96.708174636554389, 40.821190267372273 ], [ -96.70817361279687, 40.821192324823848 ], [ -96.70817258661792, 40.821194381349102 ], [ -96.708171558182016, 40.821196437016503 ], [ -96.708170527604508, 40.821198491898009 ], [ -96.70816949498851, 40.82120054606645 ], [ -96.708168460437093, 40.821202599594649 ], [ -96.708167424053372, 40.821204652555458 ], [ -96.708166385940416, 40.821206705021702 ], [ -96.708165346201326, 40.821208757066238 ], [ -96.708164304939203, 40.821210808761883 ], [ -96.708163262257102, 40.821212860181468 ], [ -96.708162218236467, 40.821214911389134 ], [ -96.708161172871925, 40.821216962414169 ], [ -96.708160126136406, 40.821219013277158 ], [ -96.708159078002893, 40.821221063998699 ], [ -96.708158028444288, 40.821223114599356 ], [ -96.708156977433589, 40.82122516509974 ], [ -96.708155924943725, 40.821227215520423 ], [ -96.708154870947638, 40.821229265882018 ], [ -96.708153815418299, 40.821231316205086 ], [ -96.708152758311982, 40.821233366502213 ], [ -96.708151699518396, 40.821235416754035 ], [ -96.708150638910567, 40.821237466933127 ], [ -96.708149576361521, 40.821239517012145 ], [ -96.708148511744284, 40.821241566963678 ], [ -96.708147444931924, 40.821243616760327 ], [ -96.70814637579744, 40.821245666374736 ], [ -96.7081453042139, 40.821247715779471 ], [ -96.708144230054302, 40.821249764947204 ], [ -96.708143153187351, 40.821251813846992 ], [ -96.708142073464089, 40.821253862434041 ], [ -96.708140990731309, 40.821255910659943 ], [ -96.708139904835733, 40.821257958476394 ], [ -96.708138815624068, 40.821260005835022 ], [ -96.708137722943079, 40.821262052687487 ], [ -96.708136626639487, 40.821264098985452 ], [ -96.708135526560028, 40.821266144680543 ], [ -96.708134422551439, 40.821268189724435 ], [ -96.70813331446692, 40.821270234069907 ], [ -96.708132202185581, 40.821272277674218 ], [ -96.708131085592967, 40.82127432049581 ], [ -96.708129964574681, 40.821276362493073 ], [ -96.708128839016283, 40.82127840362439 ], [ -96.708127708803346, 40.821280443848174 ], [ -96.708126573821417, 40.821282483122872 ], [ -96.708125433956127, 40.821284521406866 ], [ -96.708124289111581, 40.821286558664532 ], [ -96.708123139266377, 40.821288594884194 ], [ -96.70812198441763, 40.821290630060098 ], [ -96.708120824562499, 40.821292664186522 ], [ -96.708119659698156, 40.821294697257756 ], [ -96.708118489821715, 40.821296729268091 ], [ -96.708117314930348, 40.821298760211754 ], [ -96.7081161350212, 40.821300790083036 ], [ -96.708114950091399, 40.821302818876227 ], [ -96.708113760164409, 40.821304846594714 ], [ -96.708112565368822, 40.821306873278466 ], [ -96.708111365859494, 40.821308898976575 ], [ -96.708110161791367, 40.821310923738082 ], [ -96.708108953319282, 40.821312947612114 ], [ -96.708107740598152, 40.821314970647734 ], [ -96.708106523782831, 40.821316992894047 ], [ -96.708105303028233, 40.821319014400096 ], [ -96.708104078489256, 40.821321035214986 ], [ -96.708102850334882, 40.821323055392945 ], [ -96.708101618790579, 40.821325075008822 ], [ -96.708100384095914, 40.821327094142575 ], [ -96.708099146490468, 40.821329112874146 ], [ -96.708097906213851, 40.821331131283571 ], [ -96.708096663505614, 40.821333149450759 ], [ -96.708095418605353, 40.821335167455736 ], [ -96.70809417175262, 40.821337185378454 ], [ -96.708092923187024, 40.821339203298891 ], [ -96.708091673141979, 40.821341221294269 ], [ -96.70809042182627, 40.821343239430739 ], [ -96.708089169442559, 40.821345257771789 ], [ -96.708087916193449, 40.821347276380834 ], [ -96.708086662281616, 40.821349295321312 ], [ -96.708085407909664, 40.821351314656646 ], [ -96.70808415328024, 40.821353334450279 ], [ -96.70808289859599, 40.821355354765657 ], [ -96.708081644059533, 40.821357375666182 ], [ -96.708080389850352, 40.821359397204617 ], [ -96.70807913605509, 40.821361419390833 ], [ -96.708077882737243, 40.82136344222404 ], [ -96.708076629960303, 40.82136546570343 ], [ -96.708075377787779, 40.82136748982817 ], [ -96.708074126283122, 40.821369514597443 ], [ -96.708072875509842, 40.821371540010482 ], [ -96.708071625531417, 40.821373566066413 ], [ -96.708070376411342, 40.82137559276449 ], [ -96.708069128194893, 40.821377620093109 ], [ -96.708067880854585, 40.821379647997666 ], [ -96.708066634344746, 40.82138167641282 ], [ -96.708065388619673, 40.821383705273249 ], [ -96.708064143633663, 40.821385734513562 ], [ -96.708062899341058, 40.821387764068405 ], [ -96.708061655696156, 40.821389793872456 ], [ -96.708060412653239, 40.821391823860338 ], [ -96.708059170166678, 40.821393853966718 ], [ -96.708057928193028, 40.821395884127604 ], [ -96.708056686698185, 40.821397914284461 ], [ -96.708055445650302, 40.821399944380161 ], [ -96.708054205017547, 40.821401974357521 ], [ -96.708052964768058, 40.821404004159398 ], [ -96.708051724870018, 40.821406033728671 ], [ -96.708050485291608, 40.821408063008128 ], [ -96.708049246000954, 40.821410091940663 ], [ -96.708048006966237, 40.82141212046912 ], [ -96.708046768162063, 40.821414148542424 ], [ -96.70804552958883, 40.821416176134029 ], [ -96.708044291253373, 40.82141820322348 ], [ -96.708043053162513, 40.821420229790299 ], [ -96.708041815323099, 40.821422255814078 ], [ -96.70804057774194, 40.821424281274304 ], [ -96.708039340425913, 40.821426306150549 ], [ -96.708038103381824, 40.821428330422364 ], [ -96.708036866620048, 40.82143035407335 ], [ -96.708035630165071, 40.821432377103505 ], [ -96.708034394044944, 40.821434399516889 ], [ -96.708033158287662, 40.821436421317593 ], [ -96.708031922921293, 40.82143844250961 ], [ -96.708030687973846, 40.821440463097069 ], [ -96.708029453473358, 40.821442483084013 ], [ -96.70802821944784, 40.821444502474499 ], [ -96.708026985925343, 40.821446521272613 ], [ -96.708025752929146, 40.82144853948229 ], [ -96.708024520463496, 40.821450557107184 ], [ -96.708023288527997, 40.821452574150804 ], [ -96.70802205712215, 40.821454590616696 ], [ -96.708020826245502, 40.821456606508377 ], [ -96.708019595897582, 40.821458621829372 ], [ -96.708018366077951, 40.821460636583232 ], [ -96.70801713678614, 40.821462650773491 ], [ -96.708015908021693, 40.821464664403649 ], [ -96.708014679766691, 40.821466677471051 ], [ -96.708013451933496, 40.821468689948098 ], [ -96.708012224417004, 40.821470701801061 ], [ -96.708010997112112, 40.82147271299614 ], [ -96.708009769913716, 40.821474723499563 ], [ -96.708008542716726, 40.821476733277549 ], [ -96.70800731541604, 40.82147874229635 ], [ -96.70800608790654, 40.821480750522163 ], [ -96.708004860083136, 40.821482757921238 ], [ -96.708003631824681, 40.821484764452848 ], [ -96.708002402945766, 40.821486770048651 ], [ -96.708001173244924, 40.82148877463333 ], [ -96.707999942520686, 40.821490778131583 ], [ -96.707998710571573, 40.821492780468127 ], [ -96.707997477196159, 40.821494781567672 ], [ -96.707996242192948, 40.821496781354895 ], [ -96.707995005360488, 40.821498779754528 ], [ -96.707993766497296, 40.821500776691245 ], [ -96.707992525398907, 40.821502772086809 ], [ -96.707991281848791, 40.821504765851131 ], [ -96.707990035627375, 40.821506757891143 ], [ -96.707988786515074, 40.821508748113814 ], [ -96.707987534292386, 40.821510736426085 ], [ -96.707986278739696, 40.821512722734916 ], [ -96.707985019637462, 40.821514706947248 ], [ -96.70798375676614, 40.821516688970043 ], [ -96.707982489906172, 40.821518668710233 ], [ -96.707981218850549, 40.82152064607758 ], [ -96.707979943442695, 40.821522620993107 ], [ -96.707978663538555, 40.821524593380573 ], [ -96.707977378994073, 40.821526563163779 ], [ -96.707976089665237, 40.821528530266548 ], [ -96.707974795408006, 40.821530494612666 ], [ -96.707973496078338, 40.821532456125929 ], [ -96.707972191532207, 40.821534414730152 ], [ -96.70797088162557, 40.821536370349101 ], [ -96.707969566241204, 40.821538322916801 ], [ -96.707968245369059, 40.821540272408249 ], [ -96.707966919025921, 40.821542218808595 ], [ -96.707965587228543, 40.821544162102967 ], [ -96.707964249993708, 40.821546102276628 ], [ -96.707962907338171, 40.821548039314699 ], [ -96.707961559278701, 40.821549973202352 ], [ -96.70796020583208, 40.821551903924799 ], [ -96.707958847015064, 40.821553831467185 ], [ -96.7079574828674, 40.821555755826665 ], [ -96.707956113520723, 40.82155767704846 ], [ -96.707954739129633, 40.821559595189655 ], [ -96.70795335984873, 40.821561510307419 ], [ -96.707951975832614, 40.821563422458929 ], [ -96.707950587235899, 40.821565331701279 ], [ -96.707949194213171, 40.82156723809166 ], [ -96.707947796919072, 40.821569141687213 ], [ -96.707946395512693, 40.821571042557807 ], [ -96.70794499017137, 40.821572940824232 ], [ -96.70794358107689, 40.821574836620002 ], [ -96.707942168411108, 40.821576730078611 ], [ -96.707940752355853, 40.821578621333572 ], [ -96.707939333092952, 40.821580510518423 ], [ -96.707937910804191, 40.821582397766626 ], [ -96.707936485671453, 40.821584283211735 ], [ -96.707935057876554, 40.821586166987245 ], [ -96.707933627593192, 40.821588049233839 ], [ -96.707932194962595, 40.821589930121043 ], [ -96.707930760117932, 40.821591809825449 ], [ -96.707929323192289, 40.821593688523784 ], [ -96.707927884318792, 40.821595566392688 ], [ -96.707926443630598, 40.821597443608852 ], [ -96.70792500126079, 40.821599320348916 ], [ -96.707923557342511, 40.821601196789572 ], [ -96.707922112008902, 40.821603073107461 ], [ -96.70792066537831, 40.821604949467385 ], [ -96.707919217510124, 40.821606825986649 ], [ -96.707917768448965, 40.821608702770661 ], [ -96.707916318239469, 40.82161057992483 ], [ -96.707914866926231, 40.821612457554608 ], [ -96.707913414553886, 40.821614335765368 ], [ -96.707911961167071, 40.821616214662555 ], [ -96.707910506810407, 40.821618094351578 ], [ -96.707909051528503, 40.821619974937846 ], [ -96.707907595351315, 40.82162185651206 ], [ -96.707906138249996, 40.821623739105881 ], [ -96.707904680181059, 40.821625622736285 ], [ -96.707903221100992, 40.821627507420189 ], [ -96.707901760966294, 40.821629393174589 ], [ -96.707900299733467, 40.821631280016405 ], [ -96.707898837358982, 40.821633167962574 ], [ -96.707897373799355, 40.821635057030072 ], [ -96.707895909011057, 40.821636947235824 ], [ -96.707894442944252, 40.82163883858837 ], [ -96.707892975523706, 40.82164073106248 ], [ -96.707891506667821, 40.821642624624523 ], [ -96.707890036295026, 40.821644519240884 ], [ -96.707888564323753, 40.821646414877847 ], [ -96.707887090672401, 40.821648311501818 ], [ -96.707885615259386, 40.821650209079159 ], [ -96.707884138003124, 40.82165210757622 ], [ -96.707882658822058, 40.821654006959335 ], [ -96.70788117763523, 40.821655907192124 ], [ -96.70787969436428, 40.821657808227172 ], [ -96.70787820893149, 40.821659710014416 ], [ -96.707876721259126, 40.821661612503604 ], [ -96.707875231269497, 40.821663515644637 ], [ -96.707873738884857, 40.821665419387379 ], [ -96.707872244027513, 40.821667323681659 ], [ -96.707870746619719, 40.82166922847734 ], [ -96.707869246583755, 40.82167113372428 ], [ -96.707867743854138, 40.821673039375391 ], [ -96.707866238414155, 40.821674945395877 ], [ -96.707864730259331, 40.821676851753978 ], [ -96.707863219385203, 40.821678758417981 ], [ -96.707861705787252, 40.821680665356112 ], [ -96.707860189461044, 40.821682572536645 ], [ -96.707858670402061, 40.821684479927846 ], [ -96.707857148605854, 40.821686387497962 ], [ -96.707855624067918, 40.821688295215253 ], [ -96.707854096811062, 40.821690203057351 ], [ -96.707852566967276, 40.821692111039141 ], [ -96.707851034695764, 40.821694019184939 ], [ -96.707849500155831, 40.821695927519066 ], [ -96.707847963506708, 40.821697836065759 ], [ -96.707846424907629, 40.821699744849319 ], [ -96.70784488451784, 40.821701653894038 ], [ -96.707843342496631, 40.82170356322419 ], [ -96.707841799037766, 40.821705472875607 ], [ -96.707840254473297, 40.821707382930249 ], [ -96.707838709169792, 40.821709293481575 ], [ -96.707837163493835, 40.821711204623092 ], [ -96.70783561781198, 40.821713116448272 ], [ -96.707834072490826, 40.821715029050615 ], [ -96.70783252789694, 40.82171694252358 ], [ -96.707830984396921, 40.821718856960672 ], [ -96.707829442357323, 40.821720772455357 ], [ -96.707827902161029, 40.821722689105883 ], [ -96.707826364256007, 40.821724607029289 ], [ -96.707824829106556, 40.821726526347462 ], [ -96.707823297176972, 40.821728447182181 ], [ -96.707821768931481, 40.821730369655292 ], [ -96.707820244834423, 40.821732293888601 ], [ -96.707818725350052, 40.821734220003961 ], [ -96.707817210942636, 40.821736148123158 ], [ -96.707815702076488, 40.821738078368043 ], [ -96.70781419919004, 40.821740010868439 ], [ -96.707812702618455, 40.82174194578625 ], [ -96.707811212671118, 40.821743883291326 ], [ -96.707809729657356, 40.821745823553584 ], [ -96.707808253886512, 40.821747766742909 ], [ -96.707806785667955, 40.821749713029206 ], [ -96.707805325311028, 40.821751662582344 ], [ -96.707803873125059, 40.821753615572199 ], [ -96.707802429419431, 40.821755572168712 ], [ -96.707800994448704, 40.821757532533681 ], [ -96.707799568248404, 40.821759496796737 ], [ -96.707798150799306, 40.821761465079454 ], [ -96.707796742082152, 40.821763437503364 ], [ -96.707795342077702, 40.821765414190068 ], [ -96.707793950766728, 40.821767395261126 ], [ -96.70779256812996, 40.821769380838084 ], [ -96.7077911941482, 40.821771371042502 ], [ -96.707789828802163, 40.821773365995966 ], [ -96.707788471995073, 40.821775365772005 ], [ -96.707787123319875, 40.821777370251944 ], [ -96.707785782291978, 40.821779379269117 ], [ -96.707784448426736, 40.821781392656824 ], [ -96.707783121239586, 40.821783410248401 ], [ -96.707781800245911, 40.821785431877153 ], [ -96.707780484961077, 40.821787457376367 ], [ -96.707779174900523, 40.821789486579391 ], [ -96.707777869579601, 40.821791519319525 ], [ -96.707776568458954, 40.821793555390173 ], [ -96.707775270780118, 40.821795594425225 ], [ -96.707773975729879, 40.821797636018616 ], [ -96.707772682494991, 40.82179967976429 ], [ -96.707771390262252, 40.821801725256279 ], [ -96.707770098218404, 40.821803772088444 ], [ -96.707768805550231, 40.821805819854831 ], [ -96.707767511444516, 40.821807868149357 ], [ -96.707766215088014, 40.821809916566011 ], [ -96.70776491567959, 40.821811964696884 ], [ -96.707763612466408, 40.821814012126637 ], [ -96.707762304707714, 40.821816058438159 ], [ -96.707760991662781, 40.821818103214241 ], [ -96.707759672590839, 40.821820146037723 ], [ -96.707758346751135, 40.821822186491474 ], [ -96.707757013402926, 40.821824224158242 ], [ -96.707755671805472, 40.821826258620945 ], [ -96.70775432121799, 40.821828289462353 ], [ -96.707752960966289, 40.821830316295383 ], [ -96.707751590642104, 40.821832338852971 ], [ -96.707750209903779, 40.821834356898229 ], [ -96.707748818409613, 40.821836370194134 ], [ -96.707747415817877, 40.821838378503749 ], [ -96.707746001786902, 40.821840381590107 ], [ -96.707744575974971, 40.821842379216235 ], [ -96.707743138040385, 40.821844371145183 ], [ -96.707741687730561, 40.821846357173428 ], [ -96.707740225149365, 40.821848337231259 ], [ -96.707738750489753, 40.821850311282411 ], [ -96.707737263944679, 40.821852279290631 ], [ -96.707735765707127, 40.821854241219633 ], [ -96.707734255970067, 40.821856197033178 ], [ -96.707732734926466, 40.821858146695014 ], [ -96.707731202769267, 40.821860090168855 ], [ -96.707729659691452, 40.821862027418447 ], [ -96.707728105917312, 40.821863958415641 ], [ -96.707726541796305, 40.821865883164577 ], [ -96.707724967709225, 40.821867801677541 ], [ -96.707723384036868, 40.821869713966812 ], [ -96.707721791160026, 40.821871620044654 ], [ -96.707720189459479, 40.821873519923358 ], [ -96.707718579316023, 40.821875413615182 ], [ -96.707716961110435, 40.821877301132417 ], [ -96.707715335223511, 40.821879182487287 ], [ -96.707713702001229, 40.821881057694746 ], [ -96.707712061650312, 40.821882926780255 ], [ -96.7077104143426, 40.821884789771936 ], [ -96.707708760250014, 40.821886646697919 ], [ -96.70770709954445, 40.821888497586279 ], [ -96.707705432397773, 40.821890342465181 ], [ -96.707703758981879, 40.821892181362713 ], [ -96.70770207946866, 40.82189401430702 ], [ -96.707700394029999, 40.821895841326196 ], [ -96.707698702797288, 40.821897662449935 ], [ -96.707697005739874, 40.821899477714354 ], [ -96.707695302786576, 40.821901287157068 ], [ -96.707693593866267, 40.821903090815766 ], [ -96.707691878907767, 40.821904888728092 ], [ -96.70769015783992, 40.821906680931711 ], [ -96.707688430591574, 40.821908467464283 ], [ -96.707686697091575, 40.821910248363473 ], [ -96.707684957268754, 40.821912023666926 ], [ -96.707683211027231, 40.821913793410566 ], [ -96.707681458172345, 40.821915557623349 ], [ -96.707679698484696, 40.821917316332502 ], [ -96.707677931744897, 40.821919069565205 ], [ -96.707676157733545, 40.821920817348683 ], [ -96.707674376231239, 40.821922559710139 ], [ -96.707672587018592, 40.821924296676777 ], [ -96.707670789876232, 40.821926028275833 ], [ -96.707668984584743, 40.821927754534471 ], [ -96.707667170943438, 40.821929475459996 ], [ -96.707665348826438, 40.82193119097979 ], [ -96.707663518126552, 40.821932901001311 ], [ -96.707661678736599, 40.821934605432006 ], [ -96.707659830549417, 40.821936304179367 ], [ -96.707657973457813, 40.821937997150812 ], [ -96.707656107354595, 40.82193968425382 ], [ -96.707654232132597, 40.821941365395851 ], [ -96.707652347684615, 40.821943040484335 ], [ -96.707650453908272, 40.821944709379686 ], [ -96.707648550720151, 40.821946371753924 ], [ -96.707646638041652, 40.821948027232068 ], [ -96.707644715794203, 40.821949675439079 ], [ -96.707642783899146, 40.821951315999982 ], [ -96.707640842277911, 40.821952948539725 ], [ -96.707638890851868, 40.821954572683303 ], [ -96.707636929542417, 40.821956188055708 ], [ -96.707634958270944, 40.821957794281936 ], [ -96.707632976930824, 40.821959390953545 ], [ -96.707630985303283, 40.82196097752847 ], [ -96.707628983141575, 40.821962553431284 ], [ -96.707626970198916, 40.821964118086548 ], [ -96.707624946228506, 40.821965670918786 ], [ -96.707622910983602, 40.82196721135255 ], [ -96.707620864217404, 40.821968738812366 ], [ -96.707618805683168, 40.821970252722828 ], [ -96.707616735114499, 40.821971752495898 ], [ -96.707614653631396, 40.821973241521192 ], [ -96.707612571652021, 40.821974748799967 ], [ -96.707610490587555, 40.82197627856398 ], [ -96.707608409582647, 40.821977828811917 ], [ -96.707606327781988, 40.821979397542471 ], [ -96.707604244330213, 40.821980982754319 ], [ -96.707602158371998, 40.821982582446132 ], [ -96.707600069052006, 40.821984194616618 ], [ -96.707597975505152, 40.821985817299634 ], [ -96.707595876827398, 40.821987448669802 ], [ -96.707593772104929, 40.821989086936881 ], [ -96.707591660423986, 40.821990730310674 ], [ -96.707589540870757, 40.821992377000996 ], [ -96.707587412531453, 40.821994025217585 ], [ -96.707585274492303, 40.821995673170264 ], [ -96.707583125839491, 40.821997319068792 ], [ -96.707580965659261, 40.821998961123001 ], [ -96.70757879309312, 40.822000597650216 ], [ -96.707576607503853, 40.822002227398301 ], [ -96.707574408309583, 40.822003849222526 ], [ -96.707572194928417, 40.822005461978293 ], [ -96.707569966778479, 40.82200706452096 ], [ -96.707567723277862, 40.822008655705908 ], [ -96.707565463844702, 40.822010234388507 ], [ -96.707563187897065, 40.822011799424089 ], [ -96.707560894853103, 40.822013349668055 ], [ -96.707558584251942, 40.822014884047242 ], [ -96.707556256116831, 40.822016401774484 ], [ -96.70755391059204, 40.822017902134156 ], [ -96.707551547821836, 40.822019384410552 ], [ -96.707549167950461, 40.822020847887991 ], [ -96.707546771122239, 40.822022291850878 ], [ -96.70754435748141, 40.822023715583484 ], [ -96.707541927172244, 40.822025118370149 ], [ -96.707539480339008, 40.82202649949523 ], [ -96.707537017134896, 40.8220278582627 ], [ -96.707534537748685, 40.822029194055069 ], [ -96.707532042378062, 40.822030506274587 ], [ -96.707529531220686, 40.822031794323379 ], [ -96.707527004474272, 40.822033057603683 ], [ -96.707524462336494, 40.822034295517696 ], [ -96.707521905005024, 40.822035507467568 ], [ -96.707519332677577, 40.822036692855498 ], [ -96.707516745551814, 40.822037851083721 ], [ -96.7075141438023, 40.822038981558968 ], [ -96.707511527511059, 40.822040083706497 ], [ -96.707508896736982, 40.822041156956146 ], [ -96.707506251538959, 40.822042200737741 ], [ -96.707503591975893, 40.822043214481056 ], [ -96.707500918106675, 40.82204419761598 ], [ -96.707498229990193, 40.822045149572347 ], [ -96.707495527685339, 40.822046069779937 ], [ -96.707492811251015, 40.82204695766859 ], [ -96.707490080720419, 40.822047812595109 ], [ -96.707487336023945, 40.822048633624178 ], [ -96.707484577066339, 40.822049419747415 ], [ -96.707481803752287, 40.822050169956441 ], [ -96.707479015986536, 40.822050883242873 ], [ -96.707476213673786, 40.822051558598368 ], [ -96.70747339671874, 40.822052195014543 ], [ -96.707471832633004, 40.822052529858901 ] ] } },
{ "type": "Feature", "properties": { "point_a": 311, "point_b": 312, "trip": 3, "route": "north10th_rightmost", "status": "conflict", "mode": "reviewed_spatial_assumption" }, "geometry": { "type": "LineString", "coordinates": [ [ -96.708169877529201, 40.819278822217498 ], [ -96.708170310198412, 40.819280272237073 ], [ -96.708170963331426, 40.819282468657136 ], [ -96.708171613976234, 40.819284665520911 ], [ -96.708172262236914, 40.819286862818196 ], [ -96.70817290821752, 40.819289060538644 ], [ -96.708173552022103, 40.819291258672024 ], [ -96.708174193754743, 40.819293457208033 ], [ -96.708174833518839, 40.819295656136077 ], [ -96.708175471415203, 40.819297855444091 ], [ -96.708176107543991, 40.819300055119719 ], [ -96.708176742005406, 40.81930225515061 ], [ -96.708177374899577, 40.819304455524389 ], [ -96.708178006326662, 40.819306656228676 ], [ -96.708178636386862, 40.819308857251094 ], [ -96.70817926518032, 40.819311058579316 ], [ -96.708179892807195, 40.819313260200943 ], [ -96.708180519362543, 40.81931546210302 ], [ -96.708181144920928, 40.819317664270308 ], [ -96.708181769551814, 40.819319866686975 ], [ -96.708182393324662, 40.81932206933719 ], [ -96.708183016308908, 40.819324272205115 ], [ -96.708183638574013, 40.81932647527492 ], [ -96.708184260189441, 40.819328678530766 ], [ -96.708184881224639, 40.819330881956837 ], [ -96.708185501749085, 40.819333085537302 ], [ -96.708186121825364, 40.819335289256898 ], [ -96.708186741488888, 40.819337493102914 ], [ -96.708187360768179, 40.819339697063192 ], [ -96.708187979691772, 40.819341901125597 ], [ -96.708188598288231, 40.819344105277992 ], [ -96.708189216586092, 40.819346309508219 ], [ -96.708189834613904, 40.819348513804158 ], [ -96.708190452400203, 40.819350718153643 ], [ -96.708191069973523, 40.819352922544539 ], [ -96.708191687360397, 40.819355126965327 ], [ -96.708192304579171, 40.819357331406934 ], [ -96.708192921646159, 40.819359535860883 ], [ -96.708193538577675, 40.819361740318783 ], [ -96.708194155390018, 40.8193639447721 ], [ -96.708194772099546, 40.819366149212449 ], [ -96.708195388722544, 40.819368353631319 ], [ -96.708196005275354, 40.819370558020296 ], [ -96.708196621774277, 40.819372762370904 ], [ -96.708197238241624, 40.819374966674694 ], [ -96.708197854723736, 40.819377170923062 ], [ -96.708198471272937, 40.819379375107516 ], [ -96.708199087941551, 40.819381579219375 ], [ -96.708199704781919, 40.81938378325016 ], [ -96.708200321846348, 40.819385987191247 ], [ -96.708200939187165, 40.819388191034093 ], [ -96.708201556856736, 40.819390394770096 ], [ -96.708202174907342, 40.819392598390692 ], [ -96.708202793397959, 40.81939480188651 ], [ -96.708203412414065, 40.819397005244923 ], [ -96.70820403204776, 40.819399208452559 ], [ -96.70820465239116, 40.819401411495953 ], [ -96.708205273536393, 40.819403614361747 ], [ -96.708205895575531, 40.819405817036483 ], [ -96.70820651860069, 40.819408019506781 ], [ -96.708207142704012, 40.819410221759178 ], [ -96.708207767392395, 40.819412423881232 ], [ -96.708208390782062, 40.819414626200285 ], [ -96.708209012768506, 40.819416828736863 ], [ -96.708209633409581, 40.819419031483548 ], [ -96.708210252763124, 40.819421234432852 ], [ -96.708210870886901, 40.81942343757742 ], [ -96.708211487838781, 40.819425640909742 ], [ -96.708212103676573, 40.819427844422414 ], [ -96.708212718458086, 40.819430048107989 ], [ -96.708213332250708, 40.819432251957458 ], [ -96.708213945159926, 40.819434455955452 ], [ -96.708214557300806, 40.81943666008511 ], [ -96.708215168788385, 40.819438864329449 ], [ -96.708215779737742, 40.819441068671523 ], [ -96.7082163902639, 40.819443273094478 ], [ -96.708217000481937, 40.819445477581326 ], [ -96.708217610506892, 40.819447682115175 ], [ -96.708218220453816, 40.819449886679095 ], [ -96.708218830428081, 40.819452091257368 ], [ -96.708219440496364, 40.81945429583925 ], [ -96.708220050715596, 40.819456500415193 ], [ -96.708220661142761, 40.819458704975666 ], [ -96.708221271834859, 40.819460909511136 ], [ -96.708221882848818, 40.819463114012066 ], [ -96.708222494241639, 40.819465318468922 ], [ -96.708223106070278, 40.819467522872152 ], [ -96.708223718391707, 40.819469727212216 ], [ -96.708224331236053, 40.819471931483264 ], [ -96.708224944526052, 40.819474135694009 ], [ -96.708225558157565, 40.81947633985687 ], [ -96.7082261720265, 40.819478543984204 ], [ -96.708226786028703, 40.819480748088495 ], [ -96.708227400060096, 40.819482952182064 ], [ -96.708228014016512, 40.81948515627731 ], [ -96.708228627793872, 40.819487360386688 ], [ -96.708229241288038, 40.819489564522563 ], [ -96.708229854382978, 40.81949176869891 ], [ -96.70823046691504, 40.819493972936172 ], [ -96.708231078708636, 40.81949617725634 ], [ -96.708231689588203, 40.819498381681385 ], [ -96.708232299378196, 40.81950058623336 ], [ -96.70823290790301, 40.819502790934266 ], [ -96.708233514987086, 40.819504995806049 ], [ -96.708234120454861, 40.819507200870774 ], [ -96.708234724130762, 40.819509406150424 ], [ -96.708235325849131, 40.819511611665838 ], [ -96.708235925484118, 40.819513817433076 ], [ -96.708236522919748, 40.819516023467123 ], [ -96.708237118040088, 40.819518229782886 ], [ -96.708237710729165, 40.819520436395301 ], [ -96.708238300871059, 40.819522643319303 ], [ -96.708238888349797, 40.819524850569842 ], [ -96.708239473049431, 40.81952705816181 ], [ -96.708240054854016, 40.819529266110159 ], [ -96.708240633668154, 40.819531474427478 ], [ -96.708241209478729, 40.819533683116845 ], [ -96.708241782293143, 40.819535892179033 ], [ -96.708242352118816, 40.819538101614789 ], [ -96.70824291896318, 40.819540311424873 ], [ -96.708243482833666, 40.819542521610039 ], [ -96.708244043737665, 40.819544732171032 ], [ -96.708244601682622, 40.819546943108627 ], [ -96.708245156675972, 40.819549154423541 ], [ -96.7082457087308, 40.819551366116194 ], [ -96.708246257883062, 40.819553578185399 ], [ -96.708246804174422, 40.819555790629657 ], [ -96.708247347646505, 40.819558003447476 ], [ -96.708247888340935, 40.819560216637278 ], [ -96.708248426299377, 40.819562430197557 ], [ -96.70824896156347, 40.819564644126814 ], [ -96.708249494174851, 40.819566858423535 ], [ -96.708250024175157, 40.81956907308615 ], [ -96.708250551600131, 40.819571288113721 ], [ -96.708251076461934, 40.819573503507478 ], [ -96.708251598766793, 40.819575719269189 ], [ -96.708252118520988, 40.819577935400609 ], [ -96.708252635730744, 40.819580151903523 ], [ -96.708253150402328, 40.81958236877972 ], [ -96.708253662541978, 40.819584586030928 ], [ -96.708254172155947, 40.819586803658964 ], [ -96.708254679244874, 40.819589021665877 ], [ -96.70825518378679, 40.819591240054784 ], [ -96.708255685754153, 40.819593458829189 ], [ -96.708256185119396, 40.81959567799251 ], [ -96.708256681854934, 40.819597897548185 ], [ -96.708257175933227, 40.819600117499668 ], [ -96.708257667326706, 40.819602337850391 ], [ -96.708258156007801, 40.819604558603835 ], [ -96.708258641948945, 40.819606779763397 ], [ -96.708259125120662, 40.819609001332545 ], [ -96.70825960548575, 40.819611223314617 ], [ -96.708260083005158, 40.819613445712989 ], [ -96.708260557639775, 40.819615668531 ], [ -96.708261029350524, 40.819617891771983 ], [ -96.70826149809831, 40.819620115439342 ], [ -96.708261963844024, 40.819622339536359 ], [ -96.7082624265486, 40.819624564066459 ], [ -96.708262886172946, 40.819626789032931 ], [ -96.708263342685797, 40.819629014437957 ], [ -96.708263796087152, 40.819631240279008 ], [ -96.708264246384857, 40.819633466552261 ], [ -96.708264693586756, 40.819635693253993 ], [ -96.708265137700678, 40.819637920380416 ], [ -96.708265578734469, 40.819640147927792 ], [ -96.708266016695973, 40.819642375892343 ], [ -96.708266451593005, 40.819644604270344 ], [ -96.708266883433424, 40.819646833057988 ], [ -96.708267312237012, 40.819649062249908 ], [ -96.708267738071271, 40.819651291834219 ], [ -96.70826816101571, 40.819653521797413 ], [ -96.708268581149795, 40.819655752125961 ], [ -96.708268998552981, 40.819657982806355 ], [ -96.708269413304748, 40.819660213825074 ], [ -96.708269825484592, 40.819662445168611 ], [ -96.708270235171952, 40.81966467682345 ], [ -96.708270642446323, 40.819666908776043 ], [ -96.708271047391008, 40.81966914101249 ], [ -96.70827145010459, 40.819671373516933 ], [ -96.708271850689485, 40.81967360627317 ], [ -96.708272249248097, 40.819675839264924 ], [ -96.708272645882857, 40.819678072475973 ], [ -96.70827304069617, 40.819680305890053 ], [ -96.708273433790453, 40.819682539490941 ], [ -96.708273825268122, 40.819684773262367 ], [ -96.708274215231597, 40.819687007188087 ], [ -96.708274603776459, 40.819689241252853 ], [ -96.708274990971134, 40.819691475445261 ], [ -96.70827537687714, 40.819693709754951 ], [ -96.708275761556067, 40.819695944171507 ], [ -96.70827614506949, 40.819698178684533 ], [ -96.708276527478972, 40.819700413283655 ], [ -96.708276908846074, 40.819702647958444 ], [ -96.70827728923237, 40.819704882698545 ], [ -96.708277668699424, 40.819707117493529 ], [ -96.708278047296702, 40.819709352334684 ], [ -96.708278425025128, 40.819711587219835 ], [ -96.708278801873576, 40.819713822148536 ], [ -96.708279177830846, 40.819716057120303 ], [ -96.708279552885799, 40.819718292134645 ], [ -96.708279927027263, 40.819720527191087 ], [ -96.70828030024407, 40.819722762289153 ], [ -96.708280672525078, 40.819724997428338 ], [ -96.708281043859088, 40.81972723260818 ], [ -96.708281414230015, 40.819729467828942 ], [ -96.708281783601862, 40.81973170309378 ], [ -96.708282151933787, 40.819733938406628 ], [ -96.708282519184834, 40.819736173771403 ], [ -96.708282885314119, 40.819738409192034 ], [ -96.708283250280715, 40.819740644672407 ], [ -96.708283614043751, 40.819742880216467 ], [ -96.708283976562285, 40.819745115828134 ], [ -96.708284337798034, 40.819747351511111 ], [ -96.70828469772303, 40.819749587268589 ], [ -96.708285056311922, 40.819751823103502 ], [ -96.708285413539372, 40.819754059018791 ], [ -96.708285769380026, 40.81975629501742 ], [ -96.70828612380852, 40.819758531102345 ], [ -96.708286476799501, 40.819760767276541 ], [ -96.708286828327644, 40.819763003542931 ], [ -96.708287178367584, 40.819765239904513 ], [ -96.708287526898772, 40.819767476363708 ], [ -96.708287873920085, 40.819769712921108 ], [ -96.70828821943519, 40.819771949576705 ], [ -96.708288563447738, 40.819774186330569 ], [ -96.708288905961396, 40.819776423182745 ], [ -96.708289246979845, 40.819778660133267 ], [ -96.708289586506737, 40.819780897182163 ], [ -96.708289924545781, 40.819783134329491 ], [ -96.708290261100601, 40.819785371575314 ], [ -96.708290596176809, 40.819787608919327 ], [ -96.708290929787708, 40.819789846360038 ], [ -96.708291261948531, 40.819792083895607 ], [ -96.708291592674513, 40.819794321524185 ], [ -96.708291921980887, 40.819796559243947 ], [ -96.708292249882874, 40.819798797053068 ], [ -96.708292576395721, 40.81980103494972 ], [ -96.708292901534634, 40.819803272932027 ], [ -96.708293225314861, 40.819805510998201 ], [ -96.708293547747701, 40.819807749146726 ], [ -96.708293868828662, 40.819809987377525 ], [ -96.708294188549289, 40.81981222569086 ], [ -96.708294506901169, 40.819814464086974 ], [ -96.708294823875903, 40.819816702566108 ], [ -96.708295139464994, 40.819818941128517 ], [ -96.708295453660085, 40.819821179774472 ], [ -96.708295766452707, 40.819823418504214 ], [ -96.708296077834433, 40.819825657317999 ], [ -96.708296387789659, 40.819827896216744 ], [ -96.708296696273962, 40.819830135204128 ], [ -96.708297003235728, 40.819832374284402 ], [ -96.708297308623372, 40.819834613461936 ], [ -96.708297612385323, 40.819836852741055 ], [ -96.70829791446991, 40.819839092126031 ], [ -96.708298214825589, 40.819841331621198 ], [ -96.708298513400749, 40.819843571230912 ], [ -96.708298810143773, 40.819845810959428 ], [ -96.708299104998474, 40.819848050811466 ], [ -96.708299397890258, 40.819850290793156 ], [ -96.708299688739956, 40.819852530910993 ], [ -96.708299977468357, 40.819854771171492 ], [ -96.708300263996279, 40.819857011581128 ], [ -96.708300548244551, 40.819859252146429 ], [ -96.708300830133965, 40.819861492873876 ], [ -96.708301109585364, 40.819863733769992 ], [ -96.708301386519537, 40.819865974841264 ], [ -96.708301660859064, 40.819868216093916 ], [ -96.708301932533416, 40.81987045753305 ], [ -96.708302201473842, 40.819872699163533 ], [ -96.708302467611588, 40.819874940990154 ], [ -96.708302730877904, 40.819877183017773 ], [ -96.708302991203993, 40.819879425251251 ], [ -96.708303248521119, 40.819881667695377 ], [ -96.708303502760529, 40.819883910355017 ], [ -96.708303753853443, 40.819886153234997 ], [ -96.708304001741325, 40.81988839633911 ], [ -96.70830424640647, 40.819890639666959 ], [ -96.708304487841431, 40.819892883217136 ], [ -96.708304726038705, 40.819895126988207 ], [ -96.708304960990816, 40.819897370978758 ], [ -96.708305192690304, 40.819899615187374 ], [ -96.70830542112968, 40.819901859612592 ], [ -96.708305646301469, 40.819904104253013 ], [ -96.708305868217323, 40.819906349105452 ], [ -96.708306086965521, 40.819908594159649 ], [ -96.708306302653455, 40.819910839403576 ], [ -96.708306515388514, 40.819913084825181 ], [ -96.708306725278092, 40.819915330412506 ], [ -96.708306932429593, 40.819917576153451 ], [ -96.708307136950438, 40.819919822036034 ], [ -96.708307338947989, 40.819922068048221 ], [ -96.708307538529652, 40.81992431417801 ], [ -96.708307735817371, 40.819926560412142 ], [ -96.708307930991239, 40.819928806732769 ], [ -96.708308124245875, 40.819931053120733 ], [ -96.708308315775909, 40.819933299556965 ], [ -96.708308505775946, 40.819935546022343 ], [ -96.708308694440646, 40.819937792497775 ], [ -96.708308881964612, 40.819940038964155 ], [ -96.708309068542476, 40.819942285402412 ], [ -96.708309254368857, 40.819944531793411 ], [ -96.708309439637333, 40.8199467781184 ], [ -96.708309624537279, 40.81994902436 ], [ -96.70830980925696, 40.819951270501164 ], [ -96.708309993984699, 40.819953516524841 ], [ -96.708310178908803, 40.81995576241399 ], [ -96.708310364217567, 40.819958008151552 ], [ -96.708310550099299, 40.819960253720481 ], [ -96.708310736742291, 40.819962499103752 ], [ -96.708310924334839, 40.819964744284292 ], [ -96.708311113048424, 40.819966989247021 ], [ -96.708311302987141, 40.819969233984686 ], [ -96.708311494238245, 40.819971478491986 ], [ -96.708311686888976, 40.819973722763621 ], [ -96.708311881026603, 40.819975966794303 ], [ -96.708312076738366, 40.819978210578718 ], [ -96.708312274111563, 40.819980454111572 ], [ -96.708312473233406, 40.81998269738758 ], [ -96.708312674191149, 40.81998494040144 ], [ -96.708312877047803, 40.819987183150403 ], [ -96.708313081769248, 40.819989425641836 ], [ -96.708313288297077, 40.819991667885681 ], [ -96.708313496572913, 40.81999390989187 ], [ -96.708313706538348, 40.819996151670367 ], [ -96.708313918135033, 40.819998393231081 ], [ -96.708314131304533, 40.820000634583948 ], [ -96.708314345988484, 40.820002875738915 ], [ -96.708314562128507, 40.820005116705914 ], [ -96.708314779650152, 40.820007357495953 ], [ -96.708314998414878, 40.820009598124336 ], [ -96.70831521826814, 40.820011838607449 ], [ -96.708315439055326, 40.820014078961691 ], [ -96.708315660621892, 40.820016319203454 ], [ -96.70831588281321, 40.820018559349123 ], [ -96.708316105474765, 40.82002079941509 ], [ -96.708316328451929, 40.820023039417748 ], [ -96.708316551590173, 40.820025279373453 ], [ -96.708316774732992, 40.820027519298336 ], [ -96.708316997716324, 40.820029759207152 ], [ -96.708317220374255, 40.820031999114384 ], [ -96.708317442540775, 40.820034239034577 ], [ -96.708317664049986, 40.820036478982168 ], [ -96.708317884735891, 40.820038718971659 ], [ -96.708318104432564, 40.820040959017525 ], [ -96.708318322974051, 40.820043199134268 ], [ -96.708318540194384, 40.820045439336369 ], [ -96.708318755936759, 40.820047679637284 ], [ -96.708318970080938, 40.820049920046394 ], [ -96.708319182515851, 40.820052160572033 ], [ -96.708319393130367, 40.820054401222542 ], [ -96.708319601813415, 40.820056642006286 ], [ -96.708319808453936, 40.820058882931583 ], [ -96.708320012940774, 40.82006112400682 ], [ -96.708320215162885, 40.820063365240266 ], [ -96.708320415025568, 40.820065606639034 ], [ -96.708320612499733, 40.820067848204914 ], [ -96.708320807572719, 40.820070089938405 ], [ -96.708321000231834, 40.820072331840016 ], [ -96.708321190464403, 40.820074573910276 ], [ -96.70832137825775, 40.820076816149665 ], [ -96.708321563599199, 40.820079058558733 ], [ -96.708321746476088, 40.820081301137947 ], [ -96.708321926875712, 40.82008354388784 ], [ -96.708322104798057, 40.8200857868081 ], [ -96.708322280293743, 40.820088029895047 ], [ -96.708322453426035, 40.820090273144231 ], [ -96.708322624258173, 40.820092516551206 ], [ -96.708322792853437, 40.820094760111459 ], [ -96.70832295927508, 40.820097003820557 ], [ -96.708323123586382, 40.82009924767398 ], [ -96.708323285850597, 40.82010149166728 ], [ -96.70832344613099, 40.820103735795996 ], [ -96.708323604493202, 40.820105980055658 ], [ -96.70832376101248, 40.82010822444181 ], [ -96.708323915766442, 40.820110468950027 ], [ -96.708324068832709, 40.820112713575902 ], [ -96.708324220288929, 40.820114958314981 ], [ -96.708324370212665, 40.82011720316283 ], [ -96.708324518681593, 40.82011944811503 ], [ -96.708324665773318, 40.820121693167145 ], [ -96.708324811565433, 40.820123938314758 ], [ -96.708324956132145, 40.820126183553747 ], [ -96.708325099533653, 40.820128428881546 ], [ -96.708325241826728, 40.820130674295825 ], [ -96.708325383068157, 40.820132919794318 ], [ -96.708325523314684, 40.820135165374694 ], [ -96.708325662623096, 40.820137411034757 ], [ -96.708325801050151, 40.820139656772177 ], [ -96.708325938652607, 40.820141902584673 ], [ -96.708326075487264, 40.820144148469964 ], [ -96.708326211605623, 40.820146394426054 ], [ -96.708326347038238, 40.820148640451919 ], [ -96.708326481810445, 40.82015088654687 ], [ -96.708326615947556, 40.820153132710189 ], [ -96.708326749474892, 40.82015537894118 ], [ -96.708326882417765, 40.820157625239077 ], [ -96.708327014801483, 40.820159871603195 ], [ -96.708327146651399, 40.820162118032826 ], [ -96.708327277992808, 40.820164364527216 ], [ -96.708327408852924, 40.820166611084943 ], [ -96.708327539266605, 40.820168857701603 ], [ -96.708327669270588, 40.820171104372044 ], [ -96.708327798901607, 40.820173351091157 ], [ -96.708327928196383, 40.820175597853776 ], [ -96.708328057191693, 40.820177844654758 ], [ -96.708328185924259, 40.820180091488986 ], [ -96.708328314430815, 40.820182338351337 ], [ -96.708328442748112, 40.820184585236639 ], [ -96.70832857091969, 40.820186832138532 ], [ -96.708328699016363, 40.820189079045555 ], [ -96.708328827115736, 40.820191325945096 ], [ -96.7083289552954, 40.820193572824465 ], [ -96.708329083633004, 40.820195819671 ], [ -96.70832921220611, 40.820198066472024 ], [ -96.708329341092366, 40.82020031321489 ], [ -96.708329470369364, 40.820202559886894 ], [ -96.708329600114723, 40.820204806475409 ], [ -96.708329730406305, 40.820207052967994 ], [ -96.708329861322937, 40.820209299353117 ], [ -96.708329992943732, 40.820211545619514 ], [ -96.708330125347814, 40.820213791755862 ], [ -96.708330258614268, 40.820216037750903 ], [ -96.708330392822162, 40.820218283593356 ], [ -96.708330528050624, 40.8202205292719 ], [ -96.708330664378764, 40.820222774775303 ], [ -96.708330801876329, 40.820225020093311 ], [ -96.708330940575721, 40.820227265220126 ], [ -96.708331080500002, 40.820229510150966 ], [ -96.708331221672196, 40.820231754881121 ], [ -96.708331364115395, 40.820233999405815 ], [ -96.708331507852662, 40.820236243720309 ], [ -96.70833165290702, 40.820238487819836 ], [ -96.708331799301533, 40.82024073169967 ], [ -96.708331947059293, 40.820242975355065 ], [ -96.708332096186695, 40.820245218782496 ], [ -96.708332246623684, 40.820247461983485 ], [ -96.708332398293521, 40.820249704960787 ], [ -96.708332551119511, 40.820251947717132 ], [ -96.708332705024944, 40.820254190255298 ], [ -96.708332859933094, 40.820256432577978 ], [ -96.708333015767266, 40.820258674687985 ], [ -96.70833317245075, 40.820260916588047 ], [ -96.708333329906807, 40.820263158280909 ], [ -96.708333488048979, 40.820265399769866 ], [ -96.708333646751512, 40.820267641060305 ], [ -96.70833380587888, 40.8202698821582 ], [ -96.70833396529558, 40.820272123069472 ], [ -96.708334124866113, 40.82027436380006 ], [ -96.708334284454949, 40.820276604355904 ], [ -96.708334443926546, 40.82027884474298 ], [ -96.708334603145417, 40.820281084967199 ], [ -96.708334761976033, 40.820283325034517 ], [ -96.708334920281146, 40.820285564950858 ], [ -96.70833507791653, 40.820287804722113 ], [ -96.708335234736239, 40.820290044354181 ], [ -96.708335390594343, 40.820292283852915 ], [ -96.708335545344852, 40.820294523224213 ], [ -96.70833569884185, 40.820296762473959 ], [ -96.708335850939378, 40.820299001608035 ], [ -96.708336001491475, 40.820301240632297 ], [ -96.708336150352196, 40.820303479552678 ], [ -96.708336297376803, 40.820305718375074 ], [ -96.708336442425434, 40.82030795710574 ], [ -96.708336585359405, 40.82031019575092 ], [ -96.708336726040073, 40.820312434316918 ], [ -96.708336864328771, 40.820314672810007 ], [ -96.708337000086829, 40.820316911236482 ], [ -96.70833713317559, 40.820319149602618 ], [ -96.7083372634564, 40.820321387914682 ], [ -96.708337390790589, 40.820323626178975 ], [ -96.708337515044761, 40.820325864402221 ], [ -96.708337636106535, 40.820328102593002 ], [ -96.708337753868861, 40.820330340760279 ], [ -96.708337868224632, 40.820332578913145 ], [ -96.708337979066727, 40.820334817060548 ], [ -96.708338086288094, 40.820337055211553 ], [ -96.7083381897816, 40.820339293375177 ], [ -96.708338289440192, 40.820341531560388 ], [ -96.70833838515675, 40.820343769776244 ], [ -96.708338476839387, 40.820346008032246 ], [ -96.708338564457122, 40.820348246340018 ], [ -96.70833864799414, 40.820350484711632 ], [ -96.708338727434636, 40.820352723159203 ], [ -96.708338802762853, 40.820354961694818 ], [ -96.708338873962944, 40.820357200330584 ], [ -96.708338941019164, 40.820359439078615 ], [ -96.708339003915697, 40.82036167795097 ], [ -96.708339062636739, 40.820363916959799 ], [ -96.708339117184153, 40.82036615611684 ], [ -96.708339167630484, 40.820368395432467 ], [ -96.708339214065916, 40.820370634916706 ], [ -96.708339256580601, 40.820372874579618 ], [ -96.708339295264764, 40.820375114431208 ], [ -96.708339330208574, 40.820377354481522 ], [ -96.708339361502198, 40.820379594740579 ], [ -96.70833938923586, 40.820381835218463 ], [ -96.708339413506181, 40.820384075921552 ], [ -96.708339434435587, 40.820386316841883 ], [ -96.708339452153027, 40.820388557967895 ], [ -96.708339466787365, 40.820390799288013 ], [ -96.708339478467536, 40.820393040790663 ], [ -96.708339487322405, 40.82039528246424 ], [ -96.708339493480921, 40.820397524297192 ], [ -96.708339497071961, 40.820399766277916 ], [ -96.708339498224419, 40.820402008394886 ], [ -96.708339497060038, 40.820404250634887 ], [ -96.708339493671716, 40.820406492978393 ], [ -96.708339488145228, 40.820408735404307 ], [ -96.708339480566281, 40.820410977891477 ], [ -96.708339471020636, 40.820413220418779 ], [ -96.708339459594015, 40.820415462965087 ], [ -96.708339446372179, 40.8204177055093 ], [ -96.708339431440848, 40.820419948030256 ], [ -96.708339414885785, 40.820422190506868 ], [ -96.708339396779238, 40.820424432919239 ], [ -96.708339377139595, 40.820426675252541 ], [ -96.708339355971731, 40.820428917493238 ], [ -96.708339333280549, 40.820431159627717 ], [ -96.708339309070979, 40.82043340164244 ], [ -96.708339283347883, 40.820435643523815 ], [ -96.708339256116162, 40.820437885258265 ], [ -96.708339227380748, 40.82044012683226 ], [ -96.708339197146501, 40.8204423682322 ], [ -96.708339165411829, 40.820444609445509 ], [ -96.708339132149092, 40.820446850463767 ], [ -96.708339097324142, 40.820449091279436 ], [ -96.708339060902844, 40.820451331885103 ], [ -96.70833902285105, 40.820453572273294 ], [ -96.70833898313461, 40.820455812436499 ], [ -96.708338941719376, 40.820458052367314 ], [ -96.708338898571213, 40.820460292058257 ], [ -96.708338853655945, 40.820462531501832 ], [ -96.708338806939409, 40.820464770691082 ], [ -96.708338758387086, 40.820467009620934 ], [ -96.70833870796443, 40.82046924828682 ], [ -96.708338655636908, 40.820471486684106 ], [ -96.708338601369917, 40.820473724808274 ], [ -96.708338545128967, 40.820475962654697 ], [ -96.708338486879441, 40.820478200218815 ], [ -96.708338426586835, 40.82048043749603 ], [ -96.708338364216587, 40.820482674481767 ], [ -96.708338299734933, 40.820484911171739 ], [ -96.708338233111377, 40.820487147562844 ], [ -96.708338164316189, 40.820489383652266 ], [ -96.708338093319696, 40.820491619437199 ], [ -96.708338020092185, 40.82049385491483 ], [ -96.708337944603926, 40.820496090082379 ], [ -96.708337866825232, 40.820498324937006 ], [ -96.708337786726418, 40.820500559475917 ], [ -96.708337704277739, 40.820502793696292 ], [ -96.708337619450305, 40.820505027596205 ], [ -96.708337532218351, 40.820507261177049 ], [ -96.708337442556925, 40.820509494441083 ], [ -96.708337350441056, 40.820511727390588 ], [ -96.708337255845777, 40.82051396002781 ], [ -96.708337158746147, 40.820516192355043 ], [ -96.708337059117184, 40.820518424374555 ], [ -96.708336956933934, 40.82052065608859 ], [ -96.708336852171442, 40.820522887499422 ], [ -96.708336744807042, 40.820525118610988 ], [ -96.708336634827418, 40.820527349433846 ], [ -96.708336522221543, 40.820529579980196 ], [ -96.708336406978418, 40.820531810262281 ], [ -96.708336289087029, 40.82053404029233 ], [ -96.708336168536349, 40.820536270082542 ], [ -96.708336045315363, 40.820538499645181 ], [ -96.708335919413045, 40.820540728992405 ], [ -96.708335790823469, 40.820542958138795 ], [ -96.708335659560788, 40.820545187108017 ], [ -96.708335525644287, 40.8205474159261 ], [ -96.708335389093193, 40.820549644619064 ], [ -96.708335249926748, 40.820551873212899 ], [ -96.708335108164206, 40.820554101733627 ], [ -96.708334963824825, 40.820556330207282 ], [ -96.708334816927831, 40.820558558659819 ], [ -96.70833466749248, 40.820560787117302 ], [ -96.708334515543982, 40.820563015606588 ], [ -96.70833436113135, 40.820565244158075 ], [ -96.708334204309551, 40.820567472802978 ], [ -96.708334045133583, 40.820569701572609 ], [ -96.708333883658412, 40.820571930498183 ], [ -96.708333719938992, 40.820574159610985 ], [ -96.708333554030318, 40.820576388942236 ], [ -96.708333385987387, 40.820578618523236 ], [ -96.708333215865139, 40.820580848385227 ], [ -96.708333043719449, 40.820583078551607 ], [ -96.708332869609691, 40.820585309014461 ], [ -96.708332693596134, 40.820587539757994 ], [ -96.708332515739031, 40.82058977076646 ], [ -96.708332336098678, 40.820592002024064 ], [ -96.708332154735302, 40.82059423351506 ], [ -96.708331971709185, 40.820596465223623 ], [ -96.708331787080581, 40.820598697134045 ], [ -96.708331600909759, 40.82060092923048 ], [ -96.708331413249198, 40.820603161491839 ], [ -96.708331224120187, 40.820605393875375 ], [ -96.708331033536254, 40.820607626333015 ], [ -96.708330841510914, 40.820609858816688 ], [ -96.708330648057697, 40.82061209127825 ], [ -96.708330453190101, 40.82061432366968 ], [ -96.708330256921656, 40.820616555942848 ], [ -96.70833005926589, 40.820618788049693 ], [ -96.708329860236276, 40.820621019942116 ], [ -96.708329659839819, 40.820623251574297 ], [ -96.708329458057207, 40.820625482909485 ], [ -96.708329254862647, 40.82062771391319 ], [ -96.708329050230248, 40.820629944550952 ], [ -96.708328844134201, 40.820632174788237 ], [ -96.708328636548671, 40.820634404590635 ], [ -96.708328427447825, 40.820636633923606 ], [ -96.70832821680581, 40.820638862752702 ], [ -96.708328004596794, 40.820641091043413 ], [ -96.708327790792339, 40.820643318763778 ], [ -96.708327575353636, 40.82064554589185 ], [ -96.708327358239274, 40.820647772408194 ], [ -96.7083271394078, 40.820649998293376 ], [ -96.708326918817818, 40.820652223527937 ], [ -96.708326696427903, 40.820654448092476 ], [ -96.708326472196646, 40.820656671967527 ], [ -96.708326246082606, 40.820658895133668 ], [ -96.708326018044389, 40.82066111757144 ], [ -96.708325788039588, 40.820663339262836 ], [ -96.70832555602189, 40.82066556019538 ], [ -96.708325321944045, 40.820667780358008 ], [ -96.708325085758759, 40.82066999973965 ], [ -96.708324847418766, 40.820672218329278 ], [ -96.708324606876772, 40.820674436115809 ], [ -96.708324364085499, 40.820676653088171 ], [ -96.708324118997709, 40.820678869235337 ], [ -96.70832387156608, 40.820681084546202 ], [ -96.708323621742679, 40.820683299010106 ], [ -96.708323369476801, 40.820685512617814 ], [ -96.708323114717118, 40.820687725360486 ], [ -96.708322857412199, 40.820689937229282 ], [ -96.70832259751073, 40.82069214821535 ], [ -96.708322334961309, 40.820694358309829 ], [ -96.70832206971258, 40.82069656750388 ], [ -96.708321801713168, 40.820698775788685 ], [ -96.708321530911391, 40.820700983155625 ], [ -96.708321257254212, 40.820703189597353 ], [ -96.708320980688285, 40.820705395106806 ], [ -96.708320701160247, 40.820707599676844 ], [ -96.708320418616779, 40.820709803300403 ], [ -96.70832013300452, 40.820712005970407 ], [ -96.708319844270108, 40.820714207679742 ], [ -96.708319552360194, 40.820716408421319 ], [ -96.708319257221447, 40.820718608188059 ], [ -96.708318958800561, 40.820720806974123 ], [ -96.708318657044501, 40.820723004778706 ], [ -96.708318351900289, 40.820725201602265 ], [ -96.708318043314961, 40.820727397445246 ], [ -96.708317731235539, 40.820729592308105 ], [ -96.708317415609031, 40.820731786191274 ], [ -96.708317096382501, 40.820733979095216 ], [ -96.708316773502929, 40.820736171020364 ], [ -96.708316446917379, 40.820738361967209 ], [ -96.708316116572405, 40.820740551938854 ], [ -96.708315782412797, 40.820742740949214 ], [ -96.70831544438289, 40.820744929014921 ], [ -96.708315102427051, 40.820747116152567 ], [ -96.708314756489585, 40.820749302378779 ], [ -96.708314406514845, 40.820751487710133 ], [ -96.708314052447179, 40.820753672163271 ], [ -96.70831369423091, 40.820755855754776 ], [ -96.708313331810402, 40.820758038501268 ], [ -96.70831296513019, 40.820760220422727 ], [ -96.708312594135776, 40.820762401552713 ], [ -96.708312218772875, 40.82076458192811 ], [ -96.708311838987157, 40.820766761585844 ], [ -96.708311454724367, 40.820768940562829 ], [ -96.708311065930189, 40.820771118895969 ], [ -96.70831067255034, 40.820773296622207 ], [ -96.708310274530547, 40.820775473778433 ], [ -96.708309871816482, 40.820777650401538 ], [ -96.708309464359473, 40.820779826526611 ], [ -96.708309052133316, 40.82078200218114 ], [ -96.70830863511739, 40.820784177390848 ], [ -96.708308213291048, 40.820786352181344 ], [ -96.708307786633725, 40.820788526578333 ], [ -96.708307355124788, 40.820790700607418 ], [ -96.708306918743617, 40.82079287429432 ], [ -96.708306477469606, 40.820795047664696 ], [ -96.708306031282135, 40.820797220744176 ], [ -96.708305580174212, 40.820799393553976 ], [ -96.708305124193259, 40.820801566097423 ], [ -96.708304663400341, 40.820803738373336 ], [ -96.708304197856478, 40.820805910380578 ], [ -96.708303727622734, 40.820808082117999 ], [ -96.708303252760146, 40.82081025358444 ], [ -96.708302773329763, 40.820812424778758 ], [ -96.708302289392648, 40.820814595699765 ], [ -96.70830180100981, 40.820816766346347 ], [ -96.70830130825118, 40.820818936717416 ], [ -96.708300811222117, 40.820821106812268 ], [ -96.708300310036861, 40.820823276630271 ], [ -96.708299804809641, 40.820825446170794 ], [ -96.708299295654655, 40.82082761543321 ], [ -96.708298782686157, 40.820829784416887 ], [ -96.70829826601836, 40.820831953121186 ], [ -96.70829774576552, 40.820834121545502 ], [ -96.708297222039548, 40.820836289689687 ], [ -96.708296694943286, 40.820838457555688 ], [ -96.708296164577249, 40.820840625145927 ], [ -96.708295631041977, 40.820842792462834 ], [ -96.708295094437986, 40.820844959508833 ], [ -96.708294554865844, 40.820847126286381 ], [ -96.708294012426052, 40.820849292797874 ], [ -96.708293467219136, 40.820851459045784 ], [ -96.708292919345652, 40.820853625032505 ], [ -96.708292368894092, 40.820855790760042 ], [ -96.708291815904715, 40.82085795622848 ], [ -96.708291260405758, 40.820860121437505 ], [ -96.708290702425487, 40.820862286386756 ], [ -96.708290141992123, 40.820864451075927 ], [ -96.70828957913389, 40.820866615504642 ], [ -96.708289013879039, 40.82086877967258 ], [ -96.708288446255821, 40.820870943579386 ], [ -96.708287876292459, 40.82087310722472 ], [ -96.708287304008465, 40.820875270607701 ], [ -96.70828672938849, 40.820877433725215 ], [ -96.708286152408476, 40.82087959657354 ], [ -96.70828557304435, 40.820881759149032 ], [ -96.708284991271995, 40.820883921448008 ], [ -96.708284407067396, 40.820886083466789 ], [ -96.70828382040645, 40.820888245201694 ], [ -96.708283231265085, 40.820890406649035 ], [ -96.708282639619242, 40.820892567805167 ], [ -96.708282045449437, 40.820894728667142 ], [ -96.70828144875469, 40.820896889235229 ], [ -96.708280849538539, 40.820899049510373 ], [ -96.708280247804623, 40.820901209493634 ], [ -96.708279643556509, 40.820903369185956 ], [ -96.708279036797776, 40.820905528588369 ], [ -96.708278427532036, 40.820907687701862 ], [ -96.708277815762884, 40.820909846527435 ], [ -96.7082772014939, 40.82091200506607 ], [ -96.708276584734421, 40.820914163319379 ], [ -96.708275965516876, 40.820916321291435 ], [ -96.708275343879407, 40.820918478986847 ], [ -96.708274719860171, 40.820920636410285 ], [ -96.708274093497309, 40.820922793566403 ], [ -96.708273464829006, 40.82092495045984 ], [ -96.708272833893403, 40.820927107095258 ], [ -96.708272200728658, 40.820929263477275 ], [ -96.708271565372925, 40.820931419610574 ], [ -96.708270927865343, 40.820933575499311 ], [ -96.708270288248841, 40.820935731145724 ], [ -96.708269646567331, 40.82093788655154 ], [ -96.708269002864739, 40.820940041718536 ], [ -96.708268357184963, 40.820942196648446 ], [ -96.708267709571928, 40.820944351343002 ], [ -96.708267060069531, 40.820946505803967 ], [ -96.708266408721684, 40.820948660033089 ], [ -96.708265755572327, 40.820950814032123 ], [ -96.708265100660583, 40.820952967801134 ], [ -96.70826444400663, 40.820955121333533 ], [ -96.70826378562586, 40.820957274621072 ], [ -96.708263125533705, 40.820959427655488 ], [ -96.708262463745569, 40.820961580428531 ], [ -96.708261800276858, 40.820963732931922 ], [ -96.708261135142976, 40.820965885157428 ], [ -96.708260468359327, 40.820968037096797 ], [ -96.708259799941317, 40.82097018874174 ], [ -96.708259129897741, 40.820972340082854 ], [ -96.708258458210835, 40.820974491105893 ], [ -96.708257784856215, 40.820976641795554 ], [ -96.708257109809466, 40.820978792136408 ], [ -96.708256433046245, 40.820980942113131 ], [ -96.708255754542151, 40.820983091710303 ], [ -96.708255074272785, 40.820985240912592 ], [ -96.708254392213775, 40.820987389704563 ], [ -96.708253708336599, 40.820989538071736 ], [ -96.708253022596253, 40.820991686002792 ], [ -96.708252334943595, 40.820993833487272 ], [ -96.708251645329483, 40.820995980514702 ], [ -96.708250953704791, 40.820998127074638 ], [ -96.708250260020378, 40.821000273156635 ], [ -96.708249564227103, 40.821002418750183 ], [ -96.708248866275824, 40.821004563844866 ], [ -96.708248166117414, 40.82100670843019 ], [ -96.708247463702691, 40.821008852496256 ], [ -96.70824675898227, 40.821010996035234 ], [ -96.708246051906741, 40.821013139039898 ], [ -96.708245342426721, 40.821015281503009 ], [ -96.708244630492743, 40.821017423417288 ], [ -96.708243916055437, 40.821019564775504 ], [ -96.708243199065365, 40.821021705570388 ], [ -96.708242479473114, 40.821023845794699 ], [ -96.708241757229274, 40.821025985441167 ], [ -96.708241032287688, 40.821028124502924 ], [ -96.708240304615146, 40.821030262974539 ], [ -96.708239574181704, 40.821032400850967 ], [ -96.708238840957449, 40.821034538127172 ], [ -96.708238104912397, 40.821036674798066 ], [ -96.708237366016618, 40.821038810858639 ], [ -96.708236624240172, 40.821040946303803 ], [ -96.708235879553129, 40.821043081128522 ], [ -96.70823513192552, 40.82104521532775 ], [ -96.708234381330541, 40.82104734889672 ], [ -96.708233627753913, 40.821049481831793 ], [ -96.708232871184464, 40.821051614129658 ], [ -96.708232111611053, 40.821053745786948 ], [ -96.708231349022526, 40.821055876800365 ], [ -96.708230583407712, 40.821058007166528 ], [ -96.708229814755455, 40.821060136882146 ], [ -96.708229043054601, 40.821062265943844 ], [ -96.708228268294008, 40.821064394348291 ], [ -96.708227490461681, 40.821066522091655 ], [ -96.708226709542515, 40.821068649167955 ], [ -96.708225925520523, 40.821070775570753 ], [ -96.70822513837976, 40.821072901293554 ], [ -96.708224348104267, 40.821075026329886 ], [ -96.708223554678085, 40.821077150673283 ], [ -96.70822275808527, 40.821079274317313 ], [ -96.708221958309849, 40.821081397255455 ], [ -96.708221155335863, 40.821083519481256 ], [ -96.708220349141826, 40.821085640986531 ], [ -96.708219539684038, 40.821087761756147 ], [ -96.708218726913188, 40.821089881773212 ], [ -96.708217910780064, 40.821092001020958 ], [ -96.708217091235397, 40.821094119482474 ], [ -96.708216268229904, 40.821096237140928 ], [ -96.70821544171433, 40.821098353979458 ], [ -96.708214611639448, 40.821100469981218 ], [ -96.708213777955947, 40.821102585129374 ], [ -96.708212940606856, 40.821104699404373 ], [ -96.708212099504166, 40.82110681277593 ], [ -96.70821125455214, 40.821108925211078 ], [ -96.708210405655066, 40.821111036676868 ], [ -96.70820955271715, 40.821113147140352 ], [ -96.70820869564271, 40.821115256568525 ], [ -96.70820783433598, 40.82111736492844 ], [ -96.708206968701219, 40.821119472187142 ], [ -96.708206098642691, 40.82112157831169 ], [ -96.708205224063349, 40.821123683267572 ], [ -96.708204344860903, 40.821125787014495 ], [ -96.708203460931742, 40.821127889510535 ], [ -96.708202572172269, 40.821129990713885 ], [ -96.708201678478858, 40.821132090582687 ], [ -96.708200779747912, 40.82113418907511 ], [ -96.708199875875835, 40.821136286149233 ], [ -96.708198966759014, 40.821138381763276 ], [ -96.708198052313705, 40.821140475879389 ], [ -96.708197132535659, 40.821142568475722 ], [ -96.708196207440508, 40.82114465953449 ], [ -96.70819527704387, 40.821146749037858 ], [ -96.708194341361363, 40.821148836968064 ], [ -96.708193400408589, 40.821150923307265 ], [ -96.708192454201182, 40.821153008037662 ], [ -96.708191502754772, 40.821155091141435 ], [ -96.70819054608495, 40.821157172600806 ], [ -96.708189584230169, 40.821159252404513 ], [ -96.708188617320104, 40.821161330567726 ], [ -96.708187645507238, 40.821163407112088 ], [ -96.708186668944066, 40.821165482059328 ], [ -96.708185687783072, 40.821167555431146 ], [ -96.708184702176737, 40.821169627249233 ], [ -96.708183712277574, 40.821171697535313 ], [ -96.708182718238049, 40.821173766311063 ], [ -96.708181720210646, 40.821175833598204 ], [ -96.70818071835194, 40.82117789942609 ], [ -96.708179712834578, 40.821179963854604 ], [ -96.708178703835344, 40.821182026951369 ], [ -96.708177691530963, 40.82118408878393 ], [ -96.708176676098191, 40.821186149419901 ], [ -96.708175657713753, 40.821188208926813 ], [ -96.708174636554389, 40.821190267372273 ], [ -96.70817361279687, 40.821192324823848 ], [ -96.70817258661792, 40.821194381349102 ], [ -96.708171558182016, 40.821196437016503 ], [ -96.708170527604508, 40.821198491898009 ], [ -96.70816949498851, 40.82120054606645 ], [ -96.708168460437093, 40.821202599594649 ], [ -96.708167424053372, 40.821204652555458 ], [ -96.708166385940416, 40.821206705021702 ], [ -96.708165346201326, 40.821208757066238 ], [ -96.708164304939203, 40.821210808761883 ], [ -96.708163262257102, 40.821212860181468 ], [ -96.708162218236467, 40.821214911389134 ], [ -96.708161172871925, 40.821216962414169 ], [ -96.708160126136406, 40.821219013277158 ], [ -96.708159078002893, 40.821221063998699 ], [ -96.708158028444288, 40.821223114599356 ], [ -96.708156977433589, 40.82122516509974 ], [ -96.708155924943725, 40.821227215520423 ], [ -96.708154870947638, 40.821229265882018 ], [ -96.708153815418299, 40.821231316205086 ], [ -96.708152758311982, 40.821233366502213 ], [ -96.708151699518396, 40.821235416754035 ], [ -96.708150638910567, 40.821237466933127 ], [ -96.708149576361521, 40.821239517012145 ], [ -96.708148511744284, 40.821241566963678 ], [ -96.708147444931924, 40.821243616760327 ], [ -96.70814637579744, 40.821245666374736 ], [ -96.7081453042139, 40.821247715779471 ], [ -96.708144230054302, 40.821249764947204 ], [ -96.708143153187351, 40.821251813846992 ], [ -96.708142073464089, 40.821253862434041 ], [ -96.708140990731309, 40.821255910659943 ], [ -96.708139904835733, 40.821257958476394 ], [ -96.708138815624068, 40.821260005835022 ], [ -96.708137722943079, 40.821262052687487 ], [ -96.708136626639487, 40.821264098985452 ], [ -96.708135526560028, 40.821266144680543 ], [ -96.708134422551439, 40.821268189724435 ], [ -96.70813331446692, 40.821270234069907 ], [ -96.708132202185581, 40.821272277674218 ], [ -96.708131085592967, 40.82127432049581 ], [ -96.708129964574681, 40.821276362493073 ], [ -96.708128839016283, 40.82127840362439 ], [ -96.708127708803346, 40.821280443848174 ], [ -96.708126573821417, 40.821282483122872 ], [ -96.708125433956127, 40.821284521406866 ], [ -96.708124289111581, 40.821286558664532 ], [ -96.708123139266377, 40.821288594884194 ], [ -96.70812198441763, 40.821290630060098 ], [ -96.708120824562499, 40.821292664186522 ], [ -96.708119659698156, 40.821294697257756 ], [ -96.708118489821715, 40.821296729268091 ], [ -96.708117314930348, 40.821298760211754 ], [ -96.7081161350212, 40.821300790083036 ], [ -96.708114950091399, 40.821302818876227 ], [ -96.708113760164409, 40.821304846594714 ], [ -96.708112565368822, 40.821306873278466 ], [ -96.708111365859494, 40.821308898976575 ], [ -96.708110161791367, 40.821310923738082 ], [ -96.708108953319282, 40.821312947612114 ], [ -96.708107740598152, 40.821314970647734 ], [ -96.708106523782831, 40.821316992894047 ], [ -96.708105303028233, 40.821319014400096 ], [ -96.708104078489256, 40.821321035214986 ], [ -96.708102850334882, 40.821323055392945 ], [ -96.708101618790579, 40.821325075008822 ], [ -96.708100384095914, 40.821327094142575 ], [ -96.708099146490468, 40.821329112874146 ], [ -96.708097906213851, 40.821331131283571 ], [ -96.708096663505614, 40.821333149450759 ], [ -96.708095418605353, 40.821335167455736 ], [ -96.70809417175262, 40.821337185378454 ], [ -96.708092923187024, 40.821339203298891 ], [ -96.708091673141979, 40.821341221294269 ], [ -96.70809042182627, 40.821343239430739 ], [ -96.708089169442559, 40.821345257771789 ], [ -96.708087916193449, 40.821347276380834 ], [ -96.708086662281616, 40.821349295321312 ], [ -96.708085407909664, 40.821351314656646 ], [ -96.70808415328024, 40.821353334450279 ], [ -96.70808289859599, 40.821355354765657 ], [ -96.708081644059533, 40.821357375666182 ], [ -96.708080389850352, 40.821359397204617 ], [ -96.70807913605509, 40.821361419390833 ], [ -96.708077882737243, 40.82136344222404 ], [ -96.708076629960303, 40.82136546570343 ], [ -96.708075377787779, 40.82136748982817 ], [ -96.708074126283122, 40.821369514597443 ], [ -96.708072875509842, 40.821371540010482 ], [ -96.708071625531417, 40.821373566066413 ], [ -96.708070376411342, 40.82137559276449 ], [ -96.708069128194893, 40.821377620093109 ], [ -96.708067880854585, 40.821379647997666 ], [ -96.708066634344746, 40.82138167641282 ], [ -96.708065388619673, 40.821383705273249 ], [ -96.708064143633663, 40.821385734513562 ], [ -96.708062899341058, 40.821387764068405 ], [ -96.708061655696156, 40.821389793872456 ], [ -96.708060412653239, 40.821391823860338 ], [ -96.708059170166678, 40.821393853966718 ], [ -96.708057928193028, 40.821395884127604 ], [ -96.708056686698185, 40.821397914284461 ], [ -96.708055445650302, 40.821399944380161 ], [ -96.708054205017547, 40.821401974357521 ], [ -96.708052964768058, 40.821404004159398 ], [ -96.708051724870018, 40.821406033728671 ], [ -96.708050485291608, 40.821408063008128 ], [ -96.708049246000954, 40.821410091940663 ], [ -96.708048006966237, 40.82141212046912 ], [ -96.708046768162063, 40.821414148542424 ], [ -96.70804552958883, 40.821416176134029 ], [ -96.708044291253373, 40.82141820322348 ], [ -96.708043053162513, 40.821420229790299 ], [ -96.708041815323099, 40.821422255814078 ], [ -96.70804057774194, 40.821424281274304 ], [ -96.708039340425913, 40.821426306150549 ], [ -96.708038103381824, 40.821428330422364 ], [ -96.708036866620048, 40.82143035407335 ], [ -96.708035630165071, 40.821432377103505 ], [ -96.708034394044944, 40.821434399516889 ], [ -96.708033158287662, 40.821436421317593 ], [ -96.708031922921293, 40.82143844250961 ], [ -96.708030687973846, 40.821440463097069 ], [ -96.708029453473358, 40.821442483084013 ], [ -96.70802821944784, 40.821444502474499 ], [ -96.708026985925343, 40.821446521272613 ], [ -96.708025752929146, 40.82144853948229 ], [ -96.708024520463496, 40.821450557107184 ], [ -96.708023288527997, 40.821452574150804 ], [ -96.70802205712215, 40.821454590616696 ], [ -96.708020826245502, 40.821456606508377 ], [ -96.708019595897582, 40.821458621829372 ], [ -96.708018366077951, 40.821460636583232 ], [ -96.70801713678614, 40.821462650773491 ], [ -96.708015908021693, 40.821464664403649 ], [ -96.708014679766691, 40.821466677471051 ], [ -96.708013451933496, 40.821468689948098 ], [ -96.708012224417004, 40.821470701801061 ], [ -96.708010997112112, 40.82147271299614 ], [ -96.708009769913716, 40.821474723499563 ], [ -96.708008542716726, 40.821476733277549 ], [ -96.70800731541604, 40.82147874229635 ], [ -96.70800608790654, 40.821480750522163 ], [ -96.708004860083136, 40.821482757921238 ], [ -96.708003631824681, 40.821484764452848 ], [ -96.708002402945766, 40.821486770048651 ], [ -96.708001173244924, 40.82148877463333 ], [ -96.707999942520686, 40.821490778131583 ], [ -96.707998710571573, 40.821492780468127 ], [ -96.707997477196159, 40.821494781567672 ], [ -96.707996242192948, 40.821496781354895 ], [ -96.707995005360488, 40.821498779754528 ], [ -96.707993766497296, 40.821500776691245 ], [ -96.707992525398907, 40.821502772086809 ], [ -96.707991281848791, 40.821504765851131 ], [ -96.707990035627375, 40.821506757891143 ], [ -96.707988786515074, 40.821508748113814 ], [ -96.707987534292386, 40.821510736426085 ], [ -96.707986278739696, 40.821512722734916 ], [ -96.707985019637462, 40.821514706947248 ], [ -96.70798375676614, 40.821516688970043 ], [ -96.707982489906172, 40.821518668710233 ], [ -96.707981218850549, 40.82152064607758 ], [ -96.707979943442695, 40.821522620993107 ], [ -96.707978663538555, 40.821524593380573 ], [ -96.707977378994073, 40.821526563163779 ], [ -96.707976089665237, 40.821528530266548 ], [ -96.707974795408006, 40.821530494612666 ], [ -96.707973496078338, 40.821532456125929 ], [ -96.707972191532207, 40.821534414730152 ], [ -96.70797088162557, 40.821536370349101 ], [ -96.707969566241204, 40.821538322916801 ], [ -96.707968245369059, 40.821540272408249 ], [ -96.707966919025921, 40.821542218808595 ], [ -96.707965587228543, 40.821544162102967 ], [ -96.707964249993708, 40.821546102276628 ], [ -96.707962907338171, 40.821548039314699 ], [ -96.707961559278701, 40.821549973202352 ], [ -96.70796020583208, 40.821551903924799 ], [ -96.707958847015064, 40.821553831467185 ], [ -96.7079574828674, 40.821555755826665 ], [ -96.707956113520723, 40.82155767704846 ], [ -96.707954739129633, 40.821559595189655 ], [ -96.70795335984873, 40.821561510307419 ], [ -96.707951975832614, 40.821563422458929 ], [ -96.707950587235899, 40.821565331701279 ], [ -96.707949194213171, 40.82156723809166 ], [ -96.707947796919072, 40.821569141687213 ], [ -96.707946395512693, 40.821571042557807 ], [ -96.70794499017137, 40.821572940824232 ], [ -96.70794358107689, 40.821574836620002 ], [ -96.707942168411108, 40.821576730078611 ], [ -96.707940752355853, 40.821578621333572 ], [ -96.707939333092952, 40.821580510518423 ], [ -96.707937910804191, 40.821582397766626 ], [ -96.707936485671453, 40.821584283211735 ], [ -96.707935057876554, 40.821586166987245 ], [ -96.707933627593192, 40.821588049233839 ], [ -96.707932194962595, 40.821589930121043 ], [ -96.707930760117932, 40.821591809825449 ], [ -96.707929323192289, 40.821593688523784 ], [ -96.707927884318792, 40.821595566392688 ], [ -96.707926443630598, 40.821597443608852 ], [ -96.70792500126079, 40.821599320348916 ], [ -96.707923557342511, 40.821601196789572 ], [ -96.707922112008902, 40.821603073107461 ], [ -96.70792066537831, 40.821604949467385 ], [ -96.707919217510124, 40.821606825986649 ], [ -96.707917768448965, 40.821608702770661 ], [ -96.707916318239469, 40.82161057992483 ], [ -96.707914866926231, 40.821612457554608 ], [ -96.707913414553886, 40.821614335765368 ], [ -96.707911961167071, 40.821616214662555 ], [ -96.707910506810407, 40.821618094351578 ], [ -96.707909051528503, 40.821619974937846 ], [ -96.707907595351315, 40.82162185651206 ], [ -96.707906138249996, 40.821623739105881 ], [ -96.707904680181059, 40.821625622736285 ], [ -96.707903221100992, 40.821627507420189 ], [ -96.707901760966294, 40.821629393174589 ], [ -96.707900299733467, 40.821631280016405 ], [ -96.707898837358982, 40.821633167962574 ], [ -96.707897373799355, 40.821635057030072 ], [ -96.707895909011057, 40.821636947235824 ], [ -96.707894442944252, 40.82163883858837 ], [ -96.707892975523706, 40.82164073106248 ], [ -96.707891506667821, 40.821642624624523 ], [ -96.707890036295026, 40.821644519240884 ], [ -96.707888564323753, 40.821646414877847 ], [ -96.707887090672401, 40.821648311501818 ], [ -96.707885615259386, 40.821650209079159 ], [ -96.707884138003124, 40.82165210757622 ], [ -96.707882658822058, 40.821654006959335 ], [ -96.70788117763523, 40.821655907192124 ], [ -96.70787969436428, 40.821657808227172 ], [ -96.70787820893149, 40.821659710014416 ], [ -96.707876721259126, 40.821661612503604 ], [ -96.707875231269497, 40.821663515644637 ], [ -96.707873738884857, 40.821665419387379 ], [ -96.707872244027513, 40.821667323681659 ], [ -96.707870746619719, 40.82166922847734 ], [ -96.707869246583755, 40.82167113372428 ], [ -96.707867743854138, 40.821673039375391 ], [ -96.707866238414155, 40.821674945395877 ], [ -96.707864730259331, 40.821676851753978 ], [ -96.707863219385203, 40.821678758417981 ], [ -96.707861705787252, 40.821680665356112 ], [ -96.707860189461044, 40.821682572536645 ], [ -96.707858670402061, 40.821684479927846 ], [ -96.707857148605854, 40.821686387497962 ], [ -96.707855624067918, 40.821688295215253 ], [ -96.707854096811062, 40.821690203057351 ], [ -96.707852566967276, 40.821692111039141 ], [ -96.707851034695764, 40.821694019184939 ], [ -96.707849500155831, 40.821695927519066 ], [ -96.707847963506708, 40.821697836065759 ], [ -96.707846424907629, 40.821699744849319 ], [ -96.70784488451784, 40.821701653894038 ], [ -96.707843342496631, 40.82170356322419 ], [ -96.707841799037766, 40.821705472875607 ], [ -96.707840254473297, 40.821707382930249 ], [ -96.707838709169792, 40.821709293481575 ], [ -96.707837163493835, 40.821711204623092 ], [ -96.70783561781198, 40.821713116448272 ], [ -96.707834072490826, 40.821715029050615 ], [ -96.70783252789694, 40.82171694252358 ], [ -96.707830984396921, 40.821718856960672 ], [ -96.707829442357323, 40.821720772455357 ], [ -96.707827902161029, 40.821722689105883 ], [ -96.707826364256007, 40.821724607029289 ], [ -96.707824829106556, 40.821726526347462 ], [ -96.707823297176972, 40.821728447182181 ], [ -96.707821768931481, 40.821730369655292 ], [ -96.707820244834423, 40.821732293888601 ], [ -96.707818725350052, 40.821734220003961 ], [ -96.707817210942636, 40.821736148123158 ], [ -96.707815702076488, 40.821738078368043 ], [ -96.70781419919004, 40.821740010868439 ], [ -96.707812702618455, 40.82174194578625 ], [ -96.707811212671118, 40.821743883291326 ], [ -96.707809729657356, 40.821745823553584 ], [ -96.707808253886512, 40.821747766742909 ], [ -96.707806785667955, 40.821749713029206 ], [ -96.707805325311028, 40.821751662582344 ], [ -96.707803873125059, 40.821753615572199 ], [ -96.707802429419431, 40.821755572168712 ], [ -96.707800994448704, 40.821757532533681 ], [ -96.707799568248404, 40.821759496796737 ], [ -96.707798150799306, 40.821761465079454 ], [ -96.707796742082152, 40.821763437503364 ], [ -96.707795342077702, 40.821765414190068 ], [ -96.707793950766728, 40.821767395261126 ], [ -96.70779256812996, 40.821769380838084 ], [ -96.7077911941482, 40.821771371042502 ], [ -96.707789828802163, 40.821773365995966 ], [ -96.707788471995073, 40.821775365772005 ], [ -96.707787123319875, 40.821777370251944 ], [ -96.707785782291978, 40.821779379269117 ], [ -96.707784448426736, 40.821781392656824 ], [ -96.707783121239586, 40.821783410248401 ], [ -96.707781800245911, 40.821785431877153 ], [ -96.707780484961077, 40.821787457376367 ], [ -96.707779174900523, 40.821789486579391 ], [ -96.707777869579601, 40.821791519319525 ], [ -96.707776568458954, 40.821793555390173 ], [ -96.707775270780118, 40.821795594425225 ], [ -96.707773975729879, 40.821797636018616 ], [ -96.707772682494991, 40.82179967976429 ], [ -96.707771390262252, 40.821801725256279 ], [ -96.707770098218404, 40.821803772088444 ], [ -96.707768805550231, 40.821805819854831 ], [ -96.707767511444516, 40.821807868149357 ], [ -96.707766215088014, 40.821809916566011 ], [ -96.70776491567959, 40.821811964696884 ], [ -96.707763612466408, 40.821814012126637 ], [ -96.707762304707714, 40.821816058438159 ], [ -96.707760991662781, 40.821818103214241 ], [ -96.707759672590839, 40.821820146037723 ], [ -96.707758346751135, 40.821822186491474 ], [ -96.707757013402926, 40.821824224158242 ], [ -96.707755671805472, 40.821826258620945 ], [ -96.70775432121799, 40.821828289462353 ], [ -96.707752960966289, 40.821830316295383 ], [ -96.707751590642104, 40.821832338852971 ], [ -96.707750209903779, 40.821834356898229 ], [ -96.707748818409613, 40.821836370194134 ], [ -96.707747415817877, 40.821838378503749 ], [ -96.707746001786902, 40.821840381590107 ], [ -96.707744575974971, 40.821842379216235 ], [ -96.707743138040385, 40.821844371145183 ], [ -96.707741687730561, 40.821846357173428 ], [ -96.707740225149365, 40.821848337231259 ], [ -96.707738750489753, 40.821850311282411 ], [ -96.707737263944679, 40.821852279290631 ], [ -96.707735765707127, 40.821854241219633 ], [ -96.707734255970067, 40.821856197033178 ], [ -96.707732734926466, 40.821858146695014 ], [ -96.707731202769267, 40.821860090168855 ], [ -96.707729659691452, 40.821862027418447 ], [ -96.707728105917312, 40.821863958415641 ], [ -96.707726541796305, 40.821865883164577 ], [ -96.707724967709225, 40.821867801677541 ], [ -96.707723384036868, 40.821869713966812 ], [ -96.707721791160026, 40.821871620044654 ], [ -96.707720189459479, 40.821873519923358 ], [ -96.707718579316023, 40.821875413615182 ], [ -96.707716961110435, 40.821877301132417 ], [ -96.707715335223511, 40.821879182487287 ], [ -96.707713702001229, 40.821881057694746 ], [ -96.707712061650312, 40.821882926780255 ], [ -96.7077104143426, 40.821884789771936 ], [ -96.707708760250014, 40.821886646697919 ], [ -96.70770709954445, 40.821888497586279 ], [ -96.707705432397773, 40.821890342465181 ], [ -96.707703758981879, 40.821892181362713 ], [ -96.70770207946866, 40.82189401430702 ], [ -96.707700394029999, 40.821895841326196 ], [ -96.707698702797288, 40.821897662449935 ], [ -96.707697005739874, 40.821899477714354 ], [ -96.707695302786576, 40.821901287157068 ], [ -96.707693593866267, 40.821903090815766 ], [ -96.707691878907767, 40.821904888728092 ], [ -96.70769015783992, 40.821906680931711 ], [ -96.707688430591574, 40.821908467464283 ], [ -96.707686697091575, 40.821910248363473 ], [ -96.707684957268754, 40.821912023666926 ], [ -96.707683211027231, 40.821913793410566 ], [ -96.707681458172345, 40.821915557623349 ], [ -96.707679698484696, 40.821917316332502 ], [ -96.707677931744897, 40.821919069565205 ], [ -96.707676157733545, 40.821920817348683 ], [ -96.707674376231239, 40.821922559710139 ], [ -96.707672587018592, 40.821924296676777 ], [ -96.707670789876232, 40.821926028275833 ], [ -96.707668984584743, 40.821927754534471 ], [ -96.707667170943438, 40.821929475459996 ], [ -96.707665348826438, 40.82193119097979 ], [ -96.707663518126552, 40.821932901001311 ], [ -96.707661678736599, 40.821934605432006 ], [ -96.707659830549417, 40.821936304179367 ], [ -96.707657973457813, 40.821937997150812 ], [ -96.707656107354595, 40.82193968425382 ], [ -96.707654232132597, 40.821941365395851 ], [ -96.707652347684615, 40.821943040484335 ], [ -96.707650453908272, 40.821944709379686 ], [ -96.707648550720151, 40.821946371753924 ], [ -96.707646638041652, 40.821948027232068 ], [ -96.707644715794203, 40.821949675439079 ], [ -96.707642783899146, 40.821951315999982 ], [ -96.707640842277911, 40.821952948539725 ], [ -96.707638890851868, 40.821954572683303 ], [ -96.707636929542417, 40.821956188055708 ], [ -96.707634958270944, 40.821957794281936 ], [ -96.707632976930824, 40.821959390953545 ], [ -96.707630985303283, 40.82196097752847 ], [ -96.707628983141575, 40.821962553431284 ], [ -96.707626970198916, 40.821964118086548 ], [ -96.707624946228506, 40.821965670918786 ], [ -96.707622910983602, 40.82196721135255 ], [ -96.707620864217404, 40.821968738812366 ], [ -96.707618805683168, 40.821970252722828 ], [ -96.707616735114499, 40.821971752495898 ], [ -96.707614652166754, 40.821973237493353 ], [ -96.707612556477955, 40.821974707143376 ], [ -96.70761044832031, 40.82197618331849 ], [ -96.707608327803769, 40.821977682147583 ], [ -96.707606194525638, 40.821979201618952 ], [ -96.707604048083226, 40.821980739720949 ], [ -96.707601888073839, 40.821982294441916 ], [ -96.707599714094783, 40.82198386377015 ], [ -96.707597525733604, 40.821985445729176 ], [ -96.707595322538921, 40.821987038483229 ], [ -96.707593104049579, 40.82198864023173 ], [ -96.707590869804434, 40.821990249174121 ], [ -96.707588619342346, 40.82199186350983 ], [ -96.707586352202156, 40.82199348143827 ], [ -96.707584067922724, 40.821995101158883 ], [ -96.707581766042921, 40.821996720871098 ], [ -96.707579446101576, 40.821998338774343 ], [ -96.707577107692885, 40.82199995317562 ], [ -96.707574750632261, 40.822001562812396 ], [ -96.707572374790487, 40.822003166529619 ], [ -96.707569980038301, 40.822004763172295 ], [ -96.707567566246468, 40.822006351585465 ], [ -96.70756513328574, 40.822007930614113 ], [ -96.707562681026872, 40.822009499103245 ], [ -96.707560209340627, 40.822011055897882 ], [ -96.707557718097746, 40.822012599843013 ], [ -96.707555207290028, 40.822014129855141 ], [ -96.707552677393366, 40.822015645136752 ], [ -96.707550129004659, 40.822017144961819 ], [ -96.707547562720833, 40.82201862860429 ], [ -96.707544979138788, 40.822020095338175 ], [ -96.707542378855464, 40.822021544437455 ], [ -96.707539762467775, 40.822022975176068 ], [ -96.707537130572618, 40.822024386828005 ], [ -96.707534483766921, 40.822025778667246 ], [ -96.707531822656492, 40.822027149987406 ], [ -96.707529147882781, 40.822028500160648 ], [ -96.707526460096105, 40.822029828578849 ], [ -96.70752375994681, 40.822031134633789 ], [ -96.707521048085184, 40.822032417717345 ], [ -96.707518325161615, 40.822033677221327 ], [ -96.707515591826393, 40.822034912537575 ], [ -96.707512848729877, 40.822036123057892 ], [ -96.707510096522356, 40.822037308174153 ], [ -96.707507335831082, 40.822038467282752 ], [ -96.707504567190696, 40.822039599798572 ], [ -96.707501791112747, 40.822040705141106 ], [ -96.707499008108755, 40.822041782729777 ], [ -96.707496218690295, 40.822042831984078 ], [ -96.707493423368874, 40.822043852323489 ], [ -96.707490622656053, 40.822044843167461 ], [ -96.707487817063353, 40.822045803935481 ], [ -96.707485007102321, 40.822046734046992 ], [ -96.707482193258812, 40.822047632848452 ], [ -96.707479375915867, 40.822048499394157 ], [ -96.707476555430858, 40.822049332665401 ], [ -96.707473732161148, 40.822050131643429 ], [ -96.707470906464096, 40.822050895309516 ], [ -96.707468078697062, 40.822051622644921 ], [ -96.707465249217421, 40.822052312630966 ], [ -96.707462418382505, 40.822052964248876 ], [ -96.707459762692508, 40.822053539571201 ] ] } },
{ "type": "Feature", "properties": { "point_a": 84, "point_b": 85, "trip": 1, "route": "antelope_leftmost_through", "status": "corrected", "mode": "reviewed_spatial_assumption" }, "geometry": { "type": "LineString", "coordinates": [ [ -96.692610047757597, 40.820815703150302 ], [ -96.692608679683843, 40.820813728644325 ], [ -96.692607322770016, 40.8208117485785 ], [ -96.6926059767178, 40.82080976312254 ], [ -96.692604641228868, 40.820807772446102 ], [ -96.69260331600492, 40.820805776718942 ], [ -96.692602000747627, 40.820803776110743 ], [ -96.692600695158717, 40.820801770791199 ], [ -96.692599398939834, 40.820799760930008 ], [ -96.692598111792691, 40.820797746696897 ], [ -96.692596833418946, 40.820795728261579 ], [ -96.692595563520328, 40.820793705793719 ], [ -96.692594301798493, 40.820791679463049 ], [ -96.692593047955128, 40.820789649439291 ], [ -96.692591801708119, 40.82078761588609 ], [ -96.692590562840053, 40.820785578943081 ], [ -96.692589331149691, 40.820783538743882 ], [ -96.692588106435835, 40.820781495422104 ], [ -96.692586888497218, 40.820779449111271 ], [ -96.692585677132655, 40.820777399945086 ], [ -96.692584472140908, 40.820775348057104 ], [ -96.692583273320736, 40.820773293580942 ], [ -96.692582080470928, 40.820771236650174 ], [ -96.692580893390257, 40.820769177398439 ], [ -96.692579711877499, 40.82076711595932 ], [ -96.692578535731414, 40.820765052466434 ], [ -96.692577364750804, 40.820762987053364 ], [ -96.692576198731714, 40.820760919852496 ], [ -96.692575037459534, 40.820758850991332 ], [ -96.692573880716907, 40.820756780596106 ], [ -96.692572728286535, 40.820754708793118 ], [ -96.692571579951036, 40.820752635708601 ], [ -96.692570435493096, 40.820750561468856 ], [ -96.692569294695389, 40.820748486200088 ], [ -96.69256815734056, 40.820746410028633 ], [ -96.692567023211296, 40.820744333080675 ], [ -96.692565892090244, 40.820742255482578 ], [ -96.692564763760089, 40.820740177360499 ], [ -96.692563638003463, 40.820738098840785 ], [ -96.692562514603054, 40.820736020049644 ], [ -96.692561393341535, 40.820733941113382 ], [ -96.692560273985208, 40.820731862162809 ], [ -96.69255915623485, 40.820729783347097 ], [ -96.692558039774951, 40.820727704819994 ], [ -96.692556924289931, 40.820725626735218 ], [ -96.692555809464281, 40.820723549246487 ], [ -96.692554694982405, 40.82072147250755 ], [ -96.692553580528781, 40.820719396672153 ], [ -96.692552465787855, 40.820717321894023 ], [ -96.692551350444063, 40.82071524832692 ], [ -96.692550234181866, 40.820713176124507 ], [ -96.692549116685697, 40.820711105440594 ], [ -96.692547997640048, 40.82070903642888 ], [ -96.692546876729324, 40.820706969243084 ], [ -96.692545753620706, 40.82070490404373 ], [ -96.692544627912298, 40.820702841018189 ], [ -96.692543499184893, 40.82070078036061 ], [ -96.6925423670193, 40.82069872226517 ], [ -96.692541230996312, 40.82069666692599 ], [ -96.692540090696738, 40.820694614537253 ], [ -96.692538945701415, 40.820692565293072 ], [ -96.692537801474387, 40.820690516466982 ], [ -96.692536663738352, 40.820688465204036 ], [ -96.692535532462045, 40.820686411505825 ], [ -96.692534407614147, 40.820684355373956 ], [ -96.692533289163407, 40.820682296809991 ], [ -96.692532177078519, 40.820680235815516 ], [ -96.692531071316083, 40.820678172397265 ], [ -96.692529971784282, 40.820676106582695 ], [ -96.692528878379136, 40.820674038404455 ], [ -96.692527790996721, 40.820671967895116 ], [ -96.692526709533084, 40.820669895087335 ], [ -96.692525633884273, 40.820667820013689 ], [ -96.692524563946336, 40.820665742706844 ], [ -96.692523499615319, 40.820663663199419 ], [ -96.6925224407873, 40.820661581523993 ], [ -96.692521387358312, 40.820659497713216 ], [ -96.692520339224401, 40.820657411799708 ], [ -96.692519296281631, 40.820655323816077 ], [ -96.692518258426063, 40.820653233794943 ], [ -96.692517225553715, 40.820651141768913 ], [ -96.692516197556373, 40.820649047773067 ], [ -96.692515174308653, 40.820646951852105 ], [ -96.692514155680882, 40.820644854053128 ], [ -96.692513141543358, 40.820642754423297 ], [ -96.692512131766435, 40.82064065300974 ], [ -96.692511126220438, 40.820638549859616 ], [ -96.692510124775666, 40.820636445019993 ], [ -96.692509127302472, 40.820634338538092 ], [ -96.692508133671183, 40.820632230460944 ], [ -96.692507143752096, 40.820630120835766 ], [ -96.692506157415551, 40.820628009709672 ], [ -96.692505174531874, 40.820625897129766 ], [ -96.692504194971391, 40.820623783143212 ], [ -96.692503218608394, 40.820621667796651 ], [ -96.692502245333031, 40.820619551134953 ], [ -96.692501275039476, 40.820617433202443 ], [ -96.692500307621813, 40.820615314043486 ], [ -96.692499342974202, 40.820613193702471 ], [ -96.692498380990756, 40.820611072223713 ], [ -96.692497421565619, 40.820608949651621 ], [ -96.692496464592907, 40.82060682603052 ], [ -96.692495509966761, 40.820604701404811 ], [ -96.692494557581313, 40.820602575818803 ], [ -96.69249360733069, 40.820600449316935 ], [ -96.692492659109035, 40.820598321943493 ], [ -96.692491712810465, 40.82059619374288 ], [ -96.692490768329108, 40.820594064759419 ], [ -96.692489825567648, 40.820591935034969 ], [ -96.692488884462819, 40.820589804601155 ], [ -96.692487944959936, 40.820587673487019 ], [ -96.692487007004303, 40.820585541721684 ], [ -96.692486070541221, 40.820583409334219 ], [ -96.692485135515994, 40.820581276353685 ], [ -96.69248420187391, 40.820579142809187 ], [ -96.692483269560256, 40.820577008729799 ], [ -96.69248233852035, 40.820574874144576 ], [ -96.692481408699479, 40.82057273908265 ], [ -96.692480480042931, 40.820570603573046 ], [ -96.692479552496039, 40.82056846764489 ], [ -96.692478626004089, 40.820566331327264 ], [ -96.692477700519348, 40.820564194646316 ], [ -96.692476776022048, 40.820562057616733 ], [ -96.692475852499399, 40.820559920250297 ], [ -96.692474929938584, 40.820557782558737 ], [ -96.692474008326826, 40.820555644553856 ], [ -96.692473087651322, 40.820553506247379 ], [ -96.692472167899282, 40.820551367651085 ], [ -96.692471249057917, 40.82054922877677 ], [ -96.692470331114421, 40.820547089636186 ], [ -96.692469414055992, 40.820544950241093 ], [ -96.692468497869854, 40.82054281060325 ], [ -96.692467582543188, 40.820540670734438 ], [ -96.692466668063219, 40.820538530646424 ], [ -96.692465754421534, 40.820536390349034 ], [ -96.692464841627341, 40.820534249844449 ], [ -96.692463929694227, 40.820532109132877 ], [ -96.692463018635777, 40.82052996821453 ], [ -96.692462108465605, 40.820527827089641 ], [ -96.692461199197297, 40.82052568575844 ], [ -96.692460290844465, 40.820523544221146 ], [ -96.692459383420655, 40.820521402477986 ], [ -96.692458476939507, 40.820519260529188 ], [ -96.692457571414593, 40.82051711837498 ], [ -96.692456666859528, 40.820514976015573 ], [ -96.692455763287867, 40.820512833451197 ], [ -96.692454860713255, 40.820510690682084 ], [ -96.692453959149248, 40.820508547708449 ], [ -96.692453058611662, 40.82050640452956 ], [ -96.692452159125139, 40.820504261140712 ], [ -96.692451260716524, 40.820502117536293 ], [ -96.692450363412661, 40.820499973710611 ], [ -96.692449467240408, 40.820497829658059 ], [ -96.69244857222661, 40.820495685372968 ], [ -96.692447678398111, 40.820493540849697 ], [ -96.692446785781783, 40.820491396082616 ], [ -96.692445894404429, 40.820489251066036 ], [ -96.692445004292935, 40.820487105794363 ], [ -96.692444115474146, 40.820484960261901 ], [ -96.692443227974906, 40.820482814462991 ], [ -96.692442341822044, 40.820480668392044 ], [ -96.692441457043131, 40.820478522043118 ], [ -96.692440573668435, 40.820476375409299 ], [ -96.692439691728964, 40.820474228483384 ], [ -96.692438811255727, 40.820472081258202 ], [ -96.692437932279674, 40.820469933726578 ], [ -96.692437054831785, 40.820467785881341 ], [ -96.692436178943112, 40.820465637715259 ], [ -96.69243530464459, 40.820463489221183 ], [ -96.692434431967214, 40.820461340391901 ], [ -96.692433560941993, 40.820459191220273 ], [ -96.692432691599919, 40.820457041699072 ], [ -96.69243182397193, 40.820454891821143 ], [ -96.692430958089076, 40.820452741579281 ], [ -96.692430093982253, 40.820450590966487 ], [ -96.692429231682127, 40.820448439976374 ], [ -96.692428371219279, 40.820446288602696 ], [ -96.692427512624306, 40.820444136839242 ], [ -96.692426655927804, 40.820441984679782 ], [ -96.692425801160368, 40.820439832118112 ], [ -96.692424948352581, 40.820437679147979 ], [ -96.692424097535053, 40.820435525763209 ], [ -96.692423248738365, 40.820433371957527 ], [ -96.692422401993099, 40.820431217724746 ], [ -96.69242155732988, 40.820429063058604 ], [ -96.69242071477926, 40.820426907952935 ], [ -96.692419874371879, 40.820424752401472 ], [ -96.692419036138276, 40.820422596397989 ], [ -96.692418200108548, 40.820420439936726 ], [ -96.692417366310622, 40.820418283013687 ], [ -96.692416534771866, 40.8204161256253 ], [ -96.692415705519679, 40.82041396776804 ], [ -96.692414878581474, 40.820411809438369 ], [ -96.692414053984621, 40.820409650632698 ], [ -96.692413231756518, 40.820407491347488 ], [ -96.69241241192455, 40.820405331579188 ], [ -96.692411594516116, 40.820403171324273 ], [ -96.692410779558614, 40.82040101057914 ], [ -96.692409967079428, 40.820398849340307 ], [ -96.692409157105971, 40.820396687604159 ], [ -96.692408349665598, 40.820394525367192 ], [ -96.692407544783919, 40.8203923626264 ], [ -96.692406742479264, 40.820390199381166 ], [ -96.69240594276819, 40.820388035631382 ], [ -96.692405145667195, 40.820385871376992 ], [ -96.692404351192849, 40.820383706617925 ], [ -96.692403559361679, 40.820381541354138 ], [ -96.692402770190199, 40.820379375585496 ], [ -96.692401983694978, 40.820377209311971 ], [ -96.692401199892529, 40.820375042533506 ], [ -96.69240041879938, 40.820372875249973 ], [ -96.6923996404321, 40.820370707461358 ], [ -96.692398864807203, 40.820368539167553 ], [ -96.6923980919412, 40.820366370368511 ], [ -96.692397321850677, 40.820364201064137 ], [ -96.69239655454902, 40.820362031254959 ], [ -96.692395790037139, 40.820359860943917 ], [ -96.692395028312873, 40.820357690134486 ], [ -96.692394269373992, 40.820355518830226 ], [ -96.69239351321832, 40.820353347034604 ], [ -96.692392759843656, 40.820351174751146 ], [ -96.692392009247797, 40.820349001983367 ], [ -96.69239126142854, 40.820346828734785 ], [ -96.692390516383725, 40.820344655008903 ], [ -96.69238977411112, 40.820342480809259 ], [ -96.692389034608524, 40.820340306139315 ], [ -96.692388297873762, 40.820338131002615 ], [ -96.692387563904632, 40.820335955402676 ], [ -96.692386832695931, 40.820333779343393 ], [ -96.692386104230437, 40.820331602830208 ], [ -96.692385378487941, 40.820329425869005 ], [ -96.692384655448208, 40.820327248465574 ], [ -96.692383935091058, 40.820325070625827 ], [ -96.692383217396241, 40.820322892355563 ], [ -96.692382502343534, 40.820320713660628 ], [ -96.69238178991273, 40.820318534546921 ], [ -96.692381080083621, 40.820316355020225 ], [ -96.69238037283597, 40.820314175086438 ], [ -96.692379668149556, 40.820311994751393 ], [ -96.692378966004185, 40.820309814020916 ], [ -96.69237826637962, 40.820307632900864 ], [ -96.692377569252997, 40.820305451397267 ], [ -96.692376874590849, 40.820303269516899 ], [ -96.69237618235708, 40.820301087266699 ], [ -96.692375492515552, 40.82029890465359 ], [ -96.692374805030184, 40.820296721684564 ], [ -96.692374119864851, 40.82029453836649 ], [ -96.692373436983445, 40.820292354706382 ], [ -96.692372756349855, 40.820290170711139 ], [ -96.692372077927956, 40.820287986387754 ], [ -96.692371401681669, 40.820285801743111 ], [ -96.692370727574854, 40.820283616784202 ], [ -96.692370055571416, 40.820281431517948 ], [ -96.692369385635246, 40.820279245951284 ], [ -96.692368717730204, 40.820277060091207 ], [ -96.692368051818789, 40.820274873944548 ], [ -96.692367387857743, 40.820272687518106 ], [ -96.692366725802373, 40.820270500818644 ], [ -96.692366065607999, 40.820268313852885 ], [ -96.692365407229957, 40.820266126627544 ], [ -96.692364750623554, 40.82026393914937 ], [ -96.692364095744125, 40.820261751425129 ], [ -96.692363442546977, 40.820259563461477 ], [ -96.692362790987445, 40.820257375265221 ], [ -96.692362141020823, 40.82025518684307 ], [ -96.692361492602458, 40.820252998201759 ], [ -96.692360845687674, 40.820250809348011 ], [ -96.692360200231789, 40.820248620288602 ], [ -96.692359556190766, 40.820246431030093 ], [ -96.692358913523265, 40.820244241578727 ], [ -96.692358272188571, 40.820242051940532 ], [ -96.692357632145999, 40.820239862121582 ], [ -96.692356993354849, 40.820237672127938 ], [ -96.692356355774422, 40.820235481965682 ], [ -96.692355719364002, 40.820233291640882 ], [ -96.692355084082919, 40.820231101159578 ], [ -96.692354449890445, 40.82022891052786 ], [ -96.692353816745921, 40.820226719751787 ], [ -96.692353184608592, 40.820224528837421 ], [ -96.6923525534378, 40.820222337790852 ], [ -96.692351923192845, 40.820220146618119 ], [ -96.692351293837007, 40.820217955324814 ], [ -96.692350665349522, 40.820215763914668 ], [ -96.692350037713638, 40.820213572390863 ], [ -96.692349410912584, 40.820211380756625 ], [ -96.692348784929578, 40.820209189015181 ], [ -96.692348159747851, 40.820206997169763 ], [ -96.692347535350649, 40.820204805223575 ], [ -96.692346911721202, 40.820202613179831 ], [ -96.692346288842742, 40.820200421041761 ], [ -96.6923456666985, 40.820198228812586 ], [ -96.692345045271679, 40.820196036495538 ], [ -96.692344424545567, 40.820193844093815 ], [ -96.692343804503352, 40.820191651610649 ], [ -96.69234318512828, 40.82018945904926 ], [ -96.692342566409465, 40.820187266411921 ], [ -96.692341948359612, 40.820185073697196 ], [ -96.692341330997337, 40.820182880902642 ], [ -96.692340714341213, 40.8201806880259 ], [ -96.692340098409844, 40.820178495064567 ], [ -96.692339483221815, 40.820176302016236 ], [ -96.69233886879573, 40.820174108878483 ], [ -96.692338255150176, 40.820171915648956 ], [ -96.692337642303769, 40.820169722325247 ], [ -96.69233703027507, 40.820167528904925 ], [ -96.692336419082693, 40.820165335385624 ], [ -96.692335808745241, 40.820163141764944 ], [ -96.692335199281274, 40.820160948040467 ], [ -96.69233459071495, 40.820158754208933 ], [ -96.692333983092411, 40.820156560263669 ], [ -96.692333376465328, 40.820154366197102 ], [ -96.6923327708854, 40.820152172001684 ], [ -96.692332166404313, 40.820149977669857 ], [ -96.692331563073751, 40.820147783194059 ], [ -96.69233096094537, 40.820145588566724 ], [ -96.692330360070869, 40.820143393780313 ], [ -96.692329760501934, 40.820141198827272 ], [ -96.69232916229025, 40.820139003700035 ], [ -96.692328565487486, 40.820136808391034 ], [ -96.692327970145342, 40.820134612892744 ], [ -96.69232737631549, 40.820132417197556 ], [ -96.692326784049598, 40.820130221297973 ], [ -96.69232619340282, 40.82012802518593 ], [ -96.692325604443951, 40.820125828851573 ], [ -96.692325017245338, 40.820123632284556 ], [ -96.6923244318792, 40.820121435474547 ], [ -96.692323848417843, 40.820119238411166 ], [ -96.69232326693357, 40.820117041084124 ], [ -96.692322687498631, 40.820114843483033 ], [ -96.69232211018533, 40.82011264559759 ], [ -96.692321535065915, 40.820110447417434 ], [ -96.692320962212719, 40.820108248932208 ], [ -96.692320391697976, 40.820106050131592 ], [ -96.692319823593991, 40.820103851005243 ], [ -96.692319257973026, 40.820101651542828 ], [ -96.692318694907769, 40.820099451734002 ], [ -96.692318134472472, 40.820097251568647 ], [ -96.692317576741743, 40.820095051036603 ], [ -96.692317021790217, 40.820092850127772 ], [ -96.692316469692528, 40.820090648831965 ], [ -96.692315920523299, 40.820088447139113 ], [ -96.692315374357179, 40.820086245039057 ], [ -96.69231483126876, 40.820084042521678 ], [ -96.692314291332707, 40.820081839576808 ], [ -96.69231375462364, 40.820079636194393 ], [ -96.692313221216182, 40.820077432364236 ], [ -96.692312691184966, 40.82007522807627 ], [ -96.692312164604616, 40.82007302332029 ], [ -96.692311641546908, 40.820070818086663 ], [ -96.692311122072027, 40.82006861236755 ], [ -96.692310606237342, 40.820066406155554 ], [ -96.692310094100179, 40.820064199443266 ], [ -96.692309585717865, 40.820061992223337 ], [ -96.692309081147783, 40.820059784488379 ], [ -96.692308580447246, 40.820057576230951 ], [ -96.692308083673595, 40.8200553674437 ], [ -96.692307590884184, 40.820053158119272 ], [ -96.69230710213634, 40.820050948250206 ], [ -96.692306617487418, 40.820048737829161 ], [ -96.692306136994745, 40.820046526848735 ], [ -96.692305660715675, 40.820044315301551 ], [ -96.69230518870755, 40.820042103180214 ], [ -96.692304721021884, 40.820039890478185 ], [ -96.69230425768707, 40.820037677192339 ], [ -96.692303798725632, 40.820035463320437 ], [ -96.692303344160152, 40.820033248860184 ], [ -96.692302894013153, 40.820031033809315 ], [ -96.692302448307217, 40.820028818165582 ], [ -96.692302007064868, 40.820026601926713 ], [ -96.6923015703087, 40.820024385090456 ], [ -96.692301138061225, 40.820022167654514 ], [ -96.692300710345037, 40.820019949616629 ], [ -96.692300287182647, 40.820017730974563 ], [ -96.692299868596649, 40.820015511726019 ], [ -96.692299454609582, 40.82001329186874 ], [ -96.692299045237675, 40.820011071401453 ], [ -96.692298640471932, 40.82000885032673 ], [ -96.692298240297021, 40.820006628648166 ], [ -96.692297844697606, 40.820004406369321 ], [ -96.692297453658384, 40.820002183493763 ], [ -96.69229706716402, 40.819999960025086 ], [ -96.692296685199167, 40.819997735966858 ], [ -96.692296307748521, 40.819995511322645 ], [ -96.692295934796775, 40.819993286096036 ], [ -96.692295566328553, 40.819991060290583 ], [ -96.692295202328566, 40.819988833909875 ], [ -96.692294842781479, 40.819986606957485 ], [ -96.692294487671958, 40.819984379436974 ], [ -96.692294136979285, 40.819982151352683 ], [ -96.692293790661054, 40.819979922711909 ], [ -96.692293448669488, 40.819977693522674 ], [ -96.692293110956797, 40.819975463793035 ], [ -96.69229277747516, 40.819973233531044 ], [ -96.692292448176815, 40.819971002744751 ], [ -96.692292123013971, 40.819968771442177 ], [ -96.692291801938794, 40.819966539631395 ], [ -96.692291484903521, 40.819964307320426 ], [ -96.692291171860361, 40.819962074517342 ], [ -96.692290862761496, 40.819959841230187 ], [ -96.692290557559161, 40.819957607466968 ], [ -96.692290256205553, 40.81995537323575 ], [ -96.69228995865285, 40.819953138544598 ], [ -96.692289664851174, 40.819950903401839 ], [ -96.692289374742003, 40.819948667817016 ], [ -96.692289088264758, 40.819946431799949 ], [ -96.6922888053588, 40.819944195360456 ], [ -96.692288525963534, 40.819941958508423 ], [ -96.69228825001835, 40.819939721253625 ], [ -96.692287977462613, 40.819937483605912 ], [ -96.69228770823571, 40.819935245575124 ], [ -96.692287442277063, 40.819933007171109 ], [ -96.692287179526033, 40.819930768403644 ], [ -96.692286919922012, 40.819928529282606 ], [ -96.692286663404374, 40.819926289817836 ], [ -96.692286409912541, 40.819924050019118 ], [ -96.692286159387791, 40.819921809896215 ], [ -96.692285911779152, 40.819919569458229 ], [ -96.692285667037524, 40.819917328714297 ], [ -96.692285425113852, 40.819915087673415 ], [ -96.692285185959037, 40.819912846344685 ], [ -96.692284949524037, 40.819910604737117 ], [ -96.692284715759769, 40.819908362859778 ], [ -96.692284484617133, 40.819906120721718 ], [ -96.692284256047103, 40.819903878331999 ], [ -96.692284030000565, 40.819901635699665 ], [ -96.692283806428435, 40.819899392833797 ], [ -96.692283585281686, 40.819897149743404 ], [ -96.692283366511219, 40.819894906437547 ], [ -96.692283150067951, 40.819892662925326 ], [ -96.692282935906789, 40.819890419215341 ], [ -96.69228272399846, 40.819888175314659 ], [ -96.692282514317682, 40.819885931229983 ], [ -96.692282306839147, 40.819883686967906 ], [ -96.692282101537572, 40.81988144253512 ], [ -96.692281898387677, 40.81987919793827 ], [ -96.692281697364123, 40.819876953184021 ], [ -96.692281498441659, 40.819874708279045 ], [ -96.692281301594974, 40.81987246322997 ], [ -96.692281106798774, 40.819870218043455 ], [ -96.692280914027762, 40.819867972726179 ], [ -96.692280723256658, 40.819865727284771 ], [ -96.692280534460153, 40.819863481725911 ], [ -96.692280347616432, 40.819861236055758 ], [ -96.692280162717552, 40.81985899027837 ], [ -96.692279979759036, 40.819856744397327 ], [ -96.692279798736436, 40.819854498416198 ], [ -96.692279619645248, 40.819852252338599 ], [ -96.692279442481038, 40.819850006168068 ], [ -96.692279267239314, 40.819847759908193 ], [ -96.692279093915616, 40.819845513562555 ], [ -96.69227892250548, 40.819843267134708 ], [ -96.692278753004445, 40.81984102062826 ], [ -96.692278585408019, 40.819838774046765 ], [ -96.692278419711727, 40.819836527393775 ], [ -96.69227825591112, 40.819834280672929 ], [ -96.69227809400391, 40.819832033887415 ], [ -96.692277933996465, 40.819829787038991 ], [ -96.692277775897381, 40.81982754012909 ], [ -96.692277619715213, 40.819825293159113 ], [ -96.692277465458545, 40.819823046130473 ], [ -96.692277313135932, 40.819820799044599 ], [ -96.692277162755971, 40.819818551902905 ], [ -96.692277014327189, 40.819816304706798 ], [ -96.692276867858197, 40.819814057457698 ], [ -96.692276723357537, 40.819811810157006 ], [ -96.692276580833791, 40.819809562806157 ], [ -96.692276440295544, 40.81980731540655 ], [ -96.692276301751349, 40.819805067959614 ], [ -96.692276165209776, 40.819802820466748 ], [ -96.692276030680304, 40.819800572929218 ], [ -96.692275898176021, 40.819798325347534 ], [ -96.692275767710939, 40.819796077722124 ], [ -96.692275639299083, 40.819793830053335 ], [ -96.69227551295441, 40.819791582341544 ], [ -96.692275388690931, 40.819789334587163 ], [ -96.692275266522671, 40.819787086790519 ], [ -96.692275146463629, 40.819784838952032 ], [ -96.692275028527803, 40.819782591072048 ], [ -96.692274912729175, 40.819780343150967 ], [ -96.692274799081758, 40.81977809518915 ], [ -96.692274687599564, 40.819775847187003 ], [ -96.69227457829659, 40.819773599144881 ], [ -96.69227447118655, 40.819771351063146 ], [ -96.692274366282078, 40.819769102942018 ], [ -96.692274263595493, 40.819766854781683 ], [ -96.692274163139103, 40.819764606582346 ], [ -96.6922740649253, 40.819762358344221 ], [ -96.692273968966362, 40.819760110067492 ], [ -96.692273875274651, 40.819757861752315 ], [ -96.69227378386249, 40.819755613398961 ], [ -96.692273694742212, 40.819753365007578 ], [ -96.692273607926154, 40.819751116578381 ], [ -96.69227352342665, 40.819748868111546 ], [ -96.692273441256035, 40.81974661960728 ], [ -96.692273361426629, 40.819744371065788 ], [ -96.69227328394885, 40.819742122487348 ], [ -96.69227320882537, 40.819739873872578 ], [ -96.692273136056954, 40.81973762522216 ], [ -96.692273065644358, 40.819735376536819 ], [ -96.692272997588304, 40.819733127817244 ], [ -96.692272931889605, 40.819730879064139 ], [ -96.692272868548955, 40.819728630278199 ], [ -96.69227280756715, 40.819726381460143 ], [ -96.692272748944916, 40.819724132610645 ], [ -96.692272692683034, 40.819721883730409 ], [ -96.692272638782242, 40.819719634820153 ], [ -96.692272587243281, 40.819717385880566 ], [ -96.692272538066916, 40.819715136912386 ], [ -96.692272491253931, 40.819712887916261 ], [ -96.692272446801738, 40.819710638893049 ], [ -96.692272404694606, 40.819708389844344 ], [ -96.692272364913507, 40.819706140771807 ], [ -96.692272327439397, 40.819703891677136 ], [ -96.692272292253236, 40.819701642562045 ], [ -96.692272259335965, 40.81969939342823 ], [ -96.692272228668585, 40.819697144277377 ], [ -96.692272200232011, 40.819694895111219 ], [ -96.692272174007229, 40.81969264593139 ], [ -96.69227214997521, 40.819690396739652 ], [ -96.692272128116883, 40.819688147537704 ], [ -96.692272108413221, 40.819685898327215 ], [ -96.692272090845165, 40.819683649109884 ], [ -96.692272075391102, 40.819681399887649 ], [ -96.69227206201883, 40.819679150663248 ], [ -96.692272050693575, 40.819676901439713 ], [ -96.692272041380562, 40.819674652219987 ], [ -96.69227203404499, 40.819672403007075 ], [ -96.692272028652127, 40.819670153803941 ], [ -96.692272025167128, 40.819667904613596 ], [ -96.692272023555248, 40.819665655439003 ], [ -96.692272023781683, 40.819663406283162 ], [ -96.692272025811675, 40.819661157149064 ], [ -96.692272029610436, 40.819658908039663 ], [ -96.692272035143162, 40.819656658957967 ], [ -96.692272042375095, 40.819654409906974 ], [ -96.692272051271445, 40.819652160889625 ], [ -96.692272061796828, 40.819649911909103 ], [ -96.692272073913372, 40.819647662969103 ], [ -96.692272087582651, 40.819645414073563 ], [ -96.692272102766196, 40.819643165226324 ], [ -96.692272119425539, 40.819640916431332 ], [ -96.692272137522252, 40.819638667692438 ], [ -96.692272157017854, 40.819636419013527 ], [ -96.692272177873903, 40.819634170398537 ], [ -96.692272200051931, 40.819631921851325 ], [ -96.692272223513498, 40.819629673375793 ], [ -96.692272248220135, 40.819627424975792 ], [ -96.692272274133387, 40.819625176655279 ], [ -96.6922723012148, 40.819622928418106 ], [ -96.692272329427311, 40.819620680268144 ], [ -96.69227235873943, 40.819618432209126 ], [ -96.692272389121044, 40.819616184244772 ], [ -96.692272420542025, 40.819613936378786 ], [ -96.692272452972304, 40.819611688614856 ], [ -96.692272486381725, 40.819609440956725 ], [ -96.692272520740232, 40.819607193408075 ], [ -96.69227255601767, 40.819604945972621 ], [ -96.692272592183954, 40.819602698654073 ], [ -96.692272629209, 40.819600451456161 ], [ -96.692272667062667, 40.819598204382544 ], [ -96.692272705714842, 40.819595957436981 ], [ -96.692272745135426, 40.819593710623153 ], [ -96.69227278529749, 40.819591463944612 ], [ -96.692272826186567, 40.819589217404257 ], [ -96.692272867791417, 40.819586971004796 ], [ -96.692272910100741, 40.819584724749006 ], [ -96.692272953103284, 40.81958247863961 ], [ -96.692272996787793, 40.819580232679314 ], [ -96.692273041142954, 40.819577986870897 ], [ -96.692273086157513, 40.819575741217051 ], [ -96.692273131820201, 40.819573495720533 ], [ -96.692273178119734, 40.819571250384065 ], [ -96.692273225044843, 40.819569005210383 ], [ -96.692273272584274, 40.819566760202235 ], [ -96.692273320726741, 40.819564515362366 ], [ -96.692273369460949, 40.81956227069346 ], [ -96.692273418779749, 40.819560026198005 ], [ -96.692273468692363, 40.819557781877315 ], [ -96.692273519212108, 40.819555537732477 ], [ -96.692273570352327, 40.819553293764478 ], [ -96.692273622126336, 40.8195510499744 ], [ -96.692273674547451, 40.819548806363287 ], [ -96.692273727629001, 40.819546562932182 ], [ -96.692273781384316, 40.819544319682144 ], [ -96.692273835826711, 40.819542076614191 ], [ -96.692273890969531, 40.819539833729394 ], [ -96.692273946826091, 40.819537591028791 ], [ -96.692274003409693, 40.819535348513426 ], [ -96.692274060733695, 40.819533106184366 ], [ -96.692274118814922, 40.819530864042271 ], [ -96.692274177684311, 40.819528622086224 ], [ -96.692274237376282, 40.81952638031504 ], [ -96.69227429792528, 40.819524138727417 ], [ -96.69227435936574, 40.81952189732214 ], [ -96.692274421732094, 40.819519656097938 ], [ -96.692274485058817, 40.819517415053561 ], [ -96.692274549380286, 40.819515174187771 ], [ -96.692274614730991, 40.819512933499269 ], [ -96.692274681145335, 40.819510692986874 ], [ -96.692274748657795, 40.819508452649281 ], [ -96.69227481730276, 40.819506212485258 ], [ -96.692274887114721, 40.819503972493536 ], [ -96.692274958128664, 40.819501732672265 ], [ -96.692275030382007, 40.819499493017155 ], [ -96.692275103912777, 40.819497253523252 ], [ -96.692275178758919, 40.819495014185641 ], [ -96.692275254958474, 40.819492774999439 ], [ -96.692275332549428, 40.819490535959666 ], [ -96.692275411569767, 40.819488297061454 ], [ -96.692275492057519, 40.819486058299852 ], [ -96.69227557405064, 40.819483819669941 ], [ -96.69227565758716, 40.819481581166798 ], [ -96.692275742705078, 40.81947934278552 ], [ -96.692275829442366, 40.819477104521184 ], [ -96.692275917837051, 40.819474866368836 ], [ -96.692276007927106, 40.819472628323616 ], [ -96.692276099747076, 40.819470390379685 ], [ -96.692276193317596, 40.819468152527797 ], [ -96.692276288655833, 40.819465914757842 ], [ -96.692276385778953, 40.819463677059666 ], [ -96.692276484704138, 40.819461439423172 ], [ -96.692276585448568, 40.819459201838207 ], [ -96.692276688029381, 40.819456964294687 ], [ -96.692276792463758, 40.819454726782418 ], [ -96.692276898768881, 40.819452489291336 ], [ -96.69227700696193, 40.81945025181129 ], [ -96.692277117060044, 40.81944801433216 ], [ -96.692277229080418, 40.819445776843807 ], [ -96.692277343040217, 40.819443539336113 ], [ -96.692277458950301, 40.819441301798619 ], [ -96.692277576796414, 40.819439064219488 ], [ -96.69227769655798, 40.819436826586539 ], [ -96.692277818214407, 40.819434588887653 ], [ -96.692277941745147, 40.819432351110578 ], [ -96.692278067129621, 40.819430113243229 ], [ -96.692278194347239, 40.819427875273369 ], [ -96.692278323377437, 40.819425637188871 ], [ -96.69227845419968, 40.81942339897752 ], [ -96.692278586793336, 40.819421160627215 ], [ -96.692278721137882, 40.819418922125735 ], [ -96.692278857212713, 40.819416683460915 ], [ -96.692278994997267, 40.819414444620605 ], [ -96.692279134470965, 40.819412205592599 ], [ -96.692279275607362, 40.819409966365143 ], [ -96.692279418356392, 40.819407726927921 ], [ -96.692279562662094, 40.819405487270956 ], [ -96.692279708468504, 40.819403247384372 ], [ -96.692279855719676, 40.819401007258179 ], [ -96.692280004359688, 40.819398766882507 ], [ -96.692280154332565, 40.819396526247338 ], [ -96.692280305582329, 40.819394285342796 ], [ -96.692280458053062, 40.819392044158946 ], [ -96.692280611688801, 40.819389802685812 ], [ -96.692280766433583, 40.819387560913512 ], [ -96.69228092223149, 40.819385318832069 ], [ -96.6922810790265, 40.819383076431571 ], [ -96.692281236759328, 40.819380833702752 ], [ -96.692281395357014, 40.819378590639275 ], [ -96.692281554743175, 40.819376347235377 ], [ -96.692281714841513, 40.81937410348538 ], [ -96.692281875575645, 40.819371859383601 ], [ -96.692282036869244, 40.819369614924348 ], [ -96.692282198645941, 40.819367370101901 ], [ -96.69228236082941, 40.819365124910568 ], [ -96.692282523343309, 40.819362879344652 ], [ -96.69228268611127, 40.819360633398468 ], [ -96.692282849056966, 40.819358387066302 ], [ -96.692283012104042, 40.819356140342457 ], [ -96.692283175176144, 40.819353893221255 ], [ -96.692283338196319, 40.819351645698021 ], [ -96.692283501085043, 40.819349397772299 ], [ -96.692283663762197, 40.819347149444688 ], [ -96.69228382614763, 40.819344900715748 ], [ -96.692283988161208, 40.819342651586048 ], [ -96.692284149722838, 40.81934040205622 ], [ -96.692284310752342, 40.819338152126797 ], [ -96.692284471169614, 40.819335901798389 ], [ -96.692284630894491, 40.819333651071553 ], [ -96.692284789846894, 40.81933139994689 ], [ -96.692284947946646, 40.819329148424991 ], [ -96.692285105113626, 40.819326896506418 ], [ -96.692285261267699, 40.819324644191759 ], [ -96.69228541632873, 40.819322391481592 ], [ -96.692285570219298, 40.819320138377726 ], [ -96.692285722872825, 40.819317884886914 ], [ -96.692285874225362, 40.819315631017083 ], [ -96.692286024213075, 40.819313376776194 ], [ -96.692286172772029, 40.819311122172223 ], [ -96.692286319838331, 40.819308867213081 ], [ -96.69228646534809, 40.819306611906775 ], [ -96.692286609237442, 40.819304356261206 ], [ -96.692286751442452, 40.819302100284389 ], [ -96.692286891899244, 40.819299843984233 ], [ -96.692287030543923, 40.819297587368716 ], [ -96.692287167312585, 40.81929533044579 ], [ -96.692287302141352, 40.819293073223406 ], [ -96.692287434971817, 40.819290815710659 ], [ -96.692287565767614, 40.819288557921276 ], [ -96.692287694497878, 40.819286299870093 ], [ -96.692287821131728, 40.81928404157194 ], [ -96.692287945638313, 40.819281783041681 ], [ -96.692288067986752, 40.819279524294203 ], [ -96.692288188146179, 40.819277265344297 ], [ -96.692288306085729, 40.81927500620683 ], [ -96.692288421774521, 40.819272746896658 ], [ -96.692288535181689, 40.819270487428653 ], [ -96.692288646276381, 40.819268227817645 ], [ -96.692288755027718, 40.819265968078462 ], [ -96.692288861404819, 40.819263708225982 ], [ -96.692288965385004, 40.819261448275682 ], [ -96.692289066978176, 40.819259188245503 ], [ -96.692289166202457, 40.819256928154054 ], [ -96.692289263075907, 40.819254668019937 ], [ -96.692289357616616, 40.81925240786174 ], [ -96.692289449842718, 40.819250147698035 ], [ -96.692289539772261, 40.819247887547441 ], [ -96.692289627423378, 40.819245627428536 ], [ -96.692289712814116, 40.81924336735991 ], [ -96.692289795962594, 40.819241107360185 ], [ -96.692289876886917, 40.819238847447913 ], [ -96.692289955605148, 40.819236587641697 ], [ -96.692290032135389, 40.819234327960153 ], [ -96.692290106495733, 40.819232068421883 ], [ -96.692290178711815, 40.81922980904492 ], [ -96.692290248839427, 40.819227549845358 ], [ -96.692290316941865, 40.819225290838752 ], [ -96.692290383082465, 40.819223032040675 ], [ -96.692290447324552, 40.819220773466668 ], [ -96.69229050973145, 40.819218515132313 ], [ -96.692290570366481, 40.819216257053142 ], [ -96.692290629292955, 40.81921399924471 ], [ -96.692290686574211, 40.819211741722604 ], [ -96.69229074227357, 40.819209484502387 ], [ -96.69229079645433, 40.81920722759957 ], [ -96.692290849179827, 40.819204971029762 ], [ -96.692290900513399, 40.819202714808505 ], [ -96.692290950522235, 40.819200458950121 ], [ -96.692290999289128, 40.819198203464126 ], [ -96.692291046900721, 40.819195948358711 ], [ -96.692291093443657, 40.819193693642177 ], [ -96.692291139004624, 40.819191439322772 ], [ -96.69229118367025, 40.819189185408725 ], [ -96.692291227527221, 40.819186931908305 ], [ -96.692291270662167, 40.819184678829785 ], [ -96.692291313161775, 40.819182426181378 ], [ -96.692291355112673, 40.819180173971361 ], [ -96.692291396601533, 40.819177922207999 ], [ -96.692291437715028, 40.819175670899504 ], [ -96.692291478539801, 40.819173420054177 ], [ -96.692291519162495, 40.819171169680239 ], [ -96.692291559669442, 40.819168919784545 ], [ -96.692291600145552, 40.819166670368254 ], [ -96.692291640675407, 40.819164421431061 ], [ -96.69229168134359, 40.819162172972739 ], [ -96.692291722234657, 40.819159924993031 ], [ -96.692291763433218, 40.819157677491617 ], [ -96.6922918050238, 40.819155430468307 ], [ -96.692291847091028, 40.819153183922793 ], [ -96.692291889719442, 40.819150937854822 ], [ -96.692291932993641, 40.819148692264115 ], [ -96.692291976998177, 40.81914644715043 ], [ -96.69229202181765, 40.819144202513492 ], [ -96.692292067536599, 40.819141958353043 ], [ -96.692292114235357, 40.819139714667536 ], [ -96.692292161976923, 40.819137471450198 ], [ -96.692292210820057, 40.819135228693064 ], [ -96.692292260823535, 40.81913298638807 ], [ -96.692292312046078, 40.819130744527207 ], [ -96.692292364546432, 40.819128503102469 ], [ -96.69229241838336, 40.81912626210579 ], [ -96.692292473615623, 40.819124021529177 ], [ -96.692292530301955, 40.819121781364629 ], [ -96.69229258850109, 40.819119541604103 ], [ -96.692292648271803, 40.819117302239562 ], [ -96.692292709672842, 40.819115063262977 ], [ -96.69229277276294, 40.819112824666377 ], [ -96.692292837593556, 40.819110586440601 ], [ -96.69229290418707, 40.819108348572115 ], [ -96.692292972558548, 40.819106111046317 ], [ -96.692293042723023, 40.819103873848562 ], [ -96.692293114695573, 40.819101636964241 ], [ -96.692293188491291, 40.81909940037869 ], [ -96.692293264125212, 40.819097164077341 ], [ -96.692293341612427, 40.819094928045523 ], [ -96.692293420967971, 40.819092692268605 ], [ -96.692293502206951, 40.819090456732006 ], [ -96.692293585344416, 40.81908822142104 ], [ -96.692293670395429, 40.81908598632112 ], [ -96.692293757375054, 40.819083751417629 ], [ -96.692293846298369, 40.819081516695903 ], [ -96.692293937173631, 40.819079282141082 ], [ -96.692294029981866, 40.819077047737345 ], [ -96.692294124697341, 40.819074813468603 ], [ -96.692294221294247, 40.819072579318814 ], [ -96.692294319746836, 40.819070345271854 ], [ -96.692294420029341, 40.819068111311672 ], [ -96.692294522116001, 40.819065877422219 ], [ -96.692294625981049, 40.81906364358737 ], [ -96.692294731598707, 40.819061409791082 ], [ -96.692294838943212, 40.819059176017255 ], [ -96.692294947988785, 40.81905694224983 ], [ -96.692295058709703, 40.81905470847272 ], [ -96.692295171080147, 40.819052474669874 ], [ -96.692295285074351, 40.819050240826421 ], [ -96.692295400666509, 40.819048006932377 ], [ -96.692295517830729, 40.81904577297901 ], [ -96.692295636541218, 40.819043538957608 ], [ -96.692295756772097, 40.81904130485939 ], [ -96.692295878497532, 40.819039070675593 ], [ -96.692296001691687, 40.819036836397501 ], [ -96.692296126328685, 40.819034602016366 ], [ -96.692296252382718, 40.819032367523441 ], [ -96.692296379827937, 40.819030132909958 ], [ -96.692296508638464, 40.819027898167199 ], [ -96.692296638788477, 40.819025663286418 ], [ -96.692296770252142, 40.819023428258873 ], [ -96.692296903003594, 40.819021193075784 ], [ -96.692297037022314, 40.819018957729703 ], [ -96.692297172308912, 40.819016722218286 ], [ -96.692297308869385, 40.81901448654046 ], [ -96.692297446709688, 40.819012250695138 ], [ -96.692297585835746, 40.81901001468124 ], [ -96.692297726253543, 40.819007778497699 ], [ -96.692297867969017, 40.819005542143444 ], [ -96.692298010988154, 40.8190033056174 ], [ -96.692298155316863, 40.819001068918475 ], [ -96.692298300961141, 40.818998832045601 ], [ -96.692298447926916, 40.818996594997742 ], [ -96.692298596220155, 40.818994357773768 ], [ -96.692298745846827, 40.818992120372627 ], [ -96.692298896818329, 40.818989882794163 ], [ -96.692299049167886, 40.818987645041922 ], [ -96.692299202934194, 40.818985407120358 ], [ -96.692299358155964, 40.818983169033906 ], [ -96.692299514871863, 40.818980930787063 ], [ -96.692299673120587, 40.818978692384249 ], [ -96.692299832940847, 40.818976453829926 ], [ -96.692299994371297, 40.81897421512857 ], [ -96.69230015745066, 40.818971976284644 ], [ -96.692300322217605, 40.818969737302581 ], [ -96.692300488710828, 40.818967498186865 ], [ -96.692300656969024, 40.818965258941908 ], [ -96.692300827030877, 40.818963019572216 ], [ -96.692300998938819, 40.818960780082925 ], [ -96.69230117275022, 40.818958540481923 ], [ -96.692301348526172, 40.81895630077782 ], [ -96.692301526327782, 40.81895406097923 ], [ -96.692301706216185, 40.818951821094707 ], [ -96.692301888252445, 40.818949581132884 ], [ -96.692302072497682, 40.818947341102351 ], [ -96.692302259013019, 40.818945101011693 ], [ -96.692302447859532, 40.818942860869512 ], [ -96.692302639098344, 40.81894062068443 ], [ -96.69230283279056, 40.818938380465006 ], [ -96.692303028997259, 40.81893614021984 ], [ -96.69230322777959, 40.818933899957557 ], [ -96.692303429198617, 40.818931659686733 ], [ -96.692303633316101, 40.818929419416307 ], [ -96.692303840196459, 40.818927179156418 ], [ -96.692304049904649, 40.818924938917682 ], [ -96.692304262505743, 40.818922698710558 ], [ -96.692304478064742, 40.818920458545563 ], [ -96.692304696646659, 40.818918218433268 ], [ -96.692304918316538, 40.818915978384162 ], [ -96.692305143139379, 40.81891373840876 ], [ -96.69230537118024, 40.8189114985176 ], [ -96.692305602504106, 40.818909258721199 ], [ -96.692305837176022, 40.818907019030085 ], [ -96.692306075260987, 40.818904779454769 ], [ -96.692306316824059, 40.818902540005773 ], [ -96.692306561927893, 40.818900300693549 ], [ -96.692306810625794, 40.818898061528301 ], [ -96.692307062968709, 40.818895822520062 ], [ -96.692307319007611, 40.818893583679007 ], [ -96.692307578793432, 40.81889134501516 ], [ -96.692307842377133, 40.818889106538677 ], [ -96.692308109809687, 40.818886868259625 ], [ -96.692308381142013, 40.818884630188109 ], [ -96.692308656425112, 40.818882392334253 ], [ -96.692308935709903, 40.818880154708118 ], [ -96.69230921904736, 40.81887791731981 ], [ -96.692309506488414, 40.81887568017946 ], [ -96.69230979808404, 40.818873443297136 ], [ -96.692310093880266, 40.818871206682495 ], [ -96.692310393903497, 40.818868970343338 ], [ -96.692310698175177, 40.818866734286992 ], [ -96.692311006716807, 40.818864498520867 ], [ -96.69231131954983, 40.818862263052253 ], [ -96.692311636695734, 40.818860027888519 ], [ -96.692311958175978, 40.818857793037012 ], [ -96.692312284012047, 40.818855558505078 ], [ -96.692312614225386, 40.818853324300093 ], [ -96.692312948837497, 40.818851090429398 ], [ -96.692313287869837, 40.818848856900317 ], [ -96.692313631343865, 40.818846623720212 ], [ -96.692313979281067, 40.81884439089643 ], [ -96.692314331702917, 40.81884215843634 ], [ -96.692314688625743, 40.818839926346655 ], [ -96.692315050045408, 40.818837694631796 ], [ -96.692315415952635, 40.81883546329545 ], [ -96.692315786338128, 40.818833232341447 ], [ -96.692316161192608, 40.818831001773539 ], [ -96.692316540506809, 40.818828771595442 ], [ -96.692316924271452, 40.818826541810978 ], [ -96.692317312477257, 40.818824312423885 ], [ -96.692317705114931, 40.818822083437901 ], [ -96.692318102175207, 40.818819854856827 ], [ -96.692318503648806, 40.818817626684421 ], [ -96.692318909526435, 40.81881539892445 ], [ -96.692319319798841, 40.818813171580665 ], [ -96.692319734454074, 40.818810944656441 ], [ -96.692320153469566, 40.81880871815369 ], [ -96.692320576820094, 40.818806492073826 ], [ -96.692321004480462, 40.818804266418461 ], [ -96.692321436425431, 40.818802041188974 ], [ -96.692321872629776, 40.818799816386921 ], [ -96.692322313068303, 40.818797592013752 ], [ -96.692322757715772, 40.818795368071015 ], [ -96.692323206546973, 40.818793144560161 ], [ -96.692323659536683, 40.818790921482702 ], [ -96.692324116659677, 40.818788698840095 ], [ -96.69232457789073, 40.818786476633896 ], [ -96.692325043204647, 40.818784254865555 ], [ -96.692325512576204, 40.818782033536571 ], [ -96.692325985979338, 40.818779812648209 ], [ -96.692326463384632, 40.818777592201037 ], [ -96.692326944761845, 40.818775372195283 ], [ -96.692327430080738, 40.81877315263128 ], [ -96.692327919311055, 40.818770933509292 ], [ -96.692328412422555, 40.818768714829666 ], [ -96.692328909384997, 40.818766496592637 ], [ -96.692329410168114, 40.818764278798561 ], [ -96.692329914741691, 40.818762061447678 ], [ -96.692330423075461, 40.81875984454031 ], [ -96.692330935139168, 40.818757628076746 ], [ -96.6923314509026, 40.818755412057293 ], [ -96.692331970335488, 40.818753196482248 ], [ -96.692332493407932, 40.818750981351833 ], [ -96.692333020091468, 40.818748766666097 ], [ -96.692333550357915, 40.818746552425019 ], [ -96.692334084179194, 40.818744338628562 ], [ -96.69233462152711, 40.818742125276721 ], [ -96.692335162373553, 40.818739912369438 ], [ -96.692335706690386, 40.818737699906727 ], [ -96.692336254449458, 40.818735487888539 ], [ -96.692336805622645, 40.818733276314866 ], [ -96.692337360181796, 40.818731065185666 ], [ -96.692337918098787, 40.818728854500954 ], [ -96.692338479345466, 40.818726644260664 ], [ -96.69233904389371, 40.818724434464798 ], [ -96.692339611716477, 40.81872222511339 ], [ -96.692340182791213, 40.818720016206775 ], [ -96.692340757096488, 40.818717807745337 ], [ -96.692341334610816, 40.818715599729451 ], [ -96.692341915312767, 40.81871339215953 ], [ -96.69234249918091, 40.818711185035944 ], [ -96.692343086193759, 40.818708978359112 ], [ -96.692343676329912, 40.818706772129417 ], [ -96.692344269567869, 40.818704566347265 ], [ -96.692344865886227, 40.818702361013003 ], [ -96.692345465263514, 40.818700156127043 ], [ -96.692346067678272, 40.818697951689792 ], [ -96.692346673109085, 40.818695747701625 ], [ -96.692347281534481, 40.81869354416294 ], [ -96.692347892934748, 40.818691341074349 ], [ -96.692348507297041, 40.818689138437279 ], [ -96.692349124610288, 40.818686936253428 ], [ -96.69234974486335, 40.818684734524432 ], [ -96.692350368045155, 40.818682533251994 ], [ -96.692350994144604, 40.818680332437758 ], [ -96.692351623150586, 40.818678132083392 ], [ -96.692352255051986, 40.818675932190565 ], [ -96.692352889837736, 40.818673732760971 ], [ -96.692353527496707, 40.818671533796234 ], [ -96.6923541680178, 40.818669335298026 ], [ -96.692354811389933, 40.818667137268044 ], [ -96.692355457601991, 40.818664939707936 ], [ -96.692356106645036, 40.818662742619736 ], [ -96.692356758518784, 40.818660546006875 ], [ -96.692357413225167, 40.818658349873132 ], [ -96.692358070766034, 40.818656154222317 ], [ -96.692358731143287, 40.818653959058231 ], [ -96.692359394358832, 40.818651764384654 ], [ -96.692360060414558, 40.818649570205388 ], [ -96.692360729312341, 40.81864737652419 ], [ -96.692361401054072, 40.818645183344906 ], [ -96.692362075641654, 40.818642990671307 ], [ -96.692362753076978, 40.818640798507197 ], [ -96.692363433361933, 40.818638606856339 ], [ -96.692364116498396, 40.818636415722551 ], [ -96.692364802490715, 40.818634225110102 ], [ -96.692365491352916, 40.818632035025146 ], [ -96.692366183101484, 40.818629845474291 ], [ -96.692366877752903, 40.818627656464201 ], [ -96.692367575323644, 40.818625468001493 ], [ -96.692368275830205, 40.818623280092766 ], [ -96.692368979289029, 40.818621092744692 ], [ -96.692369685716614, 40.818618905963888 ], [ -96.692370395129458, 40.818616719756967 ], [ -96.692371107544005, 40.818614534130596 ], [ -96.692371822976753, 40.81861234909136 ], [ -96.692372541444186, 40.818610164645911 ], [ -96.692373262962775, 40.818607980800877 ], [ -96.69237398754899, 40.818605797562888 ], [ -96.692374715220325, 40.818603614938851 ], [ -96.692375445998209, 40.818601432936639 ], [ -96.692376179905125, 40.818599251564478 ], [ -96.692376916963497, 40.818597070830535 ], [ -96.692377657195806, 40.818594890742979 ], [ -96.692378400624463, 40.818592711309968 ], [ -96.69237914727195, 40.81859053253973 ], [ -96.69237989716072, 40.818588354440429 ], [ -96.692380650313225, 40.818586177020229 ], [ -96.692381406751892, 40.818584000287295 ], [ -96.6923821664992, 40.818581824249868 ], [ -96.692382929577576, 40.818579648916057 ], [ -96.6923836960095, 40.818577474294081 ], [ -96.692384465816687, 40.81857530039202 ], [ -96.692385239018023, 40.818573127217689 ], [ -96.692386015631683, 40.818570954778728 ], [ -96.692386795675816, 40.818568783082895 ], [ -96.692387579168596, 40.818566612137857 ], [ -96.692388366128171, 40.818564441951345 ], [ -96.692389156572716, 40.818562272531011 ], [ -96.692389950520393, 40.818560103884614 ], [ -96.692390747989364, 40.818557936019793 ], [ -96.692391548997804, 40.818555768944314 ], [ -96.692392353563861, 40.818553602665808 ], [ -96.692393161705695, 40.818551437192049 ], [ -96.692393973441497, 40.818549272530689 ], [ -96.692394788789414, 40.818547108689422 ], [ -96.692395607766002, 40.818544945675661 ], [ -96.69239643038145, 40.818542783495374 ], [ -96.692397256644327, 40.818540622154281 ], [ -96.692398086563216, 40.818538461658108 ], [ -96.692398920146687, 40.818536302012483 ], [ -96.692399757403308, 40.818534143223118 ], [ -96.692400598341678, 40.818531985295735 ], [ -96.692401442970365, 40.818529828235974 ], [ -96.692402291297924, 40.818527672049591 ], [ -96.692403143332967, 40.818525516742213 ], [ -96.69240399908405, 40.818523362319553 ], [ -96.692404858559755, 40.818521208787317 ], [ -96.692405721768637, 40.818519056151189 ], [ -96.692406588717319, 40.818516904416327 ], [ -96.69240745940435, 40.818514753585795 ], [ -96.692408333826378, 40.818512603662128 ], [ -96.692409211979978, 40.818510454647871 ], [ -96.692410093861753, 40.81850830654556 ], [ -96.692410979468335, 40.818506159357703 ], [ -96.692411868796285, 40.818504013086866 ], [ -96.692412761842249, 40.818501867735577 ], [ -96.692413658602774, 40.818499723306381 ], [ -96.692414559074507, 40.818497579801772 ], [ -96.692415463254065, 40.818495437224342 ], [ -96.692416371137995, 40.81849329557658 ], [ -96.692417282722943, 40.818491154861036 ], [ -96.692418198003281, 40.818489015079578 ], [ -96.692419116964501, 40.818486876231304 ], [ -96.692420039589933, 40.818484738314673 ], [ -96.692420965862851, 40.81848260132805 ], [ -96.692421895766529, 40.818480465269936 ], [ -96.692422829284311, 40.81847833013871 ], [ -96.692423766399429, 40.818476195932817 ], [ -96.692424707095213, 40.818474062650694 ], [ -96.692425651354938, 40.818471930290762 ], [ -96.692426599161934, 40.818469798851453 ], [ -96.692427550499431, 40.818467668331209 ], [ -96.692428505350776, 40.818465538728432 ], [ -96.692429463699241, 40.818463410041581 ], [ -96.692430425528116, 40.818461282269062 ], [ -96.692431390819237, 40.818459155408796 ], [ -96.69243235954859, 40.818457029456631 ], [ -96.692433331690665, 40.818454904407858 ], [ -96.692434307219997, 40.818452780257793 ], [ -96.692435286111092, 40.818450657001762 ], [ -96.692436268338469, 40.818448534635088 ], [ -96.692437253876633, 40.818446413153048 ], [ -96.692438242700106, 40.818444292550993 ], [ -96.692439234783379, 40.818442172824241 ], [ -96.692440230101013, 40.818440053968075 ], [ -96.692441228627487, 40.818437935977848 ], [ -96.692442230337321, 40.818435818848826 ], [ -96.692443235205033, 40.818433702576378 ], [ -96.692444243205557, 40.818431587155807 ], [ -96.692445254315487, 40.818429472582672 ], [ -96.692446268511858, 40.818427358852425 ], [ -96.692447285771706, 40.818425245960661 ], [ -96.692448306072023, 40.818423133902897 ], [ -96.692449329389859, 40.818421022674656 ], [ -96.692450355702235, 40.818418912271497 ], [ -96.692451384986185, 40.818416802688908 ], [ -96.692452417218703, 40.818414693922492 ], [ -96.692453452376839, 40.818412585967728 ], [ -96.692454490437598, 40.818410478820162 ], [ -96.692455531378016, 40.818408372475332 ], [ -96.692456575175129, 40.818406266928775 ], [ -96.692457621808032, 40.818404162176606 ], [ -96.692458671264177, 40.818402058217238 ], [ -96.692459723533091, 40.818399955049699 ], [ -96.692460778604328, 40.818397852672938 ], [ -96.692461836467416, 40.818395751086008 ], [ -96.692462897111895, 40.818393650287874 ], [ -96.692463960527277, 40.818391550277582 ], [ -96.692465026703132, 40.818389451054102 ], [ -96.692466095628973, 40.818387352616455 ], [ -96.692467167294325, 40.818385254963616 ], [ -96.692468241688758, 40.818383158094619 ], [ -96.692469318801784, 40.818381062008442 ], [ -96.692470398622945, 40.818378966704095 ], [ -96.69247148114178, 40.818376872180593 ], [ -96.692472566350304, 40.818374778437715 ], [ -96.692473654250406, 40.818372685478451 ], [ -96.69247474484645, 40.818370593306518 ], [ -96.692475838142826, 40.818368501925725 ], [ -96.692476934143926, 40.818366411339795 ], [ -96.692478032854083, 40.818364321552522 ], [ -96.692479134277704, 40.81836223256763 ], [ -96.692480238419165, 40.818360144388912 ], [ -96.692481345282829, 40.818358057020085 ], [ -96.692482454873073, 40.818355970464943 ], [ -96.692483567194259, 40.818353884727266 ], [ -96.692484682250793, 40.818351799810763 ], [ -96.692485800047024, 40.818349715719236 ], [ -96.692486920589332, 40.818347632457161 ], [ -96.692488043892084, 40.818345550032092 ], [ -96.692489169971651, 40.818343468452262 ], [ -96.692490298844405, 40.818341387725894 ], [ -96.692491430526687, 40.818339307861301 ], [ -96.692492565034883, 40.818337228866731 ], [ -96.692493702385349, 40.818335150750421 ], [ -96.692494842594442, 40.81833307352067 ], [ -96.692495985678562, 40.81833099718569 ], [ -96.692497131654036, 40.818328921753753 ], [ -96.692498280537251, 40.818326847233152 ], [ -96.692499432344547, 40.818324773632106 ], [ -96.692500587092326, 40.81832270095888 ], [ -96.692501744796928, 40.818320629221759 ], [ -96.692502905475905, 40.818318558429503 ], [ -96.692504069151511, 40.818316488593112 ], [ -96.692505235847179, 40.818314419724047 ], [ -96.692506405586357, 40.818312351833789 ], [ -96.692507578392465, 40.818310284933872 ], [ -96.692508754288937, 40.818308219035778 ], [ -96.692509933299206, 40.818306154150989 ], [ -96.69251111544672, 40.818304090290994 ], [ -96.692512300754913, 40.818302027467304 ], [ -96.692513489247219, 40.818299965691388 ], [ -96.692514680947056, 40.818297904974784 ], [ -96.692515875877874, 40.818295845328947 ], [ -96.692517074063119, 40.818293786765373 ], [ -96.692518275526226, 40.818291729295716 ], [ -96.692519480290798, 40.81828967293221 ], [ -96.692520688380412, 40.81828761768719 ], [ -96.692521899818701, 40.818285563573063 ], [ -96.692523114629253, 40.818283510602143 ], [ -96.692524332835688, 40.818281458786842 ], [ -96.692525554461625, 40.818279408139524 ], [ -96.692526779530624, 40.818277358672553 ], [ -96.692528008066319, 40.818275310398299 ], [ -96.692529240092313, 40.818273263329125 ], [ -96.692530475632225, 40.818271217477395 ], [ -96.692531714709645, 40.818269172855473 ], [ -96.692532957348178, 40.818267129475743 ], [ -96.692534203569949, 40.818265087350149 ], [ -96.692535453391145, 40.818263046488845 ], [ -96.692536706826473, 40.818261006901636 ], [ -96.692537963890629, 40.818258968598244 ], [ -96.69253922459832, 40.818256931588436 ], [ -96.692540488964255, 40.818254895881971 ], [ -96.692541757003113, 40.818252861488631 ], [ -96.692543028729602, 40.818250828418144 ], [ -96.692544304158446, 40.818248796680308 ], [ -96.692545583304323, 40.81824676628483 ], [ -96.692546866181971, 40.8182447372415 ], [ -96.692548152806054, 40.818242709560081 ], [ -96.692549443191297, 40.818240683250316 ], [ -96.692550737352377, 40.818238658321967 ], [ -96.692552035300736, 40.818236634783588 ], [ -96.692553337034667, 40.818234612638918 ], [ -96.69255464254914, 40.818232591890421 ], [ -96.692555951839154, 40.818230572540649 ], [ -96.692557264899733, 40.818228554592096 ], [ -96.692558581725848, 40.818226538047277 ], [ -96.69255990231251, 40.8182245229087 ], [ -96.692561226654718, 40.818222509178881 ], [ -96.692562554747454, 40.818220496860313 ], [ -96.692563886585745, 40.818218485955533 ], [ -96.692565222164561, 40.818216476467043 ], [ -96.692566561478912, 40.81821446839735 ], [ -96.692567904523798, 40.818212461748949 ], [ -96.692569251290479, 40.818210456522841 ], [ -96.692570601755278, 40.818208452713797 ], [ -96.692571955890799, 40.818206450315095 ], [ -96.692573313669627, 40.81820444932 ], [ -96.692574675064336, 40.818202449721731 ], [ -96.692576040047527, 40.81820045151359 ], [ -96.692577408591802, 40.818198454688797 ], [ -96.692578780669749, 40.81819645924061 ], [ -96.692580156253968, 40.818194465162357 ], [ -96.692581535317018, 40.818192472447208 ], [ -96.692582917831515, 40.818190481088457 ], [ -96.692584303770047, 40.818188491079361 ], [ -96.692585693105201, 40.818186502413184 ], [ -96.69258708580702, 40.818184515081938 ], [ -96.692588481835358, 40.818182529072793 ], [ -96.692589881147484, 40.818180544371671 ], [ -96.692591283700708, 40.818178560964483 ], [ -96.692592689452326, 40.818176578837139 ], [ -96.692594098359621, 40.818174597975585 ], [ -96.692595510379874, 40.81817261836575 ], [ -96.692596925470411, 40.818170639993546 ], [ -96.692598343588486, 40.818168662844876 ], [ -96.692599764691423, 40.818166686905677 ], [ -96.692601188736504, 40.818164712161881 ], [ -96.692602615681011, 40.818162738599419 ], [ -96.692604045482241, 40.81816076620418 ], [ -96.692605478097505, 40.818158794962116 ], [ -96.692606913483232, 40.818156824858555 ], [ -96.692608351592511, 40.81815485587645 ], [ -96.692609792377539, 40.818152887998203 ], [ -96.692611235790594, 40.818150921206175 ], [ -96.692612681783871, 40.818148955482741 ], [ -96.692614130309622, 40.818146990810277 ], [ -96.692615581320055, 40.81814502717117 ], [ -96.692617034767423, 40.818143064547812 ], [ -96.692618490603948, 40.818141102922567 ], [ -96.692619948781854, 40.818139142277793 ], [ -96.692621409253363, 40.818137182595883 ], [ -96.692622871970741, 40.818135223859237 ], [ -96.692624336886198, 40.818133266050197 ], [ -96.692625803952481, 40.81813130915117 ], [ -96.692627273124572, 40.818129353144521 ], [ -96.692628744357904, 40.818127398012649 ], [ -96.692630217607984, 40.818125443737948 ], [ -96.692631692830275, 40.818123490302803 ], [ -96.692633169980255, 40.818121537689585 ], [ -96.692634649013399, 40.818119585880723 ], [ -96.692636129885187, 40.818117634858567 ], [ -96.692637612551096, 40.81811568460553 ], [ -96.692639096966587, 40.818113735103985 ], [ -96.692640583087154, 40.818111786336303 ], [ -96.692642070868274, 40.818109838284933 ], [ -96.69264356026541, 40.818107890932211 ], [ -96.692645051234052, 40.81810594426053 ], [ -96.692646543731385, 40.81810399825288 ], [ -96.692648037721639, 40.818102052894645 ], [ -96.692649533170695, 40.818100108171699 ], [ -96.692651030044502, 40.81809816407003 ], [ -96.692652528308955, 40.818096220575576 ], [ -96.692654027930004, 40.818094277674255 ], [ -96.692655528873544, 40.818092335352041 ], [ -96.692657031105497, 40.818090393594858 ], [ -96.6926585345918, 40.818088452388636 ], [ -96.69266003929836, 40.818086511719358 ], [ -96.692661545191115, 40.818084571572925 ], [ -96.692663052235957, 40.818082631935283 ], [ -96.692664560398825, 40.818080692792392 ], [ -96.692666069648482, 40.818078754131399 ], [ -96.692667579965089, 40.818076815944302 ], [ -96.692669091331609, 40.818074878224287 ], [ -96.692670603731031, 40.818072940964569 ], [ -96.692672117146358, 40.818071004158355 ], [ -96.692673631560595, 40.818069067798866 ], [ -96.692675146956688, 40.818067131879296 ], [ -96.692676663317656, 40.818065196392844 ], [ -96.692678180626473, 40.818063261332718 ], [ -96.692679698866129, 40.818061326692103 ], [ -96.692681218019629, 40.818059392464221 ], [ -96.692682738069948, 40.818057458642315 ], [ -96.692684259000075, 40.818055525219542 ], [ -96.692685780797589, 40.818053592191269 ], [ -96.692687303468418, 40.818051659561469 ], [ -96.692688827023076, 40.818049727336309 ], [ -96.692690351472081, 40.818047795521885 ], [ -96.692691876825961, 40.81804586412435 ], [ -96.692693403095205, 40.818043933149809 ], [ -96.692694930290358, 40.818042002604436 ], [ -96.692696458421906, 40.81804007249432 ], [ -96.692697987500395, 40.818038142825607 ], [ -96.692699517536326, 40.818036213604451 ], [ -96.692701048540215, 40.818034284836948 ], [ -96.692702580522578, 40.818032356529244 ], [ -96.692704113493932, 40.818030428687486 ], [ -96.692705647464791, 40.818028501317805 ], [ -96.692707182451088, 40.818026574429048 ], [ -96.69270871849038, 40.81802464804106 ], [ -96.692710255625613, 40.818022722176387 ], [ -96.692711793899775, 40.81802079685761 ], [ -96.692713333355826, 40.818018872107267 ], [ -96.692714874036724, 40.81801694794796 ], [ -96.692716415985458, 40.818015024402207 ], [ -96.692717959244945, 40.818013101492596 ], [ -96.6927195038582, 40.81801117924168 ], [ -96.692721049868155, 40.818009257672038 ], [ -96.692722597317797, 40.818007336806218 ], [ -96.692724146250086, 40.818005416666779 ], [ -96.692725696707981, 40.818003497276294 ], [ -96.692727248737881, 40.81800157865932 ], [ -96.69272880239987, 40.817999660848407 ], [ -96.692730357757469, 40.817997743878067 ], [ -96.692731914874187, 40.817995827782866 ], [ -96.692733473813547, 40.817993912597309 ], [ -96.692735034639071, 40.817991998355964 ], [ -96.692736597414267, 40.817990085093349 ], [ -96.692738162202659, 40.817988172844032 ], [ -96.692739729067739, 40.817986261642503 ], [ -96.692741298073059, 40.817984351523343 ], [ -96.692742869282128, 40.817982442521043 ], [ -96.692744442758425, 40.817980534670191 ], [ -96.692746018565515, 40.817978628005307 ], [ -96.692747596767347, 40.817976722561603 ], [ -96.692749177429732, 40.817974818377024 ], [ -96.692750760618935, 40.817972915490216 ], [ -96.692752346401221, 40.817971013939818 ], [ -96.692753934842841, 40.817969113764441 ], [ -96.69275552601006, 40.817967215002753 ], [ -96.692757119969158, 40.817965317693357 ], [ -96.6927587167864, 40.817963421874893 ], [ -96.692760316528023, 40.817961527585993 ], [ -96.69276191926032, 40.817959634865318 ], [ -96.692763525049529, 40.817957743751471 ], [ -96.692765133961913, 40.817955854283085 ], [ -96.692766746063768, 40.817953966498827 ], [ -96.692768361421329, 40.817952080437273 ], [ -96.692769980098831, 40.817950196136472 ], [ -96.692771602152277, 40.817948313631675 ], [ -96.692773227635655, 40.817946432957555 ], [ -96.692774856602966, 40.817944554148788 ], [ -96.692776489108198, 40.817942677239998 ], [ -96.692778125205294, 40.817940802265866 ], [ -96.69277976494827, 40.817938929261018 ], [ -96.692781408391085, 40.817937058260135 ], [ -96.692783055587753, 40.817935189297849 ], [ -96.692784706592221, 40.817933322408848 ], [ -96.692786361458488, 40.817931457627758 ], [ -96.692788020240542, 40.817929594989216 ], [ -96.692789682992341, 40.817927734527942 ], [ -96.692791349761521, 40.817925876275304 ], [ -96.692793020570221, 40.817924020249905 ], [ -96.692794695434216, 40.817922166467028 ], [ -96.69279637436928, 40.81792031494205 ], [ -96.692798057391187, 40.817918465690262 ], [ -96.69279974451571, 40.817916618727047 ], [ -96.692801435758639, 40.817914774067688 ], [ -96.692803131135719, 40.817912931727562 ], [ -96.692804830662766, 40.817911091721982 ], [ -96.692806534355526, 40.817909254066265 ], [ -96.692808242229802, 40.817907418775761 ], [ -96.692809954301339, 40.817905585865809 ], [ -96.692811670585925, 40.817903755351736 ], [ -96.692813391099335, 40.817901927248869 ], [ -96.692815115849427, 40.817900101567922 ], [ -96.692816844812327, 40.817898278301215 ], [ -96.692818577956274, 40.817896457436412 ], [ -96.692820315249477, 40.817894638961192 ], [ -96.692822056660134, 40.817892822863222 ], [ -96.692823802156497, 40.817891009130207 ], [ -96.692825551706747, 40.8178891977498 ], [ -96.692827305279152, 40.817887388709707 ], [ -96.692829062841881, 40.817885581997608 ], [ -96.692830824363156, 40.817883777601146 ], [ -96.692832589811232, 40.817881975508044 ], [ -96.692834359154276, 40.817880175705973 ], [ -96.692836132360554, 40.817878378182584 ], [ -96.692837909395266, 40.817876582923112 ], [ -96.692839690211727, 40.817874789902717 ], [ -96.692841474760328, 40.817872999094106 ], [ -96.692843262991346, 40.81787121047001 ], [ -96.692845054855141, 40.817869424003099 ], [ -96.692846850302075, 40.817867639666105 ], [ -96.692848649282439, 40.817865857431713 ], [ -96.692850451746608, 40.817864077272645 ], [ -96.692852257644915, 40.817862299161604 ], [ -96.69285406692768, 40.817860523071261 ], [ -96.692855879545249, 40.817858748974366 ], [ -96.692857695447955, 40.817856976843608 ], [ -96.692859514586146, 40.817855206651686 ], [ -96.692861336910198, 40.817853438370364 ], [ -96.692863162370642, 40.817851671967844 ], [ -96.692864990918054, 40.817849907411343 ], [ -96.692866822503021, 40.817848144668083 ], [ -96.69286865707609, 40.817846383705337 ], [ -96.692870494587879, 40.81784462449032 ], [ -96.692872334988948, 40.817842866990283 ], [ -96.692874178229857, 40.817841111172449 ], [ -96.69287602426121, 40.817839357004054 ], [ -96.692877873033552, 40.81783760445235 ], [ -96.692879724497487, 40.817835853484588 ], [ -96.692881578603576, 40.817834104067991 ], [ -96.692883435302406, 40.817832356169774 ], [ -96.692885294544553, 40.817830609757223 ], [ -96.692887156281216, 40.817828864797598 ], [ -96.692889020466225, 40.817827121258347 ], [ -96.692890887053977, 40.817825379107006 ], [ -96.692892755998926, 40.817823638311069 ], [ -96.692894627255527, 40.817821898838083 ], [ -96.69289650077819, 40.817820160655494 ], [ -96.69289837652137, 40.817818423730863 ], [ -96.692900254439465, 40.817816688031684 ], [ -96.692902134486971, 40.817814953525478 ], [ -96.692904016618286, 40.817813220179744 ], [ -96.692905900787849, 40.81781148796199 ], [ -96.692907786950101, 40.817809756839736 ], [ -96.692909675059482, 40.817808026780476 ], [ -96.692911565073516, 40.817806297754125 ], [ -96.692913456962074, 40.817804569740034 ], [ -96.692915350698172, 40.817802842719978 ], [ -96.692917246254737, 40.817801116675724 ], [ -96.692919143604769, 40.817799391589006 ], [ -96.692921042721252, 40.817797667441582 ], [ -96.692922943577145, 40.817795944215241 ], [ -96.692924846145445, 40.817794221891702 ], [ -96.692926750399081, 40.817792500452768 ], [ -96.692928656311082, 40.817790779880156 ], [ -96.692930563854404, 40.817789060155626 ], [ -96.692932473002017, 40.817787341260953 ], [ -96.692934383726907, 40.817785623177919 ], [ -96.692936296008611, 40.817783905893499 ], [ -96.69293820985294, 40.817782189415922 ], [ -96.692940125272315, 40.817780473758624 ], [ -96.692942042279114, 40.817778758935084 ], [ -96.692943960885728, 40.817777044958724 ], [ -96.692945881104549, 40.817775331843023 ], [ -96.692947802947984, 40.817773619601439 ], [ -96.692949726428424, 40.817771908247394 ], [ -96.692951651558246, 40.817770197794438 ], [ -96.692953578349844, 40.817768488255922 ], [ -96.69295550681565, 40.817766779645353 ], [ -96.692957436968001, 40.817765071976204 ], [ -96.692959368819317, 40.817763365261889 ], [ -96.692961302381988, 40.817761659515924 ], [ -96.692963237672956, 40.81775995475563 ], [ -96.692965174727235, 40.817758251014041 ], [ -96.692967113584373, 40.817756548328113 ], [ -96.69296905428395, 40.817754846734779 ], [ -96.69297099686554, 40.817753146270974 ], [ -96.69297294136868, 40.817751446973638 ], [ -96.692974887832946, 40.817749748879741 ], [ -96.692976836297902, 40.817748052026168 ], [ -96.692978786803096, 40.817746356449916 ], [ -96.692980739388105, 40.817744662187884 ], [ -96.692982694092493, 40.817742969277027 ], [ -96.692984650955822, 40.817741277754273 ], [ -96.692986610017613, 40.817739587656597 ], [ -96.692988571313521, 40.817737899018113 ], [ -96.692990534863128, 40.817736211861778 ], [ -96.692992500682138, 40.81773452620773 ], [ -96.692994468786182, 40.817732842076133 ], [ -96.692996439190978, 40.817731159487131 ], [ -96.692998411912143, 40.817729478460905 ], [ -96.693000386965366, 40.817727799017582 ], [ -96.693002364366293, 40.817726121177309 ], [ -96.693004344130614, 40.817724444960255 ], [ -96.693006326273974, 40.817722770386567 ], [ -96.693008310812061, 40.817721097476394 ], [ -96.693010297760509, 40.817719426249894 ], [ -96.693012287135019, 40.817717756727198 ], [ -96.693014278951239, 40.817716088928506 ], [ -96.693016273217836, 40.817714422868271 ], [ -96.693018269915584, 40.817712758538448 ], [ -96.693020269018263, 40.817711095925326 ], [ -96.693022270499611, 40.817709435015189 ], [ -96.693024274333439, 40.817707775794297 ], [ -96.693026280493484, 40.81770611824895 ], [ -96.693028288953542, 40.817704462365477 ], [ -96.693030299687351, 40.817702808130072 ], [ -96.69303231266872, 40.817701155529093 ], [ -96.693034327871402, 40.817699504548813 ], [ -96.693036345269164, 40.817697855175496 ], [ -96.693038364835786, 40.817696207395421 ], [ -96.693040386545036, 40.817694561194891 ], [ -96.693042410367696, 40.817692916557235 ], [ -96.693044436262539, 40.81769127345401 ], [ -96.693046464185414, 40.817689631853789 ], [ -96.69304849409211, 40.81768799172518 ], [ -96.693050525938403, 40.817686353036763 ], [ -96.693052559680154, 40.817684715757146 ], [ -96.693054595273139, 40.817683079854923 ], [ -96.693056632673162, 40.817681445298668 ], [ -96.693058671836027, 40.817679812057008 ], [ -96.693060712717568, 40.817678180098518 ], [ -96.693062755273559, 40.817676549391777 ], [ -96.693064799459819, 40.817674919905407 ], [ -96.693066845232153, 40.81767329160801 ], [ -96.693068892546009, 40.817671664467227 ], [ -96.693070941355344, 40.81767003844719 ], [ -96.693072991613747, 40.817668413511086 ], [ -96.693075043274817, 40.817666789622116 ], [ -96.693077096292143, 40.817665166743481 ], [ -96.693079150619326, 40.817663544838361 ], [ -96.693081206209968, 40.817661923869927 ], [ -96.693083263017627, 40.817660303801418 ], [ -96.693085320995948, 40.817658684595997 ], [ -96.69308738009849, 40.817657066216881 ], [ -96.693089440278868, 40.817655448627249 ], [ -96.69309150149067, 40.817653831790309 ], [ -96.693093563687469, 40.81765221566922 ], [ -96.693095626822895, 40.817650600227218 ], [ -96.69309769085109, 40.817648985427915 ], [ -96.693099755728497, 40.817647371236717 ], [ -96.693101821412142, 40.817645757619466 ], [ -96.69310388785901, 40.817644144542001 ], [ -96.693105955026155, 40.817642531970172 ], [ -96.693108022870547, 40.817640919869824 ], [ -96.693110091349212, 40.817639308206786 ], [ -96.693112160419176, 40.81763769694691 ], [ -96.693114230037423, 40.817636086056048 ], [ -96.693116300160995, 40.817634475500007 ], [ -96.693118370746888, 40.817632865244676 ], [ -96.6931204417521, 40.817631255255861 ], [ -96.693122513133673, 40.81762964549943 ], [ -96.693124584848192, 40.817628035941645 ], [ -96.693126656850637, 40.817626426550547 ], [ -96.693128729095577, 40.817624817294607 ], [ -96.693130801537563, 40.81762320814228 ], [ -96.69313287413118, 40.817621599062043 ], [ -96.693134946830966, 40.817619990022401 ], [ -96.693137019591504, 40.817618380991767 ], [ -96.69313909236736, 40.81761677193866 ], [ -96.693141165113104, 40.81761516283153 ], [ -96.693143237783289, 40.817613553638822 ], [ -96.693145310332483, 40.817611944329066 ], [ -96.693147382715253, 40.817610334870672 ], [ -96.693149454886168, 40.817608725232148 ], [ -96.693151526800051, 40.817607115382515 ], [ -96.693153598412735, 40.81760550529313 ], [ -96.69315566968038, 40.817603894935914 ], [ -96.693157740559073, 40.817602284282728 ], [ -96.693159811004918, 40.81760067330552 ], [ -96.69316188097406, 40.817599061976225 ], [ -96.693163950422601, 40.81759745026671 ], [ -96.693166019306659, 40.817595838148875 ], [ -96.693168087582336, 40.817594225594718 ], [ -96.693170155205763, 40.817592612576057 ], [ -96.693172222133029, 40.817590999064869 ], [ -96.693174288320279, 40.817589385033024 ], [ -96.693176353723644, 40.817587770452441 ], [ -96.693178418299183, 40.817586155295061 ], [ -96.693180482005502, 40.817584539534671 ], [ -96.693182544810924, 40.817582923152713 ], [ -96.693184606686287, 40.817581306132588 ], [ -96.693186667602347, 40.817579688457627 ], [ -96.693188727529929, 40.81757807011121 ], [ -96.693190786439828, 40.817576451076647 ], [ -96.693192844302828, 40.81757483133736 ], [ -96.693194901089726, 40.817573210876695 ], [ -96.693196956771345, 40.817571589677996 ], [ -96.69319901131847, 40.817569967724623 ], [ -96.693201064701896, 40.817568344999927 ], [ -96.69320311689242, 40.81756672148731 ], [ -96.693205167860853, 40.817565097170089 ], [ -96.69320721758082, 40.817563472033719 ], [ -96.693209266037286, 40.817561846071946 ], [ -96.693211313218086, 40.817560219280651 ], [ -96.693213359111027, 40.817558591655647 ], [ -96.693215403703888, 40.817556963192786 ], [ -96.693217446984534, 40.817555333887917 ], [ -96.693219488940741, 40.817553703736863 ], [ -96.693221529560333, 40.817552072735488 ], [ -96.693223568831129, 40.81755044087965 ], [ -96.693225606740924, 40.817548808165142 ], [ -96.693227643277538, 40.817547174587851 ], [ -96.693229678428793, 40.817545540143591 ], [ -96.693231712182481, 40.817543904828241 ], [ -96.693233744526438, 40.817542268637595 ], [ -96.693235775449622, 40.817540631568285 ], [ -96.693237804945653, 40.817538993619834 ], [ -96.693239833009315, 40.817537354792535 ], [ -96.693241859635421, 40.817535715086692 ], [ -96.693243884818713, 40.817534074502575 ], [ -96.69324590855399, 40.817532433040498 ], [ -96.693247930836051, 40.817530790700744 ], [ -96.693249951659652, 40.817529147483576 ], [ -96.693251971019606, 40.817527503389329 ], [ -96.693253988910669, 40.817525858418229 ], [ -96.693256005327655, 40.817524212570653 ], [ -96.693258020265318, 40.817522565846829 ], [ -96.69326003371846, 40.81752091824707 ], [ -96.693262045680953, 40.817519269770784 ], [ -96.69326405614305, 40.817517620413916 ], [ -96.693266065094036, 40.817515970171485 ], [ -96.693268072523253, 40.817514319038573 ], [ -96.693270078420028, 40.817512667010213 ], [ -96.693272082773703, 40.817511014081468 ], [ -96.693274085573591, 40.817509360247378 ], [ -96.693276086808979, 40.817507705503004 ], [ -96.693278086469263, 40.817506049843423 ], [ -96.693280084543716, 40.817504393263633 ], [ -96.693282081021678, 40.81750273575873 ], [ -96.693284075892493, 40.817501077323747 ], [ -96.693286069145458, 40.817499417953748 ], [ -96.693288060768182, 40.81749775764218 ], [ -96.693290050741325, 40.817496096376452 ], [ -96.693292039043826, 40.817494434142198 ], [ -96.693294025654637, 40.817492770925213 ], [ -96.693296010552672, 40.81749110671123 ], [ -96.693297993716911, 40.817489441485968 ], [ -96.693299975126237, 40.8174877752352 ], [ -96.693301954759633, 40.817486107944653 ], [ -96.693303932596024, 40.817484439600101 ], [ -96.693305908614334, 40.817482770187233 ], [ -96.693307882793533, 40.81748109969184 ], [ -96.693309855112531, 40.817479428099631 ], [ -96.693311825550268, 40.817477755396354 ], [ -96.693313794085697, 40.817476081567769 ], [ -96.693315760697558, 40.817474406599167 ], [ -96.693317725363912, 40.81747273047408 ], [ -96.693319688062573, 40.817471053175588 ], [ -96.693321648771416, 40.817469374686752 ], [ -96.693323607468301, 40.817467694990697 ], [ -96.693325564131044, 40.817466014070483 ], [ -96.693327518737547, 40.8174643319092 ], [ -96.693329471265614, 40.817462648489908 ], [ -96.693331421693131, 40.817460963795725 ], [ -96.693333369997916, 40.817459277809718 ], [ -96.693335316157842, 40.817457590514977 ], [ -96.69333726015077, 40.817455901894554 ], [ -96.693339201954529, 40.817454211931604 ], [ -96.693341141548885, 40.817452520610317 ], [ -96.693343078921259, 40.817450827919487 ], [ -96.69334501406091, 40.817449133849152 ], [ -96.693346946957178, 40.817447438389266 ], [ -96.693348877599362, 40.817445741529831 ], [ -96.693350805976749, 40.817444043260785 ], [ -96.693352732078637, 40.817442343572154 ], [ -96.693354655894353, 40.817440642453903 ], [ -96.693356577413198, 40.817438939895986 ], [ -96.693358496624455, 40.817437235888441 ], [ -96.693360413517425, 40.817435530421193 ], [ -96.693362328081463, 40.817433823484237 ], [ -96.693364240305797, 40.817432115067575 ], [ -96.693366150179799, 40.817430405161168 ], [ -96.693368057694926, 40.817428693756689 ], [ -96.693369962851435, 40.817426980852446 ], [ -96.693371865651756, 40.817425266448531 ], [ -96.693373766098375, 40.817423550544916 ], [ -96.693375664193667, 40.817421833141651 ], [ -96.693377559940132, 40.817420114238779 ], [ -96.693379453340199, 40.817418393836292 ], [ -96.6933813443963, 40.817416671934254 ], [ -96.693383233110879, 40.817414948532644 ], [ -96.693385119486365, 40.817413223631561 ], [ -96.693387003525231, 40.817411497230971 ], [ -96.693388885229908, 40.817409769330908 ], [ -96.693390764602825, 40.817408039931436 ], [ -96.693392641647748, 40.817406309033679 ], [ -96.693394516373758, 40.81740457664327 ], [ -96.693396388791186, 40.817402842767024 ], [ -96.69339825891042, 40.817401107411669 ], [ -96.693400126741835, 40.817399370584035 ], [ -96.693401992295804, 40.81739763229087 ], [ -96.693403855582687, 40.817395892538919 ], [ -96.693405716612887, 40.817394151334987 ], [ -96.693407575396733, 40.817392408685834 ], [ -96.69340943194463, 40.817390664598236 ], [ -96.693411286266937, 40.817388919078994 ], [ -96.693413138374041, 40.817387172134858 ], [ -96.693414988276274, 40.817385423772585 ], [ -96.69341683598492, 40.817383673999629 ], [ -96.693418681514544, 40.817381922825994 ], [ -96.693420524880679, 40.817380170262339 ], [ -96.693422366098773, 40.817378416319308 ], [ -96.693424205184314, 40.817376661007614 ], [ -96.693426042152808, 40.817374904337875 ], [ -96.693427877019687, 40.817373146320762 ], [ -96.693429709800469, 40.817371386966961 ], [ -96.69343154051063, 40.817369626287096 ], [ -96.693433369165632, 40.817367864291867 ], [ -96.693435195780978, 40.817366100991919 ], [ -96.693437020372116, 40.817364336397915 ], [ -96.693438842954563, 40.817362570520523 ], [ -96.693440663543782, 40.817360803370399 ], [ -96.693442482155675, 40.817359034958479 ], [ -96.693444298807847, 40.817357265296735 ], [ -96.693446113518306, 40.817355494397425 ], [ -96.693447926305055, 40.81735372227277 ], [ -96.693449737186114, 40.81735194893507 ], [ -96.693451546179531, 40.817350174396537 ], [ -96.693453353303283, 40.817348398669409 ], [ -96.693455158575389, 40.817346621765971 ], [ -96.693456962013911, 40.81734484369845 ], [ -96.693458763636798, 40.817343064479083 ], [ -96.693460563462111, 40.817341284120147 ], [ -96.693462361507855, 40.81733950263385 ], [ -96.69346415779205, 40.817337720032484 ], [ -96.693465952332744, 40.817335936328234 ], [ -96.693467745148212, 40.817334151533231 ], [ -96.693469536256757, 40.817332365659595 ], [ -96.693471325676668, 40.817330578719442 ], [ -96.693473113426279, 40.817328790724822 ], [ -96.693474899523892, 40.817327001687879 ], [ -96.693476683987797, 40.817325211620691 ], [ -96.693478466836311, 40.817323420535359 ], [ -96.693480248087724, 40.817321628443999 ], [ -96.693482027760382, 40.81731983535871 ], [ -96.69348380587256, 40.817318041291578 ], [ -96.693485582442563, 40.817316246254713 ], [ -96.693487357488721, 40.817314450260227 ], [ -96.693489131028798, 40.817312653319824 ], [ -96.693490903078427, 40.817310855443878 ], [ -96.693492673652742, 40.817309056642337 ], [ -96.693494442766834, 40.817307256925169 ], [ -96.693496210435868, 40.817305456302336 ], [ -96.693497976674905, 40.817303654783807 ], [ -96.693499741499096, 40.817301852379572 ], [ -96.693501504923546, 40.817300049099572 ], [ -96.693503266963361, 40.817298244953797 ], [ -96.693505027633691, 40.817296439952202 ], [ -96.693506786949612, 40.817294634104741 ], [ -96.69350854492626, 40.817292827421433 ], [ -96.69351030157874, 40.817291019912197 ], [ -96.693512056922188, 40.817289211587017 ], [ -96.693513810970629, 40.817287402455257 ], [ -96.693515563733769, 40.817285592523831 ], [ -96.693517315220276, 40.81728378179902 ], [ -96.693519065438792, 40.817281970287155 ], [ -96.693520814397942, 40.817280157994531 ], [ -96.693522562106367, 40.817278344927452 ], [ -96.693524308572719, 40.817276531092233 ], [ -96.693526053805641, 40.81727471649517 ], [ -96.693527797813758, 40.81727290114253 ], [ -96.693529540605738, 40.817271085040687 ], [ -96.693531282190222, 40.817269268195922 ], [ -96.693533022575821, 40.817267450614494 ], [ -96.693534761771218, 40.81726563230275 ], [ -96.693536499783548, 40.817263813266258 ], [ -96.693538236614089, 40.817261993507628 ], [ -96.693539972262627, 40.817260173028771 ], [ -96.693541706728922, 40.817258351831562 ], [ -96.693543440012817, 40.817256529917927 ], [ -96.693545172114057, 40.817254707289734 ], [ -96.693546903032413, 40.817252883948882 ], [ -96.693548632767701, 40.817251059897274 ], [ -96.693550361319708, 40.817249235136764 ], [ -96.693552088688207, 40.817247409669321 ], [ -96.693553814872971, 40.817245583496756 ], [ -96.693555539873827, 40.817243756621032 ], [ -96.693557263690536, 40.817241929044016 ], [ -96.693558986322884, 40.817240100767577 ], [ -96.693560707768725, 40.817238271792768 ], [ -96.693562428018254, 40.817236442117121 ], [ -96.693564147059703, 40.817234611737284 ], [ -96.693565864881322, 40.817232780649931 ], [ -96.693567581471356, 40.81723094885173 ], [ -96.693569296818069, 40.817229116339327 ], [ -96.693571010909693, 40.817227283109375 ], [ -96.693572723734491, 40.817225449158556 ], [ -96.693574435280695, 40.817223614483531 ], [ -96.693576145536582, 40.81722177908096 ], [ -96.693577854490371, 40.81721994294751 ], [ -96.69357956213031, 40.817218106079807 ], [ -96.693581268444674, 40.817216268474567 ], [ -96.693582973419581, 40.817214430127429 ], [ -96.693584677032732, 40.81721259103017 ], [ -96.693586379259727, 40.817210751173555 ], [ -96.69358808007614, 40.817208910548366 ], [ -96.693589779457596, 40.817207069145375 ], [ -96.693591477379627, 40.817205226955366 ], [ -96.693593173817874, 40.817203383969087 ], [ -96.693594868747908, 40.817201540177336 ], [ -96.693596562145316, 40.817199695570885 ], [ -96.693598253985698, 40.817197850140509 ], [ -96.693599944244625, 40.817196003876965 ], [ -96.69360163289771, 40.817194156771023 ], [ -96.693603319920513, 40.817192308813517 ], [ -96.693605005286798, 40.817190459994272 ], [ -96.693606688962859, 40.817188610299638 ], [ -96.69360837091314, 40.817186759715071 ], [ -96.693610051102084, 40.817184908225983 ], [ -96.693611729494151, 40.817183055817821 ], [ -96.693613406053785, 40.817181202476064 ], [ -96.693615080745431, 40.817179348186102 ], [ -96.693616753533533, 40.817177492933389 ], [ -96.693618424382549, 40.817175636703396 ], [ -96.693620093256925, 40.817173779481536 ], [ -96.69362176012109, 40.817171921253269 ], [ -96.693623424939517, 40.81717006200401 ], [ -96.693625087676637, 40.81716820171922 ], [ -96.693626748296907, 40.81716634038434 ], [ -96.693628406763651, 40.817164477984363 ], [ -96.693630063035798, 40.817162614502578 ], [ -96.693631717071128, 40.817160749921783 ], [ -96.693633368827449, 40.817158884224831 ], [ -96.69363501826254, 40.817157017394528 ], [ -96.693636665334225, 40.817155149413693 ], [ -96.693638310000281, 40.817153280265195 ], [ -96.693639952218504, 40.81715140993181 ], [ -96.693641591946701, 40.817149538396421 ], [ -96.69364322914268, 40.817147665641819 ], [ -96.693644863764192, 40.817145791650809 ], [ -96.693646495769087, 40.81714391640628 ], [ -96.693648125115132, 40.817142039890996 ], [ -96.693649751759679, 40.817140162087796 ], [ -96.693651375658177, 40.817138282979322 ], [ -96.693652996765664, 40.817136402548165 ], [ -96.693654615037133, 40.817134520776989 ], [ -96.693656230427621, 40.817132637648385 ], [ -96.693657842892108, 40.817130753145001 ], [ -96.693659452385617, 40.817128867249423 ], [ -96.693661058863157, 40.817126979944284 ], [ -96.693662662279749, 40.817125091212205 ], [ -96.693664262590403, 40.817123201035805 ], [ -96.693665859750112, 40.817121309397699 ], [ -96.693667453713928, 40.817119416280505 ], [ -96.693669044436803, 40.817117521666852 ], [ -96.693670631873587, 40.817115625539529 ], [ -96.693672215978197, 40.817113727881924 ], [ -96.693673796704331, 40.817111828677646 ], [ -96.693675374005736, 40.817109927910259 ], [ -96.693676947836124, 40.817108025563336 ], [ -96.693678518149198, 40.817106121620476 ], [ -96.693680084898688, 40.81710421606526 ], [ -96.693681648038307, 40.817102308881246 ], [ -96.693683207521801, 40.817100400052027 ], [ -96.693684763302841, 40.817098489561175 ], [ -96.693686315335199, 40.817096577392277 ], [ -96.693687863572549, 40.817094663528906 ], [ -96.693689407968634, 40.817092747954639 ], [ -96.693690948477169, 40.817090830653072 ], [ -96.693692485052253, 40.817088911608209 ], [ -96.693694017649591, 40.817086990805755 ], [ -96.693695546225257, 40.817085068231926 ], [ -96.69369707073534, 40.817083143872829 ], [ -96.693698591135885, 40.817081217714673 ], [ -96.693700107383023, 40.817079289743567 ], [ -96.693701619432815, 40.817077359945735 ], [ -96.693703127241321, 40.817075428307291 ], [ -96.693704630764643, 40.817073494814423 ], [ -96.693706129958869, 40.817071559453282 ], [ -96.693707624780046, 40.817069622210042 ], [ -96.693709115184291, 40.81706768307086 ], [ -96.693710601127677, 40.817065742021896 ], [ -96.693712082567956, 40.817063799050217 ], [ -96.693713559469714, 40.817061854146488 ], [ -96.693715031799144, 40.817059907302351 ], [ -96.693716499522523, 40.817057958509331 ], [ -96.693717962606073, 40.817056007759042 ], [ -96.693719421016056, 40.817054055043045 ], [ -96.693720874718679, 40.81705210035296 ], [ -96.69372232368022, 40.817050143680355 ], [ -96.693723767866885, 40.817048185016823 ], [ -96.693725207244924, 40.817046224353923 ], [ -96.693726641780614, 40.817044261683272 ], [ -96.693728071440148, 40.817042296996448 ], [ -96.693729496189789, 40.817040330285053 ], [ -96.693730915995772, 40.817038361540618 ], [ -96.693732330827601, 40.817036390756165 ], [ -96.693733740667767, 40.817034417930245 ], [ -96.693735145502089, 40.817032443062807 ], [ -96.693736545316298, 40.817030466153781 ], [ -96.693737940096185, 40.817028487203139 ], [ -96.693739329827523, 40.817026506210816 ], [ -96.693740714496073, 40.817024523176734 ], [ -96.693742094087611, 40.8170225381009 ], [ -96.69374346858794, 40.81702055098318 ], [ -96.693744837982777, 40.817018561823623 ], [ -96.693746202257941, 40.817016570622087 ], [ -96.693747561399178, 40.817014577378586 ], [ -96.693748915392277, 40.817012582093021 ], [ -96.69375026422712, 40.817010584766933 ], [ -96.693751607910059, 40.817008585408274 ], [ -96.693752946451568, 40.817006584026501 ], [ -96.693754279862105, 40.817004580631149 ], [ -96.693755608152159, 40.817002575231712 ], [ -96.693756931332175, 40.817000567837681 ], [ -96.693758249412653, 40.816998558458579 ], [ -96.69375956240404, 40.816996547103898 ], [ -96.693760870316822, 40.816994533783159 ], [ -96.693762173161446, 40.816992518505828 ], [ -96.693763470948412, 40.816990501281431 ], [ -96.693764763688151, 40.816988482119484 ], [ -96.693766051391151, 40.816986461029494 ], [ -96.693767334072035, 40.816984438022345 ], [ -96.693768611761882, 40.816982413114808 ], [ -96.69376988449595, 40.816980386325007 ], [ -96.69377115230948, 40.816978357671076 ], [ -96.693772415237675, 40.816976327171169 ], [ -96.693773673315832, 40.816974294843412 ], [ -96.693774926579138, 40.81697226070596 ], [ -96.693776175062879, 40.816970224776959 ], [ -96.693777418802256, 40.816968187074565 ], [ -96.693778657832539, 40.816966147616917 ], [ -96.693779892188957, 40.816964106422134 ], [ -96.693781121906738, 40.816962063508363 ], [ -96.693782347021127, 40.816960018893781 ], [ -96.693783567567394, 40.816957972596498 ], [ -96.693784783583823, 40.816955924635572 ], [ -96.693785995121175, 40.816953875033555 ], [ -96.693787202233253, 40.816951823813994 ], [ -96.693788404973901, 40.816949771000317 ], [ -96.693789603396922, 40.816947716616049 ], [ -96.693790797556119, 40.816945660684617 ], [ -96.693791987505335, 40.816943603229561 ], [ -96.693793173298403, 40.816941544274322 ], [ -96.693794354989123, 40.816939483842432 ], [ -96.693795532631313, 40.816937421957313 ], [ -96.693796706278789, 40.816935358642475 ], [ -96.693797875985396, 40.816933293921437 ], [ -96.693799041804937, 40.816931227817612 ], [ -96.693800203793032, 40.816929160354888 ], [ -96.693801362012408, 40.816927091558505 ], [ -96.693802516527654, 40.816925021454082 ], [ -96.693803667403287, 40.816922950067223 ], [ -96.693804814703867, 40.81692087742352 ], [ -96.69380595849394, 40.816918803548624 ], [ -96.69380709883805, 40.816916728468122 ], [ -96.693808235800731, 40.816914652207636 ], [ -96.693809369446555, 40.816912574792759 ], [ -96.693810499840055, 40.816910496249129 ], [ -96.693811627045761, 40.816908416602331 ], [ -96.693812751128249, 40.816906335877981 ], [ -96.693813872152049, 40.816904254101701 ], [ -96.693814990181977, 40.816902171298963 ], [ -96.693816105283915, 40.816900087494616 ], [ -96.693817217523971, 40.816898002713472 ], [ -96.693818326968284, 40.816895916980236 ], [ -96.693819433683004, 40.816893830319657 ], [ -96.693820537734254, 40.816891742756489 ], [ -96.693821639188158, 40.816889654315482 ], [ -96.693822738110867, 40.816887565021375 ], [ -96.693823834568505, 40.816885474898932 ], [ -96.693824928627222, 40.816883383972886 ], [ -96.693826020353129, 40.816881292267986 ], [ -96.693827109812375, 40.816879199808987 ], [ -96.69382819707107, 40.816877106620616 ], [ -96.693829282195381, 40.81687501272765 ], [ -96.693830365249596, 40.81687291815409 ], [ -96.693831446290702, 40.816870822921189 ], [ -96.69383252537385, 40.816868727049425 ], [ -96.693833602554221, 40.816866630559296 ], [ -96.693834677886954, 40.816864533471332 ], [ -96.69383575142723, 40.816862435805987 ], [ -96.693836823230171, 40.816860337583819 ], [ -96.69383789335096, 40.816858238825304 ], [ -96.693838961844776, 40.81685613955095 ], [ -96.693840028766743, 40.816854039781241 ], [ -96.693841094172029, 40.816851939536711 ], [ -96.6938421581158, 40.816849838837854 ], [ -96.693843220653221, 40.816847737705146 ], [ -96.693844281835382, 40.816845636157851 ], [ -96.693845341697312, 40.816843534210058 ], [ -96.693846400269948, 40.81684143187465 ], [ -96.693847457584241, 40.816839329164459 ], [ -96.693848513671142, 40.816837226092318 ], [ -96.693849568561603, 40.816835122671101 ], [ -96.693850622286575, 40.816833018913648 ], [ -96.693851674877024, 40.816830914832792 ], [ -96.693852726363886, 40.816828810441407 ], [ -96.693853776778127, 40.81682670575232 ], [ -96.693854826150698, 40.816824600778396 ], [ -96.69385587451255, 40.816822495532456 ], [ -96.693856921894636, 40.816820390027381 ], [ -96.69385796832789, 40.816818284275975 ], [ -96.69385901383832, 40.816816178289592 ], [ -96.693860058432008, 40.816814072073207 ], [ -96.693861102110048, 40.81681196563035 ], [ -96.693862144873563, 40.81680985896449 ], [ -96.693863186723675, 40.816807752079136 ], [ -96.693864227661479, 40.81680564497772 ], [ -96.693865267688082, 40.816803537663773 ], [ -96.693866306804622, 40.81680143014075 ], [ -96.693867345012194, 40.816799322412152 ], [ -96.693868382311933, 40.816797214481454 ], [ -96.693869418704907, 40.816795106352146 ], [ -96.693870454192265, 40.816792998027694 ], [ -96.693871488775116, 40.81679088951163 ], [ -96.693872522450377, 40.816788780806078 ], [ -96.693873555198223, 40.816786671907984 ], [ -96.693874586994653, 40.816784562813019 ], [ -96.693875617815635, 40.816782453516794 ], [ -96.693876647637168, 40.816780344014916 ], [ -96.69387767643525, 40.816778234303058 ], [ -96.693878704185849, 40.816776124376837 ], [ -96.693879730864964, 40.816774014231875 ], [ -96.693880756448578, 40.81677190386381 ], [ -96.69388178091269, 40.816769793268286 ], [ -96.693882804233269, 40.816767682440911 ], [ -96.69388382638634, 40.816765571377339 ], [ -96.693884847347846, 40.81676346007319 ], [ -96.693885867090344, 40.816761348523059 ], [ -96.693886885572496, 40.816759236717395 ], [ -96.693887902749537, 40.816757124645584 ], [ -96.693888918576661, 40.816755012297044 ], [ -96.693889933009117, 40.816752899661189 ], [ -96.693890946002071, 40.816750786727418 ], [ -96.6938919575108, 40.81674867348508 ], [ -96.693892967490498, 40.816746559923637 ], [ -96.693893975896373, 40.816744446032466 ], [ -96.693894982683659, 40.816742331800995 ], [ -96.693895987807565, 40.816740217218602 ], [ -96.693896991223298, 40.816738102274684 ], [ -96.693897992886093, 40.816735986958662 ], [ -96.693898992751159, 40.816733871259927 ], [ -96.693899990771754, 40.816731755167346 ], [ -96.693900986893297, 40.816729638667567 ], [ -96.693901981059227, 40.816727521746756 ], [ -96.693902973212971, 40.816725404390986 ], [ -96.693903963298041, 40.816723286586395 ], [ -96.693904951257835, 40.816721168319098 ], [ -96.693905937035794, 40.816719049575248 ], [ -96.693906920575415, 40.816716930340945 ], [ -96.693907901820111, 40.816714810602278 ], [ -96.693908880713323, 40.81671269034544 ], [ -96.693909857198534, 40.816710569556491 ], [ -96.693910831219185, 40.816708448221561 ], [ -96.693911802718688, 40.81670632632683 ], [ -96.693912771640626, 40.8167042038584 ], [ -96.693913737928867, 40.816702080802713 ], [ -96.693914701527376, 40.816699957146227 ], [ -96.693915662380135, 40.816697832875406 ], [ -96.693916620431082, 40.816695707976706 ], [ -96.693917575624241, 40.816693582436621 ], [ -96.693918527903548, 40.816691456241571 ], [ -96.693919477212972, 40.816689329378029 ], [ -96.693920423496493, 40.81668720183248 ], [ -96.693921366698078, 40.81668507359138 ], [ -96.693922306761706, 40.816682944641173 ], [ -96.693923243631346, 40.816680814968329 ], [ -96.693924177250963, 40.816678684559314 ], [ -96.693925107566628, 40.816676553401166 ], [ -96.693926034532808, 40.816674421483285 ], [ -96.693926958106019, 40.81667228879563 ], [ -96.69392787824286, 40.816670155328168 ], [ -96.693928794899847, 40.816668021070875 ], [ -96.693929708033579, 40.816665886013681 ], [ -96.693930617600543, 40.816663750146596 ], [ -96.693931523557353, 40.816661613459544 ], [ -96.693932425860524, 40.816659475942508 ], [ -96.693933324466641, 40.816657337585475 ], [ -96.69393421933222, 40.816655198378406 ], [ -96.693935110413832, 40.81665305831126 ], [ -96.693935997668035, 40.816650917373984 ], [ -96.693936881051371, 40.816648775556558 ], [ -96.693937760523923, 40.816646632849867 ], [ -96.693938636059855, 40.816644489248453 ], [ -96.693939507636827, 40.81664234474777 ], [ -96.693940375232515, 40.816640199343269 ], [ -96.693941238824607, 40.816638053030424 ], [ -96.693942098390778, 40.816635905804667 ], [ -96.693942953908703, 40.816633757661442 ], [ -96.693943805356056, 40.816631608596225 ], [ -96.693944652710513, 40.816629458604474 ], [ -96.693945495949777, 40.816627307681671 ], [ -96.693946335051479, 40.81662515582321 ], [ -96.693947169993351, 40.816623003024574 ], [ -96.693948000753025, 40.816620849281236 ], [ -96.693948827312212, 40.816618694589664 ], [ -96.693949649668781, 40.816616538950541 ], [ -96.693950467824592, 40.81661438236555 ], [ -96.693951281781523, 40.816612224836433 ], [ -96.693952091541433, 40.816610066364873 ], [ -96.693952897106215, 40.816607906952562 ], [ -96.693953698477728, 40.81660574660124 ], [ -96.693954495657849, 40.816603585312571 ], [ -96.693955288648468, 40.816601423088279 ], [ -96.693956077451446, 40.816599259930086 ], [ -96.693956862068632, 40.816597095839683 ], [ -96.693957642501942, 40.816594930818759 ], [ -96.69395841875324, 40.81659276486905 ], [ -96.693959190824373, 40.816590597992224 ], [ -96.69395995872047, 40.816588430190855 ], [ -96.693960722459579, 40.816586261470775 ], [ -96.693961482062974, 40.816584091838706 ], [ -96.693962237551943, 40.816581921301314 ], [ -96.693962988947774, 40.816579749865319 ], [ -96.693963736271741, 40.816577577537402 ], [ -96.693964479545116, 40.816575404324261 ], [ -96.693965218789188, 40.816573230232585 ], [ -96.693965954025245, 40.81657105526908 ], [ -96.69396668527456, 40.816568879440425 ], [ -96.693967412558422, 40.816566702753313 ], [ -96.693968135898118, 40.816564525214488 ], [ -96.693968855314907, 40.816562346830565 ], [ -96.693969570831726, 40.816560167608671 ], [ -96.69397028247802, 40.816557987557502 ], [ -96.693970990284924, 40.816555806686111 ], [ -96.693971694283505, 40.816553625003522 ], [ -96.693972394504854, 40.816551442518865 ], [ -96.693973090980094, 40.816549259241164 ], [ -96.693973783740333, 40.816547075179528 ], [ -96.693974472816635, 40.816544890342996 ], [ -96.693975158240121, 40.816542704740627 ], [ -96.693975840041887, 40.816540518381487 ], [ -96.693976518253038, 40.816538331274671 ], [ -96.693977192904654, 40.816536143429239 ], [ -96.693977864027858, 40.816533954854258 ], [ -96.693978531653983, 40.816531765558842 ], [ -96.693979195815416, 40.816529575552316 ], [ -96.693979856544786, 40.816527384844079 ], [ -96.693980513874706, 40.81652519344351 ], [ -96.693981167837833, 40.816523001360004 ], [ -96.693981818466767, 40.816520808602931 ], [ -96.69398246579415, 40.816518615181671 ], [ -96.693983109852624, 40.816516421105653 ], [ -96.693983750674803, 40.816514226384207 ], [ -96.693984388293302, 40.816512031026768 ], [ -96.693985022740776, 40.81650983504268 ], [ -96.693985654049854, 40.816507638441344 ], [ -96.693986282253135, 40.816505441232167 ], [ -96.693986907383277, 40.816503243424499 ], [ -96.693987529471784, 40.816501045027493 ], [ -96.693988148545728, 40.816498846049342 ], [ -96.693988764631015, 40.816496646497932 ], [ -96.693989377753596, 40.816494446381178 ], [ -96.693989987939432, 40.816492245707046 ], [ -96.693990595214444, 40.816490044483388 ], [ -96.693991199604554, 40.816487842718189 ], [ -96.693991801135738, 40.816485640419323 ], [ -96.693992399833917, 40.816483437594748 ], [ -96.693992995725026, 40.816481234252322 ], [ -96.693993588835028, 40.816479030400039 ], [ -96.693994179189829, 40.816476826045772 ], [ -96.693994766815379, 40.81647462119745 ], [ -96.693995351735779, 40.816472415862641 ], [ -96.69399593396777, 40.816470210047306 ], [ -96.693996513526216, 40.816468003757109 ], [ -96.693997090426024, 40.816465796997683 ], [ -96.693997664682072, 40.816463589774642 ], [ -96.693998236309241, 40.816461382093664 ], [ -96.693998805322437, 40.816459173960325 ], [ -96.693999371736524, 40.816456965380297 ], [ -96.69399993556641, 40.816454756359171 ], [ -96.694000496826959, 40.81645254690261 ], [ -96.694001055533079, 40.816450337016235 ], [ -96.694001611699647, 40.81644812670573 ], [ -96.694002165341558, 40.816445915976644 ], [ -96.694002716472042, 40.816443704834278 ], [ -96.694003265097734, 40.816441493282355 ], [ -96.694003811223638, 40.816439281324229 ], [ -96.694004354854755, 40.816437068963261 ], [ -96.694004895996073, 40.816434856202797 ], [ -96.694005434652595, 40.816432643046205 ], [ -96.694005970829295, 40.81643042949684 ], [ -96.69400650453116, 40.816428215558041 ], [ -96.694007035763221, 40.816426001233175 ], [ -96.694007564530452, 40.81642378652559 ], [ -96.694008090837841, 40.816421571438624 ], [ -96.694008614690389, 40.816419355975697 ], [ -96.694009136093086, 40.816417140140089 ], [ -96.694009655050934, 40.81641492393522 ], [ -96.694010171569161, 40.816412707364272 ], [ -96.694010685653978, 40.816410490430044 ], [ -96.694011197311809, 40.816408273135238 ], [ -96.694011706549105, 40.816406055482439 ], [ -96.694012213372289, 40.816403837474375 ], [ -96.694012717787842, 40.816401619113719 ], [ -96.694013219802159, 40.816399400403114 ], [ -96.694013719421719, 40.816397181345195 ], [ -96.694014216652931, 40.816394961942677 ], [ -96.694014711502248, 40.816392742198204 ], [ -96.694015203976136, 40.816390522114439 ], [ -96.694015694081003, 40.816388301694055 ], [ -96.694016181823287, 40.816386080939694 ], [ -96.694016667211642, 40.81638385985422 ], [ -96.694017150263448, 40.816381638441221 ], [ -96.694017630998303, 40.816379416704386 ], [ -96.694018109435788, 40.816377194647529 ], [ -96.694018585595501, 40.816374972274332 ], [ -96.694019059496995, 40.816372749588595 ], [ -96.694019531159896, 40.816370526594064 ], [ -96.694020000603786, 40.816368303294468 ], [ -96.694020467848233, 40.816366079693559 ], [ -96.694020932912821, 40.816363855795061 ], [ -96.69402139581716, 40.816361631602753 ], [ -96.694021856580818, 40.816359407120387 ], [ -96.694022315223393, 40.81635718235168 ], [ -96.694022771764466, 40.816354957300419 ], [ -96.694023226225681, 40.816352731970468 ], [ -96.694023678636952, 40.816350506366341 ], [ -96.694024129030211, 40.816348280492676 ], [ -96.694024577437403, 40.816346054354128 ], [ -96.694025023890504, 40.816343827955315 ], [ -96.69402546842143, 40.816341601300905 ], [ -96.694025911062184, 40.816339374395568 ], [ -96.694026351844684, 40.816337147243914 ], [ -96.694026790800891, 40.816334919850597 ], [ -96.694027227962749, 40.816332692220264 ], [ -96.694027663362206, 40.816330464357563 ], [ -96.69402809703125, 40.816328236267147 ], [ -96.694028529001784, 40.816326007953649 ], [ -96.694028959306507, 40.816323779421701 ], [ -96.694029387980834, 40.816321550675738 ], [ -96.694029815060944, 40.816319321720258 ], [ -96.694030240582961, 40.816317092559622 ], [ -96.694030664583053, 40.816314863198322 ], [ -96.694031087097372, 40.816312633640777 ], [ -96.694031508162055, 40.816310403891414 ], [ -96.694031927813256, 40.816308173954695 ], [ -96.694032346087141, 40.81630594383504 ], [ -96.694032763019848, 40.81630371353689 ], [ -96.694033178647516, 40.816301483064677 ], [ -96.694033593006324, 40.816299252422859 ], [ -96.694034006132398, 40.816297021615853 ], [ -96.694034418060184, 40.816294790647781 ], [ -96.694034828817195, 40.816292559521429 ], [ -96.694035238429208, 40.816290328239283 ], [ -96.694035646922046, 40.816288096803824 ], [ -96.694036054321472, 40.816285865217537 ], [ -96.694036460653308, 40.816283633482854 ], [ -96.694036865943318, 40.816281401602296 ], [ -96.694037270217336, 40.816279169578316 ], [ -96.694037673501128, 40.816276937413377 ], [ -96.694038075820487, 40.816274705109983 ], [ -96.694038477201218, 40.816272472670612 ], [ -96.694038877669115, 40.81627024009773 ], [ -96.694039277249971, 40.816268007393774 ], [ -96.694039675969591, 40.816265774561266 ], [ -96.694040073849266, 40.816263541602098 ], [ -96.694040470892332, 40.816261308515777 ], [ -96.694040867097669, 40.816259075301303 ], [ -96.69404126246414, 40.816256841957582 ], [ -96.694041656990606, 40.816254608483625 ], [ -96.694042050675918, 40.81625237487836 ], [ -96.694042443518939, 40.816250141140756 ], [ -96.694042835518545, 40.816247907269755 ], [ -96.694043226673571, 40.816245673264341 ], [ -96.69404361698291, 40.816243439123454 ], [ -96.694044006445395, 40.816241204846058 ], [ -96.694044395059905, 40.816238970431073 ], [ -96.694044782825301, 40.816236735877524 ], [ -96.694045169734949, 40.81623450118375 ], [ -96.694045555760326, 40.816232266345743 ], [ -96.694045940867426, 40.816230031358934 ], [ -96.694046325022242, 40.816227796218762 ], [ -96.694046708190754, 40.81622556092065 ], [ -96.694047090338955, 40.81622332545998 ], [ -96.694047471432839, 40.816221089832204 ], [ -96.694047851438398, 40.816218854032748 ], [ -96.694048230321613, 40.81621661805702 ], [ -96.69404860804849, 40.816214381900458 ], [ -96.694048984584995, 40.816212145558453 ], [ -96.694049359897136, 40.816209909026455 ], [ -96.694049733950905, 40.816207672299868 ], [ -96.694050106707337, 40.81620543537381 ], [ -96.694050478107798, 40.816203198242093 ], [ -96.694050848088665, 40.816200960898207 ], [ -96.694051216586331, 40.816198723335674 ], [ -96.694051583537203, 40.816196485547962 ], [ -96.694051948877686, 40.8161942475286 ], [ -96.694052312544159, 40.816192009271056 ], [ -96.694052674473042, 40.816189770768879 ], [ -96.694053034600714, 40.816187532015519 ], [ -96.694053392863609, 40.816185293004487 ], [ -96.694053749198076, 40.816183053729297 ], [ -96.694054103540537, 40.816180814183461 ], [ -96.694054455827398, 40.816178574360421 ], [ -96.694054805995052, 40.816176334253747 ], [ -96.694055153977644, 40.816174093856979 ], [ -96.694055499700383, 40.816171853164199 ], [ -96.694055843086218, 40.816169612169531 ], [ -96.694056184058084, 40.816167370867085 ], [ -96.694056522538929, 40.816165129251033 ], [ -96.694056858451717, 40.816162887315478 ], [ -96.694057191719395, 40.816160645054573 ], [ -96.694057522264899, 40.816158402462442 ], [ -96.694057850011205, 40.816156159533222 ], [ -96.694058174881221, 40.816153916261094 ], [ -96.69405849679795, 40.816151672640125 ], [ -96.694058815684301, 40.816149428664495 ], [ -96.694059131463234, 40.816147184328294 ], [ -96.69405944405959, 40.816144939626284 ], [ -96.694059753405767, 40.816142694555431 ], [ -96.69406005943604, 40.816140449113263 ], [ -96.694060362084684, 40.816138203297328 ], [ -96.694060661286002, 40.81613595710521 ], [ -96.694060956974269, 40.816133710534437 ], [ -96.694061249083774, 40.816131463582558 ], [ -96.694061537548777, 40.816129216247106 ], [ -96.694061822303581, 40.81612696852568 ], [ -96.694062103282448, 40.816124720415779 ], [ -96.694062380419695, 40.816122471914994 ], [ -96.694062653649581, 40.816120223020825 ], [ -96.694062922906383, 40.816117973730883 ], [ -96.694063188124403, 40.816115724042682 ], [ -96.694063449244084, 40.816113473954672 ], [ -96.694063706230665, 40.816111223468809 ], [ -96.694063959055512, 40.816108972587998 ], [ -96.694064207690033, 40.816106721315094 ], [ -96.694064452105593, 40.816104469652963 ], [ -96.694064692273614, 40.816102217604509 ], [ -96.694064927108215, 40.816099965152176 ], [ -96.694065140130206, 40.816097711981747 ], [ -96.694065326281006, 40.816095457999111 ], [ -96.694065486317271, 40.816093203222273 ], [ -96.69406562099573, 40.816090947669267 ], [ -96.694065731073039, 40.816088691358082 ], [ -96.694065817305869, 40.816086434306747 ], [ -96.694065880460485, 40.81608417653424 ], [ -96.694065921341135, 40.816081918063631 ], [ -96.694065940761732, 40.816079658918895 ], [ -96.694065939536074, 40.816077399124097 ], [ -96.694065918478017, 40.816075138703262 ], [ -96.694065878401432, 40.816072877680405 ], [ -96.694065820120102, 40.816070616079564 ], [ -96.69406574444794, 40.816068353924734 ], [ -96.694065652198731, 40.816066091239989 ], [ -96.694065544186373, 40.816063828049309 ], [ -96.694065421224678, 40.81606156437676 ], [ -96.694065284127475, 40.816059300246359 ], [ -96.694065133708662, 40.816057035682121 ], [ -96.694064970794045, 40.816054770708796 ], [ -96.694064796257578, 40.816052505354101 ], [ -96.694064610985237, 40.816050239646437 ], [ -96.69406441586294, 40.816047973614225 ], [ -96.694064211776649, 40.816045707285816 ], [ -96.694063999612339, 40.816043440689747 ], [ -96.694063780255959, 40.816041173854344 ], [ -96.694063554593441, 40.816038906808046 ], [ -96.694063323510761, 40.816036639579302 ], [ -96.694063087893852, 40.816034372196498 ], [ -96.69406284862869, 40.816032104688055 ], [ -96.694062606601193, 40.81602983708239 ], [ -96.694062362697366, 40.816027569407929 ], [ -96.694062117803114, 40.816025301693074 ], [ -96.694061872810735, 40.816023033965052 ], [ -96.694061628637783, 40.816020766246432 ], [ -96.694061386208176, 40.816018498558456 ], [ -96.69406114644579, 40.816016230922543 ], [ -96.694060910274516, 40.816013963359985 ], [ -96.694060678618257, 40.816011695892115 ], [ -96.694060452400919, 40.816009428540291 ], [ -96.694060232546377, 40.816007161325828 ], [ -96.694060019978522, 40.816004894270058 ], [ -96.69405981562123, 40.816002627394333 ], [ -96.694059620398434, 40.816000360719968 ], [ -96.694059435233996, 40.815998094268302 ], [ -96.694059261051819, 40.815995828060657 ], [ -96.694059098765365, 40.815993562117143 ], [ -96.694058949246283, 40.815991296452658 ], [ -96.694058813355809, 40.815989031080917 ], [ -96.694058691955192, 40.815986766015648 ], [ -96.694058585905637, 40.815984501270499 ], [ -96.694058496068365, 40.815982236859163 ], [ -96.694058423304639, 40.815979972795354 ], [ -96.694058368475652, 40.815977709092756 ], [ -96.694058332442651, 40.815975445765055 ], [ -96.694058316066858, 40.815973182825928 ], [ -96.694058320209521, 40.815970920289104 ], [ -96.694058345731833, 40.815968658168231 ], [ -96.694058393495055, 40.815966396477044 ], [ -96.694058440625696, 40.815964813761006 ] ] } },
{ "type": "Feature", "properties": { "point_a": 206, "point_b": 207, "trip": 2, "route": "antelope_leftmost_through", "status": "corrected", "mode": "reviewed_spatial_assumption" }, "geometry": { "type": "LineString", "coordinates": [ [ -96.692603006959004, 40.820806258104099 ], [ -96.692602462053046, 40.820805474110507 ], [ -96.692601100000815, 40.820803497801833 ], [ -96.69259975054257, 40.820801516484067 ], [ -96.692598413340164, 40.82079953030636 ], [ -96.692597088055365, 40.820797539417811 ], [ -96.692595774350039, 40.820795543967584 ], [ -96.692594471885997, 40.820793544104767 ], [ -96.692593180325034, 40.820791539978515 ], [ -96.692591899329003, 40.820789531737944 ], [ -96.6925906285759, 40.820787519526178 ], [ -96.692589367808438, 40.820785503462226 ], [ -96.692588116785544, 40.820783483659127 ], [ -96.692586875266116, 40.820781460229931 ], [ -96.692585643009082, 40.820779433287598 ], [ -96.692584419773311, 40.820777402945239 ], [ -96.692583205317746, 40.820775369315811 ], [ -96.692581999401284, 40.820773332512381 ], [ -96.692580801782839, 40.82077129264794 ], [ -96.692579612221323, 40.820769249835529 ], [ -96.692578430475621, 40.820767204188172 ], [ -96.692577256304673, 40.820765155818904 ], [ -96.692576089467366, 40.820763104840736 ], [ -96.692574929719925, 40.820761051365459 ], [ -96.692573776807848, 40.820758995500015 ], [ -96.692572630473933, 40.820756937350062 ], [ -96.692571490460978, 40.820754877021294 ], [ -96.692570356511752, 40.820752814619382 ], [ -96.692569228369109, 40.820750750250056 ], [ -96.69256810577582, 40.820748684018966 ], [ -96.692566988474681, 40.820746616031812 ], [ -96.692565876208491, 40.820744546394252 ], [ -96.692564768720075, 40.820742475212029 ], [ -96.692563665752203, 40.820740402590765 ], [ -96.692562567047673, 40.820738328636189 ], [ -96.692561472349311, 40.820736253453951 ], [ -96.692560381399915, 40.820734177149802 ], [ -96.692559293925896, 40.820732099833911 ], [ -96.692558209588213, 40.820730021634937 ], [ -96.692557128031453, 40.82072794268602 ], [ -96.692556048900201, 40.820725863120273 ], [ -96.692554971839044, 40.820723783070903 ], [ -96.692553896492569, 40.820721702671023 ], [ -96.692552822505334, 40.820719622053844 ], [ -96.692551749521954, 40.820717541352487 ], [ -96.692550677187015, 40.820715460700107 ], [ -96.692549605145075, 40.820713380229869 ], [ -96.692548533040721, 40.820711300074933 ], [ -96.692547460518568, 40.82070922036845 ], [ -96.692546387223175, 40.82070714124356 ], [ -96.69254531278186, 40.82070506284019 ], [ -96.692544236752838, 40.820702985325163 ], [ -96.692543158677026, 40.82070090887202 ], [ -96.692542078095414, 40.82069883365439 ], [ -96.692540994548892, 40.820696759845788 ], [ -96.69253990757845, 40.820694687619834 ], [ -96.692538816724976, 40.820692617150065 ], [ -96.692537721529447, 40.820690548610081 ], [ -96.692536621532795, 40.820688482173445 ], [ -96.692535516275939, 40.820686418013707 ], [ -96.692534405299867, 40.82068435630444 ], [ -96.692533289163407, 40.820682296809991 ], [ -96.692532177078519, 40.820680235815516 ], [ -96.692531071316083, 40.820678172397265 ], [ -96.692529971784282, 40.820676106582695 ], [ -96.692528878379136, 40.820674038404455 ], [ -96.692527790996721, 40.820671967895116 ], [ -96.692526709533084, 40.820669895087335 ], [ -96.692525633884273, 40.820667820013689 ], [ -96.692524563946336, 40.820665742706844 ], [ -96.692523499615319, 40.820663663199419 ], [ -96.6925224407873, 40.820661581523993 ], [ -96.692521387358312, 40.820659497713216 ], [ -96.692520339224401, 40.820657411799708 ], [ -96.692519296281631, 40.820655323816077 ], [ -96.692518258426063, 40.820653233794943 ], [ -96.692517225553715, 40.820651141768913 ], [ -96.692516197556373, 40.820649047773067 ], [ -96.692515174308653, 40.820646951852105 ], [ -96.692514155680882, 40.820644854053128 ], [ -96.692513141543358, 40.820642754423297 ], [ -96.692512131766435, 40.82064065300974 ], [ -96.692511126220438, 40.820638549859616 ], [ -96.692510124775666, 40.820636445019993 ], [ -96.692509127302472, 40.820634338538092 ], [ -96.692508133671183, 40.820632230460944 ], [ -96.692507143752096, 40.820630120835766 ], [ -96.692506157415551, 40.820628009709672 ], [ -96.692505174531874, 40.820625897129766 ], [ -96.692504194971391, 40.820623783143212 ], [ -96.692503218608394, 40.820621667796651 ], [ -96.692502245333031, 40.820619551134953 ], [ -96.692501275039476, 40.820617433202443 ], [ -96.692500307621813, 40.820615314043486 ], [ -96.692499342974202, 40.820613193702471 ], [ -96.692498380990756, 40.820611072223713 ], [ -96.692497421565619, 40.820608949651621 ], [ -96.692496464592907, 40.82060682603052 ], [ -96.692495509966761, 40.820604701404811 ], [ -96.692494557581313, 40.820602575818803 ], [ -96.69249360733069, 40.820600449316935 ], [ -96.692492659109035, 40.820598321943493 ], [ -96.692491712810465, 40.82059619374288 ], [ -96.692490768329108, 40.820594064759419 ], [ -96.692489825567648, 40.820591935034969 ], [ -96.692488884462819, 40.820589804601155 ], [ -96.692487944959936, 40.820587673487019 ], [ -96.692487007004303, 40.820585541721684 ], [ -96.692486070541221, 40.820583409334219 ], [ -96.692485135515994, 40.820581276353685 ], [ -96.69248420187391, 40.820579142809187 ], [ -96.692483269560256, 40.820577008729799 ], [ -96.69248233852035, 40.820574874144576 ], [ -96.692481408699479, 40.82057273908265 ], [ -96.692480480042931, 40.820570603573046 ], [ -96.692479552496039, 40.82056846764489 ], [ -96.692478626004089, 40.820566331327264 ], [ -96.692477700519348, 40.820564194646316 ], [ -96.692476776022048, 40.820562057616733 ], [ -96.692475852499399, 40.820559920250297 ], [ -96.692474929938584, 40.820557782558737 ], [ -96.692474008326826, 40.820555644553856 ], [ -96.692473087651322, 40.820553506247379 ], [ -96.692472167899282, 40.820551367651085 ], [ -96.692471249057917, 40.82054922877677 ], [ -96.692470331114421, 40.820547089636186 ], [ -96.692469414055992, 40.820544950241093 ], [ -96.692468497869854, 40.82054281060325 ], [ -96.692467582543188, 40.820540670734438 ], [ -96.692466668063219, 40.820538530646424 ], [ -96.692465754421534, 40.820536390349034 ], [ -96.692464841627341, 40.820534249844449 ], [ -96.692463929694227, 40.820532109132877 ], [ -96.692463018635777, 40.82052996821453 ], [ -96.692462108465605, 40.820527827089641 ], [ -96.692461199197297, 40.82052568575844 ], [ -96.692460290844465, 40.820523544221146 ], [ -96.692459383420655, 40.820521402477986 ], [ -96.692458476939507, 40.820519260529188 ], [ -96.692457571414593, 40.82051711837498 ], [ -96.692456666859528, 40.820514976015573 ], [ -96.692455763287867, 40.820512833451197 ], [ -96.692454860713255, 40.820510690682084 ], [ -96.692453959149248, 40.820508547708449 ], [ -96.692453058611662, 40.82050640452956 ], [ -96.692452159125139, 40.820504261140712 ], [ -96.692451260716524, 40.820502117536293 ], [ -96.692450363412661, 40.820499973710611 ], [ -96.692449467240408, 40.820497829658059 ], [ -96.69244857222661, 40.820495685372968 ], [ -96.692447678398111, 40.820493540849697 ], [ -96.692446785781783, 40.820491396082616 ], [ -96.692445894404429, 40.820489251066036 ], [ -96.692445004292935, 40.820487105794363 ], [ -96.692444115474146, 40.820484960261901 ], [ -96.692443227974906, 40.820482814462991 ], [ -96.692442341822044, 40.820480668392044 ], [ -96.692441457043131, 40.820478522043118 ], [ -96.692440573668435, 40.820476375409299 ], [ -96.692439691728964, 40.820474228483384 ], [ -96.692438811255727, 40.820472081258202 ], [ -96.692437932279674, 40.820469933726578 ], [ -96.692437054831785, 40.820467785881341 ], [ -96.692436178943112, 40.820465637715259 ], [ -96.69243530464459, 40.820463489221183 ], [ -96.692434431967214, 40.820461340391901 ], [ -96.692433560941993, 40.820459191220273 ], [ -96.692432691599919, 40.820457041699072 ], [ -96.69243182397193, 40.820454891821143 ], [ -96.692430958089076, 40.820452741579281 ], [ -96.692430093982253, 40.820450590966487 ], [ -96.692429231682127, 40.820448439976374 ], [ -96.692428371219279, 40.820446288602696 ], [ -96.692427512624306, 40.820444136839242 ], [ -96.692426655927804, 40.820441984679782 ], [ -96.692425801160368, 40.820439832118112 ], [ -96.692424948352581, 40.820437679147979 ], [ -96.692424097535053, 40.820435525763209 ], [ -96.692423248738365, 40.820433371957527 ], [ -96.692422401993099, 40.820431217724746 ], [ -96.69242155732988, 40.820429063058604 ], [ -96.69242071477926, 40.820426907952935 ], [ -96.692419874371879, 40.820424752401472 ], [ -96.692419036138276, 40.820422596397989 ], [ -96.692418200108548, 40.820420439936726 ], [ -96.692417366310622, 40.820418283013687 ], [ -96.692416534771866, 40.8204161256253 ], [ -96.692415705519679, 40.82041396776804 ], [ -96.692414878581474, 40.820411809438369 ], [ -96.692414053984621, 40.820409650632698 ], [ -96.692413231756518, 40.820407491347488 ], [ -96.69241241192455, 40.820405331579188 ], [ -96.692411594516116, 40.820403171324273 ], [ -96.692410779558614, 40.82040101057914 ], [ -96.692409967079428, 40.820398849340307 ], [ -96.692409157105971, 40.820396687604159 ], [ -96.692408349665598, 40.820394525367192 ], [ -96.692407544783919, 40.8203923626264 ], [ -96.692406742479264, 40.820390199381166 ], [ -96.69240594276819, 40.820388035631382 ], [ -96.692405145667195, 40.820385871376992 ], [ -96.692404351192849, 40.820383706617925 ], [ -96.692403559361679, 40.820381541354138 ], [ -96.692402770190199, 40.820379375585496 ], [ -96.692401983694978, 40.820377209311971 ], [ -96.692401199892529, 40.820375042533506 ], [ -96.69240041879938, 40.820372875249973 ], [ -96.6923996404321, 40.820370707461358 ], [ -96.692398864807203, 40.820368539167553 ], [ -96.6923980919412, 40.820366370368511 ], [ -96.692397321850677, 40.820364201064137 ], [ -96.69239655454902, 40.820362031254959 ], [ -96.692395790037139, 40.820359860943917 ], [ -96.692395028312873, 40.820357690134486 ], [ -96.692394269373992, 40.820355518830226 ], [ -96.69239351321832, 40.820353347034604 ], [ -96.692392759843656, 40.820351174751146 ], [ -96.692392009247797, 40.820349001983367 ], [ -96.69239126142854, 40.820346828734785 ], [ -96.692390516383725, 40.820344655008903 ], [ -96.69238977411112, 40.820342480809259 ], [ -96.692389034608524, 40.820340306139315 ], [ -96.692388297873762, 40.820338131002615 ], [ -96.692387563904632, 40.820335955402676 ], [ -96.692386832695931, 40.820333779343393 ], [ -96.692386104230437, 40.820331602830208 ], [ -96.692385378487941, 40.820329425869005 ], [ -96.692384655448208, 40.820327248465574 ], [ -96.692383935091058, 40.820325070625827 ], [ -96.692383217396241, 40.820322892355563 ], [ -96.692382502343534, 40.820320713660628 ], [ -96.69238178991273, 40.820318534546921 ], [ -96.692381080083621, 40.820316355020225 ], [ -96.69238037283597, 40.820314175086438 ], [ -96.692379668149556, 40.820311994751393 ], [ -96.692378966004185, 40.820309814020916 ], [ -96.69237826637962, 40.820307632900864 ], [ -96.692377569252997, 40.820305451397267 ], [ -96.692376874590849, 40.820303269516899 ], [ -96.69237618235708, 40.820301087266699 ], [ -96.692375492515552, 40.82029890465359 ], [ -96.692374805030184, 40.820296721684564 ], [ -96.692374119864851, 40.82029453836649 ], [ -96.692373436983445, 40.820292354706382 ], [ -96.692372756349855, 40.820290170711139 ], [ -96.692372077927956, 40.820287986387754 ], [ -96.692371401681669, 40.820285801743111 ], [ -96.692370727574854, 40.820283616784202 ], [ -96.692370055571416, 40.820281431517948 ], [ -96.692369385635246, 40.820279245951284 ], [ -96.692368717730204, 40.820277060091207 ], [ -96.692368051818789, 40.820274873944548 ], [ -96.692367387857743, 40.820272687518106 ], [ -96.692366725802373, 40.820270500818644 ], [ -96.692366065607999, 40.820268313852885 ], [ -96.692365407229957, 40.820266126627544 ], [ -96.692364750623554, 40.82026393914937 ], [ -96.692364095744125, 40.820261751425129 ], [ -96.692363442546977, 40.820259563461477 ], [ -96.692362790987445, 40.820257375265221 ], [ -96.692362141020823, 40.82025518684307 ], [ -96.692361492602458, 40.820252998201759 ], [ -96.692360845687674, 40.820250809348011 ], [ -96.692360200231789, 40.820248620288602 ], [ -96.692359556190766, 40.820246431030093 ], [ -96.692358913523265, 40.820244241578727 ], [ -96.692358272188571, 40.820242051940532 ], [ -96.692357632145999, 40.820239862121582 ], [ -96.692356993354849, 40.820237672127938 ], [ -96.692356355774422, 40.820235481965682 ], [ -96.692355719364002, 40.820233291640882 ], [ -96.692355084082919, 40.820231101159578 ], [ -96.692354449890445, 40.82022891052786 ], [ -96.692353816745921, 40.820226719751787 ], [ -96.692353184608592, 40.820224528837421 ], [ -96.6923525534378, 40.820222337790852 ], [ -96.692351923192845, 40.820220146618119 ], [ -96.692351293837007, 40.820217955324814 ], [ -96.692350665349522, 40.820215763914668 ], [ -96.692350037713638, 40.820213572390863 ], [ -96.692349410912584, 40.820211380756625 ], [ -96.692348784929578, 40.820209189015181 ], [ -96.692348159747851, 40.820206997169763 ], [ -96.692347535350649, 40.820204805223575 ], [ -96.692346911721202, 40.820202613179831 ], [ -96.692346288842742, 40.820200421041761 ], [ -96.6923456666985, 40.820198228812586 ], [ -96.692345045271679, 40.820196036495538 ], [ -96.692344424545567, 40.820193844093815 ], [ -96.692343804503352, 40.820191651610649 ], [ -96.69234318512828, 40.82018945904926 ], [ -96.692342566409465, 40.820187266411921 ], [ -96.692341948359612, 40.820185073697196 ], [ -96.692341330997337, 40.820182880902642 ], [ -96.692340714341213, 40.8201806880259 ], [ -96.692340098409844, 40.820178495064567 ], [ -96.692339483221815, 40.820176302016236 ], [ -96.69233886879573, 40.820174108878483 ], [ -96.692338255150176, 40.820171915648956 ], [ -96.692337642303769, 40.820169722325247 ], [ -96.69233703027507, 40.820167528904925 ], [ -96.692336419082693, 40.820165335385624 ], [ -96.692335808745241, 40.820163141764944 ], [ -96.692335199281274, 40.820160948040467 ], [ -96.69233459071495, 40.820158754208933 ], [ -96.692333983092411, 40.820156560263669 ], [ -96.692333376465328, 40.820154366197102 ], [ -96.6923327708854, 40.820152172001684 ], [ -96.692332166404313, 40.820149977669857 ], [ -96.692331563073751, 40.820147783194059 ], [ -96.69233096094537, 40.820145588566724 ], [ -96.692330360070869, 40.820143393780313 ], [ -96.692329760501934, 40.820141198827272 ], [ -96.69232916229025, 40.820139003700035 ], [ -96.692328565487486, 40.820136808391034 ], [ -96.692327970145342, 40.820134612892744 ], [ -96.69232737631549, 40.820132417197556 ], [ -96.692326784049598, 40.820130221297973 ], [ -96.69232619340282, 40.82012802518593 ], [ -96.692325604443951, 40.820125828851573 ], [ -96.692325017245338, 40.820123632284556 ], [ -96.6923244318792, 40.820121435474547 ], [ -96.692323848417843, 40.820119238411166 ], [ -96.69232326693357, 40.820117041084124 ], [ -96.692322687498631, 40.820114843483033 ], [ -96.69232211018533, 40.82011264559759 ], [ -96.692321535065915, 40.820110447417434 ], [ -96.692320962212719, 40.820108248932208 ], [ -96.692320391697976, 40.820106050131592 ], [ -96.692319823593991, 40.820103851005243 ], [ -96.692319257973026, 40.820101651542828 ], [ -96.692318694907769, 40.820099451734002 ], [ -96.692318134472472, 40.820097251568647 ], [ -96.692317576741743, 40.820095051036603 ], [ -96.692317021790217, 40.820092850127772 ], [ -96.692316469692528, 40.820090648831965 ], [ -96.692315920523299, 40.820088447139113 ], [ -96.692315374357179, 40.820086245039057 ], [ -96.69231483126876, 40.820084042521678 ], [ -96.692314291332707, 40.820081839576808 ], [ -96.69231375462364, 40.820079636194393 ], [ -96.692313221216182, 40.820077432364236 ], [ -96.692312691184966, 40.82007522807627 ], [ -96.692312164604616, 40.82007302332029 ], [ -96.692311641546908, 40.820070818086663 ], [ -96.692311122072027, 40.82006861236755 ], [ -96.692310606237342, 40.820066406155554 ], [ -96.692310094100179, 40.820064199443266 ], [ -96.692309585717865, 40.820061992223337 ], [ -96.692309081147783, 40.820059784488379 ], [ -96.692308580447246, 40.820057576230951 ], [ -96.692308083673595, 40.8200553674437 ], [ -96.692307590884184, 40.820053158119272 ], [ -96.69230710213634, 40.820050948250206 ], [ -96.692306617487418, 40.820048737829161 ], [ -96.692306136994745, 40.820046526848735 ], [ -96.692305660715675, 40.820044315301551 ], [ -96.69230518870755, 40.820042103180214 ], [ -96.692304721021884, 40.820039890478185 ], [ -96.69230425768707, 40.820037677192339 ], [ -96.692303798725632, 40.820035463320437 ], [ -96.692303344160152, 40.820033248860184 ], [ -96.692302894013153, 40.820031033809315 ], [ -96.692302448307217, 40.820028818165582 ], [ -96.692302007064868, 40.820026601926713 ], [ -96.6923015703087, 40.820024385090456 ], [ -96.692301138061225, 40.820022167654514 ], [ -96.692300710345037, 40.820019949616629 ], [ -96.692300287182647, 40.820017730974563 ], [ -96.692299868596649, 40.820015511726019 ], [ -96.692299454609582, 40.82001329186874 ], [ -96.692299045237675, 40.820011071401453 ], [ -96.692298640471932, 40.82000885032673 ], [ -96.692298240297021, 40.820006628648166 ], [ -96.692297844697606, 40.820004406369321 ], [ -96.692297453658384, 40.820002183493763 ], [ -96.69229706716402, 40.819999960025086 ], [ -96.692296685199167, 40.819997735966858 ], [ -96.692296307748521, 40.819995511322645 ], [ -96.692295934796775, 40.819993286096036 ], [ -96.692295566328553, 40.819991060290583 ], [ -96.692295202328566, 40.819988833909875 ], [ -96.692294842781479, 40.819986606957485 ], [ -96.692294487671958, 40.819984379436974 ], [ -96.692294136979285, 40.819982151352683 ], [ -96.692293790661054, 40.819979922711909 ], [ -96.692293448669488, 40.819977693522674 ], [ -96.692293110956797, 40.819975463793035 ], [ -96.69229277747516, 40.819973233531044 ], [ -96.692292448176815, 40.819971002744751 ], [ -96.692292123013971, 40.819968771442177 ], [ -96.692291801938794, 40.819966539631395 ], [ -96.692291484903521, 40.819964307320426 ], [ -96.692291171860361, 40.819962074517342 ], [ -96.692290862761496, 40.819959841230187 ], [ -96.692290557559161, 40.819957607466968 ], [ -96.692290256205553, 40.81995537323575 ], [ -96.69228995865285, 40.819953138544598 ], [ -96.692289664851174, 40.819950903401839 ], [ -96.692289374742003, 40.819948667817016 ], [ -96.692289088264758, 40.819946431799949 ], [ -96.6922888053588, 40.819944195360456 ], [ -96.692288525963534, 40.819941958508423 ], [ -96.69228825001835, 40.819939721253625 ], [ -96.692287977462613, 40.819937483605912 ], [ -96.69228770823571, 40.819935245575124 ], [ -96.692287442277063, 40.819933007171109 ], [ -96.692287179526033, 40.819930768403644 ], [ -96.692286919922012, 40.819928529282606 ], [ -96.692286663404374, 40.819926289817836 ], [ -96.692286409912541, 40.819924050019118 ], [ -96.692286159387791, 40.819921809896215 ], [ -96.692285911779152, 40.819919569458229 ], [ -96.692285667037524, 40.819917328714297 ], [ -96.692285425113852, 40.819915087673415 ], [ -96.692285185959037, 40.819912846344685 ], [ -96.692284949524037, 40.819910604737117 ], [ -96.692284715759769, 40.819908362859778 ], [ -96.692284484617133, 40.819906120721718 ], [ -96.692284256047103, 40.819903878331999 ], [ -96.692284030000565, 40.819901635699665 ], [ -96.692283806428435, 40.819899392833797 ], [ -96.692283585281686, 40.819897149743404 ], [ -96.692283366511219, 40.819894906437547 ], [ -96.692283150067951, 40.819892662925326 ], [ -96.692282935906789, 40.819890419215341 ], [ -96.69228272399846, 40.819888175314659 ], [ -96.692282514317682, 40.819885931229983 ], [ -96.692282306839147, 40.819883686967906 ], [ -96.692282101537572, 40.81988144253512 ], [ -96.692281898387677, 40.81987919793827 ], [ -96.692281697364123, 40.819876953184021 ], [ -96.692281498441659, 40.819874708279045 ], [ -96.692281301594974, 40.81987246322997 ], [ -96.692281106798774, 40.819870218043455 ], [ -96.692280914027762, 40.819867972726179 ], [ -96.692280723256658, 40.819865727284771 ], [ -96.692280534460153, 40.819863481725911 ], [ -96.692280347616432, 40.819861236055758 ], [ -96.692280162717552, 40.81985899027837 ], [ -96.692279979759036, 40.819856744397327 ], [ -96.692279798736436, 40.819854498416198 ], [ -96.692279619645248, 40.819852252338599 ], [ -96.692279442481038, 40.819850006168068 ], [ -96.692279267239314, 40.819847759908193 ], [ -96.692279093915616, 40.819845513562555 ], [ -96.69227892250548, 40.819843267134708 ], [ -96.692278753004445, 40.81984102062826 ], [ -96.692278585408019, 40.819838774046765 ], [ -96.692278419711727, 40.819836527393775 ], [ -96.69227825591112, 40.819834280672929 ], [ -96.69227809400391, 40.819832033887415 ], [ -96.692277933996465, 40.819829787038991 ], [ -96.692277775897381, 40.81982754012909 ], [ -96.692277619715213, 40.819825293159113 ], [ -96.692277465458545, 40.819823046130473 ], [ -96.692277313135932, 40.819820799044599 ], [ -96.692277162755971, 40.819818551902905 ], [ -96.692277014327189, 40.819816304706798 ], [ -96.692276867858197, 40.819814057457698 ], [ -96.692276723357537, 40.819811810157006 ], [ -96.692276580833791, 40.819809562806157 ], [ -96.692276440295544, 40.81980731540655 ], [ -96.692276301751349, 40.819805067959614 ], [ -96.692276165209776, 40.819802820466748 ], [ -96.692276030680304, 40.819800572929218 ], [ -96.692275898176021, 40.819798325347534 ], [ -96.692275767710939, 40.819796077722124 ], [ -96.692275639299083, 40.819793830053335 ], [ -96.69227551295441, 40.819791582341544 ], [ -96.692275388690931, 40.819789334587163 ], [ -96.692275266522671, 40.819787086790519 ], [ -96.692275146463629, 40.819784838952032 ], [ -96.692275028527803, 40.819782591072048 ], [ -96.692274912729175, 40.819780343150967 ], [ -96.692274799081758, 40.81977809518915 ], [ -96.692274687599564, 40.819775847187003 ], [ -96.69227457829659, 40.819773599144881 ], [ -96.69227447118655, 40.819771351063146 ], [ -96.692274366282078, 40.819769102942018 ], [ -96.692274263595493, 40.819766854781683 ], [ -96.692274163139103, 40.819764606582346 ], [ -96.6922740649253, 40.819762358344221 ], [ -96.692273968966362, 40.819760110067492 ], [ -96.692273875274651, 40.819757861752315 ], [ -96.69227378386249, 40.819755613398961 ], [ -96.692273694742212, 40.819753365007578 ], [ -96.692273607926154, 40.819751116578381 ], [ -96.69227352342665, 40.819748868111546 ], [ -96.692273441256035, 40.81974661960728 ], [ -96.692273361426629, 40.819744371065788 ], [ -96.69227328394885, 40.819742122487348 ], [ -96.69227320882537, 40.819739873872578 ], [ -96.692273136056954, 40.81973762522216 ], [ -96.692273065644358, 40.819735376536819 ], [ -96.692272997588304, 40.819733127817244 ], [ -96.692272931889605, 40.819730879064139 ], [ -96.692272868548955, 40.819728630278199 ], [ -96.69227280756715, 40.819726381460143 ], [ -96.692272748944916, 40.819724132610645 ], [ -96.692272692683034, 40.819721883730409 ], [ -96.692272638782242, 40.819719634820153 ], [ -96.692272587243281, 40.819717385880566 ], [ -96.692272538066916, 40.819715136912386 ], [ -96.692272491253931, 40.819712887916261 ], [ -96.692272446801738, 40.819710638893049 ], [ -96.692272404694606, 40.819708389844344 ], [ -96.692272364913507, 40.819706140771807 ], [ -96.692272327439397, 40.819703891677136 ], [ -96.692272292253236, 40.819701642562045 ], [ -96.692272259335965, 40.81969939342823 ], [ -96.692272228668585, 40.819697144277377 ], [ -96.692272200232011, 40.819694895111219 ], [ -96.692272174007229, 40.81969264593139 ], [ -96.69227214997521, 40.819690396739652 ], [ -96.692272128116883, 40.819688147537704 ], [ -96.692272108413221, 40.819685898327215 ], [ -96.692272090845165, 40.819683649109884 ], [ -96.692272075391102, 40.819681399887649 ], [ -96.69227206201883, 40.819679150663248 ], [ -96.692272050693575, 40.819676901439713 ], [ -96.692272041380562, 40.819674652219987 ], [ -96.69227203404499, 40.819672403007075 ], [ -96.692272028652127, 40.819670153803941 ], [ -96.692272025167128, 40.819667904613596 ], [ -96.692272023555248, 40.819665655439003 ], [ -96.692272023781683, 40.819663406283162 ], [ -96.692272025811675, 40.819661157149064 ], [ -96.692272029610436, 40.819658908039663 ], [ -96.692272035143162, 40.819656658957967 ], [ -96.692272042375095, 40.819654409906974 ], [ -96.692272051271445, 40.819652160889625 ], [ -96.692272061796828, 40.819649911909103 ], [ -96.692272073913372, 40.819647662969103 ], [ -96.692272087582651, 40.819645414073563 ], [ -96.692272102766196, 40.819643165226324 ], [ -96.692272119425539, 40.819640916431332 ], [ -96.692272137522252, 40.819638667692438 ], [ -96.692272157017854, 40.819636419013527 ], [ -96.692272177873903, 40.819634170398537 ], [ -96.692272200051931, 40.819631921851325 ], [ -96.692272223513498, 40.819629673375793 ], [ -96.692272248220135, 40.819627424975792 ], [ -96.692272274133387, 40.819625176655279 ], [ -96.6922723012148, 40.819622928418106 ], [ -96.692272329427311, 40.819620680268144 ], [ -96.69227235873943, 40.819618432209126 ], [ -96.692272389121044, 40.819616184244772 ], [ -96.692272420542025, 40.819613936378786 ], [ -96.692272452972304, 40.819611688614856 ], [ -96.692272486381725, 40.819609440956725 ], [ -96.692272520740232, 40.819607193408075 ], [ -96.69227255601767, 40.819604945972621 ], [ -96.692272592183954, 40.819602698654073 ], [ -96.692272629209, 40.819600451456161 ], [ -96.692272667062667, 40.819598204382544 ], [ -96.692272705714842, 40.819595957436981 ], [ -96.692272745135426, 40.819593710623153 ], [ -96.69227278529749, 40.819591463944612 ], [ -96.692272826186567, 40.819589217404257 ], [ -96.692272867791417, 40.819586971004796 ], [ -96.692272910100741, 40.819584724749006 ], [ -96.692272953103284, 40.81958247863961 ], [ -96.692272996787793, 40.819580232679314 ], [ -96.692273041142954, 40.819577986870897 ], [ -96.692273086157513, 40.819575741217051 ], [ -96.692273131820201, 40.819573495720533 ], [ -96.692273178119734, 40.819571250384065 ], [ -96.692273225044843, 40.819569005210383 ], [ -96.692273272584274, 40.819566760202235 ], [ -96.692273320726741, 40.819564515362366 ], [ -96.692273369460949, 40.81956227069346 ], [ -96.692273418779749, 40.819560026198005 ], [ -96.692273468692363, 40.819557781877315 ], [ -96.692273519212108, 40.819555537732477 ], [ -96.692273570352327, 40.819553293764478 ], [ -96.692273622126336, 40.8195510499744 ], [ -96.692273674547451, 40.819548806363287 ], [ -96.692273727629001, 40.819546562932182 ], [ -96.692273781384316, 40.819544319682144 ], [ -96.692273835826711, 40.819542076614191 ], [ -96.692273890969531, 40.819539833729394 ], [ -96.692273946826091, 40.819537591028791 ], [ -96.692274003409693, 40.819535348513426 ], [ -96.692274060733695, 40.819533106184366 ], [ -96.692274118814922, 40.819530864042271 ], [ -96.692274177684311, 40.819528622086224 ], [ -96.692274237376282, 40.81952638031504 ], [ -96.69227429792528, 40.819524138727417 ], [ -96.69227435936574, 40.81952189732214 ], [ -96.692274421732094, 40.819519656097938 ], [ -96.692274485058817, 40.819517415053561 ], [ -96.692274549380286, 40.819515174187771 ], [ -96.692274614730991, 40.819512933499269 ], [ -96.692274681145335, 40.819510692986874 ], [ -96.692274748657795, 40.819508452649281 ], [ -96.69227481730276, 40.819506212485258 ], [ -96.692274887114721, 40.819503972493536 ], [ -96.692274958128664, 40.819501732672265 ], [ -96.692275030382007, 40.819499493017155 ], [ -96.692275103912777, 40.819497253523252 ], [ -96.692275178758919, 40.819495014185641 ], [ -96.692275254958474, 40.819492774999439 ], [ -96.692275332549428, 40.819490535959666 ], [ -96.692275411569767, 40.819488297061454 ], [ -96.692275492057519, 40.819486058299852 ], [ -96.69227557405064, 40.819483819669941 ], [ -96.69227565758716, 40.819481581166798 ], [ -96.692275742705078, 40.81947934278552 ], [ -96.692275829442366, 40.819477104521184 ], [ -96.692275917837051, 40.819474866368836 ], [ -96.692276007927106, 40.819472628323616 ], [ -96.692276099747076, 40.819470390379685 ], [ -96.692276193317596, 40.819468152527797 ], [ -96.692276288655833, 40.819465914757842 ], [ -96.692276385778953, 40.819463677059666 ], [ -96.692276484704138, 40.819461439423172 ], [ -96.692276585448568, 40.819459201838207 ], [ -96.692276688029381, 40.819456964294687 ], [ -96.692276792463758, 40.819454726782418 ], [ -96.692276898768881, 40.819452489291336 ], [ -96.69227700696193, 40.81945025181129 ], [ -96.692277117060044, 40.81944801433216 ], [ -96.692277229080418, 40.819445776843807 ], [ -96.692277343040217, 40.819443539336113 ], [ -96.692277458950301, 40.819441301798619 ], [ -96.692277576796414, 40.819439064219488 ], [ -96.69227769655798, 40.819436826586539 ], [ -96.692277818214407, 40.819434588887653 ], [ -96.692277941745147, 40.819432351110578 ], [ -96.692278067129621, 40.819430113243229 ], [ -96.692278194347239, 40.819427875273369 ], [ -96.692278323377437, 40.819425637188871 ], [ -96.69227845419968, 40.81942339897752 ], [ -96.692278586793336, 40.819421160627215 ], [ -96.692278721137882, 40.819418922125735 ], [ -96.692278857212713, 40.819416683460915 ], [ -96.692278994997267, 40.819414444620605 ], [ -96.692279134470965, 40.819412205592599 ], [ -96.692279275607362, 40.819409966365143 ], [ -96.692279418356392, 40.819407726927921 ], [ -96.692279562662094, 40.819405487270956 ], [ -96.692279708468504, 40.819403247384372 ], [ -96.692279855719676, 40.819401007258179 ], [ -96.692280004359688, 40.819398766882507 ], [ -96.692280154332565, 40.819396526247338 ], [ -96.692280305582329, 40.819394285342796 ], [ -96.692280458053062, 40.819392044158946 ], [ -96.692280611688801, 40.819389802685812 ], [ -96.692280766433583, 40.819387560913512 ], [ -96.69228092223149, 40.819385318832069 ], [ -96.6922810790265, 40.819383076431571 ], [ -96.692281236759328, 40.819380833702752 ], [ -96.692281395357014, 40.819378590639275 ], [ -96.692281554743175, 40.819376347235377 ], [ -96.692281714841513, 40.81937410348538 ], [ -96.692281875575645, 40.819371859383601 ], [ -96.692282036869244, 40.819369614924348 ], [ -96.692282198645941, 40.819367370101901 ], [ -96.69228236082941, 40.819365124910568 ], [ -96.692282523343309, 40.819362879344652 ], [ -96.69228268611127, 40.819360633398468 ], [ -96.692282849056966, 40.819358387066302 ], [ -96.692283012104042, 40.819356140342457 ], [ -96.692283175176144, 40.819353893221255 ], [ -96.692283338196319, 40.819351645698021 ], [ -96.692283501085043, 40.819349397772299 ], [ -96.692283663762197, 40.819347149444688 ], [ -96.69228382614763, 40.819344900715748 ], [ -96.692283988161208, 40.819342651586048 ], [ -96.692284149722838, 40.81934040205622 ], [ -96.692284310752342, 40.819338152126797 ], [ -96.692284471169614, 40.819335901798389 ], [ -96.692284630894491, 40.819333651071553 ], [ -96.692284789846894, 40.81933139994689 ], [ -96.692284947946646, 40.819329148424991 ], [ -96.692285105113626, 40.819326896506418 ], [ -96.692285261267699, 40.819324644191759 ], [ -96.69228541632873, 40.819322391481592 ], [ -96.692285570219298, 40.819320138377726 ], [ -96.692285722872825, 40.819317884886914 ], [ -96.692285874225362, 40.819315631017083 ], [ -96.692286024213075, 40.819313376776194 ], [ -96.692286172772029, 40.819311122172223 ], [ -96.692286319838331, 40.819308867213081 ], [ -96.69228646534809, 40.819306611906775 ], [ -96.692286609237442, 40.819304356261206 ], [ -96.692286751442452, 40.819302100284389 ], [ -96.692286891899244, 40.819299843984233 ], [ -96.692287030543923, 40.819297587368716 ], [ -96.692287167312585, 40.81929533044579 ], [ -96.692287302141352, 40.819293073223406 ], [ -96.692287434971817, 40.819290815710659 ], [ -96.692287565767614, 40.819288557921276 ], [ -96.692287694497878, 40.819286299870093 ], [ -96.692287821131728, 40.81928404157194 ], [ -96.692287945638313, 40.819281783041681 ], [ -96.692288067986752, 40.819279524294203 ], [ -96.692288188146179, 40.819277265344297 ], [ -96.692288306085729, 40.81927500620683 ], [ -96.692288421774521, 40.819272746896658 ], [ -96.692288535181689, 40.819270487428653 ], [ -96.692288646276381, 40.819268227817645 ], [ -96.692288755027718, 40.819265968078462 ], [ -96.692288861404819, 40.819263708225982 ], [ -96.692288965385004, 40.819261448275682 ], [ -96.692289066978176, 40.819259188245503 ], [ -96.692289166202457, 40.819256928154054 ], [ -96.692289263075907, 40.819254668019937 ], [ -96.692289357616616, 40.81925240786174 ], [ -96.692289449842718, 40.819250147698035 ], [ -96.692289539772261, 40.819247887547441 ], [ -96.692289627423378, 40.819245627428536 ], [ -96.692289712814116, 40.81924336735991 ], [ -96.692289795962594, 40.819241107360185 ], [ -96.692289876886917, 40.819238847447913 ], [ -96.692289955605148, 40.819236587641697 ], [ -96.692290032135389, 40.819234327960153 ], [ -96.692290106495733, 40.819232068421883 ], [ -96.692290178711815, 40.81922980904492 ], [ -96.692290248839427, 40.819227549845358 ], [ -96.692290316941865, 40.819225290838752 ], [ -96.692290383082465, 40.819223032040675 ], [ -96.692290447324552, 40.819220773466668 ], [ -96.69229050973145, 40.819218515132313 ], [ -96.692290570366481, 40.819216257053142 ], [ -96.692290629292955, 40.81921399924471 ], [ -96.692290686574211, 40.819211741722604 ], [ -96.69229074227357, 40.819209484502387 ], [ -96.69229079645433, 40.81920722759957 ], [ -96.692290849179827, 40.819204971029762 ], [ -96.692290900513399, 40.819202714808505 ], [ -96.692290950522235, 40.819200458950121 ], [ -96.692290999289128, 40.819198203464126 ], [ -96.692291046900721, 40.819195948358711 ], [ -96.692291093443657, 40.819193693642177 ], [ -96.692291139004624, 40.819191439322772 ], [ -96.69229118367025, 40.819189185408725 ], [ -96.692291227527221, 40.819186931908305 ], [ -96.692291270662167, 40.819184678829785 ], [ -96.692291313161775, 40.819182426181378 ], [ -96.692291355112673, 40.819180173971361 ], [ -96.692291396601533, 40.819177922207999 ], [ -96.692291437715028, 40.819175670899504 ], [ -96.692291478539801, 40.819173420054177 ], [ -96.692291519162495, 40.819171169680239 ], [ -96.692291559669442, 40.819168919784545 ], [ -96.692291600145552, 40.819166670368254 ], [ -96.692291640675407, 40.819164421431061 ], [ -96.69229168134359, 40.819162172972739 ], [ -96.692291722234657, 40.819159924993031 ], [ -96.692291763433218, 40.819157677491617 ], [ -96.6922918050238, 40.819155430468307 ], [ -96.692291847091028, 40.819153183922793 ], [ -96.692291889719442, 40.819150937854822 ], [ -96.692291932993641, 40.819148692264115 ], [ -96.692291976998177, 40.81914644715043 ], [ -96.69229202181765, 40.819144202513492 ], [ -96.692292067536599, 40.819141958353043 ], [ -96.692292114235357, 40.819139714667536 ], [ -96.692292161976923, 40.819137471450198 ], [ -96.692292210820057, 40.819135228693064 ], [ -96.692292260823535, 40.81913298638807 ], [ -96.692292312046078, 40.819130744527207 ], [ -96.692292364546432, 40.819128503102469 ], [ -96.69229241838336, 40.81912626210579 ], [ -96.692292473615623, 40.819124021529177 ], [ -96.692292530301955, 40.819121781364629 ], [ -96.69229258850109, 40.819119541604103 ], [ -96.692292648271803, 40.819117302239562 ], [ -96.692292709672842, 40.819115063262977 ], [ -96.69229277276294, 40.819112824666377 ], [ -96.692292837593556, 40.819110586440601 ], [ -96.69229290418707, 40.819108348572115 ], [ -96.692292972558548, 40.819106111046317 ], [ -96.692293042723023, 40.819103873848562 ], [ -96.692293114695573, 40.819101636964241 ], [ -96.692293188491291, 40.81909940037869 ], [ -96.692293264125212, 40.819097164077341 ], [ -96.692293341612427, 40.819094928045523 ], [ -96.692293420967971, 40.819092692268605 ], [ -96.692293502206951, 40.819090456732006 ], [ -96.692293585344416, 40.81908822142104 ], [ -96.692293670395429, 40.81908598632112 ], [ -96.692293757375054, 40.819083751417629 ], [ -96.692293846298369, 40.819081516695903 ], [ -96.692293937173631, 40.819079282141082 ], [ -96.692294029981866, 40.819077047737345 ], [ -96.692294124697341, 40.819074813468603 ], [ -96.692294221294247, 40.819072579318814 ], [ -96.692294319746836, 40.819070345271854 ], [ -96.692294420029341, 40.819068111311672 ], [ -96.692294522116001, 40.819065877422219 ], [ -96.692294625981049, 40.81906364358737 ], [ -96.692294731598707, 40.819061409791082 ], [ -96.692294838943212, 40.819059176017255 ], [ -96.692294947988785, 40.81905694224983 ], [ -96.692295058709703, 40.81905470847272 ], [ -96.692295171080147, 40.819052474669874 ], [ -96.692295285074351, 40.819050240826421 ], [ -96.692295400666509, 40.819048006932377 ], [ -96.692295517830729, 40.81904577297901 ], [ -96.692295636541218, 40.819043538957608 ], [ -96.692295756772097, 40.81904130485939 ], [ -96.692295878497532, 40.819039070675593 ], [ -96.692296001691687, 40.819036836397501 ], [ -96.692296126328685, 40.819034602016366 ], [ -96.692296252382718, 40.819032367523441 ], [ -96.692296379827937, 40.819030132909958 ], [ -96.692296508638464, 40.819027898167199 ], [ -96.692296638788477, 40.819025663286418 ], [ -96.692296770252142, 40.819023428258873 ], [ -96.692296903003594, 40.819021193075784 ], [ -96.692297037022314, 40.819018957729703 ], [ -96.692297172308912, 40.819016722218286 ], [ -96.692297308869385, 40.81901448654046 ], [ -96.692297446709688, 40.819012250695138 ], [ -96.692297585835746, 40.81901001468124 ], [ -96.692297726253543, 40.819007778497699 ], [ -96.692297867969017, 40.819005542143444 ], [ -96.692298010988154, 40.8190033056174 ], [ -96.692298155316863, 40.819001068918475 ], [ -96.692298300961141, 40.818998832045601 ], [ -96.692298447926916, 40.818996594997742 ], [ -96.692298596220155, 40.818994357773768 ], [ -96.692298745846827, 40.818992120372627 ], [ -96.692298896818329, 40.818989882794163 ], [ -96.692299049167886, 40.818987645041922 ], [ -96.692299202934194, 40.818985407120358 ], [ -96.692299358155964, 40.818983169033906 ], [ -96.692299514871863, 40.818980930787063 ], [ -96.692299673120587, 40.818978692384249 ], [ -96.692299832940847, 40.818976453829926 ], [ -96.692299994371297, 40.81897421512857 ], [ -96.69230015745066, 40.818971976284644 ], [ -96.692300322217605, 40.818969737302581 ], [ -96.692300488710828, 40.818967498186865 ], [ -96.692300656969024, 40.818965258941908 ], [ -96.692300827030877, 40.818963019572216 ], [ -96.692300998938819, 40.818960780082925 ], [ -96.69230117275022, 40.818958540481923 ], [ -96.692301348526172, 40.81895630077782 ], [ -96.692301526327782, 40.81895406097923 ], [ -96.692301706216185, 40.818951821094707 ], [ -96.692301888252445, 40.818949581132884 ], [ -96.692302072497682, 40.818947341102351 ], [ -96.692302259013019, 40.818945101011693 ], [ -96.692302447859532, 40.818942860869512 ], [ -96.692302639098344, 40.81894062068443 ], [ -96.69230283279056, 40.818938380465006 ], [ -96.692303028997259, 40.81893614021984 ], [ -96.69230322777959, 40.818933899957557 ], [ -96.692303429198617, 40.818931659686733 ], [ -96.692303633316101, 40.818929419416307 ], [ -96.692303840196459, 40.818927179156418 ], [ -96.692304049904649, 40.818924938917682 ], [ -96.692304262505743, 40.818922698710558 ], [ -96.692304478064742, 40.818920458545563 ], [ -96.692304696646659, 40.818918218433268 ], [ -96.692304918316538, 40.818915978384162 ], [ -96.692305143139379, 40.81891373840876 ], [ -96.69230537118024, 40.8189114985176 ], [ -96.692305602504106, 40.818909258721199 ], [ -96.692305837176022, 40.818907019030085 ], [ -96.692306075260987, 40.818904779454769 ], [ -96.692306316824059, 40.818902540005773 ], [ -96.692306561927893, 40.818900300693549 ], [ -96.692306810625794, 40.818898061528301 ], [ -96.692307062968709, 40.818895822520062 ], [ -96.692307319007611, 40.818893583679007 ], [ -96.692307578793432, 40.81889134501516 ], [ -96.692307842377133, 40.818889106538677 ], [ -96.692308109809687, 40.818886868259625 ], [ -96.692308381142013, 40.818884630188109 ], [ -96.692308656425112, 40.818882392334253 ], [ -96.692308935709903, 40.818880154708118 ], [ -96.69230921904736, 40.81887791731981 ], [ -96.692309506488414, 40.81887568017946 ], [ -96.69230979808404, 40.818873443297136 ], [ -96.692310093880266, 40.818871206682495 ], [ -96.692310393903497, 40.818868970343338 ], [ -96.692310698175177, 40.818866734286992 ], [ -96.692311006716807, 40.818864498520867 ], [ -96.69231131954983, 40.818862263052253 ], [ -96.692311636695734, 40.818860027888519 ], [ -96.692311958175978, 40.818857793037012 ], [ -96.692312284012047, 40.818855558505078 ], [ -96.692312614225386, 40.818853324300093 ], [ -96.692312948837497, 40.818851090429398 ], [ -96.692313287869837, 40.818848856900317 ], [ -96.692313631343865, 40.818846623720212 ], [ -96.692313979281067, 40.81884439089643 ], [ -96.692314331702917, 40.81884215843634 ], [ -96.692314688625743, 40.818839926346655 ], [ -96.692315050045408, 40.818837694631796 ], [ -96.692315415952635, 40.81883546329545 ], [ -96.692315786338128, 40.818833232341447 ], [ -96.692316161192608, 40.818831001773539 ], [ -96.692316540506809, 40.818828771595442 ], [ -96.692316924271452, 40.818826541810978 ], [ -96.692317312477257, 40.818824312423885 ], [ -96.692317705114931, 40.818822083437901 ], [ -96.692318102175207, 40.818819854856827 ], [ -96.692318503648806, 40.818817626684421 ], [ -96.692318909526435, 40.81881539892445 ], [ -96.692319319798841, 40.818813171580665 ], [ -96.692319734454074, 40.818810944656441 ], [ -96.692320153469566, 40.81880871815369 ], [ -96.692320576820094, 40.818806492073826 ], [ -96.692321004480462, 40.818804266418461 ], [ -96.692321436425431, 40.818802041188974 ], [ -96.692321872629776, 40.818799816386921 ], [ -96.692322313068303, 40.818797592013752 ], [ -96.692322757715772, 40.818795368071015 ], [ -96.692323206546973, 40.818793144560161 ], [ -96.692323659536683, 40.818790921482702 ], [ -96.692324116659677, 40.818788698840095 ], [ -96.69232457789073, 40.818786476633896 ], [ -96.692325043204647, 40.818784254865555 ], [ -96.692325512576204, 40.818782033536571 ], [ -96.692325985979338, 40.818779812648209 ], [ -96.692326463384632, 40.818777592201037 ], [ -96.692326944761845, 40.818775372195283 ], [ -96.692327430080738, 40.81877315263128 ], [ -96.692327919311055, 40.818770933509292 ], [ -96.692328412422555, 40.818768714829666 ], [ -96.692328909384997, 40.818766496592637 ], [ -96.692329410168114, 40.818764278798561 ], [ -96.692329914741691, 40.818762061447678 ], [ -96.692330423075461, 40.81875984454031 ], [ -96.692330935139168, 40.818757628076746 ], [ -96.6923314509026, 40.818755412057293 ], [ -96.692331970335488, 40.818753196482248 ], [ -96.692332493407932, 40.818750981351833 ], [ -96.692333020091468, 40.818748766666097 ], [ -96.692333550357915, 40.818746552425019 ], [ -96.692334084179194, 40.818744338628562 ], [ -96.69233462152711, 40.818742125276721 ], [ -96.692335162373553, 40.818739912369438 ], [ -96.692335706690386, 40.818737699906727 ], [ -96.692336254449458, 40.818735487888539 ], [ -96.692336805622645, 40.818733276314866 ], [ -96.692337360181796, 40.818731065185666 ], [ -96.692337918098787, 40.818728854500954 ], [ -96.692338479345466, 40.818726644260664 ], [ -96.69233904389371, 40.818724434464798 ], [ -96.692339611716477, 40.81872222511339 ], [ -96.692340182791213, 40.818720016206775 ], [ -96.692340757096488, 40.818717807745337 ], [ -96.692341334610816, 40.818715599729451 ], [ -96.692341915312767, 40.81871339215953 ], [ -96.69234249918091, 40.818711185035944 ], [ -96.692343086193759, 40.818708978359112 ], [ -96.692343676329912, 40.818706772129417 ], [ -96.692344269567869, 40.818704566347265 ], [ -96.692344865886227, 40.818702361013003 ], [ -96.692345465263514, 40.818700156127043 ], [ -96.692346067678272, 40.818697951689792 ], [ -96.692346673109085, 40.818695747701625 ], [ -96.692347281534481, 40.81869354416294 ], [ -96.692347892934748, 40.818691341074349 ], [ -96.692348507297041, 40.818689138437279 ], [ -96.692349124610288, 40.818686936253428 ], [ -96.69234974486335, 40.818684734524432 ], [ -96.692350368045155, 40.818682533251994 ], [ -96.692350994144604, 40.818680332437758 ], [ -96.692351623150586, 40.818678132083392 ], [ -96.692352255051986, 40.818675932190565 ], [ -96.692352889837736, 40.818673732760971 ], [ -96.692353527496707, 40.818671533796234 ], [ -96.6923541680178, 40.818669335298026 ], [ -96.692354811389933, 40.818667137268044 ], [ -96.692355457601991, 40.818664939707936 ], [ -96.692356106645036, 40.818662742619736 ], [ -96.692356758518784, 40.818660546006875 ], [ -96.692357413225167, 40.818658349873132 ], [ -96.692358070766034, 40.818656154222317 ], [ -96.692358731143287, 40.818653959058231 ], [ -96.692359394358832, 40.818651764384654 ], [ -96.692360060414558, 40.818649570205388 ], [ -96.692360729312341, 40.81864737652419 ], [ -96.692361401054072, 40.818645183344906 ], [ -96.692362075641654, 40.818642990671307 ], [ -96.692362753076978, 40.818640798507197 ], [ -96.692363433361933, 40.818638606856339 ], [ -96.692364116498396, 40.818636415722551 ], [ -96.692364802490715, 40.818634225110102 ], [ -96.692365491352916, 40.818632035025146 ], [ -96.692366183101484, 40.818629845474291 ], [ -96.692366877752903, 40.818627656464201 ], [ -96.692367575323644, 40.818625468001493 ], [ -96.692368275830205, 40.818623280092766 ], [ -96.692368979289029, 40.818621092744692 ], [ -96.692369685716614, 40.818618905963888 ], [ -96.692370395129458, 40.818616719756967 ], [ -96.692371107544005, 40.818614534130596 ], [ -96.692371822976753, 40.81861234909136 ], [ -96.692372541444186, 40.818610164645911 ], [ -96.692373262962775, 40.818607980800877 ], [ -96.69237398754899, 40.818605797562888 ], [ -96.692374715220325, 40.818603614938851 ], [ -96.692375445998209, 40.818601432936639 ], [ -96.692376179905125, 40.818599251564478 ], [ -96.692376916963497, 40.818597070830535 ], [ -96.692377657195806, 40.818594890742979 ], [ -96.692378400624463, 40.818592711309968 ], [ -96.69237914727195, 40.81859053253973 ], [ -96.69237989716072, 40.818588354440429 ], [ -96.692380650313225, 40.818586177020229 ], [ -96.692381406751892, 40.818584000287295 ], [ -96.6923821664992, 40.818581824249868 ], [ -96.692382929577576, 40.818579648916057 ], [ -96.6923836960095, 40.818577474294081 ], [ -96.692384465816687, 40.81857530039202 ], [ -96.692385239018023, 40.818573127217689 ], [ -96.692386015631683, 40.818570954778728 ], [ -96.692386795675816, 40.818568783082895 ], [ -96.692387579168596, 40.818566612137857 ], [ -96.692388366128171, 40.818564441951345 ], [ -96.692389156572716, 40.818562272531011 ], [ -96.692389950520393, 40.818560103884614 ], [ -96.692390747989364, 40.818557936019793 ], [ -96.692391548997804, 40.818555768944314 ], [ -96.692392353563861, 40.818553602665808 ], [ -96.692393161705695, 40.818551437192049 ], [ -96.692393973441497, 40.818549272530689 ], [ -96.692394788789414, 40.818547108689422 ], [ -96.692395607766002, 40.818544945675661 ], [ -96.69239643038145, 40.818542783495374 ], [ -96.692397256644327, 40.818540622154281 ], [ -96.692398086563216, 40.818538461658108 ], [ -96.692398920146687, 40.818536302012483 ], [ -96.692399757403308, 40.818534143223118 ], [ -96.692400598341678, 40.818531985295735 ], [ -96.692401442970365, 40.818529828235974 ], [ -96.692402291297924, 40.818527672049591 ], [ -96.692403143332967, 40.818525516742213 ], [ -96.69240399908405, 40.818523362319553 ], [ -96.692404858559755, 40.818521208787317 ], [ -96.692405721768637, 40.818519056151189 ], [ -96.692406588717319, 40.818516904416327 ], [ -96.69240745940435, 40.818514753585795 ], [ -96.692408333826378, 40.818512603662128 ], [ -96.692409211979978, 40.818510454647871 ], [ -96.692410093861753, 40.81850830654556 ], [ -96.692410979468335, 40.818506159357703 ], [ -96.692411868796285, 40.818504013086866 ], [ -96.692412761842249, 40.818501867735577 ], [ -96.692413658602774, 40.818499723306381 ], [ -96.692414559074507, 40.818497579801772 ], [ -96.692415463254065, 40.818495437224342 ], [ -96.692416371137995, 40.81849329557658 ], [ -96.692417282722943, 40.818491154861036 ], [ -96.692418198003281, 40.818489015079578 ], [ -96.692419116964501, 40.818486876231304 ], [ -96.692420039589933, 40.818484738314673 ], [ -96.692420965862851, 40.81848260132805 ], [ -96.692421895766529, 40.818480465269936 ], [ -96.692422829284311, 40.81847833013871 ], [ -96.692423766399429, 40.818476195932817 ], [ -96.692424707095213, 40.818474062650694 ], [ -96.692425651354938, 40.818471930290762 ], [ -96.692426599161934, 40.818469798851453 ], [ -96.692427550499431, 40.818467668331209 ], [ -96.692428505350776, 40.818465538728432 ], [ -96.692429463699241, 40.818463410041581 ], [ -96.692430425528116, 40.818461282269062 ], [ -96.692431390819237, 40.818459155408796 ], [ -96.69243235954859, 40.818457029456631 ], [ -96.692433331690665, 40.818454904407858 ], [ -96.692434307219997, 40.818452780257793 ], [ -96.692435286111092, 40.818450657001762 ], [ -96.692436268338469, 40.818448534635088 ], [ -96.692437253876633, 40.818446413153048 ], [ -96.692438242700106, 40.818444292550993 ], [ -96.692439234783379, 40.818442172824241 ], [ -96.692440230101013, 40.818440053968075 ], [ -96.692441228627487, 40.818437935977848 ], [ -96.692442230337321, 40.818435818848826 ], [ -96.692443235205033, 40.818433702576378 ], [ -96.692444243205557, 40.818431587155807 ], [ -96.692445254315487, 40.818429472582672 ], [ -96.692446268511858, 40.818427358852425 ], [ -96.692447285771706, 40.818425245960661 ], [ -96.692448306072023, 40.818423133902897 ], [ -96.692449329389859, 40.818421022674656 ], [ -96.692450355702235, 40.818418912271497 ], [ -96.692451384986185, 40.818416802688908 ], [ -96.692452417218703, 40.818414693922492 ], [ -96.692453452376839, 40.818412585967728 ], [ -96.692454490437598, 40.818410478820162 ], [ -96.692455531378016, 40.818408372475332 ], [ -96.692456575175129, 40.818406266928775 ], [ -96.692457621808032, 40.818404162176606 ], [ -96.692458671264177, 40.818402058217238 ], [ -96.692459723533091, 40.818399955049699 ], [ -96.692460778604328, 40.818397852672938 ], [ -96.692461836467416, 40.818395751086008 ], [ -96.692462897111895, 40.818393650287874 ], [ -96.692463960527277, 40.818391550277582 ], [ -96.692465026703132, 40.818389451054102 ], [ -96.692466095628973, 40.818387352616455 ], [ -96.692467167294325, 40.818385254963616 ], [ -96.692468241688758, 40.818383158094619 ], [ -96.692469318801784, 40.818381062008442 ], [ -96.692470398622945, 40.818378966704095 ], [ -96.69247148114178, 40.818376872180593 ], [ -96.692472566350304, 40.818374778437715 ], [ -96.692473654250406, 40.818372685478451 ], [ -96.69247474484645, 40.818370593306518 ], [ -96.692475838142826, 40.818368501925725 ], [ -96.692476934143926, 40.818366411339795 ], [ -96.692478032854083, 40.818364321552522 ], [ -96.692479134277704, 40.81836223256763 ], [ -96.692480238419165, 40.818360144388912 ], [ -96.692481345282829, 40.818358057020085 ], [ -96.692482454873073, 40.818355970464943 ], [ -96.692483567194259, 40.818353884727266 ], [ -96.692484682250793, 40.818351799810763 ], [ -96.692485800047024, 40.818349715719236 ], [ -96.692486920589332, 40.818347632457161 ], [ -96.692488043892084, 40.818345550032092 ], [ -96.692489169971651, 40.818343468452262 ], [ -96.692490298844405, 40.818341387725894 ], [ -96.692491430526687, 40.818339307861301 ], [ -96.692492565034883, 40.818337228866731 ], [ -96.692493702385349, 40.818335150750421 ], [ -96.692494842594442, 40.81833307352067 ], [ -96.692495985678562, 40.81833099718569 ], [ -96.692497131654036, 40.818328921753753 ], [ -96.692498280537251, 40.818326847233152 ], [ -96.692499432344547, 40.818324773632106 ], [ -96.692500587092326, 40.81832270095888 ], [ -96.692501744796928, 40.818320629221759 ], [ -96.692502905475905, 40.818318558429503 ], [ -96.692504069151511, 40.818316488593112 ], [ -96.692505235847179, 40.818314419724047 ], [ -96.692506405586357, 40.818312351833789 ], [ -96.692507578392465, 40.818310284933872 ], [ -96.692508754288937, 40.818308219035778 ], [ -96.692509933299206, 40.818306154150989 ], [ -96.69251111544672, 40.818304090290994 ], [ -96.692512300754913, 40.818302027467304 ], [ -96.692513489247219, 40.818299965691388 ], [ -96.692514680947056, 40.818297904974784 ], [ -96.692515875877874, 40.818295845328947 ], [ -96.692517074063119, 40.818293786765373 ], [ -96.692518275526226, 40.818291729295716 ], [ -96.692519480290798, 40.81828967293221 ], [ -96.692520688380412, 40.81828761768719 ], [ -96.692521899818701, 40.818285563573063 ], [ -96.692523114629253, 40.818283510602143 ], [ -96.692524332835688, 40.818281458786842 ], [ -96.692525554461625, 40.818279408139524 ], [ -96.692526779530624, 40.818277358672553 ], [ -96.692528008066319, 40.818275310398299 ], [ -96.692529240092313, 40.818273263329125 ], [ -96.692530475632225, 40.818271217477395 ], [ -96.692531714709645, 40.818269172855473 ], [ -96.692532957348178, 40.818267129475743 ], [ -96.692534203569949, 40.818265087350149 ], [ -96.692535453391145, 40.818263046488845 ], [ -96.692536706826473, 40.818261006901636 ], [ -96.692537963890629, 40.818258968598244 ], [ -96.69253922459832, 40.818256931588436 ], [ -96.692540488964255, 40.818254895881971 ], [ -96.692541757003113, 40.818252861488631 ], [ -96.692543028729602, 40.818250828418144 ], [ -96.692544304158446, 40.818248796680308 ], [ -96.692545583304323, 40.81824676628483 ], [ -96.692546866181971, 40.8182447372415 ], [ -96.692548152806054, 40.818242709560081 ], [ -96.692549443191297, 40.818240683250316 ], [ -96.692550737352377, 40.818238658321967 ], [ -96.692552035300736, 40.818236634783588 ], [ -96.692553337034667, 40.818234612638918 ], [ -96.69255464254914, 40.818232591890421 ], [ -96.692555951839154, 40.818230572540649 ], [ -96.692557264899733, 40.818228554592096 ], [ -96.692558581725848, 40.818226538047277 ], [ -96.69255990231251, 40.8182245229087 ], [ -96.692561226654718, 40.818222509178881 ], [ -96.692562554747454, 40.818220496860313 ], [ -96.692563886585745, 40.818218485955533 ], [ -96.692565222164561, 40.818216476467043 ], [ -96.692566561478912, 40.81821446839735 ], [ -96.692567904523798, 40.818212461748949 ], [ -96.692569251290479, 40.818210456522841 ], [ -96.692570601755278, 40.818208452713797 ], [ -96.692571955890799, 40.818206450315095 ], [ -96.692573313669627, 40.81820444932 ], [ -96.692574675064336, 40.818202449721731 ], [ -96.692576040047527, 40.81820045151359 ], [ -96.692577408591802, 40.818198454688797 ], [ -96.692578780669749, 40.81819645924061 ], [ -96.692580156253968, 40.818194465162357 ], [ -96.692581535317018, 40.818192472447208 ], [ -96.692582917831515, 40.818190481088457 ], [ -96.692584303770047, 40.818188491079361 ], [ -96.692585693105201, 40.818186502413184 ], [ -96.69258708580702, 40.818184515081938 ], [ -96.692588481835358, 40.818182529072793 ], [ -96.692589881147484, 40.818180544371671 ], [ -96.692591283700708, 40.818178560964483 ], [ -96.692592689452326, 40.818176578837139 ], [ -96.692594098359621, 40.818174597975585 ], [ -96.692595510379874, 40.81817261836575 ], [ -96.692596925470411, 40.818170639993546 ], [ -96.692598343588486, 40.818168662844876 ], [ -96.692599764691423, 40.818166686905677 ], [ -96.692601188736504, 40.818164712161881 ], [ -96.692602615681011, 40.818162738599419 ], [ -96.692604045482241, 40.81816076620418 ], [ -96.692605478097505, 40.818158794962116 ], [ -96.692606913483232, 40.818156824858555 ], [ -96.692608351592511, 40.81815485587645 ], [ -96.692609792377539, 40.818152887998203 ], [ -96.692611235790594, 40.818150921206175 ], [ -96.692612681783871, 40.818148955482741 ], [ -96.692614130309622, 40.818146990810277 ], [ -96.692615581320055, 40.81814502717117 ], [ -96.692617034767423, 40.818143064547812 ], [ -96.692618490603948, 40.818141102922567 ], [ -96.692619948781854, 40.818139142277793 ], [ -96.692621409253363, 40.818137182595883 ], [ -96.692622871970741, 40.818135223859237 ], [ -96.692624336886198, 40.818133266050197 ], [ -96.692625803952481, 40.81813130915117 ], [ -96.692627273124572, 40.818129353144521 ], [ -96.692628744357904, 40.818127398012649 ], [ -96.692630217607984, 40.818125443737948 ], [ -96.692631692830275, 40.818123490302803 ], [ -96.692633169980255, 40.818121537689585 ], [ -96.692634649013399, 40.818119585880723 ], [ -96.692636129885187, 40.818117634858567 ], [ -96.692637612551096, 40.81811568460553 ], [ -96.692639096966587, 40.818113735103985 ], [ -96.692640583087154, 40.818111786336303 ], [ -96.692642070868274, 40.818109838284933 ], [ -96.69264356026541, 40.818107890932211 ], [ -96.692645051234052, 40.81810594426053 ], [ -96.692646543731385, 40.81810399825288 ], [ -96.692648037721639, 40.818102052894645 ], [ -96.692649533170695, 40.818100108171699 ], [ -96.692651030044502, 40.81809816407003 ], [ -96.692652528308955, 40.818096220575576 ], [ -96.692654027930004, 40.818094277674255 ], [ -96.692655528873544, 40.818092335352041 ], [ -96.692657031105497, 40.818090393594858 ], [ -96.6926585345918, 40.818088452388636 ], [ -96.69266003929836, 40.818086511719358 ], [ -96.692661545191115, 40.818084571572925 ], [ -96.692663052235957, 40.818082631935283 ], [ -96.692664560398825, 40.818080692792392 ], [ -96.692666069648482, 40.818078754131399 ], [ -96.692667579965089, 40.818076815944302 ], [ -96.692669091331609, 40.818074878224287 ], [ -96.692670603731031, 40.818072940964569 ], [ -96.692672117146358, 40.818071004158355 ], [ -96.692673631560595, 40.818069067798866 ], [ -96.692675146956688, 40.818067131879296 ], [ -96.692676663317656, 40.818065196392844 ], [ -96.692678180626473, 40.818063261332718 ], [ -96.692679698866129, 40.818061326692103 ], [ -96.692681218019629, 40.818059392464221 ], [ -96.692682738069948, 40.818057458642315 ], [ -96.692684259000075, 40.818055525219542 ], [ -96.692685780797589, 40.818053592191269 ], [ -96.692687303468418, 40.818051659561469 ], [ -96.692688827023076, 40.818049727336309 ], [ -96.692690351472081, 40.818047795521885 ], [ -96.692691876825961, 40.81804586412435 ], [ -96.692693403095205, 40.818043933149809 ], [ -96.692694930290358, 40.818042002604436 ], [ -96.692696458421906, 40.81804007249432 ], [ -96.692697987500395, 40.818038142825607 ], [ -96.692699517536326, 40.818036213604451 ], [ -96.692701048540215, 40.818034284836948 ], [ -96.692702580522578, 40.818032356529244 ], [ -96.692704113493932, 40.818030428687486 ], [ -96.692705647464791, 40.818028501317805 ], [ -96.692707182451088, 40.818026574429048 ], [ -96.69270871849038, 40.81802464804106 ], [ -96.692710255625613, 40.818022722176387 ], [ -96.692711793899775, 40.81802079685761 ], [ -96.692713333355826, 40.818018872107267 ], [ -96.692714874036724, 40.81801694794796 ], [ -96.692716415985458, 40.818015024402207 ], [ -96.692717959244945, 40.818013101492596 ], [ -96.6927195038582, 40.81801117924168 ], [ -96.692721049868155, 40.818009257672038 ], [ -96.692722597317797, 40.818007336806218 ], [ -96.692724146250086, 40.818005416666779 ], [ -96.692725696707981, 40.818003497276294 ], [ -96.692727248737881, 40.81800157865932 ], [ -96.69272880239987, 40.817999660848407 ], [ -96.692730357757469, 40.817997743878067 ], [ -96.692731914874187, 40.817995827782866 ], [ -96.692733473813547, 40.817993912597309 ], [ -96.692735034639071, 40.817991998355964 ], [ -96.692736597414267, 40.817990085093349 ], [ -96.692738162202659, 40.817988172844032 ], [ -96.692739729067739, 40.817986261642503 ], [ -96.692741298073059, 40.817984351523343 ], [ -96.692742869282128, 40.817982442521043 ], [ -96.692744442758425, 40.817980534670191 ], [ -96.692746018565515, 40.817978628005307 ], [ -96.692747596767347, 40.817976722561603 ], [ -96.692749177429732, 40.817974818377024 ], [ -96.692750760618935, 40.817972915490216 ], [ -96.692752346401221, 40.817971013939818 ], [ -96.692753934842841, 40.817969113764441 ], [ -96.69275552601006, 40.817967215002753 ], [ -96.692757119969158, 40.817965317693357 ], [ -96.6927587167864, 40.817963421874893 ], [ -96.692760316528023, 40.817961527585993 ], [ -96.69276191926032, 40.817959634865318 ], [ -96.692763525049529, 40.817957743751471 ], [ -96.692765133961913, 40.817955854283085 ], [ -96.692766746063768, 40.817953966498827 ], [ -96.692768361421329, 40.817952080437273 ], [ -96.692769980098831, 40.817950196136472 ], [ -96.692771602152277, 40.817948313631675 ], [ -96.692773227635655, 40.817946432957555 ], [ -96.692774856602966, 40.817944554148788 ], [ -96.692776489108198, 40.817942677239998 ], [ -96.692778125205294, 40.817940802265866 ], [ -96.69277976494827, 40.817938929261018 ], [ -96.692781408391085, 40.817937058260135 ], [ -96.692783055587753, 40.817935189297849 ], [ -96.692784706592221, 40.817933322408848 ], [ -96.692786361458488, 40.817931457627758 ], [ -96.692788020240542, 40.817929594989216 ], [ -96.692789682992341, 40.817927734527942 ], [ -96.692791349761521, 40.817925876275304 ], [ -96.692793020570221, 40.817924020249905 ], [ -96.692794695434216, 40.817922166467028 ], [ -96.69279637436928, 40.81792031494205 ], [ -96.692798057391187, 40.817918465690262 ], [ -96.69279974451571, 40.817916618727047 ], [ -96.692801435758639, 40.817914774067688 ], [ -96.692803131135719, 40.817912931727562 ], [ -96.692804830662766, 40.817911091721982 ], [ -96.692806534355526, 40.817909254066265 ], [ -96.692808242229802, 40.817907418775761 ], [ -96.692809954301339, 40.817905585865809 ], [ -96.692811670585925, 40.817903755351736 ], [ -96.692813391099335, 40.817901927248869 ], [ -96.692815115849427, 40.817900101567922 ], [ -96.692816844812327, 40.817898278301215 ], [ -96.692818577956274, 40.817896457436412 ], [ -96.692820315249477, 40.817894638961192 ], [ -96.692822056660134, 40.817892822863222 ], [ -96.692823802156497, 40.817891009130207 ], [ -96.692825551706747, 40.8178891977498 ], [ -96.692827305279152, 40.817887388709707 ], [ -96.692829062841881, 40.817885581997608 ], [ -96.692830824363156, 40.817883777601146 ], [ -96.692832589811232, 40.817881975508044 ], [ -96.692834359154276, 40.817880175705973 ], [ -96.692836132360554, 40.817878378182584 ], [ -96.692837909395266, 40.817876582923112 ], [ -96.692839690211727, 40.817874789902717 ], [ -96.692841474760328, 40.817872999094106 ], [ -96.692843262991346, 40.81787121047001 ], [ -96.692845054855141, 40.817869424003099 ], [ -96.692846850302075, 40.817867639666105 ], [ -96.692848649282439, 40.817865857431713 ], [ -96.692850451746608, 40.817864077272645 ], [ -96.692852257644915, 40.817862299161604 ], [ -96.69285406692768, 40.817860523071261 ], [ -96.692855879545249, 40.817858748974366 ], [ -96.692857695447955, 40.817856976843608 ], [ -96.692859514586146, 40.817855206651686 ], [ -96.692861336910198, 40.817853438370364 ], [ -96.692863162370642, 40.817851671967844 ], [ -96.692864990918054, 40.817849907411343 ], [ -96.692866822503021, 40.817848144668083 ], [ -96.69286865707609, 40.817846383705337 ], [ -96.692870494587879, 40.81784462449032 ], [ -96.692872334988948, 40.817842866990283 ], [ -96.692874178229857, 40.817841111172449 ], [ -96.69287602426121, 40.817839357004054 ], [ -96.692877873033552, 40.81783760445235 ], [ -96.692879724497487, 40.817835853484588 ], [ -96.692881578603576, 40.817834104067991 ], [ -96.692883435302406, 40.817832356169774 ], [ -96.692885294544553, 40.817830609757223 ], [ -96.692887156281216, 40.817828864797598 ], [ -96.692889020466225, 40.817827121258347 ], [ -96.692890887053977, 40.817825379107006 ], [ -96.692892755998926, 40.817823638311069 ], [ -96.692894627255527, 40.817821898838083 ], [ -96.69289650077819, 40.817820160655494 ], [ -96.69289837652137, 40.817818423730863 ], [ -96.692900254439465, 40.817816688031684 ], [ -96.692902134486971, 40.817814953525478 ], [ -96.692904016618286, 40.817813220179744 ], [ -96.692905900787849, 40.81781148796199 ], [ -96.692907786950101, 40.817809756839736 ], [ -96.692909675059482, 40.817808026780476 ], [ -96.692911565073516, 40.817806297754125 ], [ -96.692913456962074, 40.817804569740034 ], [ -96.692915350698172, 40.817802842719978 ], [ -96.692917246254737, 40.817801116675724 ], [ -96.692919143604769, 40.817799391589006 ], [ -96.692921042721252, 40.817797667441582 ], [ -96.692922943577145, 40.817795944215241 ], [ -96.692924846145445, 40.817794221891702 ], [ -96.692926750399081, 40.817792500452768 ], [ -96.692928656311082, 40.817790779880156 ], [ -96.692930563854404, 40.817789060155626 ], [ -96.692932473002017, 40.817787341260953 ], [ -96.692934383726907, 40.817785623177919 ], [ -96.692936296008611, 40.817783905893499 ], [ -96.69293820985294, 40.817782189415922 ], [ -96.692940125272315, 40.817780473758624 ], [ -96.692942042279114, 40.817778758935084 ], [ -96.692943960885728, 40.817777044958724 ], [ -96.692945881104549, 40.817775331843023 ], [ -96.692947802947984, 40.817773619601439 ], [ -96.692949726428424, 40.817771908247394 ], [ -96.692951651558246, 40.817770197794438 ], [ -96.692953578349844, 40.817768488255922 ], [ -96.69295550681565, 40.817766779645353 ], [ -96.692957436968001, 40.817765071976204 ], [ -96.692959368819317, 40.817763365261889 ], [ -96.692961302381988, 40.817761659515924 ], [ -96.692963237672956, 40.81775995475563 ], [ -96.692965174727235, 40.817758251014041 ], [ -96.692967113584373, 40.817756548328113 ], [ -96.69296905428395, 40.817754846734779 ], [ -96.69297099686554, 40.817753146270974 ], [ -96.69297294136868, 40.817751446973638 ], [ -96.692974887832946, 40.817749748879741 ], [ -96.692976836297902, 40.817748052026168 ], [ -96.692978786803096, 40.817746356449916 ], [ -96.692980739388105, 40.817744662187884 ], [ -96.692982694092493, 40.817742969277027 ], [ -96.692984650955822, 40.817741277754273 ], [ -96.692986610017613, 40.817739587656597 ], [ -96.692988571313521, 40.817737899018113 ], [ -96.692990534863128, 40.817736211861778 ], [ -96.692992500682138, 40.81773452620773 ], [ -96.692994468786182, 40.817732842076133 ], [ -96.692996439190978, 40.817731159487131 ], [ -96.692998411912143, 40.817729478460905 ], [ -96.693000386965366, 40.817727799017582 ], [ -96.693002364366293, 40.817726121177309 ], [ -96.693004344130614, 40.817724444960255 ], [ -96.693006326273974, 40.817722770386567 ], [ -96.693008310812061, 40.817721097476394 ], [ -96.693010297760509, 40.817719426249894 ], [ -96.693012287135019, 40.817717756727198 ], [ -96.693014278951239, 40.817716088928506 ], [ -96.693016273217836, 40.817714422868271 ], [ -96.693018269915584, 40.817712758538448 ], [ -96.693020269018263, 40.817711095925326 ], [ -96.693022270499611, 40.817709435015189 ], [ -96.693024274333439, 40.817707775794297 ], [ -96.693026280493484, 40.81770611824895 ], [ -96.693028288953542, 40.817704462365477 ], [ -96.693030299687351, 40.817702808130072 ], [ -96.69303231266872, 40.817701155529093 ], [ -96.693034327871402, 40.817699504548813 ], [ -96.693036345269164, 40.817697855175496 ], [ -96.693038364835786, 40.817696207395421 ], [ -96.693040386545036, 40.817694561194891 ], [ -96.693042410367696, 40.817692916557235 ], [ -96.693044436262539, 40.81769127345401 ], [ -96.693046464185414, 40.817689631853789 ], [ -96.69304849409211, 40.81768799172518 ], [ -96.693050525938403, 40.817686353036763 ], [ -96.693052559680154, 40.817684715757146 ], [ -96.693054595273139, 40.817683079854923 ], [ -96.693056632673162, 40.817681445298668 ], [ -96.693058671836027, 40.817679812057008 ], [ -96.693060712717568, 40.817678180098518 ], [ -96.693062755273559, 40.817676549391777 ], [ -96.693064799459819, 40.817674919905407 ], [ -96.693066845232153, 40.81767329160801 ], [ -96.693068892546009, 40.817671664467227 ], [ -96.693070941355344, 40.81767003844719 ], [ -96.693072991613747, 40.817668413511086 ], [ -96.693075043274817, 40.817666789622116 ], [ -96.693077096292143, 40.817665166743481 ], [ -96.693079150619326, 40.817663544838361 ], [ -96.693081206209968, 40.817661923869927 ], [ -96.693083263017627, 40.817660303801418 ], [ -96.693085320995948, 40.817658684595997 ], [ -96.69308738009849, 40.817657066216881 ], [ -96.693089440278868, 40.817655448627249 ], [ -96.69309150149067, 40.817653831790309 ], [ -96.693093563687469, 40.81765221566922 ], [ -96.693095626822895, 40.817650600227218 ], [ -96.69309769085109, 40.817648985427915 ], [ -96.693099755728497, 40.817647371236717 ], [ -96.693101821412142, 40.817645757619466 ], [ -96.69310388785901, 40.817644144542001 ], [ -96.693105955026155, 40.817642531970172 ], [ -96.693108022870547, 40.817640919869824 ], [ -96.693110091349212, 40.817639308206786 ], [ -96.693112160419176, 40.81763769694691 ], [ -96.693114230037423, 40.817636086056048 ], [ -96.693116300160995, 40.817634475500007 ], [ -96.693118370746888, 40.817632865244676 ], [ -96.6931204417521, 40.817631255255861 ], [ -96.693122513133673, 40.81762964549943 ], [ -96.693124584848192, 40.817628035941645 ], [ -96.693126656850637, 40.817626426550547 ], [ -96.693128729095577, 40.817624817294607 ], [ -96.693130801537563, 40.81762320814228 ], [ -96.69313287413118, 40.817621599062043 ], [ -96.693134946830966, 40.817619990022401 ], [ -96.693137019591504, 40.817618380991767 ], [ -96.69313909236736, 40.81761677193866 ], [ -96.693141165113104, 40.81761516283153 ], [ -96.693143237783289, 40.817613553638822 ], [ -96.693145310332483, 40.817611944329066 ], [ -96.693147382715253, 40.817610334870672 ], [ -96.693149454886168, 40.817608725232148 ], [ -96.693151526800051, 40.817607115382515 ], [ -96.693153598412735, 40.81760550529313 ], [ -96.69315566968038, 40.817603894935914 ], [ -96.693157740559073, 40.817602284282728 ], [ -96.693159811004918, 40.81760067330552 ], [ -96.69316188097406, 40.817599061976225 ], [ -96.693163950422601, 40.81759745026671 ], [ -96.693166019306659, 40.817595838148875 ], [ -96.693168087582336, 40.817594225594718 ], [ -96.693170155205763, 40.817592612576057 ], [ -96.693172222133029, 40.817590999064869 ], [ -96.693174288320279, 40.817589385033024 ], [ -96.693176353723644, 40.817587770452441 ], [ -96.693178418299183, 40.817586155295061 ], [ -96.693180482005502, 40.817584539534671 ], [ -96.693182544810924, 40.817582923152713 ], [ -96.693184606686287, 40.817581306132588 ], [ -96.693186667602347, 40.817579688457627 ], [ -96.693188727529929, 40.81757807011121 ], [ -96.693190786439828, 40.817576451076647 ], [ -96.693192844302828, 40.81757483133736 ], [ -96.693194901089726, 40.817573210876695 ], [ -96.693196956771345, 40.817571589677996 ], [ -96.69319901131847, 40.817569967724623 ], [ -96.693201064701896, 40.817568344999927 ], [ -96.69320311689242, 40.81756672148731 ], [ -96.693205167860853, 40.817565097170089 ], [ -96.69320721758082, 40.817563472033719 ], [ -96.693209266037286, 40.817561846071946 ], [ -96.693211313218086, 40.817560219280651 ], [ -96.693213359111027, 40.817558591655647 ], [ -96.693215403703888, 40.817556963192786 ], [ -96.693217446984534, 40.817555333887917 ], [ -96.693219488940741, 40.817553703736863 ], [ -96.693221529560333, 40.817552072735488 ], [ -96.693223568831129, 40.81755044087965 ], [ -96.693225606740924, 40.817548808165142 ], [ -96.693227643277538, 40.817547174587851 ], [ -96.693229678428793, 40.817545540143591 ], [ -96.693231712182481, 40.817543904828241 ], [ -96.693233744526438, 40.817542268637595 ], [ -96.693235775449622, 40.817540631568285 ], [ -96.693237804945653, 40.817538993619834 ], [ -96.693239833009315, 40.817537354792535 ], [ -96.693241859635421, 40.817535715086692 ], [ -96.693243884818713, 40.817534074502575 ], [ -96.69324590855399, 40.817532433040498 ], [ -96.693247930836051, 40.817530790700744 ], [ -96.693249951659652, 40.817529147483576 ], [ -96.693251971019606, 40.817527503389329 ], [ -96.693253988910669, 40.817525858418229 ], [ -96.693256005327655, 40.817524212570653 ], [ -96.693258020265318, 40.817522565846829 ], [ -96.69326003371846, 40.81752091824707 ], [ -96.693262045680953, 40.817519269770784 ], [ -96.69326405614305, 40.817517620413916 ], [ -96.693266065094036, 40.817515970171485 ], [ -96.693268072523253, 40.817514319038573 ], [ -96.693270078420028, 40.817512667010213 ], [ -96.693272082773703, 40.817511014081468 ], [ -96.693274085573591, 40.817509360247378 ], [ -96.693276086808979, 40.817507705503004 ], [ -96.693278086469263, 40.817506049843423 ], [ -96.693280084543716, 40.817504393263633 ], [ -96.693282081021678, 40.81750273575873 ], [ -96.693284075892493, 40.817501077323747 ], [ -96.693286069145458, 40.817499417953748 ], [ -96.693288060768182, 40.81749775764218 ], [ -96.693290050741325, 40.817496096376452 ], [ -96.693292039043826, 40.817494434142198 ], [ -96.693294025654637, 40.817492770925213 ], [ -96.693296010552672, 40.81749110671123 ], [ -96.693297993716911, 40.817489441485968 ], [ -96.693299975126237, 40.8174877752352 ], [ -96.693301954759633, 40.817486107944653 ], [ -96.693303932596024, 40.817484439600101 ], [ -96.693305908614334, 40.817482770187233 ], [ -96.693307882793533, 40.81748109969184 ], [ -96.693309855112531, 40.817479428099631 ], [ -96.693311825550268, 40.817477755396354 ], [ -96.693313794085697, 40.817476081567769 ], [ -96.693315760697558, 40.817474406599167 ], [ -96.693317725363912, 40.81747273047408 ], [ -96.693319688062573, 40.817471053175588 ], [ -96.693321648771416, 40.817469374686752 ], [ -96.693323607468301, 40.817467694990697 ], [ -96.693325564131044, 40.817466014070483 ], [ -96.693327518737547, 40.8174643319092 ], [ -96.693329471265614, 40.817462648489908 ], [ -96.693331421693131, 40.817460963795725 ], [ -96.693333369997916, 40.817459277809718 ], [ -96.693335316157842, 40.817457590514977 ], [ -96.69333726015077, 40.817455901894554 ], [ -96.693339201954529, 40.817454211931604 ], [ -96.693341141548885, 40.817452520610317 ], [ -96.693343078921259, 40.817450827919487 ], [ -96.69334501406091, 40.817449133849152 ], [ -96.693346946957178, 40.817447438389266 ], [ -96.693348877599362, 40.817445741529831 ], [ -96.693350805976749, 40.817444043260785 ], [ -96.693352732078637, 40.817442343572154 ], [ -96.693354655894353, 40.817440642453903 ], [ -96.693356577413198, 40.817438939895986 ], [ -96.693358496624455, 40.817437235888441 ], [ -96.693360413517425, 40.817435530421193 ], [ -96.693362328081463, 40.817433823484237 ], [ -96.693364240305797, 40.817432115067575 ], [ -96.693366150179799, 40.817430405161168 ], [ -96.693368057694926, 40.817428693756689 ], [ -96.693369962851435, 40.817426980852446 ], [ -96.693371865651756, 40.817425266448531 ], [ -96.693373766098375, 40.817423550544916 ], [ -96.693375664193667, 40.817421833141651 ], [ -96.693377559940132, 40.817420114238779 ], [ -96.693379453340199, 40.817418393836292 ], [ -96.6933813443963, 40.817416671934254 ], [ -96.693383233110879, 40.817414948532644 ], [ -96.693385119486365, 40.817413223631561 ], [ -96.693387003525231, 40.817411497230971 ], [ -96.693388885229908, 40.817409769330908 ], [ -96.693390764602825, 40.817408039931436 ], [ -96.693392641647748, 40.817406309033679 ], [ -96.693394516373758, 40.81740457664327 ], [ -96.693396388791186, 40.817402842767024 ], [ -96.69339825891042, 40.817401107411669 ], [ -96.693400126741835, 40.817399370584035 ], [ -96.693401992295804, 40.81739763229087 ], [ -96.693403855582687, 40.817395892538919 ], [ -96.693405716612887, 40.817394151334987 ], [ -96.693407575396733, 40.817392408685834 ], [ -96.69340943194463, 40.817390664598236 ], [ -96.693411286266937, 40.817388919078994 ], [ -96.693413138374041, 40.817387172134858 ], [ -96.693414988276274, 40.817385423772585 ], [ -96.69341683598492, 40.817383673999629 ], [ -96.693418681514544, 40.817381922825994 ], [ -96.693420524880679, 40.817380170262339 ], [ -96.693422366098773, 40.817378416319308 ], [ -96.693424205184314, 40.817376661007614 ], [ -96.693426042152808, 40.817374904337875 ], [ -96.693427877019687, 40.817373146320762 ], [ -96.693429709800469, 40.817371386966961 ], [ -96.69343154051063, 40.817369626287096 ], [ -96.693433369165632, 40.817367864291867 ], [ -96.693435195780978, 40.817366100991919 ], [ -96.693437020372116, 40.817364336397915 ], [ -96.693438842954563, 40.817362570520523 ], [ -96.693440663543782, 40.817360803370399 ], [ -96.693442482155675, 40.817359034958479 ], [ -96.693444298807847, 40.817357265296735 ], [ -96.693446113518306, 40.817355494397425 ], [ -96.693447926305055, 40.81735372227277 ], [ -96.693449737186114, 40.81735194893507 ], [ -96.693451546179531, 40.817350174396537 ], [ -96.693453353303283, 40.817348398669409 ], [ -96.693455158575389, 40.817346621765971 ], [ -96.693456962013911, 40.81734484369845 ], [ -96.693458763636798, 40.817343064479083 ], [ -96.693460563462111, 40.817341284120147 ], [ -96.693462361507855, 40.81733950263385 ], [ -96.69346415779205, 40.817337720032484 ], [ -96.693465952332744, 40.817335936328234 ], [ -96.693467745148212, 40.817334151533231 ], [ -96.693469536256757, 40.817332365659595 ], [ -96.693471325676668, 40.817330578719442 ], [ -96.693473113426279, 40.817328790724822 ], [ -96.693474899523892, 40.817327001687879 ], [ -96.693476683987797, 40.817325211620691 ], [ -96.693478466836311, 40.817323420535359 ], [ -96.693480248087724, 40.817321628443999 ], [ -96.693482027760382, 40.81731983535871 ], [ -96.69348380587256, 40.817318041291578 ], [ -96.693485582442563, 40.817316246254713 ], [ -96.693487357488721, 40.817314450260227 ], [ -96.693489131028798, 40.817312653319824 ], [ -96.693490903078427, 40.817310855443878 ], [ -96.693492673652742, 40.817309056642337 ], [ -96.693494442766834, 40.817307256925169 ], [ -96.693496210435868, 40.817305456302336 ], [ -96.693497976674905, 40.817303654783807 ], [ -96.693499741499096, 40.817301852379572 ], [ -96.693501504923546, 40.817300049099572 ], [ -96.693503266963361, 40.817298244953797 ], [ -96.693505027633691, 40.817296439952202 ], [ -96.693506786949612, 40.817294634104741 ], [ -96.69350854492626, 40.817292827421433 ], [ -96.69351030157874, 40.817291019912197 ], [ -96.693512056922188, 40.817289211587017 ], [ -96.693513810970629, 40.817287402455257 ], [ -96.693515563733769, 40.817285592523831 ], [ -96.693517315220276, 40.81728378179902 ], [ -96.693519065438792, 40.817281970287155 ], [ -96.693520814397942, 40.817280157994531 ], [ -96.693522562106367, 40.817278344927452 ], [ -96.693524308572719, 40.817276531092233 ], [ -96.693526053805641, 40.81727471649517 ], [ -96.693527797813758, 40.81727290114253 ], [ -96.693529540605738, 40.817271085040687 ], [ -96.693531282190222, 40.817269268195922 ], [ -96.693533022575821, 40.817267450614494 ], [ -96.693534761771218, 40.81726563230275 ], [ -96.693536499783548, 40.817263813266258 ], [ -96.693538236614089, 40.817261993507628 ], [ -96.693539972262627, 40.817260173028771 ], [ -96.693541706728922, 40.817258351831562 ], [ -96.693543440012817, 40.817256529917927 ], [ -96.693545172114057, 40.817254707289734 ], [ -96.693546903032413, 40.817252883948882 ], [ -96.693548632767701, 40.817251059897274 ], [ -96.693550361319708, 40.817249235136764 ], [ -96.693552088688207, 40.817247409669321 ], [ -96.693553814872971, 40.817245583496756 ], [ -96.693555539873827, 40.817243756621032 ], [ -96.693557263690536, 40.817241929044016 ], [ -96.693558986322884, 40.817240100767577 ], [ -96.693560707768725, 40.817238271792768 ], [ -96.693562428018254, 40.817236442117121 ], [ -96.693564147059703, 40.817234611737284 ], [ -96.693565864881322, 40.817232780649931 ], [ -96.693567581471356, 40.81723094885173 ], [ -96.693569296818069, 40.817229116339327 ], [ -96.693571010909693, 40.817227283109375 ], [ -96.693572723734491, 40.817225449158556 ], [ -96.693574435280695, 40.817223614483531 ], [ -96.693576145536582, 40.81722177908096 ], [ -96.693577854490371, 40.81721994294751 ], [ -96.69357956213031, 40.817218106079807 ], [ -96.693581268444674, 40.817216268474567 ], [ -96.693582973419581, 40.817214430127429 ], [ -96.693584677032732, 40.81721259103017 ], [ -96.693586379259727, 40.817210751173555 ], [ -96.69358808007614, 40.817208910548366 ], [ -96.693589779457596, 40.817207069145375 ], [ -96.693591477379627, 40.817205226955366 ], [ -96.693593173817874, 40.817203383969087 ], [ -96.693594868747908, 40.817201540177336 ], [ -96.693596562145316, 40.817199695570885 ], [ -96.693598253985698, 40.817197850140509 ], [ -96.693599944244625, 40.817196003876965 ], [ -96.69360163289771, 40.817194156771023 ], [ -96.693603319920513, 40.817192308813517 ], [ -96.693605005286798, 40.817190459994272 ], [ -96.693606688962859, 40.817188610299638 ], [ -96.69360837091314, 40.817186759715071 ], [ -96.693610051102084, 40.817184908225983 ], [ -96.693611729494151, 40.817183055817821 ], [ -96.693613406053785, 40.817181202476064 ], [ -96.693615080745431, 40.817179348186102 ], [ -96.693616753533533, 40.817177492933389 ], [ -96.693618424382549, 40.817175636703396 ], [ -96.693620093256925, 40.817173779481536 ], [ -96.69362176012109, 40.817171921253269 ], [ -96.693623424939517, 40.81717006200401 ], [ -96.693625087676637, 40.81716820171922 ], [ -96.693626748296907, 40.81716634038434 ], [ -96.693628406763651, 40.817164477984363 ], [ -96.693630063035798, 40.817162614502578 ], [ -96.693631717071128, 40.817160749921783 ], [ -96.693633368827449, 40.817158884224831 ], [ -96.69363501826254, 40.817157017394528 ], [ -96.693636665334225, 40.817155149413693 ], [ -96.693638310000281, 40.817153280265195 ], [ -96.693639952218504, 40.81715140993181 ], [ -96.693641591946701, 40.817149538396421 ], [ -96.69364322914268, 40.817147665641819 ], [ -96.693644863764192, 40.817145791650809 ], [ -96.693646495769087, 40.81714391640628 ], [ -96.693648125115132, 40.817142039890996 ], [ -96.693649751759679, 40.817140162087796 ], [ -96.693651375658177, 40.817138282979322 ], [ -96.693652996765664, 40.817136402548165 ], [ -96.693654615037133, 40.817134520776989 ], [ -96.693656230427621, 40.817132637648385 ], [ -96.693657842892108, 40.817130753145001 ], [ -96.693659452385617, 40.817128867249423 ], [ -96.693661058863157, 40.817126979944284 ], [ -96.693662662279749, 40.817125091212205 ], [ -96.693664262590403, 40.817123201035805 ], [ -96.693665859750112, 40.817121309397699 ], [ -96.693667453713928, 40.817119416280505 ], [ -96.693669044436803, 40.817117521666852 ], [ -96.693670631873587, 40.817115625539529 ], [ -96.693672215978197, 40.817113727881924 ], [ -96.693673796704331, 40.817111828677646 ], [ -96.693675374005736, 40.817109927910259 ], [ -96.693676947836124, 40.817108025563336 ], [ -96.693678518149198, 40.817106121620476 ], [ -96.693680084898688, 40.81710421606526 ], [ -96.693681648038307, 40.817102308881246 ], [ -96.693683207521801, 40.817100400052027 ], [ -96.693684763302841, 40.817098489561175 ], [ -96.693686315335199, 40.817096577392277 ], [ -96.693687863572549, 40.817094663528906 ], [ -96.693689407968634, 40.817092747954639 ], [ -96.693690948477169, 40.817090830653072 ], [ -96.693692485052253, 40.817088911608209 ], [ -96.693694017649591, 40.817086990805755 ], [ -96.693695546225257, 40.817085068231926 ], [ -96.69369707073534, 40.817083143872829 ], [ -96.693698591135885, 40.817081217714673 ], [ -96.693700107383023, 40.817079289743567 ], [ -96.693701619432815, 40.817077359945735 ], [ -96.693703127241321, 40.817075428307291 ], [ -96.693704630764643, 40.817073494814423 ], [ -96.693706129958869, 40.817071559453282 ], [ -96.693707624780046, 40.817069622210042 ], [ -96.693709115184291, 40.81706768307086 ], [ -96.693710601127677, 40.817065742021896 ], [ -96.693712082567956, 40.817063799050217 ], [ -96.693713559469714, 40.817061854146488 ], [ -96.693715031799144, 40.817059907302351 ], [ -96.693716499522523, 40.817057958509331 ], [ -96.693717962606073, 40.817056007759042 ], [ -96.693719421016056, 40.817054055043045 ], [ -96.693720874718679, 40.81705210035296 ], [ -96.69372232368022, 40.817050143680355 ], [ -96.693723767866885, 40.817048185016823 ], [ -96.693725207244924, 40.817046224353923 ], [ -96.693726641780614, 40.817044261683272 ], [ -96.693728071440148, 40.817042296996448 ], [ -96.693729496189789, 40.817040330285053 ], [ -96.693730915995772, 40.817038361540618 ], [ -96.693732330827601, 40.817036390756165 ], [ -96.693733740667767, 40.817034417930245 ], [ -96.693735145502089, 40.817032443062807 ], [ -96.693736545316298, 40.817030466153781 ], [ -96.693737940096185, 40.817028487203139 ], [ -96.693739329827523, 40.817026506210816 ], [ -96.693740714496073, 40.817024523176734 ], [ -96.693742094087611, 40.8170225381009 ], [ -96.69374346858794, 40.81702055098318 ], [ -96.693744837982777, 40.817018561823623 ], [ -96.693746202257941, 40.817016570622087 ], [ -96.693747561399178, 40.817014577378586 ], [ -96.693748915392277, 40.817012582093021 ], [ -96.69375026422712, 40.817010584766933 ], [ -96.693751607910059, 40.817008585408274 ], [ -96.693752946451568, 40.817006584026501 ], [ -96.693754279862105, 40.817004580631149 ], [ -96.693755608152159, 40.817002575231712 ], [ -96.693756931332175, 40.817000567837681 ], [ -96.693758249412653, 40.816998558458579 ], [ -96.69375956240404, 40.816996547103898 ], [ -96.693760870316822, 40.816994533783159 ], [ -96.693762173161446, 40.816992518505828 ], [ -96.693763470948412, 40.816990501281431 ], [ -96.693764763688151, 40.816988482119484 ], [ -96.693766051391151, 40.816986461029494 ], [ -96.693767334072035, 40.816984438022345 ], [ -96.693768611761882, 40.816982413114808 ], [ -96.69376988449595, 40.816980386325007 ], [ -96.69377115230948, 40.816978357671076 ], [ -96.693772415237675, 40.816976327171169 ], [ -96.693773673315832, 40.816974294843412 ], [ -96.693774926579138, 40.81697226070596 ], [ -96.693776175062879, 40.816970224776959 ], [ -96.693777418802256, 40.816968187074565 ], [ -96.693778657832539, 40.816966147616917 ], [ -96.693779892188957, 40.816964106422134 ], [ -96.693781121906738, 40.816962063508363 ], [ -96.693782347021127, 40.816960018893781 ], [ -96.693783567567394, 40.816957972596498 ], [ -96.693784783583823, 40.816955924635572 ], [ -96.693785995121175, 40.816953875033555 ], [ -96.693787202233253, 40.816951823813994 ], [ -96.693788404973901, 40.816949771000317 ], [ -96.693789603396922, 40.816947716616049 ], [ -96.693790797556119, 40.816945660684617 ], [ -96.693791987505335, 40.816943603229561 ], [ -96.693793173298403, 40.816941544274322 ], [ -96.693794354989123, 40.816939483842432 ], [ -96.693795532631313, 40.816937421957313 ], [ -96.693796706278789, 40.816935358642475 ], [ -96.693797875985396, 40.816933293921437 ], [ -96.693799041804937, 40.816931227817612 ], [ -96.693800203793032, 40.816929160354888 ], [ -96.693801362012408, 40.816927091558505 ], [ -96.693802516527654, 40.816925021454082 ], [ -96.693803667403287, 40.816922950067223 ], [ -96.693804814703867, 40.81692087742352 ], [ -96.69380595849394, 40.816918803548624 ], [ -96.69380709883805, 40.816916728468122 ], [ -96.693808235800731, 40.816914652207636 ], [ -96.693809369446555, 40.816912574792759 ], [ -96.693810499840055, 40.816910496249129 ], [ -96.693811627045761, 40.816908416602331 ], [ -96.693812751128249, 40.816906335877981 ], [ -96.693813872152049, 40.816904254101701 ], [ -96.693814990181977, 40.816902171298963 ], [ -96.693816105283915, 40.816900087494616 ], [ -96.693817217523971, 40.816898002713472 ], [ -96.693818326968284, 40.816895916980236 ], [ -96.693819433683004, 40.816893830319657 ], [ -96.693820537734254, 40.816891742756489 ], [ -96.693821639188158, 40.816889654315482 ], [ -96.693822738110867, 40.816887565021375 ], [ -96.693823834568505, 40.816885474898932 ], [ -96.693824928627222, 40.816883383972886 ], [ -96.693826020353129, 40.816881292267986 ], [ -96.693827109812375, 40.816879199808987 ], [ -96.69382819707107, 40.816877106620616 ], [ -96.693829282195381, 40.81687501272765 ], [ -96.693830365249596, 40.81687291815409 ], [ -96.693831446290702, 40.816870822921189 ], [ -96.69383252537385, 40.816868727049425 ], [ -96.693833602554221, 40.816866630559296 ], [ -96.693834677886954, 40.816864533471332 ], [ -96.69383575142723, 40.816862435805987 ], [ -96.693836823230171, 40.816860337583819 ], [ -96.69383789335096, 40.816858238825304 ], [ -96.693838961844776, 40.81685613955095 ], [ -96.693840028766743, 40.816854039781241 ], [ -96.693841094172029, 40.816851939536711 ], [ -96.6938421581158, 40.816849838837854 ], [ -96.693843220653221, 40.816847737705146 ], [ -96.693844281835382, 40.816845636157851 ], [ -96.693845341697312, 40.816843534210058 ], [ -96.693846400269948, 40.81684143187465 ], [ -96.693847457584241, 40.816839329164459 ], [ -96.693848513671142, 40.816837226092318 ], [ -96.693849568561603, 40.816835122671101 ], [ -96.693850622286575, 40.816833018913648 ], [ -96.693851674877024, 40.816830914832792 ], [ -96.693852726363886, 40.816828810441407 ], [ -96.693853776778127, 40.81682670575232 ], [ -96.693854826150698, 40.816824600778396 ], [ -96.69385587451255, 40.816822495532456 ], [ -96.693856921894636, 40.816820390027381 ], [ -96.69385796832789, 40.816818284275975 ], [ -96.69385901383832, 40.816816178289592 ], [ -96.693860058432008, 40.816814072073207 ], [ -96.693861102110048, 40.81681196563035 ], [ -96.693862144873563, 40.81680985896449 ], [ -96.693863186723675, 40.816807752079136 ], [ -96.693864227661479, 40.81680564497772 ], [ -96.693865267688082, 40.816803537663773 ], [ -96.693866306804622, 40.81680143014075 ], [ -96.693867345012194, 40.816799322412152 ], [ -96.693868382311933, 40.816797214481454 ], [ -96.693869418704907, 40.816795106352146 ], [ -96.693870454192265, 40.816792998027694 ], [ -96.693871488775116, 40.81679088951163 ], [ -96.693872522450377, 40.816788780806078 ], [ -96.693873555198223, 40.816786671907984 ], [ -96.693874586994653, 40.816784562813019 ], [ -96.693875617815635, 40.816782453516794 ], [ -96.693876647637168, 40.816780344014916 ], [ -96.69387767643525, 40.816778234303058 ], [ -96.693878704185849, 40.816776124376837 ], [ -96.693879730864964, 40.816774014231875 ], [ -96.693880756448578, 40.81677190386381 ], [ -96.69388178091269, 40.816769793268286 ], [ -96.693882804233269, 40.816767682440911 ], [ -96.69388382638634, 40.816765571377339 ], [ -96.693884847347846, 40.81676346007319 ], [ -96.693885867090344, 40.816761348523059 ], [ -96.693886885572496, 40.816759236717395 ], [ -96.693887902749537, 40.816757124645584 ], [ -96.693888918576661, 40.816755012297044 ], [ -96.693889933009117, 40.816752899661189 ], [ -96.693890946002071, 40.816750786727418 ], [ -96.6938919575108, 40.81674867348508 ], [ -96.693892967490498, 40.816746559923637 ], [ -96.693893975896373, 40.816744446032466 ], [ -96.693894982683659, 40.816742331800995 ], [ -96.693895987807565, 40.816740217218602 ], [ -96.693896991223298, 40.816738102274684 ], [ -96.693897992886093, 40.816735986958662 ], [ -96.693898992751159, 40.816733871259927 ], [ -96.693899990771754, 40.816731755167346 ], [ -96.693900986893297, 40.816729638667567 ], [ -96.693901981059227, 40.816727521746756 ], [ -96.693902973212971, 40.816725404390986 ], [ -96.693903963298041, 40.816723286586395 ], [ -96.693904951257835, 40.816721168319098 ], [ -96.693905937035794, 40.816719049575248 ], [ -96.693906920575415, 40.816716930340945 ], [ -96.693907901820111, 40.816714810602278 ], [ -96.693908880713323, 40.81671269034544 ], [ -96.693909857198534, 40.816710569556491 ], [ -96.693910831219185, 40.816708448221561 ], [ -96.693911802718688, 40.81670632632683 ], [ -96.693912771640626, 40.8167042038584 ], [ -96.693913737928867, 40.816702080802713 ], [ -96.693914701527376, 40.816699957146227 ], [ -96.693915662380135, 40.816697832875406 ], [ -96.693916620431082, 40.816695707976706 ], [ -96.693917575624241, 40.816693582436621 ], [ -96.693918527903548, 40.816691456241571 ], [ -96.693919477212972, 40.816689329378029 ], [ -96.693920423496493, 40.81668720183248 ], [ -96.693921366698078, 40.81668507359138 ], [ -96.693922306761706, 40.816682944641173 ], [ -96.693923243631346, 40.816680814968329 ], [ -96.693924177250963, 40.816678684559314 ], [ -96.693925107566628, 40.816676553401166 ], [ -96.693926034532808, 40.816674421483285 ], [ -96.693926958106019, 40.81667228879563 ], [ -96.69392787824286, 40.816670155328168 ], [ -96.693928794899847, 40.816668021070875 ], [ -96.693929708033579, 40.816665886013681 ], [ -96.693930617600543, 40.816663750146596 ], [ -96.693931523557353, 40.816661613459544 ], [ -96.693932425860524, 40.816659475942508 ], [ -96.693933324466641, 40.816657337585475 ], [ -96.69393421933222, 40.816655198378406 ], [ -96.693935110413832, 40.81665305831126 ], [ -96.693935997668035, 40.816650917373984 ], [ -96.693936881051371, 40.816648775556558 ], [ -96.693937760523923, 40.816646632849867 ], [ -96.693938636059855, 40.816644489248453 ], [ -96.693939507636827, 40.81664234474777 ], [ -96.693940375232515, 40.816640199343269 ], [ -96.693941238824607, 40.816638053030424 ], [ -96.693942098390778, 40.816635905804667 ], [ -96.693942953908703, 40.816633757661442 ], [ -96.693943805356056, 40.816631608596225 ], [ -96.693944652710513, 40.816629458604474 ], [ -96.693945495949777, 40.816627307681671 ], [ -96.693946335051479, 40.81662515582321 ], [ -96.693947169993351, 40.816623003024574 ], [ -96.693948000753025, 40.816620849281236 ], [ -96.693948827312212, 40.816618694589664 ], [ -96.693949649668781, 40.816616538950541 ], [ -96.693950467824592, 40.81661438236555 ], [ -96.693951281781523, 40.816612224836433 ], [ -96.693952091541433, 40.816610066364873 ], [ -96.693952897106215, 40.816607906952562 ], [ -96.693953698477728, 40.81660574660124 ], [ -96.693954495657849, 40.816603585312571 ], [ -96.693955288648468, 40.816601423088279 ], [ -96.693956077451446, 40.816599259930086 ], [ -96.693956862068632, 40.816597095839683 ], [ -96.693957642501942, 40.816594930818759 ], [ -96.69395841875324, 40.81659276486905 ], [ -96.693959190824373, 40.816590597992224 ], [ -96.69395995872047, 40.816588430190855 ], [ -96.693960722459579, 40.816586261470775 ], [ -96.693961482062974, 40.816584091838706 ], [ -96.693962237551943, 40.816581921301314 ], [ -96.693962988947774, 40.816579749865319 ], [ -96.693963736271741, 40.816577577537402 ], [ -96.693964479545116, 40.816575404324261 ], [ -96.693965218789188, 40.816573230232585 ], [ -96.693965954025245, 40.81657105526908 ], [ -96.69396668527456, 40.816568879440425 ], [ -96.693967412558422, 40.816566702753313 ], [ -96.693968135898118, 40.816564525214488 ], [ -96.693968855314907, 40.816562346830565 ], [ -96.693969570831726, 40.816560167608671 ], [ -96.69397028247802, 40.816557987557502 ], [ -96.693970990284924, 40.816555806686111 ], [ -96.693971694283505, 40.816553625003522 ], [ -96.693972394504854, 40.816551442518865 ], [ -96.693973090980094, 40.816549259241164 ], [ -96.693973783740333, 40.816547075179528 ], [ -96.693974472816635, 40.816544890342996 ], [ -96.693975158240121, 40.816542704740627 ], [ -96.693975840041887, 40.816540518381487 ], [ -96.693976518253038, 40.816538331274671 ], [ -96.693977192904654, 40.816536143429239 ], [ -96.693977864027858, 40.816533954854258 ], [ -96.693978531653983, 40.816531765558842 ], [ -96.693979195815416, 40.816529575552316 ], [ -96.693979856544786, 40.816527384844079 ], [ -96.693980513874706, 40.81652519344351 ], [ -96.693981167837833, 40.816523001360004 ], [ -96.693981818466767, 40.816520808602931 ], [ -96.69398246579415, 40.816518615181671 ], [ -96.693983109852624, 40.816516421105653 ], [ -96.693983750674803, 40.816514226384207 ], [ -96.693984388293302, 40.816512031026768 ], [ -96.693985022740776, 40.81650983504268 ], [ -96.693985654049854, 40.816507638441344 ], [ -96.693986282253135, 40.816505441232167 ], [ -96.693986907383277, 40.816503243424499 ], [ -96.693987529471784, 40.816501045027493 ], [ -96.693988148545728, 40.816498846049342 ], [ -96.693988764631015, 40.816496646497932 ], [ -96.693989377753596, 40.816494446381178 ], [ -96.693989987939432, 40.816492245707046 ], [ -96.693990595214444, 40.816490044483388 ], [ -96.693991199604554, 40.816487842718189 ], [ -96.693991801135738, 40.816485640419323 ], [ -96.693992399833917, 40.816483437594748 ], [ -96.693992995725026, 40.816481234252322 ], [ -96.693993588835028, 40.816479030400039 ], [ -96.693994179189829, 40.816476826045772 ], [ -96.693994766815379, 40.81647462119745 ], [ -96.693995351735779, 40.816472415862641 ], [ -96.69399593396777, 40.816470210047306 ], [ -96.693996513526216, 40.816468003757109 ], [ -96.693997090426024, 40.816465796997683 ], [ -96.693997664682072, 40.816463589774642 ], [ -96.693998236309241, 40.816461382093664 ], [ -96.693998805322437, 40.816459173960325 ], [ -96.693999371736524, 40.816456965380297 ], [ -96.69399993556641, 40.816454756359171 ], [ -96.694000496826959, 40.81645254690261 ], [ -96.694001055533079, 40.816450337016235 ], [ -96.694001611699647, 40.81644812670573 ], [ -96.694002165341558, 40.816445915976644 ], [ -96.694002716472042, 40.816443704834278 ], [ -96.694003265097734, 40.816441493282355 ], [ -96.694003811223638, 40.816439281324229 ], [ -96.694004354854755, 40.816437068963261 ], [ -96.694004895996073, 40.816434856202797 ], [ -96.694005434652595, 40.816432643046205 ], [ -96.694005970829295, 40.81643042949684 ], [ -96.69400650453116, 40.816428215558041 ], [ -96.694007035763221, 40.816426001233175 ], [ -96.694007564530452, 40.81642378652559 ], [ -96.694008090837841, 40.816421571438624 ], [ -96.694008614690389, 40.816419355975697 ], [ -96.694009136093086, 40.816417140140089 ], [ -96.694009655050934, 40.81641492393522 ], [ -96.694010171569161, 40.816412707364272 ], [ -96.694010685653978, 40.816410490430044 ], [ -96.694011197311809, 40.816408273135238 ], [ -96.694011706549105, 40.816406055482439 ], [ -96.694012213372289, 40.816403837474375 ], [ -96.694012717787842, 40.816401619113719 ], [ -96.694013219802159, 40.816399400403114 ], [ -96.694013719421719, 40.816397181345195 ], [ -96.694014216652931, 40.816394961942677 ], [ -96.694014711502248, 40.816392742198204 ], [ -96.694015203976136, 40.816390522114439 ], [ -96.694015694081003, 40.816388301694055 ], [ -96.694016181823287, 40.816386080939694 ], [ -96.694016667211642, 40.81638385985422 ], [ -96.694017150263448, 40.816381638441221 ], [ -96.694017630998303, 40.816379416704386 ], [ -96.694018109435788, 40.816377194647529 ], [ -96.694018585595501, 40.816374972274332 ], [ -96.694019059496995, 40.816372749588595 ], [ -96.694019531159896, 40.816370526594064 ], [ -96.694020000603786, 40.816368303294468 ], [ -96.694020467848233, 40.816366079693559 ], [ -96.694020932912821, 40.816363855795061 ], [ -96.69402139581716, 40.816361631602753 ], [ -96.694021856580818, 40.816359407120387 ], [ -96.694022315223393, 40.81635718235168 ], [ -96.694022771764466, 40.816354957300419 ], [ -96.694023226225681, 40.816352731970468 ], [ -96.694023678636952, 40.816350506366341 ], [ -96.694024129030211, 40.816348280492676 ], [ -96.694024577437403, 40.816346054354128 ], [ -96.694025023890504, 40.816343827955315 ], [ -96.69402546842143, 40.816341601300905 ], [ -96.694025911062184, 40.816339374395568 ], [ -96.694026351844684, 40.816337147243914 ], [ -96.694026790800891, 40.816334919850597 ], [ -96.694027227962749, 40.816332692220264 ], [ -96.694027663362206, 40.816330464357563 ], [ -96.69402809703125, 40.816328236267147 ], [ -96.694028529001784, 40.816326007953649 ], [ -96.694028959306507, 40.816323779421701 ], [ -96.694029387980834, 40.816321550675738 ], [ -96.694029815060944, 40.816319321720258 ], [ -96.694030240582961, 40.816317092559622 ], [ -96.694030664583053, 40.816314863198322 ], [ -96.694031087097372, 40.816312633640777 ], [ -96.694031508162055, 40.816310403891414 ], [ -96.694031927813256, 40.816308173954695 ], [ -96.694032346087141, 40.81630594383504 ], [ -96.694032763019848, 40.81630371353689 ], [ -96.694033178647516, 40.816301483064677 ], [ -96.694033593006324, 40.816299252422859 ], [ -96.694034006132398, 40.816297021615853 ], [ -96.694034418060184, 40.816294790647781 ], [ -96.694034828817195, 40.816292559521429 ], [ -96.694035238429208, 40.816290328239283 ], [ -96.694035646922046, 40.816288096803824 ], [ -96.694036054321472, 40.816285865217537 ], [ -96.694036460653308, 40.816283633482854 ], [ -96.694036865943318, 40.816281401602296 ], [ -96.694037270217336, 40.816279169578316 ], [ -96.694037673501128, 40.816276937413377 ], [ -96.694038075820487, 40.816274705109983 ], [ -96.694038477201218, 40.816272472670612 ], [ -96.694038877669115, 40.81627024009773 ], [ -96.694039277249971, 40.816268007393774 ], [ -96.694039675969591, 40.816265774561266 ], [ -96.694040073849266, 40.816263541602098 ], [ -96.694040470892332, 40.816261308515777 ], [ -96.694040867097669, 40.816259075301303 ], [ -96.69404126246414, 40.816256841957582 ], [ -96.694041656990606, 40.816254608483625 ], [ -96.694042050675918, 40.81625237487836 ], [ -96.694042443518939, 40.816250141140756 ], [ -96.694042835518545, 40.816247907269755 ], [ -96.694043226673571, 40.816245673264341 ], [ -96.69404361698291, 40.816243439123454 ], [ -96.694044006445395, 40.816241204846058 ], [ -96.694044395059905, 40.816238970431073 ], [ -96.694044782825301, 40.816236735877524 ], [ -96.694045169734949, 40.81623450118375 ], [ -96.694045555760326, 40.816232266345743 ], [ -96.694045940867426, 40.816230031358934 ], [ -96.694046325022242, 40.816227796218762 ], [ -96.694046708190754, 40.81622556092065 ], [ -96.694047090338955, 40.81622332545998 ], [ -96.694047471432839, 40.816221089832204 ], [ -96.694047851438398, 40.816218854032748 ], [ -96.694048230321613, 40.81621661805702 ], [ -96.69404860804849, 40.816214381900458 ], [ -96.694048984584995, 40.816212145558453 ], [ -96.694049359897136, 40.816209909026455 ], [ -96.694049733950905, 40.816207672299868 ], [ -96.694050106707337, 40.81620543537381 ], [ -96.694050478107798, 40.816203198242093 ], [ -96.694050848088665, 40.816200960898207 ], [ -96.694051216586331, 40.816198723335674 ], [ -96.694051583537203, 40.816196485547962 ], [ -96.694051948877686, 40.8161942475286 ], [ -96.694052312544159, 40.816192009271056 ], [ -96.694052674473042, 40.816189770768879 ], [ -96.694053034600714, 40.816187532015519 ], [ -96.694053392863609, 40.816185293004487 ], [ -96.694053749198076, 40.816183053729297 ], [ -96.694054103540537, 40.816180814183461 ], [ -96.694054455827398, 40.816178574360421 ], [ -96.694054805995052, 40.816176334253747 ], [ -96.694055153977644, 40.816174093856979 ], [ -96.694055499700383, 40.816171853164199 ], [ -96.694055843086218, 40.816169612169531 ], [ -96.694056184058084, 40.816167370867085 ], [ -96.694056522538929, 40.816165129251033 ], [ -96.694056858451717, 40.816162887315478 ], [ -96.694057191719395, 40.816160645054573 ], [ -96.694057522264899, 40.816158402462442 ], [ -96.694057850011205, 40.816156159533222 ], [ -96.694058174881221, 40.816153916261094 ], [ -96.69405849679795, 40.816151672640125 ], [ -96.694058815684301, 40.816149428664495 ], [ -96.694059131463234, 40.816147184328294 ], [ -96.69405944405959, 40.816144939626284 ], [ -96.694059753405767, 40.816142694555431 ], [ -96.69406005943604, 40.816140449113263 ], [ -96.694060362084684, 40.816138203297328 ], [ -96.694060661286002, 40.81613595710521 ], [ -96.694060956974269, 40.816133710534437 ], [ -96.694061249083774, 40.816131463582558 ], [ -96.694061537548777, 40.816129216247106 ], [ -96.694061822303581, 40.81612696852568 ], [ -96.694062103282448, 40.816124720415779 ], [ -96.694062380419695, 40.816122471914994 ], [ -96.694062653649581, 40.816120223020825 ], [ -96.694062922906383, 40.816117973730883 ], [ -96.694063188124403, 40.816115724042682 ], [ -96.694063449244084, 40.816113473954672 ], [ -96.694063706230665, 40.816111223468809 ], [ -96.694063959055512, 40.816108972587998 ], [ -96.694064207690033, 40.816106721315094 ], [ -96.694064452105593, 40.816104469652963 ], [ -96.694064692273614, 40.816102217604509 ], [ -96.694064927982296, 40.816099965122454 ], [ -96.694065142243375, 40.816097707569135 ], [ -96.694065324621306, 40.816095442099943 ], [ -96.694065476041203, 40.816093168978668 ], [ -96.694065597428192, 40.816090888469141 ], [ -96.694065689707372, 40.816088600835208 ], [ -96.694065753803869, 40.816086306340672 ], [ -96.694065790652289, 40.816084005250367 ], [ -96.694065801225378, 40.816081697833155 ], [ -96.694065786505419, 40.816079384358858 ], [ -96.694065747474667, 40.816077065097325 ], [ -96.694065685115405, 40.816074740318399 ], [ -96.694065600409886, 40.816072410291923 ], [ -96.694065494340364, 40.816070075287762 ], [ -96.694065367889138, 40.816067735575722 ], [ -96.694065222038446, 40.816065391425695 ], [ -96.694065057770587, 40.816063043107476 ], [ -96.694064876067785, 40.816060690890929 ], [ -96.694064677912351, 40.816058335045902 ], [ -96.694064464286512, 40.816055975842261 ], [ -96.694064236184559, 40.81605361355053 ], [ -96.694063994648872, 40.816051248444246 ], [ -96.694063740733839, 40.816048880797652 ], [ -96.694063475493778, 40.816046510884973 ], [ -96.69406319998312, 40.816044138980395 ], [ -96.694062915256211, 40.816041765358236 ], [ -96.694062622367454, 40.816039390292673 ], [ -96.694062322371181, 40.816037014057954 ], [ -96.694062016321809, 40.8160346369283 ], [ -96.694061705273711, 40.816032259177973 ], [ -96.694061390281234, 40.816029881081178 ], [ -96.694061072398782, 40.816027502912192 ], [ -96.694060752680699, 40.816025124945206 ], [ -96.694060432181388, 40.816022747454461 ], [ -96.694060111961548, 40.816020370713019 ], [ -96.694059793107144, 40.816017994989231 ], [ -96.694059476710521, 40.816015620550203 ], [ -96.694059163863983, 40.816013247663122 ], [ -96.694058855659833, 40.816010876595129 ], [ -96.694058553190402, 40.816008507613375 ], [ -96.694058257548008, 40.816006140985017 ], [ -96.694057969824954, 40.816003776977176 ], [ -96.694057691113557, 40.816001415857038 ], [ -96.694057422506134, 40.815999057891759 ], [ -96.694057165095003, 40.815996703348461 ], [ -96.694056919972468, 40.815994352494293 ], [ -96.694056688230845, 40.815992005596428 ], [ -96.69405647095202, 40.815989662920757 ], [ -96.694056269176073, 40.815987324728034 ], [ -96.694056083932665, 40.815984991277759 ], [ -96.694055916251429, 40.815982662829484 ], [ -96.694055767162027, 40.815980339642671 ], [ -96.694055637694106, 40.815978021976846 ], [ -96.694055528877328, 40.815975710091536 ], [ -96.694055441741327, 40.815973404246229 ], [ -96.694055377315763, 40.815971104700438 ], [ -96.694055336630285, 40.81596881171366 ], [ -96.69405532071454, 40.815966525545448 ], [ -96.694055330598175, 40.815964246455266 ], [ -96.694055367310838, 40.815961974702631 ], [ -96.694055423140512, 40.8159599665019 ] ] } },
{ "type": "Feature", "properties": { "point_a": 337, "point_b": 338, "trip": 3, "route": "antelope_leftmost_through", "status": "corrected", "mode": "reviewed_spatial_assumption" }, "geometry": { "type": "LineString", "coordinates": [ [ -96.692605689168005, 40.820809809191203 ], [ -96.692605371664627, 40.820809352945844 ], [ -96.692604006894925, 40.820807377659321 ], [ -96.692602654350864, 40.82080539748442 ], [ -96.692601313703307, 40.820803412566661 ], [ -96.692599984623115, 40.820801423051556 ], [ -96.692598666781151, 40.820799429084637 ], [ -96.692597359848278, 40.820797430811425 ], [ -96.692596063495373, 40.82079542837748 ], [ -96.69259477739331, 40.820793421928308 ], [ -96.69259350121294, 40.820791411609427 ], [ -96.692592234625124, 40.820789397566394 ], [ -96.692590977316939, 40.820787379938714 ], [ -96.692589729040122, 40.820785358841796 ], [ -96.692588489562667, 40.820783334385098 ], [ -96.69258725865248, 40.820781306678057 ], [ -96.692586036077572, 40.820779275830041 ], [ -96.69258482160582, 40.820777241950559 ], [ -96.692583615005262, 40.820775205148976 ], [ -96.692582416043805, 40.820773165534753 ], [ -96.692581224489388, 40.820771123217277 ], [ -96.692580040110016, 40.820769078306007 ], [ -96.692578862673599, 40.820767030910382 ], [ -96.692577691948102, 40.820764981139789 ], [ -96.69257652770149, 40.820762929103687 ], [ -96.692575369699028, 40.820760874910256 ], [ -96.692574217695238, 40.820758818662824 ], [ -96.69257307144197, 40.820756760463475 ], [ -96.692571930691074, 40.820754700414284 ], [ -96.692570795194385, 40.82075263861735 ], [ -96.692569664703754, 40.820750575174763 ], [ -96.692568538971031, 40.820748510188601 ], [ -96.692567417748037, 40.820746443760981 ], [ -96.692566300786638, 40.820744375993925 ], [ -96.692565187838682, 40.820742306989615 ], [ -96.692564078656005, 40.82074023685005 ], [ -96.692562972990459, 40.820738165677362 ], [ -96.692561870593877, 40.820736093573629 ], [ -96.692560771218112, 40.820734020640955 ], [ -96.692559674598641, 40.820731946985987 ], [ -96.692558580405461, 40.8207298727337 ], [ -96.692557488292195, 40.820727798013678 ], [ -96.692556397912469, 40.820725722955466 ], [ -96.692555308919935, 40.82072364768861 ], [ -96.692554220968205, 40.820721572342663 ], [ -96.692553133710916, 40.820719497047229 ], [ -96.69255204680168, 40.820717421931825 ], [ -96.692550959894149, 40.820715347126026 ], [ -96.692549872641919, 40.820713272759377 ], [ -96.692548784698673, 40.820711198961462 ], [ -96.692547695717991, 40.820709125861804 ], [ -96.692546605353527, 40.82070705358997 ], [ -96.692545513241626, 40.820704982282294 ], [ -96.692544418949552, 40.820702912101957 ], [ -96.692543322027305, 40.820700843218972 ], [ -96.692542222024841, 40.820698775803287 ], [ -96.692541118492159, 40.820696710024897 ], [ -96.692540010979258, 40.820694646053781 ], [ -96.692538899036109, 40.820692584059884 ], [ -96.692537782212696, 40.820690524213198 ], [ -96.692536660059005, 40.820688466683713 ], [ -96.692535532462045, 40.820686411505825 ], [ -96.692534407614147, 40.820684355373956 ], [ -96.692533289163407, 40.820682296809991 ], [ -96.692532177078519, 40.820680235815516 ], [ -96.692531071316083, 40.820678172397265 ], [ -96.692529971784282, 40.820676106582695 ], [ -96.692528878379136, 40.820674038404455 ], [ -96.692527790996721, 40.820671967895116 ], [ -96.692526709533084, 40.820669895087335 ], [ -96.692525633884273, 40.820667820013689 ], [ -96.692524563946336, 40.820665742706844 ], [ -96.692523499615319, 40.820663663199419 ], [ -96.6925224407873, 40.820661581523993 ], [ -96.692521387358312, 40.820659497713216 ], [ -96.692520339224401, 40.820657411799708 ], [ -96.692519296281631, 40.820655323816077 ], [ -96.692518258426063, 40.820653233794943 ], [ -96.692517225553715, 40.820651141768913 ], [ -96.692516197556373, 40.820649047773067 ], [ -96.692515174308653, 40.820646951852105 ], [ -96.692514155680882, 40.820644854053128 ], [ -96.692513141543358, 40.820642754423297 ], [ -96.692512131766435, 40.82064065300974 ], [ -96.692511126220438, 40.820638549859616 ], [ -96.692510124775666, 40.820636445019993 ], [ -96.692509127302472, 40.820634338538092 ], [ -96.692508133671183, 40.820632230460944 ], [ -96.692507143752096, 40.820630120835766 ], [ -96.692506157415551, 40.820628009709672 ], [ -96.692505174531874, 40.820625897129766 ], [ -96.692504194971391, 40.820623783143212 ], [ -96.692503218608394, 40.820621667796651 ], [ -96.692502245333031, 40.820619551134953 ], [ -96.692501275039476, 40.820617433202443 ], [ -96.692500307621813, 40.820615314043486 ], [ -96.692499342974202, 40.820613193702471 ], [ -96.692498380990756, 40.820611072223713 ], [ -96.692497421565619, 40.820608949651621 ], [ -96.692496464592907, 40.82060682603052 ], [ -96.692495509966761, 40.820604701404811 ], [ -96.692494557581313, 40.820602575818803 ], [ -96.69249360733069, 40.820600449316935 ], [ -96.692492659109035, 40.820598321943493 ], [ -96.692491712810465, 40.82059619374288 ], [ -96.692490768329108, 40.820594064759419 ], [ -96.692489825567648, 40.820591935034969 ], [ -96.692488884462819, 40.820589804601155 ], [ -96.692487944959936, 40.820587673487019 ], [ -96.692487007004303, 40.820585541721684 ], [ -96.692486070541221, 40.820583409334219 ], [ -96.692485135515994, 40.820581276353685 ], [ -96.69248420187391, 40.820579142809187 ], [ -96.692483269560256, 40.820577008729799 ], [ -96.69248233852035, 40.820574874144576 ], [ -96.692481408699479, 40.82057273908265 ], [ -96.692480480042931, 40.820570603573046 ], [ -96.692479552496039, 40.82056846764489 ], [ -96.692478626004089, 40.820566331327264 ], [ -96.692477700519348, 40.820564194646316 ], [ -96.692476776022048, 40.820562057616733 ], [ -96.692475852499399, 40.820559920250297 ], [ -96.692474929938584, 40.820557782558737 ], [ -96.692474008326826, 40.820555644553856 ], [ -96.692473087651322, 40.820553506247379 ], [ -96.692472167899282, 40.820551367651085 ], [ -96.692471249057917, 40.82054922877677 ], [ -96.692470331114421, 40.820547089636186 ], [ -96.692469414055992, 40.820544950241093 ], [ -96.692468497869854, 40.82054281060325 ], [ -96.692467582543188, 40.820540670734438 ], [ -96.692466668063219, 40.820538530646424 ], [ -96.692465754421534, 40.820536390349034 ], [ -96.692464841627341, 40.820534249844449 ], [ -96.692463929694227, 40.820532109132877 ], [ -96.692463018635777, 40.82052996821453 ], [ -96.692462108465605, 40.820527827089641 ], [ -96.692461199197297, 40.82052568575844 ], [ -96.692460290844465, 40.820523544221146 ], [ -96.692459383420655, 40.820521402477986 ], [ -96.692458476939507, 40.820519260529188 ], [ -96.692457571414593, 40.82051711837498 ], [ -96.692456666859528, 40.820514976015573 ], [ -96.692455763287867, 40.820512833451197 ], [ -96.692454860713255, 40.820510690682084 ], [ -96.692453959149248, 40.820508547708449 ], [ -96.692453058611662, 40.82050640452956 ], [ -96.692452159125139, 40.820504261140712 ], [ -96.692451260716524, 40.820502117536293 ], [ -96.692450363412661, 40.820499973710611 ], [ -96.692449467240408, 40.820497829658059 ], [ -96.69244857222661, 40.820495685372968 ], [ -96.692447678398111, 40.820493540849697 ], [ -96.692446785781783, 40.820491396082616 ], [ -96.692445894404429, 40.820489251066036 ], [ -96.692445004292935, 40.820487105794363 ], [ -96.692444115474146, 40.820484960261901 ], [ -96.692443227974906, 40.820482814462991 ], [ -96.692442341822044, 40.820480668392044 ], [ -96.692441457043131, 40.820478522043118 ], [ -96.692440573668435, 40.820476375409299 ], [ -96.692439691728964, 40.820474228483384 ], [ -96.692438811255727, 40.820472081258202 ], [ -96.692437932279674, 40.820469933726578 ], [ -96.692437054831785, 40.820467785881341 ], [ -96.692436178943112, 40.820465637715259 ], [ -96.69243530464459, 40.820463489221183 ], [ -96.692434431967214, 40.820461340391901 ], [ -96.692433560941993, 40.820459191220273 ], [ -96.692432691599919, 40.820457041699072 ], [ -96.69243182397193, 40.820454891821143 ], [ -96.692430958089076, 40.820452741579281 ], [ -96.692430093982253, 40.820450590966487 ], [ -96.692429231682127, 40.820448439976374 ], [ -96.692428371219279, 40.820446288602696 ], [ -96.692427512624306, 40.820444136839242 ], [ -96.692426655927804, 40.820441984679782 ], [ -96.692425801160368, 40.820439832118112 ], [ -96.692424948352581, 40.820437679147979 ], [ -96.692424097535053, 40.820435525763209 ], [ -96.692423248738365, 40.820433371957527 ], [ -96.692422401993099, 40.820431217724746 ], [ -96.69242155732988, 40.820429063058604 ], [ -96.69242071477926, 40.820426907952935 ], [ -96.692419874371879, 40.820424752401472 ], [ -96.692419036138276, 40.820422596397989 ], [ -96.692418200108548, 40.820420439936726 ], [ -96.692417366310622, 40.820418283013687 ], [ -96.692416534771866, 40.8204161256253 ], [ -96.692415705519679, 40.82041396776804 ], [ -96.692414878581474, 40.820411809438369 ], [ -96.692414053984621, 40.820409650632698 ], [ -96.692413231756518, 40.820407491347488 ], [ -96.69241241192455, 40.820405331579188 ], [ -96.692411594516116, 40.820403171324273 ], [ -96.692410779558614, 40.82040101057914 ], [ -96.692409967079428, 40.820398849340307 ], [ -96.692409157105971, 40.820396687604159 ], [ -96.692408349665598, 40.820394525367192 ], [ -96.692407544783919, 40.8203923626264 ], [ -96.692406742479264, 40.820390199381166 ], [ -96.69240594276819, 40.820388035631382 ], [ -96.692405145667195, 40.820385871376992 ], [ -96.692404351192849, 40.820383706617925 ], [ -96.692403559361679, 40.820381541354138 ], [ -96.692402770190199, 40.820379375585496 ], [ -96.692401983694978, 40.820377209311971 ], [ -96.692401199892529, 40.820375042533506 ], [ -96.69240041879938, 40.820372875249973 ], [ -96.6923996404321, 40.820370707461358 ], [ -96.692398864807203, 40.820368539167553 ], [ -96.6923980919412, 40.820366370368511 ], [ -96.692397321850677, 40.820364201064137 ], [ -96.69239655454902, 40.820362031254959 ], [ -96.692395790037139, 40.820359860943917 ], [ -96.692395028312873, 40.820357690134486 ], [ -96.692394269373992, 40.820355518830226 ], [ -96.69239351321832, 40.820353347034604 ], [ -96.692392759843656, 40.820351174751146 ], [ -96.692392009247797, 40.820349001983367 ], [ -96.69239126142854, 40.820346828734785 ], [ -96.692390516383725, 40.820344655008903 ], [ -96.69238977411112, 40.820342480809259 ], [ -96.692389034608524, 40.820340306139315 ], [ -96.692388297873762, 40.820338131002615 ], [ -96.692387563904632, 40.820335955402676 ], [ -96.692386832695931, 40.820333779343393 ], [ -96.692386104230437, 40.820331602830208 ], [ -96.692385378487941, 40.820329425869005 ], [ -96.692384655448208, 40.820327248465574 ], [ -96.692383935091058, 40.820325070625827 ], [ -96.692383217396241, 40.820322892355563 ], [ -96.692382502343534, 40.820320713660628 ], [ -96.69238178991273, 40.820318534546921 ], [ -96.692381080083621, 40.820316355020225 ], [ -96.69238037283597, 40.820314175086438 ], [ -96.692379668149556, 40.820311994751393 ], [ -96.692378966004185, 40.820309814020916 ], [ -96.69237826637962, 40.820307632900864 ], [ -96.692377569252997, 40.820305451397267 ], [ -96.692376874590849, 40.820303269516899 ], [ -96.69237618235708, 40.820301087266699 ], [ -96.692375492515552, 40.82029890465359 ], [ -96.692374805030184, 40.820296721684564 ], [ -96.692374119864851, 40.82029453836649 ], [ -96.692373436983445, 40.820292354706382 ], [ -96.692372756349855, 40.820290170711139 ], [ -96.692372077927956, 40.820287986387754 ], [ -96.692371401681669, 40.820285801743111 ], [ -96.692370727574854, 40.820283616784202 ], [ -96.692370055571416, 40.820281431517948 ], [ -96.692369385635246, 40.820279245951284 ], [ -96.692368717730204, 40.820277060091207 ], [ -96.692368051818789, 40.820274873944548 ], [ -96.692367387857743, 40.820272687518106 ], [ -96.692366725802373, 40.820270500818644 ], [ -96.692366065607999, 40.820268313852885 ], [ -96.692365407229957, 40.820266126627544 ], [ -96.692364750623554, 40.82026393914937 ], [ -96.692364095744125, 40.820261751425129 ], [ -96.692363442546977, 40.820259563461477 ], [ -96.692362790987445, 40.820257375265221 ], [ -96.692362141020823, 40.82025518684307 ], [ -96.692361492602458, 40.820252998201759 ], [ -96.692360845687674, 40.820250809348011 ], [ -96.692360200231789, 40.820248620288602 ], [ -96.692359556190766, 40.820246431030093 ], [ -96.692358913523265, 40.820244241578727 ], [ -96.692358272188571, 40.820242051940532 ], [ -96.692357632145999, 40.820239862121582 ], [ -96.692356993354849, 40.820237672127938 ], [ -96.692356355774422, 40.820235481965682 ], [ -96.692355719364002, 40.820233291640882 ], [ -96.692355084082919, 40.820231101159578 ], [ -96.692354449890445, 40.82022891052786 ], [ -96.692353816745921, 40.820226719751787 ], [ -96.692353184608592, 40.820224528837421 ], [ -96.6923525534378, 40.820222337790852 ], [ -96.692351923192845, 40.820220146618119 ], [ -96.692351293837007, 40.820217955324814 ], [ -96.692350665349522, 40.820215763914668 ], [ -96.692350037713638, 40.820213572390863 ], [ -96.692349410912584, 40.820211380756625 ], [ -96.692348784929578, 40.820209189015181 ], [ -96.692348159747851, 40.820206997169763 ], [ -96.692347535350649, 40.820204805223575 ], [ -96.692346911721202, 40.820202613179831 ], [ -96.692346288842742, 40.820200421041761 ], [ -96.6923456666985, 40.820198228812586 ], [ -96.692345045271679, 40.820196036495538 ], [ -96.692344424545567, 40.820193844093815 ], [ -96.692343804503352, 40.820191651610649 ], [ -96.69234318512828, 40.82018945904926 ], [ -96.692342566409465, 40.820187266411921 ], [ -96.692341948359612, 40.820185073697196 ], [ -96.692341330997337, 40.820182880902642 ], [ -96.692340714341213, 40.8201806880259 ], [ -96.692340098409844, 40.820178495064567 ], [ -96.692339483221815, 40.820176302016236 ], [ -96.69233886879573, 40.820174108878483 ], [ -96.692338255150176, 40.820171915648956 ], [ -96.692337642303769, 40.820169722325247 ], [ -96.69233703027507, 40.820167528904925 ], [ -96.692336419082693, 40.820165335385624 ], [ -96.692335808745241, 40.820163141764944 ], [ -96.692335199281274, 40.820160948040467 ], [ -96.69233459071495, 40.820158754208933 ], [ -96.692333983092411, 40.820156560263669 ], [ -96.692333376465328, 40.820154366197102 ], [ -96.6923327708854, 40.820152172001684 ], [ -96.692332166404313, 40.820149977669857 ], [ -96.692331563073751, 40.820147783194059 ], [ -96.69233096094537, 40.820145588566724 ], [ -96.692330360070869, 40.820143393780313 ], [ -96.692329760501934, 40.820141198827272 ], [ -96.69232916229025, 40.820139003700035 ], [ -96.692328565487486, 40.820136808391034 ], [ -96.692327970145342, 40.820134612892744 ], [ -96.69232737631549, 40.820132417197556 ], [ -96.692326784049598, 40.820130221297973 ], [ -96.69232619340282, 40.82012802518593 ], [ -96.692325604443951, 40.820125828851573 ], [ -96.692325017245338, 40.820123632284556 ], [ -96.6923244318792, 40.820121435474547 ], [ -96.692323848417843, 40.820119238411166 ], [ -96.69232326693357, 40.820117041084124 ], [ -96.692322687498631, 40.820114843483033 ], [ -96.69232211018533, 40.82011264559759 ], [ -96.692321535065915, 40.820110447417434 ], [ -96.692320962212719, 40.820108248932208 ], [ -96.692320391697976, 40.820106050131592 ], [ -96.692319823593991, 40.820103851005243 ], [ -96.692319257973026, 40.820101651542828 ], [ -96.692318694907769, 40.820099451734002 ], [ -96.692318134472472, 40.820097251568647 ], [ -96.692317576741743, 40.820095051036603 ], [ -96.692317021790217, 40.820092850127772 ], [ -96.692316469692528, 40.820090648831965 ], [ -96.692315920523299, 40.820088447139113 ], [ -96.692315374357179, 40.820086245039057 ], [ -96.69231483126876, 40.820084042521678 ], [ -96.692314291332707, 40.820081839576808 ], [ -96.69231375462364, 40.820079636194393 ], [ -96.692313221216182, 40.820077432364236 ], [ -96.692312691184966, 40.82007522807627 ], [ -96.692312164604616, 40.82007302332029 ], [ -96.692311641546908, 40.820070818086663 ], [ -96.692311122072027, 40.82006861236755 ], [ -96.692310606237342, 40.820066406155554 ], [ -96.692310094100179, 40.820064199443266 ], [ -96.692309585717865, 40.820061992223337 ], [ -96.692309081147783, 40.820059784488379 ], [ -96.692308580447246, 40.820057576230951 ], [ -96.692308083673595, 40.8200553674437 ], [ -96.692307590884184, 40.820053158119272 ], [ -96.69230710213634, 40.820050948250206 ], [ -96.692306617487418, 40.820048737829161 ], [ -96.692306136994745, 40.820046526848735 ], [ -96.692305660715675, 40.820044315301551 ], [ -96.69230518870755, 40.820042103180214 ], [ -96.692304721021884, 40.820039890478185 ], [ -96.69230425768707, 40.820037677192339 ], [ -96.692303798725632, 40.820035463320437 ], [ -96.692303344160152, 40.820033248860184 ], [ -96.692302894013153, 40.820031033809315 ], [ -96.692302448307217, 40.820028818165582 ], [ -96.692302007064868, 40.820026601926713 ], [ -96.6923015703087, 40.820024385090456 ], [ -96.692301138061225, 40.820022167654514 ], [ -96.692300710345037, 40.820019949616629 ], [ -96.692300287182647, 40.820017730974563 ], [ -96.692299868596649, 40.820015511726019 ], [ -96.692299454609582, 40.82001329186874 ], [ -96.692299045237675, 40.820011071401453 ], [ -96.692298640471932, 40.82000885032673 ], [ -96.692298240297021, 40.820006628648166 ], [ -96.692297844697606, 40.820004406369321 ], [ -96.692297453658384, 40.820002183493763 ], [ -96.69229706716402, 40.819999960025086 ], [ -96.692296685199167, 40.819997735966858 ], [ -96.692296307748521, 40.819995511322645 ], [ -96.692295934796775, 40.819993286096036 ], [ -96.692295566328553, 40.819991060290583 ], [ -96.692295202328566, 40.819988833909875 ], [ -96.692294842781479, 40.819986606957485 ], [ -96.692294487671958, 40.819984379436974 ], [ -96.692294136979285, 40.819982151352683 ], [ -96.692293790661054, 40.819979922711909 ], [ -96.692293448669488, 40.819977693522674 ], [ -96.692293110956797, 40.819975463793035 ], [ -96.69229277747516, 40.819973233531044 ], [ -96.692292448176815, 40.819971002744751 ], [ -96.692292123013971, 40.819968771442177 ], [ -96.692291801938794, 40.819966539631395 ], [ -96.692291484903521, 40.819964307320426 ], [ -96.692291171860361, 40.819962074517342 ], [ -96.692290862761496, 40.819959841230187 ], [ -96.692290557559161, 40.819957607466968 ], [ -96.692290256205553, 40.81995537323575 ], [ -96.69228995865285, 40.819953138544598 ], [ -96.692289664851174, 40.819950903401839 ], [ -96.692289374742003, 40.819948667817016 ], [ -96.692289088264758, 40.819946431799949 ], [ -96.6922888053588, 40.819944195360456 ], [ -96.692288525963534, 40.819941958508423 ], [ -96.69228825001835, 40.819939721253625 ], [ -96.692287977462613, 40.819937483605912 ], [ -96.69228770823571, 40.819935245575124 ], [ -96.692287442277063, 40.819933007171109 ], [ -96.692287179526033, 40.819930768403644 ], [ -96.692286919922012, 40.819928529282606 ], [ -96.692286663404374, 40.819926289817836 ], [ -96.692286409912541, 40.819924050019118 ], [ -96.692286159387791, 40.819921809896215 ], [ -96.692285911779152, 40.819919569458229 ], [ -96.692285667037524, 40.819917328714297 ], [ -96.692285425113852, 40.819915087673415 ], [ -96.692285185959037, 40.819912846344685 ], [ -96.692284949524037, 40.819910604737117 ], [ -96.692284715759769, 40.819908362859778 ], [ -96.692284484617133, 40.819906120721718 ], [ -96.692284256047103, 40.819903878331999 ], [ -96.692284030000565, 40.819901635699665 ], [ -96.692283806428435, 40.819899392833797 ], [ -96.692283585281686, 40.819897149743404 ], [ -96.692283366511219, 40.819894906437547 ], [ -96.692283150067951, 40.819892662925326 ], [ -96.692282935906789, 40.819890419215341 ], [ -96.69228272399846, 40.819888175314659 ], [ -96.692282514317682, 40.819885931229983 ], [ -96.692282306839147, 40.819883686967906 ], [ -96.692282101537572, 40.81988144253512 ], [ -96.692281898387677, 40.81987919793827 ], [ -96.692281697364123, 40.819876953184021 ], [ -96.692281498441659, 40.819874708279045 ], [ -96.692281301594974, 40.81987246322997 ], [ -96.692281106798774, 40.819870218043455 ], [ -96.692280914027762, 40.819867972726179 ], [ -96.692280723256658, 40.819865727284771 ], [ -96.692280534460153, 40.819863481725911 ], [ -96.692280347616432, 40.819861236055758 ], [ -96.692280162717552, 40.81985899027837 ], [ -96.692279979759036, 40.819856744397327 ], [ -96.692279798736436, 40.819854498416198 ], [ -96.692279619645248, 40.819852252338599 ], [ -96.692279442481038, 40.819850006168068 ], [ -96.692279267239314, 40.819847759908193 ], [ -96.692279093915616, 40.819845513562555 ], [ -96.69227892250548, 40.819843267134708 ], [ -96.692278753004445, 40.81984102062826 ], [ -96.692278585408019, 40.819838774046765 ], [ -96.692278419711727, 40.819836527393775 ], [ -96.69227825591112, 40.819834280672929 ], [ -96.69227809400391, 40.819832033887415 ], [ -96.692277933996465, 40.819829787038991 ], [ -96.692277775897381, 40.81982754012909 ], [ -96.692277619715213, 40.819825293159113 ], [ -96.692277465458545, 40.819823046130473 ], [ -96.692277313135932, 40.819820799044599 ], [ -96.692277162755971, 40.819818551902905 ], [ -96.692277014327189, 40.819816304706798 ], [ -96.692276867858197, 40.819814057457698 ], [ -96.692276723357537, 40.819811810157006 ], [ -96.692276580833791, 40.819809562806157 ], [ -96.692276440295544, 40.81980731540655 ], [ -96.692276301751349, 40.819805067959614 ], [ -96.692276165209776, 40.819802820466748 ], [ -96.692276030680304, 40.819800572929218 ], [ -96.692275898176021, 40.819798325347534 ], [ -96.692275767710939, 40.819796077722124 ], [ -96.692275639299083, 40.819793830053335 ], [ -96.69227551295441, 40.819791582341544 ], [ -96.692275388690931, 40.819789334587163 ], [ -96.692275266522671, 40.819787086790519 ], [ -96.692275146463629, 40.819784838952032 ], [ -96.692275028527803, 40.819782591072048 ], [ -96.692274912729175, 40.819780343150967 ], [ -96.692274799081758, 40.81977809518915 ], [ -96.692274687599564, 40.819775847187003 ], [ -96.69227457829659, 40.819773599144881 ], [ -96.69227447118655, 40.819771351063146 ], [ -96.692274366282078, 40.819769102942018 ], [ -96.692274263595493, 40.819766854781683 ], [ -96.692274163139103, 40.819764606582346 ], [ -96.6922740649253, 40.819762358344221 ], [ -96.692273968966362, 40.819760110067492 ], [ -96.692273875274651, 40.819757861752315 ], [ -96.69227378386249, 40.819755613398961 ], [ -96.692273694742212, 40.819753365007578 ], [ -96.692273607926154, 40.819751116578381 ], [ -96.69227352342665, 40.819748868111546 ], [ -96.692273441256035, 40.81974661960728 ], [ -96.692273361426629, 40.819744371065788 ], [ -96.69227328394885, 40.819742122487348 ], [ -96.69227320882537, 40.819739873872578 ], [ -96.692273136056954, 40.81973762522216 ], [ -96.692273065644358, 40.819735376536819 ], [ -96.692272997588304, 40.819733127817244 ], [ -96.692272931889605, 40.819730879064139 ], [ -96.692272868548955, 40.819728630278199 ], [ -96.69227280756715, 40.819726381460143 ], [ -96.692272748944916, 40.819724132610645 ], [ -96.692272692683034, 40.819721883730409 ], [ -96.692272638782242, 40.819719634820153 ], [ -96.692272587243281, 40.819717385880566 ], [ -96.692272538066916, 40.819715136912386 ], [ -96.692272491253931, 40.819712887916261 ], [ -96.692272446801738, 40.819710638893049 ], [ -96.692272404694606, 40.819708389844344 ], [ -96.692272364913507, 40.819706140771807 ], [ -96.692272327439397, 40.819703891677136 ], [ -96.692272292253236, 40.819701642562045 ], [ -96.692272259335965, 40.81969939342823 ], [ -96.692272228668585, 40.819697144277377 ], [ -96.692272200232011, 40.819694895111219 ], [ -96.692272174007229, 40.81969264593139 ], [ -96.69227214997521, 40.819690396739652 ], [ -96.692272128116883, 40.819688147537704 ], [ -96.692272108413221, 40.819685898327215 ], [ -96.692272090845165, 40.819683649109884 ], [ -96.692272075391102, 40.819681399887649 ], [ -96.69227206201883, 40.819679150663248 ], [ -96.692272050693575, 40.819676901439713 ], [ -96.692272041380562, 40.819674652219987 ], [ -96.69227203404499, 40.819672403007075 ], [ -96.692272028652127, 40.819670153803941 ], [ -96.692272025167128, 40.819667904613596 ], [ -96.692272023555248, 40.819665655439003 ], [ -96.692272023781683, 40.819663406283162 ], [ -96.692272025811675, 40.819661157149064 ], [ -96.692272029610436, 40.819658908039663 ], [ -96.692272035143162, 40.819656658957967 ], [ -96.692272042375095, 40.819654409906974 ], [ -96.692272051271445, 40.819652160889625 ], [ -96.692272061796828, 40.819649911909103 ], [ -96.692272073913372, 40.819647662969103 ], [ -96.692272087582651, 40.819645414073563 ], [ -96.692272102766196, 40.819643165226324 ], [ -96.692272119425539, 40.819640916431332 ], [ -96.692272137522252, 40.819638667692438 ], [ -96.692272157017854, 40.819636419013527 ], [ -96.692272177873903, 40.819634170398537 ], [ -96.692272200051931, 40.819631921851325 ], [ -96.692272223513498, 40.819629673375793 ], [ -96.692272248220135, 40.819627424975792 ], [ -96.692272274133387, 40.819625176655279 ], [ -96.6922723012148, 40.819622928418106 ], [ -96.692272329427311, 40.819620680268144 ], [ -96.69227235873943, 40.819618432209126 ], [ -96.692272389121044, 40.819616184244772 ], [ -96.692272420542025, 40.819613936378786 ], [ -96.692272452972304, 40.819611688614856 ], [ -96.692272486381725, 40.819609440956725 ], [ -96.692272520740232, 40.819607193408075 ], [ -96.69227255601767, 40.819604945972621 ], [ -96.692272592183954, 40.819602698654073 ], [ -96.692272629209, 40.819600451456161 ], [ -96.692272667062667, 40.819598204382544 ], [ -96.692272705714842, 40.819595957436981 ], [ -96.692272745135426, 40.819593710623153 ], [ -96.69227278529749, 40.819591463944612 ], [ -96.692272826186567, 40.819589217404257 ], [ -96.692272867791417, 40.819586971004796 ], [ -96.692272910100741, 40.819584724749006 ], [ -96.692272953103284, 40.81958247863961 ], [ -96.692272996787793, 40.819580232679314 ], [ -96.692273041142954, 40.819577986870897 ], [ -96.692273086157513, 40.819575741217051 ], [ -96.692273131820201, 40.819573495720533 ], [ -96.692273178119734, 40.819571250384065 ], [ -96.692273225044843, 40.819569005210383 ], [ -96.692273272584274, 40.819566760202235 ], [ -96.692273320726741, 40.819564515362366 ], [ -96.692273369460949, 40.81956227069346 ], [ -96.692273418779749, 40.819560026198005 ], [ -96.692273468692363, 40.819557781877315 ], [ -96.692273519212108, 40.819555537732477 ], [ -96.692273570352327, 40.819553293764478 ], [ -96.692273622126336, 40.8195510499744 ], [ -96.692273674547451, 40.819548806363287 ], [ -96.692273727629001, 40.819546562932182 ], [ -96.692273781384316, 40.819544319682144 ], [ -96.692273835826711, 40.819542076614191 ], [ -96.692273890969531, 40.819539833729394 ], [ -96.692273946826091, 40.819537591028791 ], [ -96.692274003409693, 40.819535348513426 ], [ -96.692274060733695, 40.819533106184366 ], [ -96.692274118814922, 40.819530864042271 ], [ -96.692274177684311, 40.819528622086224 ], [ -96.692274237376282, 40.81952638031504 ], [ -96.69227429792528, 40.819524138727417 ], [ -96.69227435936574, 40.81952189732214 ], [ -96.692274421732094, 40.819519656097938 ], [ -96.692274485058817, 40.819517415053561 ], [ -96.692274549380286, 40.819515174187771 ], [ -96.692274614730991, 40.819512933499269 ], [ -96.692274681145335, 40.819510692986874 ], [ -96.692274748657795, 40.819508452649281 ], [ -96.69227481730276, 40.819506212485258 ], [ -96.692274887114721, 40.819503972493536 ], [ -96.692274958128664, 40.819501732672265 ], [ -96.692275030382007, 40.819499493017155 ], [ -96.692275103912777, 40.819497253523252 ], [ -96.692275178758919, 40.819495014185641 ], [ -96.692275254958474, 40.819492774999439 ], [ -96.692275332549428, 40.819490535959666 ], [ -96.692275411569767, 40.819488297061454 ], [ -96.692275492057519, 40.819486058299852 ], [ -96.69227557405064, 40.819483819669941 ], [ -96.69227565758716, 40.819481581166798 ], [ -96.692275742705078, 40.81947934278552 ], [ -96.692275829442366, 40.819477104521184 ], [ -96.692275917837051, 40.819474866368836 ], [ -96.692276007927106, 40.819472628323616 ], [ -96.692276099747076, 40.819470390379685 ], [ -96.692276193317596, 40.819468152527797 ], [ -96.692276288655833, 40.819465914757842 ], [ -96.692276385778953, 40.819463677059666 ], [ -96.692276484704138, 40.819461439423172 ], [ -96.692276585448568, 40.819459201838207 ], [ -96.692276688029381, 40.819456964294687 ], [ -96.692276792463758, 40.819454726782418 ], [ -96.692276898768881, 40.819452489291336 ], [ -96.69227700696193, 40.81945025181129 ], [ -96.692277117060044, 40.81944801433216 ], [ -96.692277229080418, 40.819445776843807 ], [ -96.692277343040217, 40.819443539336113 ], [ -96.692277458950301, 40.819441301798619 ], [ -96.692277576796414, 40.819439064219488 ], [ -96.69227769655798, 40.819436826586539 ], [ -96.692277818214407, 40.819434588887653 ], [ -96.692277941745147, 40.819432351110578 ], [ -96.692278067129621, 40.819430113243229 ], [ -96.692278194347239, 40.819427875273369 ], [ -96.692278323377437, 40.819425637188871 ], [ -96.69227845419968, 40.81942339897752 ], [ -96.692278586793336, 40.819421160627215 ], [ -96.692278721137882, 40.819418922125735 ], [ -96.692278857212713, 40.819416683460915 ], [ -96.692278994997267, 40.819414444620605 ], [ -96.692279134470965, 40.819412205592599 ], [ -96.692279275607362, 40.819409966365143 ], [ -96.692279418356392, 40.819407726927921 ], [ -96.692279562662094, 40.819405487270956 ], [ -96.692279708468504, 40.819403247384372 ], [ -96.692279855719676, 40.819401007258179 ], [ -96.692280004359688, 40.819398766882507 ], [ -96.692280154332565, 40.819396526247338 ], [ -96.692280305582329, 40.819394285342796 ], [ -96.692280458053062, 40.819392044158946 ], [ -96.692280611688801, 40.819389802685812 ], [ -96.692280766433583, 40.819387560913512 ], [ -96.69228092223149, 40.819385318832069 ], [ -96.6922810790265, 40.819383076431571 ], [ -96.692281236759328, 40.819380833702752 ], [ -96.692281395357014, 40.819378590639275 ], [ -96.692281554743175, 40.819376347235377 ], [ -96.692281714841513, 40.81937410348538 ], [ -96.692281875575645, 40.819371859383601 ], [ -96.692282036869244, 40.819369614924348 ], [ -96.692282198645941, 40.819367370101901 ], [ -96.69228236082941, 40.819365124910568 ], [ -96.692282523343309, 40.819362879344652 ], [ -96.69228268611127, 40.819360633398468 ], [ -96.692282849056966, 40.819358387066302 ], [ -96.692283012104042, 40.819356140342457 ], [ -96.692283175176144, 40.819353893221255 ], [ -96.692283338196319, 40.819351645698021 ], [ -96.692283501085043, 40.819349397772299 ], [ -96.692283663762197, 40.819347149444688 ], [ -96.69228382614763, 40.819344900715748 ], [ -96.692283988161208, 40.819342651586048 ], [ -96.692284149722838, 40.81934040205622 ], [ -96.692284310752342, 40.819338152126797 ], [ -96.692284471169614, 40.819335901798389 ], [ -96.692284630894491, 40.819333651071553 ], [ -96.692284789846894, 40.81933139994689 ], [ -96.692284947946646, 40.819329148424991 ], [ -96.692285105113626, 40.819326896506418 ], [ -96.692285261267699, 40.819324644191759 ], [ -96.69228541632873, 40.819322391481592 ], [ -96.692285570219298, 40.819320138377726 ], [ -96.692285722872825, 40.819317884886914 ], [ -96.692285874225362, 40.819315631017083 ], [ -96.692286024213075, 40.819313376776194 ], [ -96.692286172772029, 40.819311122172223 ], [ -96.692286319838331, 40.819308867213081 ], [ -96.69228646534809, 40.819306611906775 ], [ -96.692286609237442, 40.819304356261206 ], [ -96.692286751442452, 40.819302100284389 ], [ -96.692286891899244, 40.819299843984233 ], [ -96.692287030543923, 40.819297587368716 ], [ -96.692287167312585, 40.81929533044579 ], [ -96.692287302141352, 40.819293073223406 ], [ -96.692287434971817, 40.819290815710659 ], [ -96.692287565767614, 40.819288557921276 ], [ -96.692287694497878, 40.819286299870093 ], [ -96.692287821131728, 40.81928404157194 ], [ -96.692287945638313, 40.819281783041681 ], [ -96.692288067986752, 40.819279524294203 ], [ -96.692288188146179, 40.819277265344297 ], [ -96.692288306085729, 40.81927500620683 ], [ -96.692288421774521, 40.819272746896658 ], [ -96.692288535181689, 40.819270487428653 ], [ -96.692288646276381, 40.819268227817645 ], [ -96.692288755027718, 40.819265968078462 ], [ -96.692288861404819, 40.819263708225982 ], [ -96.692288965385004, 40.819261448275682 ], [ -96.692289066978176, 40.819259188245503 ], [ -96.692289166202457, 40.819256928154054 ], [ -96.692289263075907, 40.819254668019937 ], [ -96.692289357616616, 40.81925240786174 ], [ -96.692289449842718, 40.819250147698035 ], [ -96.692289539772261, 40.819247887547441 ], [ -96.692289627423378, 40.819245627428536 ], [ -96.692289712814116, 40.81924336735991 ], [ -96.692289795962594, 40.819241107360185 ], [ -96.692289876886917, 40.819238847447913 ], [ -96.692289955605148, 40.819236587641697 ], [ -96.692290032135389, 40.819234327960153 ], [ -96.692290106495733, 40.819232068421883 ], [ -96.692290178711815, 40.81922980904492 ], [ -96.692290248839427, 40.819227549845358 ], [ -96.692290316941865, 40.819225290838752 ], [ -96.692290383082465, 40.819223032040675 ], [ -96.692290447324552, 40.819220773466668 ], [ -96.69229050973145, 40.819218515132313 ], [ -96.692290570366481, 40.819216257053142 ], [ -96.692290629292955, 40.81921399924471 ], [ -96.692290686574211, 40.819211741722604 ], [ -96.69229074227357, 40.819209484502387 ], [ -96.69229079645433, 40.81920722759957 ], [ -96.692290849179827, 40.819204971029762 ], [ -96.692290900513399, 40.819202714808505 ], [ -96.692290950522235, 40.819200458950121 ], [ -96.692290999289128, 40.819198203464126 ], [ -96.692291046900721, 40.819195948358711 ], [ -96.692291093443657, 40.819193693642177 ], [ -96.692291139004624, 40.819191439322772 ], [ -96.69229118367025, 40.819189185408725 ], [ -96.692291227527221, 40.819186931908305 ], [ -96.692291270662167, 40.819184678829785 ], [ -96.692291313161775, 40.819182426181378 ], [ -96.692291355112673, 40.819180173971361 ], [ -96.692291396601533, 40.819177922207999 ], [ -96.692291437715028, 40.819175670899504 ], [ -96.692291478539801, 40.819173420054177 ], [ -96.692291519162495, 40.819171169680239 ], [ -96.692291559669442, 40.819168919784545 ], [ -96.692291600145552, 40.819166670368254 ], [ -96.692291640675407, 40.819164421431061 ], [ -96.69229168134359, 40.819162172972739 ], [ -96.692291722234657, 40.819159924993031 ], [ -96.692291763433218, 40.819157677491617 ], [ -96.6922918050238, 40.819155430468307 ], [ -96.692291847091028, 40.819153183922793 ], [ -96.692291889719442, 40.819150937854822 ], [ -96.692291932993641, 40.819148692264115 ], [ -96.692291976998177, 40.81914644715043 ], [ -96.69229202181765, 40.819144202513492 ], [ -96.692292067536599, 40.819141958353043 ], [ -96.692292114235357, 40.819139714667536 ], [ -96.692292161976923, 40.819137471450198 ], [ -96.692292210820057, 40.819135228693064 ], [ -96.692292260823535, 40.81913298638807 ], [ -96.692292312046078, 40.819130744527207 ], [ -96.692292364546432, 40.819128503102469 ], [ -96.69229241838336, 40.81912626210579 ], [ -96.692292473615623, 40.819124021529177 ], [ -96.692292530301955, 40.819121781364629 ], [ -96.69229258850109, 40.819119541604103 ], [ -96.692292648271803, 40.819117302239562 ], [ -96.692292709672842, 40.819115063262977 ], [ -96.69229277276294, 40.819112824666377 ], [ -96.692292837593556, 40.819110586440601 ], [ -96.69229290418707, 40.819108348572115 ], [ -96.692292972558548, 40.819106111046317 ], [ -96.692293042723023, 40.819103873848562 ], [ -96.692293114695573, 40.819101636964241 ], [ -96.692293188491291, 40.81909940037869 ], [ -96.692293264125212, 40.819097164077341 ], [ -96.692293341612427, 40.819094928045523 ], [ -96.692293420967971, 40.819092692268605 ], [ -96.692293502206951, 40.819090456732006 ], [ -96.692293585344416, 40.81908822142104 ], [ -96.692293670395429, 40.81908598632112 ], [ -96.692293757375054, 40.819083751417629 ], [ -96.692293846298369, 40.819081516695903 ], [ -96.692293937173631, 40.819079282141082 ], [ -96.692294029981866, 40.819077047737345 ], [ -96.692294124697341, 40.819074813468603 ], [ -96.692294221294247, 40.819072579318814 ], [ -96.692294319746836, 40.819070345271854 ], [ -96.692294420029341, 40.819068111311672 ], [ -96.692294522116001, 40.819065877422219 ], [ -96.692294625981049, 40.81906364358737 ], [ -96.692294731598707, 40.819061409791082 ], [ -96.692294838943212, 40.819059176017255 ], [ -96.692294947988785, 40.81905694224983 ], [ -96.692295058709703, 40.81905470847272 ], [ -96.692295171080147, 40.819052474669874 ], [ -96.692295285074351, 40.819050240826421 ], [ -96.692295400666509, 40.819048006932377 ], [ -96.692295517830729, 40.81904577297901 ], [ -96.692295636541218, 40.819043538957608 ], [ -96.692295756772097, 40.81904130485939 ], [ -96.692295878497532, 40.819039070675593 ], [ -96.692296001691687, 40.819036836397501 ], [ -96.692296126328685, 40.819034602016366 ], [ -96.692296252382718, 40.819032367523441 ], [ -96.692296379827937, 40.819030132909958 ], [ -96.692296508638464, 40.819027898167199 ], [ -96.692296638788477, 40.819025663286418 ], [ -96.692296770252142, 40.819023428258873 ], [ -96.692296903003594, 40.819021193075784 ], [ -96.692297037022314, 40.819018957729703 ], [ -96.692297172308912, 40.819016722218286 ], [ -96.692297308869385, 40.81901448654046 ], [ -96.692297446709688, 40.819012250695138 ], [ -96.692297585835746, 40.81901001468124 ], [ -96.692297726253543, 40.819007778497699 ], [ -96.692297867969017, 40.819005542143444 ], [ -96.692298010988154, 40.8190033056174 ], [ -96.692298155316863, 40.819001068918475 ], [ -96.692298300961141, 40.818998832045601 ], [ -96.692298447926916, 40.818996594997742 ], [ -96.692298596220155, 40.818994357773768 ], [ -96.692298745846827, 40.818992120372627 ], [ -96.692298896818329, 40.818989882794163 ], [ -96.692299049167886, 40.818987645041922 ], [ -96.692299202934194, 40.818985407120358 ], [ -96.692299358155964, 40.818983169033906 ], [ -96.692299514871863, 40.818980930787063 ], [ -96.692299673120587, 40.818978692384249 ], [ -96.692299832940847, 40.818976453829926 ], [ -96.692299994371297, 40.81897421512857 ], [ -96.69230015745066, 40.818971976284644 ], [ -96.692300322217605, 40.818969737302581 ], [ -96.692300488710828, 40.818967498186865 ], [ -96.692300656969024, 40.818965258941908 ], [ -96.692300827030877, 40.818963019572216 ], [ -96.692300998938819, 40.818960780082925 ], [ -96.69230117275022, 40.818958540481923 ], [ -96.692301348526172, 40.81895630077782 ], [ -96.692301526327782, 40.81895406097923 ], [ -96.692301706216185, 40.818951821094707 ], [ -96.692301888252445, 40.818949581132884 ], [ -96.692302072497682, 40.818947341102351 ], [ -96.692302259013019, 40.818945101011693 ], [ -96.692302447859532, 40.818942860869512 ], [ -96.692302639098344, 40.81894062068443 ], [ -96.69230283279056, 40.818938380465006 ], [ -96.692303028997259, 40.81893614021984 ], [ -96.69230322777959, 40.818933899957557 ], [ -96.692303429198617, 40.818931659686733 ], [ -96.692303633316101, 40.818929419416307 ], [ -96.692303840196459, 40.818927179156418 ], [ -96.692304049904649, 40.818924938917682 ], [ -96.692304262505743, 40.818922698710558 ], [ -96.692304478064742, 40.818920458545563 ], [ -96.692304696646659, 40.818918218433268 ], [ -96.692304918316538, 40.818915978384162 ], [ -96.692305143139379, 40.81891373840876 ], [ -96.69230537118024, 40.8189114985176 ], [ -96.692305602504106, 40.818909258721199 ], [ -96.692305837176022, 40.818907019030085 ], [ -96.692306075260987, 40.818904779454769 ], [ -96.692306316824059, 40.818902540005773 ], [ -96.692306561927893, 40.818900300693549 ], [ -96.692306810625794, 40.818898061528301 ], [ -96.692307062968709, 40.818895822520062 ], [ -96.692307319007611, 40.818893583679007 ], [ -96.692307578793432, 40.81889134501516 ], [ -96.692307842377133, 40.818889106538677 ], [ -96.692308109809687, 40.818886868259625 ], [ -96.692308381142013, 40.818884630188109 ], [ -96.692308656425112, 40.818882392334253 ], [ -96.692308935709903, 40.818880154708118 ], [ -96.69230921904736, 40.81887791731981 ], [ -96.692309506488414, 40.81887568017946 ], [ -96.69230979808404, 40.818873443297136 ], [ -96.692310093880266, 40.818871206682495 ], [ -96.692310393903497, 40.818868970343338 ], [ -96.692310698175177, 40.818866734286992 ], [ -96.692311006716807, 40.818864498520867 ], [ -96.69231131954983, 40.818862263052253 ], [ -96.692311636695734, 40.818860027888519 ], [ -96.692311958175978, 40.818857793037012 ], [ -96.692312284012047, 40.818855558505078 ], [ -96.692312614225386, 40.818853324300093 ], [ -96.692312948837497, 40.818851090429398 ], [ -96.692313287869837, 40.818848856900317 ], [ -96.692313631343865, 40.818846623720212 ], [ -96.692313979281067, 40.81884439089643 ], [ -96.692314331702917, 40.81884215843634 ], [ -96.692314688625743, 40.818839926346655 ], [ -96.692315050045408, 40.818837694631796 ], [ -96.692315415952635, 40.81883546329545 ], [ -96.692315786338128, 40.818833232341447 ], [ -96.692316161192608, 40.818831001773539 ], [ -96.692316540506809, 40.818828771595442 ], [ -96.692316924271452, 40.818826541810978 ], [ -96.692317312477257, 40.818824312423885 ], [ -96.692317705114931, 40.818822083437901 ], [ -96.692318102175207, 40.818819854856827 ], [ -96.692318503648806, 40.818817626684421 ], [ -96.692318909526435, 40.81881539892445 ], [ -96.692319319798841, 40.818813171580665 ], [ -96.692319734454074, 40.818810944656441 ], [ -96.692320153469566, 40.81880871815369 ], [ -96.692320576820094, 40.818806492073826 ], [ -96.692321004480462, 40.818804266418461 ], [ -96.692321436425431, 40.818802041188974 ], [ -96.692321872629776, 40.818799816386921 ], [ -96.692322313068303, 40.818797592013752 ], [ -96.692322757715772, 40.818795368071015 ], [ -96.692323206546973, 40.818793144560161 ], [ -96.692323659536683, 40.818790921482702 ], [ -96.692324116659677, 40.818788698840095 ], [ -96.69232457789073, 40.818786476633896 ], [ -96.692325043204647, 40.818784254865555 ], [ -96.692325512576204, 40.818782033536571 ], [ -96.692325985979338, 40.818779812648209 ], [ -96.692326463384632, 40.818777592201037 ], [ -96.692326944761845, 40.818775372195283 ], [ -96.692327430080738, 40.81877315263128 ], [ -96.692327919311055, 40.818770933509292 ], [ -96.692328412422555, 40.818768714829666 ], [ -96.692328909384997, 40.818766496592637 ], [ -96.692329410168114, 40.818764278798561 ], [ -96.692329914741691, 40.818762061447678 ], [ -96.692330423075461, 40.81875984454031 ], [ -96.692330935139168, 40.818757628076746 ], [ -96.6923314509026, 40.818755412057293 ], [ -96.692331970335488, 40.818753196482248 ], [ -96.692332493407932, 40.818750981351833 ], [ -96.692333020091468, 40.818748766666097 ], [ -96.692333550357915, 40.818746552425019 ], [ -96.692334084179194, 40.818744338628562 ], [ -96.69233462152711, 40.818742125276721 ], [ -96.692335162373553, 40.818739912369438 ], [ -96.692335706690386, 40.818737699906727 ], [ -96.692336254449458, 40.818735487888539 ], [ -96.692336805622645, 40.818733276314866 ], [ -96.692337360181796, 40.818731065185666 ], [ -96.692337918098787, 40.818728854500954 ], [ -96.692338479345466, 40.818726644260664 ], [ -96.69233904389371, 40.818724434464798 ], [ -96.692339611716477, 40.81872222511339 ], [ -96.692340182791213, 40.818720016206775 ], [ -96.692340757096488, 40.818717807745337 ], [ -96.692341334610816, 40.818715599729451 ], [ -96.692341915312767, 40.81871339215953 ], [ -96.69234249918091, 40.818711185035944 ], [ -96.692343086193759, 40.818708978359112 ], [ -96.692343676329912, 40.818706772129417 ], [ -96.692344269567869, 40.818704566347265 ], [ -96.692344865886227, 40.818702361013003 ], [ -96.692345465263514, 40.818700156127043 ], [ -96.692346067678272, 40.818697951689792 ], [ -96.692346673109085, 40.818695747701625 ], [ -96.692347281534481, 40.81869354416294 ], [ -96.692347892934748, 40.818691341074349 ], [ -96.692348507297041, 40.818689138437279 ], [ -96.692349124610288, 40.818686936253428 ], [ -96.69234974486335, 40.818684734524432 ], [ -96.692350368045155, 40.818682533251994 ], [ -96.692350994144604, 40.818680332437758 ], [ -96.692351623150586, 40.818678132083392 ], [ -96.692352255051986, 40.818675932190565 ], [ -96.692352889837736, 40.818673732760971 ], [ -96.692353527496707, 40.818671533796234 ], [ -96.6923541680178, 40.818669335298026 ], [ -96.692354811389933, 40.818667137268044 ], [ -96.692355457601991, 40.818664939707936 ], [ -96.692356106645036, 40.818662742619736 ], [ -96.692356758518784, 40.818660546006875 ], [ -96.692357413225167, 40.818658349873132 ], [ -96.692358070766034, 40.818656154222317 ], [ -96.692358731143287, 40.818653959058231 ], [ -96.692359394358832, 40.818651764384654 ], [ -96.692360060414558, 40.818649570205388 ], [ -96.692360729312341, 40.81864737652419 ], [ -96.692361401054072, 40.818645183344906 ], [ -96.692362075641654, 40.818642990671307 ], [ -96.692362753076978, 40.818640798507197 ], [ -96.692363433361933, 40.818638606856339 ], [ -96.692364116498396, 40.818636415722551 ], [ -96.692364802490715, 40.818634225110102 ], [ -96.692365491352916, 40.818632035025146 ], [ -96.692366183101484, 40.818629845474291 ], [ -96.692366877752903, 40.818627656464201 ], [ -96.692367575323644, 40.818625468001493 ], [ -96.692368275830205, 40.818623280092766 ], [ -96.692368979289029, 40.818621092744692 ], [ -96.692369685716614, 40.818618905963888 ], [ -96.692370395129458, 40.818616719756967 ], [ -96.692371107544005, 40.818614534130596 ], [ -96.692371822976753, 40.81861234909136 ], [ -96.692372541444186, 40.818610164645911 ], [ -96.692373262962775, 40.818607980800877 ], [ -96.69237398754899, 40.818605797562888 ], [ -96.692374715220325, 40.818603614938851 ], [ -96.692375445998209, 40.818601432936639 ], [ -96.692376179905125, 40.818599251564478 ], [ -96.692376916963497, 40.818597070830535 ], [ -96.692377657195806, 40.818594890742979 ], [ -96.692378400624463, 40.818592711309968 ], [ -96.69237914727195, 40.81859053253973 ], [ -96.69237989716072, 40.818588354440429 ], [ -96.692380650313225, 40.818586177020229 ], [ -96.692381406751892, 40.818584000287295 ], [ -96.6923821664992, 40.818581824249868 ], [ -96.692382929577576, 40.818579648916057 ], [ -96.6923836960095, 40.818577474294081 ], [ -96.692384465816687, 40.81857530039202 ], [ -96.692385239018023, 40.818573127217689 ], [ -96.692386015631683, 40.818570954778728 ], [ -96.692386795675816, 40.818568783082895 ], [ -96.692387579168596, 40.818566612137857 ], [ -96.692388366128171, 40.818564441951345 ], [ -96.692389156572716, 40.818562272531011 ], [ -96.692389950520393, 40.818560103884614 ], [ -96.692390747989364, 40.818557936019793 ], [ -96.692391548997804, 40.818555768944314 ], [ -96.692392353563861, 40.818553602665808 ], [ -96.692393161705695, 40.818551437192049 ], [ -96.692393973441497, 40.818549272530689 ], [ -96.692394788789414, 40.818547108689422 ], [ -96.692395607766002, 40.818544945675661 ], [ -96.69239643038145, 40.818542783495374 ], [ -96.692397256644327, 40.818540622154281 ], [ -96.692398086563216, 40.818538461658108 ], [ -96.692398920146687, 40.818536302012483 ], [ -96.692399757403308, 40.818534143223118 ], [ -96.692400598341678, 40.818531985295735 ], [ -96.692401442970365, 40.818529828235974 ], [ -96.692402291297924, 40.818527672049591 ], [ -96.692403143332967, 40.818525516742213 ], [ -96.69240399908405, 40.818523362319553 ], [ -96.692404858559755, 40.818521208787317 ], [ -96.692405721768637, 40.818519056151189 ], [ -96.692406588717319, 40.818516904416327 ], [ -96.69240745940435, 40.818514753585795 ], [ -96.692408333826378, 40.818512603662128 ], [ -96.692409211979978, 40.818510454647871 ], [ -96.692410093861753, 40.81850830654556 ], [ -96.692410979468335, 40.818506159357703 ], [ -96.692411868796285, 40.818504013086866 ], [ -96.692412761842249, 40.818501867735577 ], [ -96.692413658602774, 40.818499723306381 ], [ -96.692414559074507, 40.818497579801772 ], [ -96.692415463254065, 40.818495437224342 ], [ -96.692416371137995, 40.81849329557658 ], [ -96.692417282722943, 40.818491154861036 ], [ -96.692418198003281, 40.818489015079578 ], [ -96.692419116964501, 40.818486876231304 ], [ -96.692420039589933, 40.818484738314673 ], [ -96.692420965862851, 40.81848260132805 ], [ -96.692421895766529, 40.818480465269936 ], [ -96.692422829284311, 40.81847833013871 ], [ -96.692423766399429, 40.818476195932817 ], [ -96.692424707095213, 40.818474062650694 ], [ -96.692425651354938, 40.818471930290762 ], [ -96.692426599161934, 40.818469798851453 ], [ -96.692427550499431, 40.818467668331209 ], [ -96.692428505350776, 40.818465538728432 ], [ -96.692429463699241, 40.818463410041581 ], [ -96.692430425528116, 40.818461282269062 ], [ -96.692431390819237, 40.818459155408796 ], [ -96.69243235954859, 40.818457029456631 ], [ -96.692433331690665, 40.818454904407858 ], [ -96.692434307219997, 40.818452780257793 ], [ -96.692435286111092, 40.818450657001762 ], [ -96.692436268338469, 40.818448534635088 ], [ -96.692437253876633, 40.818446413153048 ], [ -96.692438242700106, 40.818444292550993 ], [ -96.692439234783379, 40.818442172824241 ], [ -96.692440230101013, 40.818440053968075 ], [ -96.692441228627487, 40.818437935977848 ], [ -96.692442230337321, 40.818435818848826 ], [ -96.692443235205033, 40.818433702576378 ], [ -96.692444243205557, 40.818431587155807 ], [ -96.692445254315487, 40.818429472582672 ], [ -96.692446268511858, 40.818427358852425 ], [ -96.692447285771706, 40.818425245960661 ], [ -96.692448306072023, 40.818423133902897 ], [ -96.692449329389859, 40.818421022674656 ], [ -96.692450355702235, 40.818418912271497 ], [ -96.692451384986185, 40.818416802688908 ], [ -96.692452417218703, 40.818414693922492 ], [ -96.692453452376839, 40.818412585967728 ], [ -96.692454490437598, 40.818410478820162 ], [ -96.692455531378016, 40.818408372475332 ], [ -96.692456575175129, 40.818406266928775 ], [ -96.692457621808032, 40.818404162176606 ], [ -96.692458671264177, 40.818402058217238 ], [ -96.692459723533091, 40.818399955049699 ], [ -96.692460778604328, 40.818397852672938 ], [ -96.692461836467416, 40.818395751086008 ], [ -96.692462897111895, 40.818393650287874 ], [ -96.692463960527277, 40.818391550277582 ], [ -96.692465026703132, 40.818389451054102 ], [ -96.692466095628973, 40.818387352616455 ], [ -96.692467167294325, 40.818385254963616 ], [ -96.692468241688758, 40.818383158094619 ], [ -96.692469318801784, 40.818381062008442 ], [ -96.692470398622945, 40.818378966704095 ], [ -96.69247148114178, 40.818376872180593 ], [ -96.692472566350304, 40.818374778437715 ], [ -96.692473654250406, 40.818372685478451 ], [ -96.69247474484645, 40.818370593306518 ], [ -96.692475838142826, 40.818368501925725 ], [ -96.692476934143926, 40.818366411339795 ], [ -96.692478032854083, 40.818364321552522 ], [ -96.692479134277704, 40.81836223256763 ], [ -96.692480238419165, 40.818360144388912 ], [ -96.692481345282829, 40.818358057020085 ], [ -96.692482454873073, 40.818355970464943 ], [ -96.692483567194259, 40.818353884727266 ], [ -96.692484682250793, 40.818351799810763 ], [ -96.692485800047024, 40.818349715719236 ], [ -96.692486920589332, 40.818347632457161 ], [ -96.692488043892084, 40.818345550032092 ], [ -96.692489169971651, 40.818343468452262 ], [ -96.692490298844405, 40.818341387725894 ], [ -96.692491430526687, 40.818339307861301 ], [ -96.692492565034883, 40.818337228866731 ], [ -96.692493702385349, 40.818335150750421 ], [ -96.692494842594442, 40.81833307352067 ], [ -96.692495985678562, 40.81833099718569 ], [ -96.692497131654036, 40.818328921753753 ], [ -96.692498280537251, 40.818326847233152 ], [ -96.692499432344547, 40.818324773632106 ], [ -96.692500587092326, 40.81832270095888 ], [ -96.692501744796928, 40.818320629221759 ], [ -96.692502905475905, 40.818318558429503 ], [ -96.692504069151511, 40.818316488593112 ], [ -96.692505235847179, 40.818314419724047 ], [ -96.692506405586357, 40.818312351833789 ], [ -96.692507578392465, 40.818310284933872 ], [ -96.692508754288937, 40.818308219035778 ], [ -96.692509933299206, 40.818306154150989 ], [ -96.69251111544672, 40.818304090290994 ], [ -96.692512300754913, 40.818302027467304 ], [ -96.692513489247219, 40.818299965691388 ], [ -96.692514680947056, 40.818297904974784 ], [ -96.692515875877874, 40.818295845328947 ], [ -96.692517074063119, 40.818293786765373 ], [ -96.692518275526226, 40.818291729295716 ], [ -96.692519480290798, 40.81828967293221 ], [ -96.692520688380412, 40.81828761768719 ], [ -96.692521899818701, 40.818285563573063 ], [ -96.692523114629253, 40.818283510602143 ], [ -96.692524332835688, 40.818281458786842 ], [ -96.692525554461625, 40.818279408139524 ], [ -96.692526779530624, 40.818277358672553 ], [ -96.692528008066319, 40.818275310398299 ], [ -96.692529240092313, 40.818273263329125 ], [ -96.692530475632225, 40.818271217477395 ], [ -96.692531714709645, 40.818269172855473 ], [ -96.692532957348178, 40.818267129475743 ], [ -96.692534203569949, 40.818265087350149 ], [ -96.692535453391145, 40.818263046488845 ], [ -96.692536706826473, 40.818261006901636 ], [ -96.692537963890629, 40.818258968598244 ], [ -96.69253922459832, 40.818256931588436 ], [ -96.692540488964255, 40.818254895881971 ], [ -96.692541757003113, 40.818252861488631 ], [ -96.692543028729602, 40.818250828418144 ], [ -96.692544304158446, 40.818248796680308 ], [ -96.692545583304323, 40.81824676628483 ], [ -96.692546866181971, 40.8182447372415 ], [ -96.692548152806054, 40.818242709560081 ], [ -96.692549443191297, 40.818240683250316 ], [ -96.692550737352377, 40.818238658321967 ], [ -96.692552035300736, 40.818236634783588 ], [ -96.692553337034667, 40.818234612638918 ], [ -96.69255464254914, 40.818232591890421 ], [ -96.692555951839154, 40.818230572540649 ], [ -96.692557264899733, 40.818228554592096 ], [ -96.692558581725848, 40.818226538047277 ], [ -96.69255990231251, 40.8182245229087 ], [ -96.692561226654718, 40.818222509178881 ], [ -96.692562554747454, 40.818220496860313 ], [ -96.692563886585745, 40.818218485955533 ], [ -96.692565222164561, 40.818216476467043 ], [ -96.692566561478912, 40.81821446839735 ], [ -96.692567904523798, 40.818212461748949 ], [ -96.692569251290479, 40.818210456522841 ], [ -96.692570601755278, 40.818208452713797 ], [ -96.692571955890799, 40.818206450315095 ], [ -96.692573313669627, 40.81820444932 ], [ -96.692574675064336, 40.818202449721731 ], [ -96.692576040047527, 40.81820045151359 ], [ -96.692577408591802, 40.818198454688797 ], [ -96.692578780669749, 40.81819645924061 ], [ -96.692580156253968, 40.818194465162357 ], [ -96.692581535317018, 40.818192472447208 ], [ -96.692582917831515, 40.818190481088457 ], [ -96.692584303770047, 40.818188491079361 ], [ -96.692585693105201, 40.818186502413184 ], [ -96.69258708580702, 40.818184515081938 ], [ -96.692588481835358, 40.818182529072793 ], [ -96.692589881147484, 40.818180544371671 ], [ -96.692591283700708, 40.818178560964483 ], [ -96.692592689452326, 40.818176578837139 ], [ -96.692594098359621, 40.818174597975585 ], [ -96.692595510379874, 40.81817261836575 ], [ -96.692596925470411, 40.818170639993546 ], [ -96.692598343588486, 40.818168662844876 ], [ -96.692599764691423, 40.818166686905677 ], [ -96.692601188736504, 40.818164712161881 ], [ -96.692602615681011, 40.818162738599419 ], [ -96.692604045482241, 40.81816076620418 ], [ -96.692605478097505, 40.818158794962116 ], [ -96.692606913483232, 40.818156824858555 ], [ -96.692608351592511, 40.81815485587645 ], [ -96.692609792377539, 40.818152887998203 ], [ -96.692611235790594, 40.818150921206175 ], [ -96.692612681783871, 40.818148955482741 ], [ -96.692614130309622, 40.818146990810277 ], [ -96.692615581320055, 40.81814502717117 ], [ -96.692617034767423, 40.818143064547812 ], [ -96.692618490603948, 40.818141102922567 ], [ -96.692619948781854, 40.818139142277793 ], [ -96.692621409253363, 40.818137182595883 ], [ -96.692622871970741, 40.818135223859237 ], [ -96.692624336886198, 40.818133266050197 ], [ -96.692625803952481, 40.81813130915117 ], [ -96.692627273124572, 40.818129353144521 ], [ -96.692628744357904, 40.818127398012649 ], [ -96.692630217607984, 40.818125443737948 ], [ -96.692631692830275, 40.818123490302803 ], [ -96.692633169980255, 40.818121537689585 ], [ -96.692634649013399, 40.818119585880723 ], [ -96.692636129885187, 40.818117634858567 ], [ -96.692637612551096, 40.81811568460553 ], [ -96.692639096966587, 40.818113735103985 ], [ -96.692640583087154, 40.818111786336303 ], [ -96.692642070868274, 40.818109838284933 ], [ -96.69264356026541, 40.818107890932211 ], [ -96.692645051234052, 40.81810594426053 ], [ -96.692646543731385, 40.81810399825288 ], [ -96.692648037721639, 40.818102052894645 ], [ -96.692649533170695, 40.818100108171699 ], [ -96.692651030044502, 40.81809816407003 ], [ -96.692652528308955, 40.818096220575576 ], [ -96.692654027930004, 40.818094277674255 ], [ -96.692655528873544, 40.818092335352041 ], [ -96.692657031105497, 40.818090393594858 ], [ -96.6926585345918, 40.818088452388636 ], [ -96.69266003929836, 40.818086511719358 ], [ -96.692661545191115, 40.818084571572925 ], [ -96.692663052235957, 40.818082631935283 ], [ -96.692664560398825, 40.818080692792392 ], [ -96.692666069648482, 40.818078754131399 ], [ -96.692667579965089, 40.818076815944302 ], [ -96.692669091331609, 40.818074878224287 ], [ -96.692670603731031, 40.818072940964569 ], [ -96.692672117146358, 40.818071004158355 ], [ -96.692673631560595, 40.818069067798866 ], [ -96.692675146956688, 40.818067131879296 ], [ -96.692676663317656, 40.818065196392844 ], [ -96.692678180626473, 40.818063261332718 ], [ -96.692679698866129, 40.818061326692103 ], [ -96.692681218019629, 40.818059392464221 ], [ -96.692682738069948, 40.818057458642315 ], [ -96.692684259000075, 40.818055525219542 ], [ -96.692685780797589, 40.818053592191269 ], [ -96.692687303468418, 40.818051659561469 ], [ -96.692688827023076, 40.818049727336309 ], [ -96.692690351472081, 40.818047795521885 ], [ -96.692691876825961, 40.81804586412435 ], [ -96.692693403095205, 40.818043933149809 ], [ -96.692694930290358, 40.818042002604436 ], [ -96.692696458421906, 40.81804007249432 ], [ -96.692697987500395, 40.818038142825607 ], [ -96.692699517536326, 40.818036213604451 ], [ -96.692701048540215, 40.818034284836948 ], [ -96.692702580522578, 40.818032356529244 ], [ -96.692704113493932, 40.818030428687486 ], [ -96.692705647464791, 40.818028501317805 ], [ -96.692707182451088, 40.818026574429048 ], [ -96.69270871849038, 40.81802464804106 ], [ -96.692710255625613, 40.818022722176387 ], [ -96.692711793899775, 40.81802079685761 ], [ -96.692713333355826, 40.818018872107267 ], [ -96.692714874036724, 40.81801694794796 ], [ -96.692716415985458, 40.818015024402207 ], [ -96.692717959244945, 40.818013101492596 ], [ -96.6927195038582, 40.81801117924168 ], [ -96.692721049868155, 40.818009257672038 ], [ -96.692722597317797, 40.818007336806218 ], [ -96.692724146250086, 40.818005416666779 ], [ -96.692725696707981, 40.818003497276294 ], [ -96.692727248737881, 40.81800157865932 ], [ -96.69272880239987, 40.817999660848407 ], [ -96.692730357757469, 40.817997743878067 ], [ -96.692731914874187, 40.817995827782866 ], [ -96.692733473813547, 40.817993912597309 ], [ -96.692735034639071, 40.817991998355964 ], [ -96.692736597414267, 40.817990085093349 ], [ -96.692738162202659, 40.817988172844032 ], [ -96.692739729067739, 40.817986261642503 ], [ -96.692741298073059, 40.817984351523343 ], [ -96.692742869282128, 40.817982442521043 ], [ -96.692744442758425, 40.817980534670191 ], [ -96.692746018565515, 40.817978628005307 ], [ -96.692747596767347, 40.817976722561603 ], [ -96.692749177429732, 40.817974818377024 ], [ -96.692750760618935, 40.817972915490216 ], [ -96.692752346401221, 40.817971013939818 ], [ -96.692753934842841, 40.817969113764441 ], [ -96.69275552601006, 40.817967215002753 ], [ -96.692757119969158, 40.817965317693357 ], [ -96.6927587167864, 40.817963421874893 ], [ -96.692760316528023, 40.817961527585993 ], [ -96.69276191926032, 40.817959634865318 ], [ -96.692763525049529, 40.817957743751471 ], [ -96.692765133961913, 40.817955854283085 ], [ -96.692766746063768, 40.817953966498827 ], [ -96.692768361421329, 40.817952080437273 ], [ -96.692769980098831, 40.817950196136472 ], [ -96.692771602152277, 40.817948313631675 ], [ -96.692773227635655, 40.817946432957555 ], [ -96.692774856602966, 40.817944554148788 ], [ -96.692776489108198, 40.817942677239998 ], [ -96.692778125205294, 40.817940802265866 ], [ -96.69277976494827, 40.817938929261018 ], [ -96.692781408391085, 40.817937058260135 ], [ -96.692783055587753, 40.817935189297849 ], [ -96.692784706592221, 40.817933322408848 ], [ -96.692786361458488, 40.817931457627758 ], [ -96.692788020240542, 40.817929594989216 ], [ -96.692789682992341, 40.817927734527942 ], [ -96.692791349761521, 40.817925876275304 ], [ -96.692793020570221, 40.817924020249905 ], [ -96.692794695434216, 40.817922166467028 ], [ -96.69279637436928, 40.81792031494205 ], [ -96.692798057391187, 40.817918465690262 ], [ -96.69279974451571, 40.817916618727047 ], [ -96.692801435758639, 40.817914774067688 ], [ -96.692803131135719, 40.817912931727562 ], [ -96.692804830662766, 40.817911091721982 ], [ -96.692806534355526, 40.817909254066265 ], [ -96.692808242229802, 40.817907418775761 ], [ -96.692809954301339, 40.817905585865809 ], [ -96.692811670585925, 40.817903755351736 ], [ -96.692813391099335, 40.817901927248869 ], [ -96.692815115849427, 40.817900101567922 ], [ -96.692816844812327, 40.817898278301215 ], [ -96.692818577956274, 40.817896457436412 ], [ -96.692820315249477, 40.817894638961192 ], [ -96.692822056660134, 40.817892822863222 ], [ -96.692823802156497, 40.817891009130207 ], [ -96.692825551706747, 40.8178891977498 ], [ -96.692827305279152, 40.817887388709707 ], [ -96.692829062841881, 40.817885581997608 ], [ -96.692830824363156, 40.817883777601146 ], [ -96.692832589811232, 40.817881975508044 ], [ -96.692834359154276, 40.817880175705973 ], [ -96.692836132360554, 40.817878378182584 ], [ -96.692837909395266, 40.817876582923112 ], [ -96.692839690211727, 40.817874789902717 ], [ -96.692841474760328, 40.817872999094106 ], [ -96.692843262991346, 40.81787121047001 ], [ -96.692845054855141, 40.817869424003099 ], [ -96.692846850302075, 40.817867639666105 ], [ -96.692848649282439, 40.817865857431713 ], [ -96.692850451746608, 40.817864077272645 ], [ -96.692852257644915, 40.817862299161604 ], [ -96.69285406692768, 40.817860523071261 ], [ -96.692855879545249, 40.817858748974366 ], [ -96.692857695447955, 40.817856976843608 ], [ -96.692859514586146, 40.817855206651686 ], [ -96.692861336910198, 40.817853438370364 ], [ -96.692863162370642, 40.817851671967844 ], [ -96.692864990918054, 40.817849907411343 ], [ -96.692866822503021, 40.817848144668083 ], [ -96.69286865707609, 40.817846383705337 ], [ -96.692870494587879, 40.81784462449032 ], [ -96.692872334988948, 40.817842866990283 ], [ -96.692874178229857, 40.817841111172449 ], [ -96.69287602426121, 40.817839357004054 ], [ -96.692877873033552, 40.81783760445235 ], [ -96.692879724497487, 40.817835853484588 ], [ -96.692881578603576, 40.817834104067991 ], [ -96.692883435302406, 40.817832356169774 ], [ -96.692885294544553, 40.817830609757223 ], [ -96.692887156281216, 40.817828864797598 ], [ -96.692889020466225, 40.817827121258347 ], [ -96.692890887053977, 40.817825379107006 ], [ -96.692892755998926, 40.817823638311069 ], [ -96.692894627255527, 40.817821898838083 ], [ -96.69289650077819, 40.817820160655494 ], [ -96.69289837652137, 40.817818423730863 ], [ -96.692900254439465, 40.817816688031684 ], [ -96.692902134486971, 40.817814953525478 ], [ -96.692904016618286, 40.817813220179744 ], [ -96.692905900787849, 40.81781148796199 ], [ -96.692907786950101, 40.817809756839736 ], [ -96.692909675059482, 40.817808026780476 ], [ -96.692911565073516, 40.817806297754125 ], [ -96.692913456962074, 40.817804569740034 ], [ -96.692915350698172, 40.817802842719978 ], [ -96.692917246254737, 40.817801116675724 ], [ -96.692919143604769, 40.817799391589006 ], [ -96.692921042721252, 40.817797667441582 ], [ -96.692922943577145, 40.817795944215241 ], [ -96.692924846145445, 40.817794221891702 ], [ -96.692926750399081, 40.817792500452768 ], [ -96.692928656311082, 40.817790779880156 ], [ -96.692930563854404, 40.817789060155626 ], [ -96.692932473002017, 40.817787341260953 ], [ -96.692934383726907, 40.817785623177919 ], [ -96.692936296008611, 40.817783905893499 ], [ -96.69293820985294, 40.817782189415922 ], [ -96.692940125272315, 40.817780473758624 ], [ -96.692942042279114, 40.817778758935084 ], [ -96.692943960885728, 40.817777044958724 ], [ -96.692945881104549, 40.817775331843023 ], [ -96.692947802947984, 40.817773619601439 ], [ -96.692949726428424, 40.817771908247394 ], [ -96.692951651558246, 40.817770197794438 ], [ -96.692953578349844, 40.817768488255922 ], [ -96.69295550681565, 40.817766779645353 ], [ -96.692957436968001, 40.817765071976204 ], [ -96.692959368819317, 40.817763365261889 ], [ -96.692961302381988, 40.817761659515924 ], [ -96.692963237672956, 40.81775995475563 ], [ -96.692965174727235, 40.817758251014041 ], [ -96.692967113584373, 40.817756548328113 ], [ -96.69296905428395, 40.817754846734779 ], [ -96.69297099686554, 40.817753146270974 ], [ -96.69297294136868, 40.817751446973638 ], [ -96.692974887832946, 40.817749748879741 ], [ -96.692976836297902, 40.817748052026168 ], [ -96.692978786803096, 40.817746356449916 ], [ -96.692980739388105, 40.817744662187884 ], [ -96.692982694092493, 40.817742969277027 ], [ -96.692984650955822, 40.817741277754273 ], [ -96.692986610017613, 40.817739587656597 ], [ -96.692988571313521, 40.817737899018113 ], [ -96.692990534863128, 40.817736211861778 ], [ -96.692992500682138, 40.81773452620773 ], [ -96.692994468786182, 40.817732842076133 ], [ -96.692996439190978, 40.817731159487131 ], [ -96.692998411912143, 40.817729478460905 ], [ -96.693000386965366, 40.817727799017582 ], [ -96.693002364366293, 40.817726121177309 ], [ -96.693004344130614, 40.817724444960255 ], [ -96.693006326273974, 40.817722770386567 ], [ -96.693008310812061, 40.817721097476394 ], [ -96.693010297760509, 40.817719426249894 ], [ -96.693012287135019, 40.817717756727198 ], [ -96.693014278951239, 40.817716088928506 ], [ -96.693016273217836, 40.817714422868271 ], [ -96.693018269915584, 40.817712758538448 ], [ -96.693020269018263, 40.817711095925326 ], [ -96.693022270499611, 40.817709435015189 ], [ -96.693024274333439, 40.817707775794297 ], [ -96.693026280493484, 40.81770611824895 ], [ -96.693028288953542, 40.817704462365477 ], [ -96.693030299687351, 40.817702808130072 ], [ -96.69303231266872, 40.817701155529093 ], [ -96.693034327871402, 40.817699504548813 ], [ -96.693036345269164, 40.817697855175496 ], [ -96.693038364835786, 40.817696207395421 ], [ -96.693040386545036, 40.817694561194891 ], [ -96.693042410367696, 40.817692916557235 ], [ -96.693044436262539, 40.81769127345401 ], [ -96.693046464185414, 40.817689631853789 ], [ -96.69304849409211, 40.81768799172518 ], [ -96.693050525938403, 40.817686353036763 ], [ -96.693052559680154, 40.817684715757146 ], [ -96.693054595273139, 40.817683079854923 ], [ -96.693056632673162, 40.817681445298668 ], [ -96.693058671836027, 40.817679812057008 ], [ -96.693060712717568, 40.817678180098518 ], [ -96.693062755273559, 40.817676549391777 ], [ -96.693064799459819, 40.817674919905407 ], [ -96.693066845232153, 40.81767329160801 ], [ -96.693068892546009, 40.817671664467227 ], [ -96.693070941355344, 40.81767003844719 ], [ -96.693072991613747, 40.817668413511086 ], [ -96.693075043274817, 40.817666789622116 ], [ -96.693077096292143, 40.817665166743481 ], [ -96.693079150619326, 40.817663544838361 ], [ -96.693081206209968, 40.817661923869927 ], [ -96.693083263017627, 40.817660303801418 ], [ -96.693085320995948, 40.817658684595997 ], [ -96.69308738009849, 40.817657066216881 ], [ -96.693089440278868, 40.817655448627249 ], [ -96.69309150149067, 40.817653831790309 ], [ -96.693093563687469, 40.81765221566922 ], [ -96.693095626822895, 40.817650600227218 ], [ -96.69309769085109, 40.817648985427915 ], [ -96.693099755728497, 40.817647371236717 ], [ -96.693101821412142, 40.817645757619466 ], [ -96.69310388785901, 40.817644144542001 ], [ -96.693105955026155, 40.817642531970172 ], [ -96.693108022870547, 40.817640919869824 ], [ -96.693110091349212, 40.817639308206786 ], [ -96.693112160419176, 40.81763769694691 ], [ -96.693114230037423, 40.817636086056048 ], [ -96.693116300160995, 40.817634475500007 ], [ -96.693118370746888, 40.817632865244676 ], [ -96.6931204417521, 40.817631255255861 ], [ -96.693122513133673, 40.81762964549943 ], [ -96.693124584848192, 40.817628035941645 ], [ -96.693126656850637, 40.817626426550547 ], [ -96.693128729095577, 40.817624817294607 ], [ -96.693130801537563, 40.81762320814228 ], [ -96.69313287413118, 40.817621599062043 ], [ -96.693134946830966, 40.817619990022401 ], [ -96.693137019591504, 40.817618380991767 ], [ -96.69313909236736, 40.81761677193866 ], [ -96.693141165113104, 40.81761516283153 ], [ -96.693143237783289, 40.817613553638822 ], [ -96.693145310332483, 40.817611944329066 ], [ -96.693147382715253, 40.817610334870672 ], [ -96.693149454886168, 40.817608725232148 ], [ -96.693151526800051, 40.817607115382515 ], [ -96.693153598412735, 40.81760550529313 ], [ -96.69315566968038, 40.817603894935914 ], [ -96.693157740559073, 40.817602284282728 ], [ -96.693159811004918, 40.81760067330552 ], [ -96.69316188097406, 40.817599061976225 ], [ -96.693163950422601, 40.81759745026671 ], [ -96.693166019306659, 40.817595838148875 ], [ -96.693168087582336, 40.817594225594718 ], [ -96.693170155205763, 40.817592612576057 ], [ -96.693172222133029, 40.817590999064869 ], [ -96.693174288320279, 40.817589385033024 ], [ -96.693176353723644, 40.817587770452441 ], [ -96.693178418299183, 40.817586155295061 ], [ -96.693180482005502, 40.817584539534671 ], [ -96.693182544810924, 40.817582923152713 ], [ -96.693184606686287, 40.817581306132588 ], [ -96.693186667602347, 40.817579688457627 ], [ -96.693188727529929, 40.81757807011121 ], [ -96.693190786439828, 40.817576451076647 ], [ -96.693192844302828, 40.81757483133736 ], [ -96.693194901089726, 40.817573210876695 ], [ -96.693196956771345, 40.817571589677996 ], [ -96.69319901131847, 40.817569967724623 ], [ -96.693201064701896, 40.817568344999927 ], [ -96.69320311689242, 40.81756672148731 ], [ -96.693205167860853, 40.817565097170089 ], [ -96.69320721758082, 40.817563472033719 ], [ -96.693209266037286, 40.817561846071946 ], [ -96.693211313218086, 40.817560219280651 ], [ -96.693213359111027, 40.817558591655647 ], [ -96.693215403703888, 40.817556963192786 ], [ -96.693217446984534, 40.817555333887917 ], [ -96.693219488940741, 40.817553703736863 ], [ -96.693221529560333, 40.817552072735488 ], [ -96.693223568831129, 40.81755044087965 ], [ -96.693225606740924, 40.817548808165142 ], [ -96.693227643277538, 40.817547174587851 ], [ -96.693229678428793, 40.817545540143591 ], [ -96.693231712182481, 40.817543904828241 ], [ -96.693233744526438, 40.817542268637595 ], [ -96.693235775449622, 40.817540631568285 ], [ -96.693237804945653, 40.817538993619834 ], [ -96.693239833009315, 40.817537354792535 ], [ -96.693241859635421, 40.817535715086692 ], [ -96.693243884818713, 40.817534074502575 ], [ -96.69324590855399, 40.817532433040498 ], [ -96.693247930836051, 40.817530790700744 ], [ -96.693249951659652, 40.817529147483576 ], [ -96.693251971019606, 40.817527503389329 ], [ -96.693253988910669, 40.817525858418229 ], [ -96.693256005327655, 40.817524212570653 ], [ -96.693258020265318, 40.817522565846829 ], [ -96.69326003371846, 40.81752091824707 ], [ -96.693262045680953, 40.817519269770784 ], [ -96.69326405614305, 40.817517620413916 ], [ -96.693266065094036, 40.817515970171485 ], [ -96.693268072523253, 40.817514319038573 ], [ -96.693270078420028, 40.817512667010213 ], [ -96.693272082773703, 40.817511014081468 ], [ -96.693274085573591, 40.817509360247378 ], [ -96.693276086808979, 40.817507705503004 ], [ -96.693278086469263, 40.817506049843423 ], [ -96.693280084543716, 40.817504393263633 ], [ -96.693282081021678, 40.81750273575873 ], [ -96.693284075892493, 40.817501077323747 ], [ -96.693286069145458, 40.817499417953748 ], [ -96.693288060768182, 40.81749775764218 ], [ -96.693290050741325, 40.817496096376452 ], [ -96.693292039043826, 40.817494434142198 ], [ -96.693294025654637, 40.817492770925213 ], [ -96.693296010552672, 40.81749110671123 ], [ -96.693297993716911, 40.817489441485968 ], [ -96.693299975126237, 40.8174877752352 ], [ -96.693301954759633, 40.817486107944653 ], [ -96.693303932596024, 40.817484439600101 ], [ -96.693305908614334, 40.817482770187233 ], [ -96.693307882793533, 40.81748109969184 ], [ -96.693309855112531, 40.817479428099631 ], [ -96.693311825550268, 40.817477755396354 ], [ -96.693313794085697, 40.817476081567769 ], [ -96.693315760697558, 40.817474406599167 ], [ -96.693317725363912, 40.81747273047408 ], [ -96.693319688062573, 40.817471053175588 ], [ -96.693321648771416, 40.817469374686752 ], [ -96.693323607468301, 40.817467694990697 ], [ -96.693325564131044, 40.817466014070483 ], [ -96.693327518737547, 40.8174643319092 ], [ -96.693329471265614, 40.817462648489908 ], [ -96.693331421693131, 40.817460963795725 ], [ -96.693333369997916, 40.817459277809718 ], [ -96.693335316157842, 40.817457590514977 ], [ -96.69333726015077, 40.817455901894554 ], [ -96.693339201954529, 40.817454211931604 ], [ -96.693341141548885, 40.817452520610317 ], [ -96.693343078921259, 40.817450827919487 ], [ -96.69334501406091, 40.817449133849152 ], [ -96.693346946957178, 40.817447438389266 ], [ -96.693348877599362, 40.817445741529831 ], [ -96.693350805976749, 40.817444043260785 ], [ -96.693352732078637, 40.817442343572154 ], [ -96.693354655894353, 40.817440642453903 ], [ -96.693356577413198, 40.817438939895986 ], [ -96.693358496624455, 40.817437235888441 ], [ -96.693360413517425, 40.817435530421193 ], [ -96.693362328081463, 40.817433823484237 ], [ -96.693364240305797, 40.817432115067575 ], [ -96.693366150179799, 40.817430405161168 ], [ -96.693368057694926, 40.817428693756689 ], [ -96.693369962851435, 40.817426980852446 ], [ -96.693371865651756, 40.817425266448531 ], [ -96.693373766098375, 40.817423550544916 ], [ -96.693375664193667, 40.817421833141651 ], [ -96.693377559940132, 40.817420114238779 ], [ -96.693379453340199, 40.817418393836292 ], [ -96.6933813443963, 40.817416671934254 ], [ -96.693383233110879, 40.817414948532644 ], [ -96.693385119486365, 40.817413223631561 ], [ -96.693387003525231, 40.817411497230971 ], [ -96.693388885229908, 40.817409769330908 ], [ -96.693390764602825, 40.817408039931436 ], [ -96.693392641647748, 40.817406309033679 ], [ -96.693394516373758, 40.81740457664327 ], [ -96.693396388791186, 40.817402842767024 ], [ -96.69339825891042, 40.817401107411669 ], [ -96.693400126741835, 40.817399370584035 ], [ -96.693401992295804, 40.81739763229087 ], [ -96.693403855582687, 40.817395892538919 ], [ -96.693405716612887, 40.817394151334987 ], [ -96.693407575396733, 40.817392408685834 ], [ -96.69340943194463, 40.817390664598236 ], [ -96.693411286266937, 40.817388919078994 ], [ -96.693413138374041, 40.817387172134858 ], [ -96.693414988276274, 40.817385423772585 ], [ -96.69341683598492, 40.817383673999629 ], [ -96.693418681514544, 40.817381922825994 ], [ -96.693420524880679, 40.817380170262339 ], [ -96.693422366098773, 40.817378416319308 ], [ -96.693424205184314, 40.817376661007614 ], [ -96.693426042152808, 40.817374904337875 ], [ -96.693427877019687, 40.817373146320762 ], [ -96.693429709800469, 40.817371386966961 ], [ -96.69343154051063, 40.817369626287096 ], [ -96.693433369165632, 40.817367864291867 ], [ -96.693435195780978, 40.817366100991919 ], [ -96.693437020372116, 40.817364336397915 ], [ -96.693438842954563, 40.817362570520523 ], [ -96.693440663543782, 40.817360803370399 ], [ -96.693442482155675, 40.817359034958479 ], [ -96.693444298807847, 40.817357265296735 ], [ -96.693446113518306, 40.817355494397425 ], [ -96.693447926305055, 40.81735372227277 ], [ -96.693449737186114, 40.81735194893507 ], [ -96.693451546179531, 40.817350174396537 ], [ -96.693453353303283, 40.817348398669409 ], [ -96.693455158575389, 40.817346621765971 ], [ -96.693456962013911, 40.81734484369845 ], [ -96.693458763636798, 40.817343064479083 ], [ -96.693460563462111, 40.817341284120147 ], [ -96.693462361507855, 40.81733950263385 ], [ -96.69346415779205, 40.817337720032484 ], [ -96.693465952332744, 40.817335936328234 ], [ -96.693467745148212, 40.817334151533231 ], [ -96.693469536256757, 40.817332365659595 ], [ -96.693471325676668, 40.817330578719442 ], [ -96.693473113426279, 40.817328790724822 ], [ -96.693474899523892, 40.817327001687879 ], [ -96.693476683987797, 40.817325211620691 ], [ -96.693478466836311, 40.817323420535359 ], [ -96.693480248087724, 40.817321628443999 ], [ -96.693482027760382, 40.81731983535871 ], [ -96.69348380587256, 40.817318041291578 ], [ -96.693485582442563, 40.817316246254713 ], [ -96.693487357488721, 40.817314450260227 ], [ -96.693489131028798, 40.817312653319824 ], [ -96.693490903078427, 40.817310855443878 ], [ -96.693492673652742, 40.817309056642337 ], [ -96.693494442766834, 40.817307256925169 ], [ -96.693496210435868, 40.817305456302336 ], [ -96.693497976674905, 40.817303654783807 ], [ -96.693499741499096, 40.817301852379572 ], [ -96.693501504923546, 40.817300049099572 ], [ -96.693503266963361, 40.817298244953797 ], [ -96.693505027633691, 40.817296439952202 ], [ -96.693506786949612, 40.817294634104741 ], [ -96.69350854492626, 40.817292827421433 ], [ -96.69351030157874, 40.817291019912197 ], [ -96.693512056922188, 40.817289211587017 ], [ -96.693513810970629, 40.817287402455257 ], [ -96.693515563733769, 40.817285592523831 ], [ -96.693517315220276, 40.81728378179902 ], [ -96.693519065438792, 40.817281970287155 ], [ -96.693520814397942, 40.817280157994531 ], [ -96.693522562106367, 40.817278344927452 ], [ -96.693524308572719, 40.817276531092233 ], [ -96.693526053805641, 40.81727471649517 ], [ -96.693527797813758, 40.81727290114253 ], [ -96.693529540605738, 40.817271085040687 ], [ -96.693531282190222, 40.817269268195922 ], [ -96.693533022575821, 40.817267450614494 ], [ -96.693534761771218, 40.81726563230275 ], [ -96.693536499783548, 40.817263813266258 ], [ -96.693538236614089, 40.817261993507628 ], [ -96.693539972262627, 40.817260173028771 ], [ -96.693541706728922, 40.817258351831562 ], [ -96.693543440012817, 40.817256529917927 ], [ -96.693545172114057, 40.817254707289734 ], [ -96.693546903032413, 40.817252883948882 ], [ -96.693548632767701, 40.817251059897274 ], [ -96.693550361319708, 40.817249235136764 ], [ -96.693552088688207, 40.817247409669321 ], [ -96.693553814872971, 40.817245583496756 ], [ -96.693555539873827, 40.817243756621032 ], [ -96.693557263690536, 40.817241929044016 ], [ -96.693558986322884, 40.817240100767577 ], [ -96.693560707768725, 40.817238271792768 ], [ -96.693562428018254, 40.817236442117121 ], [ -96.693564147059703, 40.817234611737284 ], [ -96.693565864881322, 40.817232780649931 ], [ -96.693567581471356, 40.81723094885173 ], [ -96.693569296818069, 40.817229116339327 ], [ -96.693571010909693, 40.817227283109375 ], [ -96.693572723734491, 40.817225449158556 ], [ -96.693574435280695, 40.817223614483531 ], [ -96.693576145536582, 40.81722177908096 ], [ -96.693577854490371, 40.81721994294751 ], [ -96.69357956213031, 40.817218106079807 ], [ -96.693581268444674, 40.817216268474567 ], [ -96.693582973419581, 40.817214430127429 ], [ -96.693584677032732, 40.81721259103017 ], [ -96.693586379259727, 40.817210751173555 ], [ -96.69358808007614, 40.817208910548366 ], [ -96.693589779457596, 40.817207069145375 ], [ -96.693591477379627, 40.817205226955366 ], [ -96.693593173817874, 40.817203383969087 ], [ -96.693594868747908, 40.817201540177336 ], [ -96.693596562145316, 40.817199695570885 ], [ -96.693598253985698, 40.817197850140509 ], [ -96.693599944244625, 40.817196003876965 ], [ -96.69360163289771, 40.817194156771023 ], [ -96.693603319920513, 40.817192308813517 ], [ -96.693605005286798, 40.817190459994272 ], [ -96.693606688962859, 40.817188610299638 ], [ -96.69360837091314, 40.817186759715071 ], [ -96.693610051102084, 40.817184908225983 ], [ -96.693611729494151, 40.817183055817821 ], [ -96.693613406053785, 40.817181202476064 ], [ -96.693615080745431, 40.817179348186102 ], [ -96.693616753533533, 40.817177492933389 ], [ -96.693618424382549, 40.817175636703396 ], [ -96.693620093256925, 40.817173779481536 ], [ -96.69362176012109, 40.817171921253269 ], [ -96.693623424939517, 40.81717006200401 ], [ -96.693625087676637, 40.81716820171922 ], [ -96.693626748296907, 40.81716634038434 ], [ -96.693628406763651, 40.817164477984363 ], [ -96.693630063035798, 40.817162614502578 ], [ -96.693631717071128, 40.817160749921783 ], [ -96.693633368827449, 40.817158884224831 ], [ -96.69363501826254, 40.817157017394528 ], [ -96.693636665334225, 40.817155149413693 ], [ -96.693638310000281, 40.817153280265195 ], [ -96.693639952218504, 40.81715140993181 ], [ -96.693641591946701, 40.817149538396421 ], [ -96.69364322914268, 40.817147665641819 ], [ -96.693644863764192, 40.817145791650809 ], [ -96.693646495769087, 40.81714391640628 ], [ -96.693648125115132, 40.817142039890996 ], [ -96.693649751759679, 40.817140162087796 ], [ -96.693651375658177, 40.817138282979322 ], [ -96.693652996765664, 40.817136402548165 ], [ -96.693654615037133, 40.817134520776989 ], [ -96.693656230427621, 40.817132637648385 ], [ -96.693657842892108, 40.817130753145001 ], [ -96.693659452385617, 40.817128867249423 ], [ -96.693661058863157, 40.817126979944284 ], [ -96.693662662279749, 40.817125091212205 ], [ -96.693664262590403, 40.817123201035805 ], [ -96.693665859750112, 40.817121309397699 ], [ -96.693667453713928, 40.817119416280505 ], [ -96.693669044436803, 40.817117521666852 ], [ -96.693670631873587, 40.817115625539529 ], [ -96.693672215978197, 40.817113727881924 ], [ -96.693673796704331, 40.817111828677646 ], [ -96.693675374005736, 40.817109927910259 ], [ -96.693676947836124, 40.817108025563336 ], [ -96.693678518149198, 40.817106121620476 ], [ -96.693680084898688, 40.81710421606526 ], [ -96.693681648038307, 40.817102308881246 ], [ -96.693683207521801, 40.817100400052027 ], [ -96.693684763302841, 40.817098489561175 ], [ -96.693686315335199, 40.817096577392277 ], [ -96.693687863572549, 40.817094663528906 ], [ -96.693689407968634, 40.817092747954639 ], [ -96.693690948477169, 40.817090830653072 ], [ -96.693692485052253, 40.817088911608209 ], [ -96.693694017649591, 40.817086990805755 ], [ -96.693695546225257, 40.817085068231926 ], [ -96.69369707073534, 40.817083143872829 ], [ -96.693698591135885, 40.817081217714673 ], [ -96.693700107383023, 40.817079289743567 ], [ -96.693701619432815, 40.817077359945735 ], [ -96.693703127241321, 40.817075428307291 ], [ -96.693704630764643, 40.817073494814423 ], [ -96.693706129958869, 40.817071559453282 ], [ -96.693707624780046, 40.817069622210042 ], [ -96.693709115184291, 40.81706768307086 ], [ -96.693710601127677, 40.817065742021896 ], [ -96.693712082567956, 40.817063799050217 ], [ -96.693713559469714, 40.817061854146488 ], [ -96.693715031799144, 40.817059907302351 ], [ -96.693716499522523, 40.817057958509331 ], [ -96.693717962606073, 40.817056007759042 ], [ -96.693719421016056, 40.817054055043045 ], [ -96.693720874718679, 40.81705210035296 ], [ -96.69372232368022, 40.817050143680355 ], [ -96.693723767866885, 40.817048185016823 ], [ -96.693725207244924, 40.817046224353923 ], [ -96.693726641780614, 40.817044261683272 ], [ -96.693728071440148, 40.817042296996448 ], [ -96.693729496189789, 40.817040330285053 ], [ -96.693730915995772, 40.817038361540618 ], [ -96.693732330827601, 40.817036390756165 ], [ -96.693733740667767, 40.817034417930245 ], [ -96.693735145502089, 40.817032443062807 ], [ -96.693736545316298, 40.817030466153781 ], [ -96.693737940096185, 40.817028487203139 ], [ -96.693739329827523, 40.817026506210816 ], [ -96.693740714496073, 40.817024523176734 ], [ -96.693742094087611, 40.8170225381009 ], [ -96.69374346858794, 40.81702055098318 ], [ -96.693744837982777, 40.817018561823623 ], [ -96.693746202257941, 40.817016570622087 ], [ -96.693747561399178, 40.817014577378586 ], [ -96.693748915392277, 40.817012582093021 ], [ -96.69375026422712, 40.817010584766933 ], [ -96.693751607910059, 40.817008585408274 ], [ -96.693752946451568, 40.817006584026501 ], [ -96.693754279862105, 40.817004580631149 ], [ -96.693755608152159, 40.817002575231712 ], [ -96.693756931332175, 40.817000567837681 ], [ -96.693758249412653, 40.816998558458579 ], [ -96.69375956240404, 40.816996547103898 ], [ -96.693760870316822, 40.816994533783159 ], [ -96.693762173161446, 40.816992518505828 ], [ -96.693763470948412, 40.816990501281431 ], [ -96.693764763688151, 40.816988482119484 ], [ -96.693766051391151, 40.816986461029494 ], [ -96.693767334072035, 40.816984438022345 ], [ -96.693768611761882, 40.816982413114808 ], [ -96.69376988449595, 40.816980386325007 ], [ -96.69377115230948, 40.816978357671076 ], [ -96.693772415237675, 40.816976327171169 ], [ -96.693773673315832, 40.816974294843412 ], [ -96.693774926579138, 40.81697226070596 ], [ -96.693776175062879, 40.816970224776959 ], [ -96.693777418802256, 40.816968187074565 ], [ -96.693778657832539, 40.816966147616917 ], [ -96.693779892188957, 40.816964106422134 ], [ -96.693781121906738, 40.816962063508363 ], [ -96.693782347021127, 40.816960018893781 ], [ -96.693783567567394, 40.816957972596498 ], [ -96.693784783583823, 40.816955924635572 ], [ -96.693785995121175, 40.816953875033555 ], [ -96.693787202233253, 40.816951823813994 ], [ -96.693788404973901, 40.816949771000317 ], [ -96.693789603396922, 40.816947716616049 ], [ -96.693790797556119, 40.816945660684617 ], [ -96.693791987505335, 40.816943603229561 ], [ -96.693793173298403, 40.816941544274322 ], [ -96.693794354989123, 40.816939483842432 ], [ -96.693795532631313, 40.816937421957313 ], [ -96.693796706278789, 40.816935358642475 ], [ -96.693797875985396, 40.816933293921437 ], [ -96.693799041804937, 40.816931227817612 ], [ -96.693800203793032, 40.816929160354888 ], [ -96.693801362012408, 40.816927091558505 ], [ -96.693802516527654, 40.816925021454082 ], [ -96.693803667403287, 40.816922950067223 ], [ -96.693804814703867, 40.81692087742352 ], [ -96.69380595849394, 40.816918803548624 ], [ -96.69380709883805, 40.816916728468122 ], [ -96.693808235800731, 40.816914652207636 ], [ -96.693809369446555, 40.816912574792759 ], [ -96.693810499840055, 40.816910496249129 ], [ -96.693811627045761, 40.816908416602331 ], [ -96.693812751128249, 40.816906335877981 ], [ -96.693813872152049, 40.816904254101701 ], [ -96.693814990181977, 40.816902171298963 ], [ -96.693816105283915, 40.816900087494616 ], [ -96.693817217523971, 40.816898002713472 ], [ -96.693818326968284, 40.816895916980236 ], [ -96.693819433683004, 40.816893830319657 ], [ -96.693820537734254, 40.816891742756489 ], [ -96.693821639188158, 40.816889654315482 ], [ -96.693822738110867, 40.816887565021375 ], [ -96.693823834568505, 40.816885474898932 ], [ -96.693824928627222, 40.816883383972886 ], [ -96.693826020353129, 40.816881292267986 ], [ -96.693827109812375, 40.816879199808987 ], [ -96.69382819707107, 40.816877106620616 ], [ -96.693829282195381, 40.81687501272765 ], [ -96.693830365249596, 40.81687291815409 ], [ -96.693831446290702, 40.816870822921189 ], [ -96.69383252537385, 40.816868727049425 ], [ -96.693833602554221, 40.816866630559296 ], [ -96.693834677886954, 40.816864533471332 ], [ -96.69383575142723, 40.816862435805987 ], [ -96.693836823230171, 40.816860337583819 ], [ -96.69383789335096, 40.816858238825304 ], [ -96.693838961844776, 40.81685613955095 ], [ -96.693840028766743, 40.816854039781241 ], [ -96.693841094172029, 40.816851939536711 ], [ -96.6938421581158, 40.816849838837854 ], [ -96.693843220653221, 40.816847737705146 ], [ -96.693844281835382, 40.816845636157851 ], [ -96.693845341697312, 40.816843534210058 ], [ -96.693846400269948, 40.81684143187465 ], [ -96.693847457584241, 40.816839329164459 ], [ -96.693848513671142, 40.816837226092318 ], [ -96.693849568561603, 40.816835122671101 ], [ -96.693850622286575, 40.816833018913648 ], [ -96.693851674877024, 40.816830914832792 ], [ -96.693852726363886, 40.816828810441407 ], [ -96.693853776778127, 40.81682670575232 ], [ -96.693854826150698, 40.816824600778396 ], [ -96.69385587451255, 40.816822495532456 ], [ -96.693856921894636, 40.816820390027381 ], [ -96.69385796832789, 40.816818284275975 ], [ -96.69385901383832, 40.816816178289592 ], [ -96.693860058432008, 40.816814072073207 ], [ -96.693861102110048, 40.81681196563035 ], [ -96.693862144873563, 40.81680985896449 ], [ -96.693863186723675, 40.816807752079136 ], [ -96.693864227661479, 40.81680564497772 ], [ -96.693865267688082, 40.816803537663773 ], [ -96.693866306804622, 40.81680143014075 ], [ -96.693867345012194, 40.816799322412152 ], [ -96.693868382311933, 40.816797214481454 ], [ -96.693869418704907, 40.816795106352146 ], [ -96.693870454192265, 40.816792998027694 ], [ -96.693871488775116, 40.81679088951163 ], [ -96.693872522450377, 40.816788780806078 ], [ -96.693873555198223, 40.816786671907984 ], [ -96.693874586994653, 40.816784562813019 ], [ -96.693875617815635, 40.816782453516794 ], [ -96.693876647637168, 40.816780344014916 ], [ -96.69387767643525, 40.816778234303058 ], [ -96.693878704185849, 40.816776124376837 ], [ -96.693879730864964, 40.816774014231875 ], [ -96.693880756448578, 40.81677190386381 ], [ -96.69388178091269, 40.816769793268286 ], [ -96.693882804233269, 40.816767682440911 ], [ -96.69388382638634, 40.816765571377339 ], [ -96.693884847347846, 40.81676346007319 ], [ -96.693885867090344, 40.816761348523059 ], [ -96.693886885572496, 40.816759236717395 ], [ -96.693887902749537, 40.816757124645584 ], [ -96.693888918576661, 40.816755012297044 ], [ -96.693889933009117, 40.816752899661189 ], [ -96.693890946002071, 40.816750786727418 ], [ -96.6938919575108, 40.81674867348508 ], [ -96.693892967490498, 40.816746559923637 ], [ -96.693893975896373, 40.816744446032466 ], [ -96.693894982683659, 40.816742331800995 ], [ -96.693895987807565, 40.816740217218602 ], [ -96.693896991223298, 40.816738102274684 ], [ -96.693897992886093, 40.816735986958662 ], [ -96.693898992751159, 40.816733871259927 ], [ -96.693899990771754, 40.816731755167346 ], [ -96.693900986893297, 40.816729638667567 ], [ -96.693901981059227, 40.816727521746756 ], [ -96.693902973212971, 40.816725404390986 ], [ -96.693903963298041, 40.816723286586395 ], [ -96.693904951257835, 40.816721168319098 ], [ -96.693905937035794, 40.816719049575248 ], [ -96.693906920575415, 40.816716930340945 ], [ -96.693907901820111, 40.816714810602278 ], [ -96.693908880713323, 40.81671269034544 ], [ -96.693909857198534, 40.816710569556491 ], [ -96.693910831219185, 40.816708448221561 ], [ -96.693911802718688, 40.81670632632683 ], [ -96.693912771640626, 40.8167042038584 ], [ -96.693913737928867, 40.816702080802713 ], [ -96.693914701527376, 40.816699957146227 ], [ -96.693915662380135, 40.816697832875406 ], [ -96.693916620431082, 40.816695707976706 ], [ -96.693917575624241, 40.816693582436621 ], [ -96.693918527903548, 40.816691456241571 ], [ -96.693919477212972, 40.816689329378029 ], [ -96.693920423496493, 40.81668720183248 ], [ -96.693921366698078, 40.81668507359138 ], [ -96.693922306761706, 40.816682944641173 ], [ -96.693923243631346, 40.816680814968329 ], [ -96.693924177250963, 40.816678684559314 ], [ -96.693925107566628, 40.816676553401166 ], [ -96.693926034532808, 40.816674421483285 ], [ -96.693926958106019, 40.81667228879563 ], [ -96.69392787824286, 40.816670155328168 ], [ -96.693928794899847, 40.816668021070875 ], [ -96.693929708033579, 40.816665886013681 ], [ -96.693930617600543, 40.816663750146596 ], [ -96.693931523557353, 40.816661613459544 ], [ -96.693932425860524, 40.816659475942508 ], [ -96.693933324466641, 40.816657337585475 ], [ -96.69393421933222, 40.816655198378406 ], [ -96.693935110413832, 40.81665305831126 ], [ -96.693935997668035, 40.816650917373984 ], [ -96.693936881051371, 40.816648775556558 ], [ -96.693937760523923, 40.816646632849867 ], [ -96.693938636059855, 40.816644489248453 ], [ -96.693939507636827, 40.81664234474777 ], [ -96.693940375232515, 40.816640199343269 ], [ -96.693941238824607, 40.816638053030424 ], [ -96.693942098390778, 40.816635905804667 ], [ -96.693942953908703, 40.816633757661442 ], [ -96.693943805356056, 40.816631608596225 ], [ -96.693944652710513, 40.816629458604474 ], [ -96.693945495949777, 40.816627307681671 ], [ -96.693946335051479, 40.81662515582321 ], [ -96.693947169993351, 40.816623003024574 ], [ -96.693948000753025, 40.816620849281236 ], [ -96.693948827312212, 40.816618694589664 ], [ -96.693949649668781, 40.816616538950541 ], [ -96.693950467824592, 40.81661438236555 ], [ -96.693951281781523, 40.816612224836433 ], [ -96.693952091541433, 40.816610066364873 ], [ -96.693952897106215, 40.816607906952562 ], [ -96.693953698477728, 40.81660574660124 ], [ -96.693954495657849, 40.816603585312571 ], [ -96.693955288648468, 40.816601423088279 ], [ -96.693956077451446, 40.816599259930086 ], [ -96.693956862068632, 40.816597095839683 ], [ -96.693957642501942, 40.816594930818759 ], [ -96.69395841875324, 40.81659276486905 ], [ -96.693959190824373, 40.816590597992224 ], [ -96.69395995872047, 40.816588430190855 ], [ -96.693960722459579, 40.816586261470775 ], [ -96.693961482062974, 40.816584091838706 ], [ -96.693962237551943, 40.816581921301314 ], [ -96.693962988947774, 40.816579749865319 ], [ -96.693963736271741, 40.816577577537402 ], [ -96.693964479545116, 40.816575404324261 ], [ -96.693965218789188, 40.816573230232585 ], [ -96.693965954025245, 40.81657105526908 ], [ -96.69396668527456, 40.816568879440425 ], [ -96.693967412558422, 40.816566702753313 ], [ -96.693968135898118, 40.816564525214488 ], [ -96.693968855314907, 40.816562346830565 ], [ -96.693969570831726, 40.816560167608671 ], [ -96.69397028247802, 40.816557987557502 ], [ -96.693970990284924, 40.816555806686111 ], [ -96.693971694283505, 40.816553625003522 ], [ -96.693972394504854, 40.816551442518865 ], [ -96.693973090980094, 40.816549259241164 ], [ -96.693973783740333, 40.816547075179528 ], [ -96.693974472816635, 40.816544890342996 ], [ -96.693975158240121, 40.816542704740627 ], [ -96.693975840041887, 40.816540518381487 ], [ -96.693976518253038, 40.816538331274671 ], [ -96.693977192904654, 40.816536143429239 ], [ -96.693977864027858, 40.816533954854258 ], [ -96.693978531653983, 40.816531765558842 ], [ -96.693979195815416, 40.816529575552316 ], [ -96.693979856544786, 40.816527384844079 ], [ -96.693980513874706, 40.81652519344351 ], [ -96.693981167837833, 40.816523001360004 ], [ -96.693981818466767, 40.816520808602931 ], [ -96.69398246579415, 40.816518615181671 ], [ -96.693983109852624, 40.816516421105653 ], [ -96.693983750674803, 40.816514226384207 ], [ -96.693984388293302, 40.816512031026768 ], [ -96.693985022740776, 40.81650983504268 ], [ -96.693985654049854, 40.816507638441344 ], [ -96.693986282253135, 40.816505441232167 ], [ -96.693986907383277, 40.816503243424499 ], [ -96.693987529471784, 40.816501045027493 ], [ -96.693988148545728, 40.816498846049342 ], [ -96.693988764631015, 40.816496646497932 ], [ -96.693989377753596, 40.816494446381178 ], [ -96.693989987939432, 40.816492245707046 ], [ -96.693990595214444, 40.816490044483388 ], [ -96.693991199604554, 40.816487842718189 ], [ -96.693991801135738, 40.816485640419323 ], [ -96.693992399833917, 40.816483437594748 ], [ -96.693992995725026, 40.816481234252322 ], [ -96.693993588835028, 40.816479030400039 ], [ -96.693994179189829, 40.816476826045772 ], [ -96.693994766815379, 40.81647462119745 ], [ -96.693995351735779, 40.816472415862641 ], [ -96.69399593396777, 40.816470210047306 ], [ -96.693996513526216, 40.816468003757109 ], [ -96.693997090426024, 40.816465796997683 ], [ -96.693997664682072, 40.816463589774642 ], [ -96.693998236309241, 40.816461382093664 ], [ -96.693998805322437, 40.816459173960325 ], [ -96.693999371736524, 40.816456965380297 ], [ -96.69399993556641, 40.816454756359171 ], [ -96.694000496826959, 40.81645254690261 ], [ -96.694001055533079, 40.816450337016235 ], [ -96.694001611699647, 40.81644812670573 ], [ -96.694002165341558, 40.816445915976644 ], [ -96.694002716472042, 40.816443704834278 ], [ -96.694003265097734, 40.816441493282355 ], [ -96.694003811223638, 40.816439281324229 ], [ -96.694004354854755, 40.816437068963261 ], [ -96.694004895996073, 40.816434856202797 ], [ -96.694005434652595, 40.816432643046205 ], [ -96.694005970829295, 40.81643042949684 ], [ -96.69400650453116, 40.816428215558041 ], [ -96.694007035763221, 40.816426001233175 ], [ -96.694007564530452, 40.81642378652559 ], [ -96.694008090837841, 40.816421571438624 ], [ -96.694008614690389, 40.816419355975697 ], [ -96.694009136093086, 40.816417140140089 ], [ -96.694009655050934, 40.81641492393522 ], [ -96.694010171569161, 40.816412707364272 ], [ -96.694010685653978, 40.816410490430044 ], [ -96.694011197311809, 40.816408273135238 ], [ -96.694011706549105, 40.816406055482439 ], [ -96.694012213372289, 40.816403837474375 ], [ -96.694012717787842, 40.816401619113719 ], [ -96.694013219802159, 40.816399400403114 ], [ -96.694013719421719, 40.816397181345195 ], [ -96.694014216652931, 40.816394961942677 ], [ -96.694014711502248, 40.816392742198204 ], [ -96.694015203976136, 40.816390522114439 ], [ -96.694015694081003, 40.816388301694055 ], [ -96.694016181823287, 40.816386080939694 ], [ -96.694016667211642, 40.81638385985422 ], [ -96.694017150263448, 40.816381638441221 ], [ -96.694017630998303, 40.816379416704386 ], [ -96.694018109435788, 40.816377194647529 ], [ -96.694018585595501, 40.816374972274332 ], [ -96.694019059496995, 40.816372749588595 ], [ -96.694019531159896, 40.816370526594064 ], [ -96.694020000603786, 40.816368303294468 ], [ -96.694020467848233, 40.816366079693559 ], [ -96.694020932912821, 40.816363855795061 ], [ -96.69402139581716, 40.816361631602753 ], [ -96.694021856580818, 40.816359407120387 ], [ -96.694022315223393, 40.81635718235168 ], [ -96.694022771764466, 40.816354957300419 ], [ -96.694023226225681, 40.816352731970468 ], [ -96.694023678636952, 40.816350506366341 ], [ -96.694024129030211, 40.816348280492676 ], [ -96.694024577437403, 40.816346054354128 ], [ -96.694025023890504, 40.816343827955315 ], [ -96.69402546842143, 40.816341601300905 ], [ -96.694025911062184, 40.816339374395568 ], [ -96.694026351844684, 40.816337147243914 ], [ -96.694026790800891, 40.816334919850597 ], [ -96.694027227962749, 40.816332692220264 ], [ -96.694027663362206, 40.816330464357563 ], [ -96.69402809703125, 40.816328236267147 ], [ -96.694028529001784, 40.816326007953649 ], [ -96.694028959306507, 40.816323779421701 ], [ -96.694029387980834, 40.816321550675738 ], [ -96.694029815060944, 40.816319321720258 ], [ -96.694030240582961, 40.816317092559622 ], [ -96.694030664583053, 40.816314863198322 ], [ -96.694031087097372, 40.816312633640777 ], [ -96.694031508162055, 40.816310403891414 ], [ -96.694031927813256, 40.816308173954695 ], [ -96.694032346087141, 40.81630594383504 ], [ -96.694032763019848, 40.81630371353689 ], [ -96.694033178647516, 40.816301483064677 ], [ -96.694033593006324, 40.816299252422859 ], [ -96.694034006132398, 40.816297021615853 ], [ -96.694034418060184, 40.816294790647781 ], [ -96.694034828817195, 40.816292559521429 ], [ -96.694035238429208, 40.816290328239283 ], [ -96.694035646922046, 40.816288096803824 ], [ -96.694036054321472, 40.816285865217537 ], [ -96.694036460653308, 40.816283633482854 ], [ -96.694036865943318, 40.816281401602296 ], [ -96.694037270217336, 40.816279169578316 ], [ -96.694037673501128, 40.816276937413377 ], [ -96.694038075820487, 40.816274705109983 ], [ -96.694038477201218, 40.816272472670612 ], [ -96.694038877669115, 40.81627024009773 ], [ -96.694039277249971, 40.816268007393774 ], [ -96.694039675969591, 40.816265774561266 ], [ -96.694040073849266, 40.816263541602098 ], [ -96.694040470892332, 40.816261308515777 ], [ -96.694040867097669, 40.816259075301303 ], [ -96.69404126246414, 40.816256841957582 ], [ -96.694041656990606, 40.816254608483625 ], [ -96.694042050675918, 40.81625237487836 ], [ -96.694042443518939, 40.816250141140756 ], [ -96.694042835518545, 40.816247907269755 ], [ -96.694043226673571, 40.816245673264341 ], [ -96.69404361698291, 40.816243439123454 ], [ -96.694044006445395, 40.816241204846058 ], [ -96.694044395059905, 40.816238970431073 ], [ -96.694044782825301, 40.816236735877524 ], [ -96.694045169734949, 40.81623450118375 ], [ -96.694045555760326, 40.816232266345743 ], [ -96.694045940867426, 40.816230031358934 ], [ -96.694046325022242, 40.816227796218762 ], [ -96.694046708190754, 40.81622556092065 ], [ -96.694047090338955, 40.81622332545998 ], [ -96.694047471432839, 40.816221089832204 ], [ -96.694047851438398, 40.816218854032748 ], [ -96.694048230321613, 40.81621661805702 ], [ -96.69404860804849, 40.816214381900458 ], [ -96.694048984584995, 40.816212145558453 ], [ -96.694049359897136, 40.816209909026455 ], [ -96.694049733950905, 40.816207672299868 ], [ -96.694050106707337, 40.81620543537381 ], [ -96.694050478107798, 40.816203198242093 ], [ -96.694050848088665, 40.816200960898207 ], [ -96.694051216586331, 40.816198723335674 ], [ -96.694051583537203, 40.816196485547962 ], [ -96.694051948877686, 40.8161942475286 ], [ -96.694052312544159, 40.816192009271056 ], [ -96.694052674473042, 40.816189770768879 ], [ -96.694053034600714, 40.816187532015519 ], [ -96.694053392863609, 40.816185293004487 ], [ -96.694053749198076, 40.816183053729297 ], [ -96.694054103540537, 40.816180814183461 ], [ -96.694054455827398, 40.816178574360421 ], [ -96.694054805995052, 40.816176334253747 ], [ -96.694055153977644, 40.816174093856979 ], [ -96.694055499700383, 40.816171853164199 ], [ -96.694055843086218, 40.816169612169531 ], [ -96.694056184058084, 40.816167370867085 ], [ -96.694056522538929, 40.816165129251033 ], [ -96.694056858451717, 40.816162887315478 ], [ -96.694057191719395, 40.816160645054573 ], [ -96.694057522264899, 40.816158402462442 ], [ -96.694057850011205, 40.816156159533222 ], [ -96.694058174881221, 40.816153916261094 ], [ -96.69405849679795, 40.816151672640125 ], [ -96.694058815684301, 40.816149428664495 ], [ -96.694059131463234, 40.816147184328294 ], [ -96.69405944405959, 40.816144939626284 ], [ -96.694059753405767, 40.816142694555431 ], [ -96.69406005943604, 40.816140449113263 ], [ -96.694060362084684, 40.816138203297328 ], [ -96.694060661286002, 40.81613595710521 ], [ -96.694060956974269, 40.816133710534437 ], [ -96.694061249083774, 40.816131463582558 ], [ -96.694061537548777, 40.816129216247106 ], [ -96.694061822303581, 40.81612696852568 ], [ -96.694062103282448, 40.816124720415779 ], [ -96.694062380419695, 40.816122471914994 ], [ -96.694062653649581, 40.816120223020825 ], [ -96.694062922906383, 40.816117973730883 ], [ -96.694063188124403, 40.816115724042682 ], [ -96.694063449244084, 40.816113473954672 ], [ -96.694063706230665, 40.816111223468809 ], [ -96.694063959055512, 40.816108972587998 ], [ -96.694064207690033, 40.816106721315094 ], [ -96.694064452105593, 40.816104469652963 ], [ -96.694064692273614, 40.816102217604509 ], [ -96.694064924779696, 40.816099965107284 ], [ -96.694065125398964, 40.816097711697765 ], [ -96.694065290247053, 40.816095457304463 ], [ -96.694065420396683, 40.816093201951496 ], [ -96.694065516920517, 40.816090945662985 ], [ -96.694065580891262, 40.816088688462983 ], [ -96.694065613381611, 40.816086430375634 ], [ -96.694065615473775, 40.816084171426027 ], [ -96.694065588288069, 40.816081911643273 ], [ -96.694065532954369, 40.816079651057493 ], [ -96.694065450602508, 40.816077389698805 ], [ -96.69406534236235, 40.81607512759733 ], [ -96.694065209363714, 40.816072864783187 ], [ -96.694065052736462, 40.816070601286505 ], [ -96.694064873610472, 40.816068337137374 ], [ -96.694064673115577, 40.816066072365942 ], [ -96.69406445238161, 40.816063807002301 ], [ -96.694064212538422, 40.816061541076593 ], [ -96.694063954715887, 40.816059274618929 ], [ -96.69406368004384, 40.816057007659431 ], [ -96.694063389664137, 40.816054740228935 ], [ -96.694063084766725, 40.816052472361221 ], [ -96.6940627665536, 40.816050204090814 ], [ -96.694062436226659, 40.816047935452225 ], [ -96.694062094987899, 40.816045666479894 ], [ -96.69406174403926, 40.816043397208425 ], [ -96.694061384582724, 40.816041127672271 ], [ -96.694061017820232, 40.816038857905973 ], [ -96.694060644953751, 40.816036587943998 ], [ -96.694060267185222, 40.816034317820886 ], [ -96.694059885716626, 40.816032047571134 ], [ -96.694059501749905, 40.816029777229268 ], [ -96.694059116487011, 40.816027506829755 ], [ -96.694058731129928, 40.816025236407157 ], [ -96.694058346886905, 40.816022965994762 ], [ -96.694057964991543, 40.816020695621191 ], [ -96.694057586683712, 40.816018425313864 ], [ -96.694057213203365, 40.816016155100208 ], [ -96.694056845790328, 40.816013885007656 ], [ -96.694056485684541, 40.816011615063623 ], [ -96.694056134125901, 40.816009345295548 ], [ -96.694055792354277, 40.816007075730838 ], [ -96.694055461609608, 40.81600480639694 ], [ -96.694055143131749, 40.816002537321253 ], [ -96.694054838160639, 40.816000268531248 ], [ -96.694054547936148, 40.815998000054272 ], [ -96.694054273698157, 40.815995731917823 ], [ -96.694054016676162, 40.815993464148043 ], [ -96.694053778057807, 40.815991196765957 ], [ -96.694053559020333, 40.815988929791367 ], [ -96.69405336074098, 40.815986663244047 ], [ -96.694053184396964, 40.815984397143822 ], [ -96.694053031165552, 40.815982131510403 ], [ -96.694052902223945, 40.815979866363634 ], [ -96.694052798749382, 40.815977601723283 ], [ -96.694052721919093, 40.81597533760911 ], [ -96.694052672910317, 40.815973074040912 ], [ -96.694052652900297, 40.815970811038483 ], [ -96.694052663066216, 40.815968548621591 ], [ -96.69405270458536, 40.815966286810045 ], [ -96.694052740931497, 40.815965051820896 ] ] } }
]
}
