{"type":"FeatureCollection","features":[{"type":"Feature","properties":{"name":"north10th_rightmost_1"},"geometry":{"type":"LineString","coordinates":[[-96.708162836730494,40.819277050617593],[-96.708164290316262,40.819281415456352],[-96.708165757310951,40.819285778043984],[-96.708167235547322,40.819290138744343],[-96.708168722858161,40.819294497921284],[-96.708170217076187,40.819298855938655],[-96.708171716034173,40.819303213160268],[-96.708173217564877,40.819307569949984],[-96.708174719501045,40.819311926671617],[-96.708176219675423,40.819316283689091],[-96.708177715920769,40.819320641366168],[-96.708179206069829,40.819325000066705],[-96.708180687955377,40.819329360154562],[-96.708182159410129,40.819333721993601],[-96.708183618266858,40.819338085947621],[-96.708185062358297,40.819342452380496],[-96.708186489517217,40.819346821656062],[-96.708187897576352,40.819351194138157],[-96.708189284368444,40.819355570190659],[-96.708190647726255,40.819359950177336],[-96.708191985482529,40.819364334462072],[-96.708193295469997,40.819368723408758],[-96.708194017410278,40.819371187806603],[-96.708194577386138,40.819373117075358],[-96.708195844362891,40.81937751331143],[-96.708197099632031,40.819381911581615],[-96.708198343510347,40.819386311827678],[-96.708199576314613,40.819390713991524],[-96.708200798361631,40.819395118015052],[-96.708202009968161,40.819399523840133],[-96.708203211451021,40.819403931408623],[-96.70820440312697,40.819408340662442],[-96.708205585312811,40.819412751543375],[-96.708206758325318,40.819417163993329],[-96.708207922481293,40.819421577954209],[-96.708209078097525,40.819425993367872],[-96.708210225490774,40.819430410176182],[-96.708211364977856,40.819434828320986],[-96.708212496875532,40.819439247744214],[-96.708213621500605,40.819443668387684],[-96.708214739169847,40.819448090193312],[-96.708215850200062,40.819452513102945],[-96.708216954908039,40.819456937058447],[-96.708218053610565,40.819461362001711],[-96.708219146624401,40.819465787874613],[-96.708220234266363,40.81947021461901],[-96.708221316853241,40.819474642176793],[-96.708222394701778,40.819479070489777],[-96.708223468128821,40.819483499499924],[-96.708224537451116,40.819487929149027],[-96.708225602985465,40.819492359378991],[-96.70822666504867,40.819496790131701],[-96.708227723957492,40.819501221349007],[-96.708228780028719,40.819505652972786],[-96.708229833579168,40.819510084944952],[-96.708230884925612,40.819514517207288],[-96.708231934384841,40.819518949701738],[-96.708232982273628,40.819523382370171],[-96.708234028908777,40.819527815154409],[-96.708235074607074,40.819532247996385],[-96.70823611968531,40.819536680837913],[-96.708237164460257,40.819541113620922],[-96.708238209248734,40.819545546287252],[-96.708239254367513,40.819549978778745],[-96.708240300133369,40.819554411037366],[-96.708241346863119,40.819558843004899],[-96.708242394873537,40.819563274623249],[-96.708243444481397,40.819567705834302],[-96.708244496003516,40.819572136579893],[-96.708244979381561,40.819574170126536],[-96.708245549406683,40.819576566899769],[-96.708246603026367,40.819580997265497],[-96.708247656460301,40.819585427760302],[-96.708248709541181,40.819589858399617],[-96.708249762101659,40.819594289198854],[-96.708250813974402,40.81959872017341],[-96.708251864992093,40.819603151338683],[-96.708252914987412,40.819607582710141],[-96.708253963792998,40.81961201430309],[-96.708255011241548,40.819616446133011],[-96.708256057165741,40.819620878215311],[-96.708257101398218,40.819625310565364],[-96.708258143771673,40.819629743198604],[-96.708259184118774,40.819634176130442],[-96.708260222272173,40.819638609376284],[-96.708261258064582,40.819643042951512],[-96.708262291328637,40.819647476871559],[-96.708263321897007,40.81965191115183],[-96.708264349602388,40.819656345807743],[-96.708265374277431,40.819660780854683],[-96.708266395754819,40.819665216308067],[-96.708267413867219,40.8196696521833],[-96.708268428447298,40.819674088495809],[-96.708269439327736,40.819678525260997],[-96.708270446341174,40.819682962494248],[-96.708271449320321,40.819687400211009],[-96.70827244809783,40.819691838426657],[-96.708273442506382,40.819696277156595],[-96.708274432378616,40.819700716416286],[-96.708275417547242,40.819705156221083],[-96.708276397844912,40.819709596586399],[-96.708277373104295,40.819714037527646],[-96.708278343158057,40.819718479060263],[-96.708279307838893,40.819722921199642],[-96.708280266979443,40.819727363961157],[-96.708281220412388,40.81973180736027],[-96.708282167970395,40.819736251412351],[-96.70828310948616,40.81974069613284],[-96.708284044792322,40.819745141537119],[-96.708284973721561,40.819749587640587],[-96.708285896106531,40.819754034458683],[-96.708286811779942,40.819758482006819],[-96.708287720574418,40.819762930300392],[-96.708288622322655,40.819767379354772],[-96.708289516857334,40.819771829185427],[-96.708290404011095,40.819776279807719],[-96.708290576934814,40.819777151825278],[-96.708291284471173,40.819780731207807],[-96.708292159896288,40.819785183327937],[-96.708293030330921,40.81978963615677],[-96.708293895769899,40.819794089684535],[-96.708294756208019,40.819798543901506],[-96.708295611640068,40.819802998797975],[-96.708296462060872,40.819807454364152],[-96.708297307465244,40.819811910590282],[-96.708298147847955,40.819816367466665],[-96.708298983203846,40.819820824983509],[-96.708299813527702,40.819825283131095],[-96.708300638814336,40.819829741899682],[-96.708301459058561,40.819834201279534],[-96.708302274255161,40.81983866126091],[-96.708303084398963,40.819843121833991],[-96.708303889484753,40.819847582989084],[-96.708304689507358,40.819852044716477],[-96.708305484461576,40.819856507006399],[-96.708306274342206,40.819860969849074],[-96.708307059144047,40.819865433234831],[-96.708307838861927,40.819869897153829],[-96.708308613490615,40.819874361596383],[-96.708309383024954,40.819878826552753],[-96.708310147459741,40.819883292013174],[-96.708310906789762,40.819887757967891],[-96.708311661009844,40.819892224407205],[-96.708312410114786,40.819896691321297],[-96.708313154099386,40.819901158700475],[-96.708313892958458,40.819905626534997],[-96.7083146266868,40.819910094815114],[-96.708315355279225,40.819914563531036],[-96.708316078730533,40.81991903267307],[-96.708316797035536,40.819923502231433],[-96.708317510189019,40.819927972196425],[-96.708318218185823,40.819932442558276],[-96.708318921020734,40.819936913307245],[-96.708319618688535,40.819941384433591],[-96.708320311184067,40.81994585592755],[-96.708320998502131,40.819950327779353],[-96.708321680637511,40.819954799979328],[-96.708322357585033,40.819959272517693],[-96.708323029339468,40.819963745384705],[-96.708323695895672,40.819968218570594],[-96.708324357248415,40.819972692065654],[-96.708325013392525,40.819977165860152],[-96.708325445652008,40.819980132902863],[-96.708325664255483,40.819981639964588],[-96.708326309000313,40.819986114627326],[-96.708326947442657,40.819990589913559],[-96.708327579665536,40.819995065809501],[-96.708328205751911,40.819999542301169],[-96.70832882578479,40.820004019374743],[-96.708329439847148,40.82000849701636],[-96.708330048021978,40.820012975212173],[-96.708330650392284,40.820017453948246],[-96.708331247041016,40.820021933210796],[-96.708331838051208,40.820026412985897],[-96.708332423505809,40.820030893259698],[-96.708333003487851,40.820035374018346],[-96.708333578080286,40.820039855247956],[-96.708334147366102,40.820044336934636],[-96.708334711428321,40.820048819064553],[-96.708335270349892,40.820053301623865],[-96.708335824213833,40.820057784598639],[-96.708336373103123,40.820062267975011],[-96.708336917100752,40.820066751739176],[-96.708337456289712,40.820071235877215],[-96.708337990752966,40.820075720375272],[-96.708338520573548,40.820080205219469],[-96.708339045834407,40.820084690395952],[-96.708339566618562,40.82008917589085],[-96.708340083008977,40.820093661690301],[-96.708340595088657,40.820098147780406],[-96.70834110294058,40.820102634147354],[-96.70834160664775,40.820107120777202],[-96.708342106293145,40.820111607656145],[-96.708342601959757,40.820116094770277],[-96.708343093730562,40.820120582105737],[-96.708343581688567,40.820125069648675],[-96.708344065916762,40.820129557385222],[-96.708344546498125,40.820134045301494],[-96.708345023515648,40.82013853338362],[-96.708345497052321,40.820143021617753],[-96.708345967191136,40.820147509989987],[-96.708346434015084,40.820151998486473],[-96.708346897607143,40.820156487093385],[-96.708347358050318,40.820160975796789],[-96.708347815427587,40.82016546458285],[-96.70834826982194,40.820169953437684],[-96.708348721316383,40.820174442347444],[-96.70834916999388,40.820178931298237],[-96.708349585533142,40.82018311335932],[-96.708349615940662,40.820183420276848],[-96.708350059972219,40.820187909417221],[-96.70835050255161,40.820192398826919],[-96.708350943502595,40.820196888502629],[-96.708351382648871,40.820201378441247],[-96.708351819814155,40.820205868639398],[-96.708352254822202,40.820210359093949],[-96.708352687496699,40.820214849801609],[-96.708353117661403,40.820219340759124],[-96.708353545140014,40.820223831963311],[-96.708353969756274,40.820228323410902],[-96.708354391333884,40.82023281509867],[-96.708354809696587,40.820237307023376],[-96.708355224668097,40.82024179918178],[-96.708355636072127,40.820246291570626],[-96.708356043732422,40.820250784186705],[-96.708356447472696,40.820255277026781],[-96.708356847116676,40.82025977008761],[-96.708357242488063,40.820264263365935],[-96.7083576334106,40.820268756858539],[-96.708358019708001,40.820273250562195],[-96.708358401203995,40.820277744473671],[-96.70835877772231,40.820282238589691],[-96.708359149086647,40.820286732907036],[-96.708359515120762,40.820291227422452],[-96.708359875648327,40.820295722132769],[-96.708360230493128,40.820300217034706],[-96.708360579478835,40.820304712124994],[-96.708360922429208,40.820309207400435],[-96.708361259167944,40.820313702857774],[-96.708361589518759,40.820318198493815],[-96.708361913305396,40.820322694305261],[-96.708362230351568,40.820327190288921],[-96.708362540481005,40.820331686441556],[-96.708362843517421,40.820336182759874],[-96.708363139284543,40.820340679240694],[-96.708363427606102,40.820345175880767],[-96.708363708305797,40.820349672676841],[-96.708363981207356,40.820354169625745],[-96.708364246134508,40.820358666724132],[-96.708364502910982,40.820363163968835],[-96.708364751360477,40.820367661356578],[-96.708364991306738,40.820372158884204],[-96.708365222573477,40.820376656548376],[-96.708365444984409,40.820381154345924],[-96.708365658363263,40.820385652273593],[-96.708365678787231,40.820386093194614],[-96.708365864682136,40.820390150488485],[-96.708366066872813,40.820394649207181],[-96.708366264785099,40.820399148408285],[-96.70836645824339,40.820403648068364],[-96.708366647072125,40.82040814816412],[-96.708366831095702,40.820412648672075],[-96.708367010138517,40.820417149568968],[-96.708367184025022,40.820421650831385],[-96.7083673525796,40.820426152435971],[-96.708367515626662,40.820430654359335],[-96.708367672990633,40.820435156578121],[-96.708367824495937,40.820439659068938],[-96.708367969966943,40.820444161808446],[-96.708368109228118,40.820448664773295],[-96.708368242103845,40.820453167940045],[-96.708368368418533,40.820457671285396],[-96.708368487996609,40.820462174785924],[-96.708368600662467,40.820466678418306],[-96.708368706240549,40.820471182159139],[-96.708368804555235,40.820475685985087],[-96.708368895430951,40.820480189872768],[-96.708368978692107,40.820484693798775],[-96.708369054163114,40.820489197739789],[-96.708369121668412,40.820493701672412],[-96.708369181032353,40.82049820557328],[-96.708369232079406,40.820502709419053],[-96.708369274633952,40.820507213186318],[-96.708369308520403,40.820511716851719],[-96.708369333563198,40.820516220391902],[-96.708369349586732,40.820520723783467],[-96.708369356415389,40.820525227003095],[-96.708369353873621,40.820529730027367],[-96.708369341785826,40.820534232832941],[-96.708369319976413,40.82053873539644],[-96.708369288269793,40.820543237694494],[-96.708369246490378,40.820547739703741],[-96.708369194462591,40.820552241400776],[-96.708369132010816,40.8205567427623],[-96.708369058959491,40.820561243764878],[-96.708368975133027,40.820565744385163],[-96.708368880355806,40.820570244599793],[-96.708368774452282,40.820574744385389],[-96.708368657246822,40.820579243718598],[-96.708368528563867,40.820583742576027],[-96.708368388227811,40.820588240934313],[-96.708368360996246,40.820589072408779],[-96.708368238995703,40.820592739291222],[-96.708368086304489,40.820597238611818],[-96.708367929892049,40.82060173884134],[-96.70836776934415,40.82060623989792],[-96.708367604246533,40.82061074169971],[-96.708367434184922,40.820615244164735],[-96.708367258745071,40.820619747211119],[-96.708367077512719,40.820624250757021],[-96.70836689007362,40.820628754720516],[-96.708366696013485,40.820633259019715],[-96.708366494918096,40.820637763572748],[-96.708366286373149,40.820642268297696],[-96.708366069964413,40.820646773112699],[-96.708365845277626,40.820651277935823],[-96.708365611898529,40.820655782685236],[-96.708365369412846,40.820660287279004],[-96.708365117406345,40.820664791635238],[-96.708364855464751,40.820669295672097],[-96.708364583173804,40.820673799307627],[-96.708364300119243,40.820678302459939],[-96.708364005886821,40.820682805047213],[-96.70836370006225,40.820687306987509],[-96.708363382231312,40.820691808198859],[-96.708363051979703,40.820696308599537],[-96.708362708893191,40.820700808107567],[-96.708362352557486,40.820705306641038],[-96.708361982558358,40.820709804118081],[-96.708361598481545,40.8207143004568],[-96.708361199912773,40.820718795575303],[-96.70836078643778,40.820723289391751],[-96.70836035764232,40.820727781824182],[-96.708359913112105,40.820732272790742],[-96.708359452432916,40.820736762209528],[-96.708358975190436,40.820741249998633],[-96.70835848097046,40.820745736076205],[-96.708357969358687,40.820750220360338],[-96.708357439940869,40.820754702769101],[-96.708356892302731,40.820759183220687],[-96.708356326030056,40.820763661633144],[-96.708355740708527,40.820768137924574],[-96.70835513592391,40.820772612013151],[-96.70835451126193,40.820777083816921],[-96.708353866308329,40.820781553254001],[-96.708353200648858,40.820786020242529],[-96.708352513869244,40.820790484700581],[-96.708352267742157,40.820792051001789],[-96.708351806504169,40.820794947013773],[-96.708351081667558,40.820799408724049],[-96.708350339761125,40.820803869904708],[-96.708349580920313,40.820808330492717],[-96.708348805280593,40.82081279042503],[-96.708348012977424,40.820817249638651],[-96.70834720414625,40.820821708070518],[-96.708346378922556,40.820826165657593],[-96.708345537441801,40.82083062233685],[-96.708344679839428,40.820835078045263],[-96.708343806250923,40.820839532719795],[-96.708342916811716,40.820843986297412],[-96.708342011657308,40.820848438715068],[-96.708341090923128,40.820852889909744],[-96.708340154744647,40.82085733981841],[-96.708339203257324,40.820861788378068],[-96.708338236596646,40.820866235525585],[-96.708337254898041,40.820870681198009],[-96.708336258296981,40.820875125332286],[-96.708335246928939,40.820879567865362],[-96.708334220929359,40.82088400873424],[-96.708333180433726,40.820888447875902],[-96.708332125577485,40.820892885227238],[-96.708331056496093,40.82089732072528],[-96.708329973325036,40.820901754306973],[-96.708328876199744,40.820906185909315],[-96.708327765255703,40.820910615469195],[-96.708326640628371,40.82091504292363],[-96.708325502453192,40.82091946820961],[-96.708324350865666,40.82092389126408],[-96.708323186001223,40.820928312023973],[-96.708322007995335,40.820932730426314],[-96.708320816983473,40.820937146408056],[-96.708319613101068,40.820941559906132],[-96.708318396483619,40.820945970857537],[-96.708317167266586,40.820950379199203],[-96.70831592558541,40.82095478486815],[-96.708314671575565,40.820959187801314],[-96.708313405372522,40.820963587935658],[-96.708312127111711,40.820967985208185],[-96.708310836928632,40.820972379555812],[-96.708309534958744,40.820976770915543],[-96.708308221337489,40.820981159224338],[-96.708306896200341,40.820985544419131],[-96.708305559682771,40.820989926436908],[-96.708304211920236,40.820994305214647],[-96.708303987979889,40.820995028973641],[-96.708302852399498,40.820998681427227],[-96.708301479994589,40.821003056359146],[-96.708300094685583,40.821007429969036],[-96.708298696477371,40.821011802186611],[-96.708297285374883,40.82101617294154],[-96.708295861383064,40.821020542163438],[-96.708294424506789,40.821024909782025],[-96.708292974751018,40.821029275726993],[-96.708291512120667,40.821033639927947],[-96.708290036620653,40.82103800231463],[-96.708288548255879,40.821042362816677],[-96.708287047031291,40.821046721363722],[-96.708285532951805,40.821051077885492],[-96.708284006022353,40.821055432311624],[-96.708282466247837,40.82105978457183],[-96.708280913633175,40.821064134595723],[-96.708279348183311,40.821068482313009],[-96.708277769903148,40.821072827653367],[-96.708276178797632,40.821077170546431],[-96.708274574871666,40.821081510921879],[-96.708272958130166,40.821085848709416],[-96.708271328578078,40.821090183838699],[-96.708269686220291,40.821094516239363],[-96.708268031061749,40.821098845841149],[-96.708266363107384,40.821103172573658],[-96.708264682362085,40.821107496366587],[-96.708262988830796,40.821111817149585],[-96.708261282518436,40.821116134852367],[-96.708259563429934,40.82112044940456],[-96.708257831570194,40.821124760735849],[-96.708256086944147,40.821129068775939],[-96.708254329556723,40.821133373454472],[-96.708252559412841,40.821137674701099],[-96.708250776517403,40.821141972445531],[-96.708248980875368,40.821146266617376],[-96.708247172491625,40.821150557146389],[-96.708245351371104,40.821154843962177],[-96.708243517518724,40.821159126994431],[-96.708241670939429,40.821163406172801],[-96.708239811638123,40.821167681426985],[-96.708237939619735,40.821171952686662],[-96.70823605488917,40.821176219881472],[-96.708234157451372,40.821180482941102],[-96.708232247311258,40.8211847417952],[-96.708230324473746,40.821188996373465],[-96.708228388943752,40.821193246605553],[-96.708226440726207,40.821197492421142],[-96.708226203918457,40.821198006324359],[-96.708224478118851,40.821201733951689],[-96.708222498620529,40.821205971511766],[-96.708220502499657,40.821210205150223],[-96.70821849005776,40.821214434912505],[-96.708216461596393,40.821218660843982],[-96.708214417417096,40.821222882989993],[-96.708212357821409,40.821227101395948],[-96.708210283110887,40.82123131610723],[-96.708208193587069,40.821235527169158],[-96.708206089551496,40.821239734627198],[-96.708203971305679,40.821243938526663],[-96.708201839151215,40.821248138912893],[-96.708199693389616,40.821252335831353],[-96.708197534322437,40.821256529327371],[-96.708195362251203,40.821260719446322],[-96.708193177477469,40.82126490623358],[-96.708190980302774,40.821269089734535],[-96.708188771028674,40.821273269994542],[-96.708186549956707,40.821277447059018],[-96.708184317388415,40.821281620973267],[-96.708182073625338,40.821285791782714],[-96.708179818969029,40.821289959532756],[-96.708177553721015,40.821294124268725],[-96.708175278182864,40.82129828603599],[-96.708172992656102,40.82130244487999],[-96.70817069744227,40.821306600846043],[-96.708168392842921,40.821310753979553],[-96.708166079159611,40.821314904325881],[-96.70816375669385,40.821319051930381],[-96.708161425747207,40.821323196838492],[-96.708159086621237,40.821327339095525],[-96.708156739617465,40.821331478746885],[-96.708154385037432,40.821335615837931],[-96.708152023182691,40.821339750414104],[-96.708149654354798,40.821343882520686],[-96.708147278855293,40.821348012203103],[-96.708144896985701,40.821352139506729],[-96.708142509047576,40.821356264476954],[-96.708140115342474,40.821360387159125],[-96.708137716171919,40.821364507598609],[-96.708135311837495,40.821368625840826],[-96.708132902640699,40.821372741931121],[-96.708130488883128,40.821376855914878],[-96.70812807086628,40.821380967837491],[-96.708125648891709,40.821385077744296],[-96.708123223260984,40.821389185680673],[-96.708120794275629,40.821393291692054],[-96.708118362237215,40.821397395823759],[-96.708116233348846,40.821400983053941],[-96.708115927451345,40.821401498138812],[-96.708113490406419,40.821405599998258],[-96.708111051066936,40.821409702110415],[-96.708108609120842,40.821413804301791],[-96.708106164256108,40.821417906398956],[-96.708103716160707,40.821422008228453],[-96.708101264522568,40.821426109616816],[-96.708098809029678,40.821430210390645],[-96.708096349369967,40.821434310376432],[-96.70809388523142,40.821438409400791],[-96.708091416301983,40.821442507290229],[-96.708088942269612,40.821446603871244],[-96.708086462822266,40.82145069897048],[-96.708083977647917,40.82145479241445],[-96.708081486434494,40.821458884029695],[-96.708078988869985,40.821462973642802],[-96.708076484642334,40.821467061080263],[-96.708073973439483,40.821471146168669],[-96.708071454949419,40.821475228734556],[-96.708068928860101,40.821479308604466],[-96.708066394859472,40.821483385604949],[-96.70806385263549,40.82148745956259],[-96.708061301876114,40.821491530303874],[-96.708058742269316,40.821495597655399],[-96.708056173503024,40.821499661443717],[-96.708053595265227,40.821503721495375],[-96.708051007243853,40.821507777636896],[-96.708048409126889,40.821511829694856],[-96.708045800602292,40.821515877495784],[-96.708043181357993,40.821519920866237],[-96.70804055108195,40.821523959632749],[-96.708037909462163,40.821527993621899],[-96.708035256186534,40.821532022660236],[-96.708032590943063,40.821536046574288],[-96.708029913419679,40.821540065190625],[-96.70802722330437,40.821544078335755],[-96.708024520285065,40.821548085836298],[-96.708021804049721,40.821552087518725],[-96.708019074286312,40.821556083209607],[-96.708016330682796,40.821560072735551],[-96.708013572927115,40.821564055923041],[-96.708010800707243,40.821568032598663],[-96.708008013711122,40.821572002588901],[-96.708005211626713,40.821575965720385],[-96.708002394141985,40.821579921819648],[-96.707999560944884,40.821583870713205],[-96.707996711723354,40.821587812227619],[-96.707993846165365,40.821591746189462],[-96.707990963958892,40.821595672425239],[-96.707988064791863,40.821599590761529],[-96.70798514835225,40.821603501024889],[-96.707984805107117,40.821603959162353],[-96.707982212141815,40.821607402536046],[-96.707979253018379,40.821611294581665],[-96.707976271571539,40.82161517739091],[-96.707973268431672,40.821619051202731],[-96.707970244229173,40.821622916256153],[-96.707967199594421,40.821626772790161],[-96.707964135157781,40.821630621043788],[-96.707961051549646,40.821634461256025],[-96.707957949400381,40.821638293665849],[-96.70795482934038,40.821642118512266],[-96.707951692000023,40.821645936034329],[-96.707948538009674,40.821649746470996],[-96.707945367999727,40.821653550061271],[-96.707942182600533,40.82165734704418],[-96.707938982442514,40.821661137658673],[-96.707935768156034,40.821664922143825],[-96.707932540371473,40.821668700738606],[-96.707929299719197,40.821672473681971],[-96.707926046829598,40.821676241213027],[-96.707922782333071,40.821680003570663],[-96.707919506859966,40.821683760993984],[-96.707916221040676,40.821687513721905],[-96.707912925505596,40.821691261993493],[-96.707909620885104,40.82169500604774],[-96.707906307809552,40.821698746123609],[-96.70790298690936,40.821702482460161],[-96.707899658814881,40.821706215296345],[-96.707896324156494,40.821709944871202],[-96.707892983564619,40.821713671423723],[-96.707889637669581,40.821717395192941],[-96.707886287101815,40.821721116417805],[-96.707882932491657,40.821724835337356],[-96.70787957446953,40.821728552190585],[-96.707876213665784,40.82173226721649],[-96.707872850710814,40.821735980654068],[-96.707869486235012,40.821739692742398],[-96.707866120868729,40.821743403720369],[-96.707862755242374,40.821747113827051],[-96.707859389986311,40.821750823301464],[-96.707856025730933,40.82175453238257],[-96.707852663106635,40.821758241309396],[-96.707849302743796,40.821761950320941],[-96.707845945272766,40.821765659656208],[-96.707845330238342,40.821766339601865],[-96.707842586089242,40.821769367328102],[-96.707839215493635,40.82177306920714],[-96.70783583361343,40.821776765362671],[-96.707832440838388,40.821780455975791],[-96.70782903755827,40.821784141227667],[-96.707825624162879,40.821787821299445],[-96.707822201042006,40.821791496372185],[-96.707818768585383,40.821795166627098],[-96.707815327182843,40.821798832245243],[-96.707811877224145,40.821802493407773],[-96.707808419099052,40.821806150295849],[-96.707804953197368,40.821809803090595],[-96.707801479908852,40.8218134519731],[-96.70779799962331,40.821817097124523],[-96.707794512730501,40.821820738726018],[-96.707791019620203,40.821824376958681],[-96.707787520682217,40.82182801200365],[-96.707784016306292,40.821831644042042],[-96.707780506882244,40.821835273255019],[-96.707776992799808,40.821838899823696],[-96.707773474448814,40.82184252392922],[-96.70776995221901,40.821846145752701],[-96.7077664265002,40.821849765475257],[-96.707762897682144,40.821853383278068],[-96.707759366154605,40.821856999342238],[-96.707755832307413,40.821860613848891],[-96.707752296530302,40.821864226979116],[-96.707748770713806,40.821867827174678],[-96.707748759213203,40.821867838914216],[-96.707745231487507,40.821871458120732],[-96.707741721505002,40.821875090986381],[-96.707738225407468,40.821878734743919],[-96.707734739336672,40.821882386626037],[-96.707731259434397,40.821886043865419],[-96.707727781842436,40.821889703694765],[-96.70772430270253,40.821893363346753],[-96.707720818156474,40.821897020054124],[-96.707717324346049,40.821900671049569],[-96.707713817413023,40.821904313565739],[-96.707710293499161,40.82190794483536],[-96.707706748746247,40.821911562091159],[-96.707703179296047,40.821915162565759],[-96.707699581290342,40.821918743491935],[-96.7076959508709,40.821922302102287],[-96.707692284179501,40.821925835629578],[-96.707688577357914,40.821929341306515],[-96.707684826547919,40.821932816365738],[-96.707681027891297,40.821936258039962],[-96.707677177529789,40.821939663561864],[-96.707673271605202,40.821943030164164],[-96.707670986652374,40.821944957626165],[-96.707669309477936,40.821946359155412],[-96.707665314842188,40.821949681239531],[-96.707661291696567,40.821952999621274],[-96.707657238102513,40.821956309752331],[-96.70765315212148,40.821959607084423],[-96.707649031814881,40.821962887069262],[-96.707644875244171,40.821966145158491],[-96.707640680470803,40.821969376803857],[-96.707636445556204,40.821972577457011],[-96.707632168561801,40.821975742569684],[-96.707627847549062,40.821978867593515],[-96.707623480579429,40.821981947980262],[-96.707619065714326,40.821984979181593],[-96.707614601015223,40.82198795664916],[-96.707610084543546,40.821990875834743],[-96.707605514360779,40.821993732189966],[-96.707600888528319,40.821996521166547],[-96.707596205107663,40.821999238216165],[-96.707591462160238,40.822001878790509],[-96.707587838172913,40.822003820278795],[-96.707586655175575,40.822004436458364],[-96.707581728208723,40.822006868435381],[-96.707576671989742,40.822009169370205],[-96.707571503618539,40.822011353696723],[-96.707566240194993,40.822013435848817],[-96.707560898819025,40.822015430260386],[-96.707555496590544,40.822017351365297],[-96.707550050609399,40.822019213597429],[-96.707544577975526,40.822021031390719],[-96.707539095788789,40.822022819179033],[-96.707533621149096,40.822024591396257],[-96.707528829574585,40.822026147478205],[-96.707528170521385,40.822026361788254],[-96.70752270623916,40.822028087174786],[-96.707517202423759,40.822029742633994],[-96.707511665190367,40.82203133898264],[-96.707506100654143,40.822032887037345],[-96.70750051493026,40.822034397614857],[-96.707494914133918,40.822035881531853],[-96.707489304380232,40.822037349605012],[-96.707483691784432,40.822038812651016],[-96.707478082461648,40.822040281486622],[-96.707472482527052,40.822041766928457],[-96.707466898095774,40.822043279793242],[-96.707465462386594,40.822043675382801]]}},{"type":"Feature","properties":{"name":"north10th_rightmost_2"},"geometry":{"type":"LineString","coordinates":[[-96.708170548081398,40.819272740899805],[-96.708171603037783,40.819277171186329],[-96.708172655884397,40.819281601770832],[-96.708173706950532,40.819286032606819],[-96.708174756565469,40.819290463647782],[-96.708175805058531,40.819294894847218],[-96.708176852758967,40.819299326158571],[-96.708177899996102,40.81930375753543],[-96.708178947099199,40.819308188931196],[-96.708179994397568,40.819312620299385],[-96.708181042220517,40.819317051593522],[-96.708182090897296,40.819321482767045],[-96.708183140757228,40.819325913773469],[-96.708184192129579,40.819330344566296],[-96.708185245343671,40.819334775099009],[-96.708186300728784,40.819339205325107],[-96.708187358614197,40.819343635198038],[-96.708188419329204,40.819348064671352],[-96.708189483203114,40.819352493698517],[-96.70819055056522,40.819356922232991],[-96.708191621744788,40.819361350228313],[-96.708192697071127,40.819365777637962],[-96.708193776873543,40.819370204415399],[-96.708194017410278,40.819371187806603],[-96.708194861422811,40.819374630525331],[-96.708195950618958,40.819379055988058],[-96.708197044223212,40.819383480836869],[-96.708198141996903,40.819387905104833],[-96.708199243701401,40.819392328825039],[-96.708200349098064,40.819396752030535],[-96.708201457948178,40.819401174754397],[-96.708202570013142,40.81940559702965],[-96.708203685054258,40.819410018889442],[-96.708204802832896,40.819414440366778],[-96.708205923110398,40.819418861494732],[-96.708207045648095,40.819423282306381],[-96.708208170207328,40.819427702834751],[-96.708209296549427,40.819432123112946],[-96.708210424435777,40.819436543174021],[-96.708211553627677,40.819440963051029],[-96.708212683886487,40.81944538277709],[-96.708213814973547,40.819449802385179],[-96.708214946650202,40.819454221908458],[-96.708216078677793,40.819458641379924],[-96.708217210817679,40.819463060832646],[-96.708218342831159,40.819467480299728],[-96.70821947447962,40.819471899814218],[-96.708220605524374,40.819476319409155],[-96.708221735726767,40.819480739117651],[-96.708222864848153,40.819485158972704],[-96.708223992649863,40.819489579007438],[-96.708225118893253,40.819493999254917],[-96.708226243339638,40.819498419748207],[-96.708227365750389,40.819502840520322],[-96.708228485886835,40.819507261604379],[-96.708229603510304,40.819511683033419],[-96.708230718382154,40.819516104840524],[-96.708231830263728,40.819520527058735],[-96.708232938916353,40.819524949721156],[-96.708234044101374,40.819529372860821],[-96.708235145580147,40.819533796510783],[-96.708236243113987,40.819538220704153],[-96.708237336464265,40.819542645473973],[-96.708238425392281,40.819547070853304],[-96.708239509659435,40.819551496875192],[-96.708240589027014,40.819555923572736],[-96.708241663256373,40.81956035097901],[-96.708242732108872,40.819564779127042],[-96.708243795345822,40.819569208049934],[-96.708244852728598,40.819573637780699],[-96.708244979381561,40.819574170126536],[-96.708245906423898,40.819578068064203],[-96.708246959999386,40.819582498471938],[-96.708248013332437,40.819586929013994],[-96.708249066255718,40.819591359705782],[-96.708250118601924,40.819595790562701],[-96.708251170203681,40.819600221600162],[-96.708252220893698,40.819604652833554],[-96.708253270504628,40.819609084278298],[-96.708254318869152,40.81961351594984],[-96.708255365819923,40.819617947863563],[-96.708256411189623,40.819622380034858],[-96.708257454810948,40.819626812479157],[-96.708258496516535,40.819631245211824],[-96.708259536139082,40.819635678248339],[-96.708260573511225,40.819640111604052],[-96.708261608465662,40.819644545294402],[-96.708262640835059,40.819648979334772],[-96.708263670452098,40.819653413740596],[-96.708264697149431,40.819657848527299],[-96.708265720759712,40.81966228371023],[-96.708266741115665,40.819666719304827],[-96.708267758049928,40.819671155326503],[-96.708268771395154,40.819675591790691],[-96.70826978098404,40.819680028712732],[-96.708270786649265,40.819684466108107],[-96.708271788223485,40.819688903992144],[-96.708272785539364,40.819693342380347],[-96.708273778429572,40.819697781288049],[-96.708274766726802,40.819702220730733],[-96.708275750263695,40.81970666072371],[-96.708276728872931,40.819711101282465],[-96.708277702387207,40.819715542422337],[-96.70827867063916,40.819719984158844],[-96.708279633461473,40.819724426507278],[-96.708280590686812,40.819728869483136],[-96.708281542147844,40.819733313101764],[-96.708282487677266,40.819737757378597],[-96.708283427107702,40.819742202329031],[-96.708284360271861,40.819746647968515],[-96.708285287002397,40.819751094312423],[-96.708286207131977,40.819755541376146],[-96.708287120493281,40.819759989175132],[-96.708288026918979,40.819764437724778],[-96.708288926241721,40.819768887040475],[-96.708289818294205,40.819773337137612],[-96.708290576934814,40.819777151825278],[-96.708290702935713,40.819777788030791],[-96.708291581657491,40.819782239676989],[-96.708292455392211,40.819786692038335],[-96.708293324134715,40.819791145105093],[-96.708294187879773,40.819795598867479],[-96.708295046622226,40.819800053315781],[-96.708295900356873,40.819804508440257],[-96.708296749078485,40.819808964231136],[-96.708297592781904,40.819813420678706],[-96.708298431461927,40.819817877773183],[-96.708299265113354,40.819822335504874],[-96.708300093730983,40.819826793863939],[-96.708300917309643,40.819831252840757],[-96.708301735844117,40.819835712425494],[-96.708302549329218,40.819840172608444],[-96.70830335775976,40.819844633379844],[-96.708304161130528,40.819849094729939],[-96.708304959436347,40.819853556649051],[-96.708305752672004,40.819858019127352],[-96.708306540832339,40.819862482155152],[-96.708307323912109,40.819866945722666],[-96.708308101906169,40.819871409820166],[-96.708308874809276,40.819875874437912],[-96.708309642616285,40.819880339566154],[-96.708310405321953,40.819884805195144],[-96.70831116292112,40.819889271315162],[-96.708311915408572,40.819893737916438],[-96.708312662779136,40.819898204989236],[-96.708313405027582,40.819902672523781],[-96.708314142148751,40.819907140510374],[-96.708314874137429,40.819911608939222],[-96.708315600988428,40.819916077800663],[-96.708316322696561,40.81992054708482],[-96.708317039256613,40.819925016782086],[-96.708317750663397,40.819929486882636],[-96.708318456911726,40.81993395737674],[-96.708319157996399,40.819938428254645],[-96.708319853912229,40.819942899506671],[-96.708320544654015,40.81994737112295],[-96.708321230216555,40.819951843093861],[-96.708321910594677,40.819956315409577],[-96.708322585783151,40.819960788060385],[-96.708323255776818,40.819965261036529],[-96.708323920570479,40.819969734328275],[-96.708324580158916,40.819974207925895],[-96.708325234536943,40.819978681819613],[-96.708325445652008,40.819980132902863],[-96.708325883430888,40.819983156081371],[-96.708326526030888,40.819987630956923],[-96.708327162356554,40.819992106451302],[-96.708327792490849,40.81999658255063],[-96.708328416516764,40.820001059241015],[-96.708329034517305,40.820005536508624],[-96.70832964657545,40.82001001433958],[-96.708330252774189,40.82001449272002],[-96.708330853196514,40.820018971636046],[-96.708331447925403,40.820023451073816],[-96.70833203704386,40.82002793101946],[-96.708332620634835,40.820032411459074],[-96.708333198781375,40.820036892378859],[-96.70833377156643,40.820041373764909],[-96.708334339073005,40.820045855603333],[-96.708334901384077,40.820050337880289],[-96.708335458582638,40.820054820581916],[-96.70833601075168,40.82005930369435],[-96.708336557974192,40.820063787203665],[-96.708337100333139,40.820068271096083],[-96.708337637911569,40.820072755357636],[-96.708338170792416,40.820077239974545],[-96.708338699058686,40.820081724932876],[-96.70833922279337,40.820086210218825],[-96.70833974207946,40.82009069581845],[-96.708340256999946,40.820095181717932],[-96.708340767637793,40.820099667903399],[-96.70834127407602,40.820104154360983],[-96.708341776397603,40.820108641076786],[-96.708342274685535,40.820113128036958],[-96.708342769022806,40.820117615227645],[-96.708343259492395,40.82012210263499],[-96.708343746177306,40.820126590245074],[-96.708344229160517,40.820131078044035],[-96.708344708525019,40.820135566018081],[-96.708345184353803,40.820140054153242],[-96.708345656729861,40.820144542435735],[-96.708346125736171,40.820149030851617],[-96.708346591455737,40.820153519387091],[-96.708347053971536,40.820158008028251],[-96.708347513366562,40.820162496761206],[-96.708347969723818,40.820166985572122],[-96.708348423126267,40.820171474447122],[-96.708348873656917,40.820175963372357],[-96.708349321398757,40.820180452333915],[-96.708349585533142,40.82018311335932],[-96.708349766547329,40.820184941339498],[-96.708350210106573,40.820189430571503],[-96.708350652153939,40.820193920071731],[-96.708351092513155,40.820198409836891],[-96.708351531007949,40.820202899863787],[-96.708351967462022,40.820207390149221],[-96.708352401699116,40.820211880689868],[-96.708352833542946,40.82021637148253],[-96.708353262817255,40.82022086252401],[-96.708353689345742,40.820225353811054],[-96.708354112952122,40.820229845340371],[-96.708354533460152,40.820234337108779],[-96.708354950693533,40.820238829113038],[-96.708355364475992,40.820243321349892],[-96.708355774631258,40.820247813816088],[-96.708356180983031,40.820252306508436],[-96.708356583355069,40.820256799423682],[-96.708356981571072,40.82026129255857],[-96.708357375454767,40.820265785909847],[-96.70835776482987,40.82027027947435],[-96.708358149520123,40.820274773248741],[-96.708358529349226,40.820279267229928],[-96.708358904140923,40.820283761414508],[-96.708359273718926,40.820288255799355],[-96.708359637906952,40.820292750381171],[-96.708359996528742,40.820297245156766],[-96.708360349407982,40.820301740122865],[-96.70836069636843,40.820306235276249],[-96.708361037233814,40.820310730613699],[-96.70836137182782,40.820315226131953],[-96.708361699974191,40.820319721827801],[-96.70836202149664,40.820324217697959],[-96.708362336218912,40.820328713739244],[-96.708362643964705,40.820333209948345],[-96.708362944557763,40.820337706322121],[-96.708363237821786,40.820342202857269],[-96.708363523580488,40.820346699550562],[-96.708363801657626,40.820351196398789],[-96.7083640718769,40.820355693398682],[-96.70836433406204,40.820360190547014],[-96.708364588036744,40.820364687840538],[-96.708364833624785,40.820369185276064],[-96.708365070649833,40.82037368285031],[-96.708365298935618,40.820378180560056],[-96.708365518305882,40.820382678402034],[-96.708365678787231,40.820386093194614],[-96.708365728737476,40.8203871763846],[-96.708365933660446,40.820391674771564],[-96.708366134421112,40.820396173656334],[-96.708366330843873,40.820400673015556],[-96.708366522753167,40.820405172825872],[-96.70836670997339,40.820409673063928],[-96.708366892328968,40.820414173706304],[-96.708367069644297,40.820418674729645],[-96.708367241743801,40.820423176110609],[-96.708367408451892,40.82042767782584],[-96.70836756959298,40.82043217985192],[-96.708367724991462,40.8204366821655],[-96.708367874471804,40.820441184743196],[-96.708368017858348,40.820445687561687],[-96.70836815497556,40.820450190597562],[-96.708368285647822,40.820454693827465],[-96.708368409699546,40.82045919722799],[-96.708368526955169,40.820463700775825],[-96.708368637239076,40.82046820444755],[-96.708368740375718,40.82047270821986],[-96.70836883618945,40.820477212069342],[-96.70836892450474,40.820481715972612],[-96.708369005145968,40.820486219906321],[-96.708369077937547,40.820490723847136],[-96.708369142703916,40.820495227771616],[-96.708369199269441,40.820499731656433],[-96.708369247458563,40.820504235478197],[-96.708369287095707,40.820508739213579],[-96.708369318005253,40.820513242839191],[-96.708369340011643,40.820517746331632],[-96.708369352939258,40.820522249667547],[-96.708369356612536,40.820526752823596],[-96.708369350855889,40.820531255776388],[-96.708369335493686,40.820535758502558],[-96.708369310350392,40.820540260978731],[-96.708369275250391,40.82054476318153],[-96.708369230018093,40.820549265087607],[-96.708369174477937,40.820553766673591],[-96.708369108454292,40.820558267916077],[-96.70836903177161,40.820562768791753],[-96.708368944254275,40.820567269277205],[-96.708368845726696,40.820571769349051],[-96.708368736013313,40.82057626898402],[-96.708368614938507,40.820580768158607],[-96.708368482326705,40.82058526684952],[-96.708368360996246,40.820589072408779],[-96.70836833810759,40.820589765052127],[-96.708368187649185,40.820594263726825],[-96.708368033743483,40.820598763364572],[-96.708367875976208,40.82060326388352],[-96.708367713933072,40.820607765201785],[-96.70836754719987,40.820612267237436],[-96.708367375362315,40.820616769908618],[-96.708367198006144,40.820621273133476],[-96.708367014717112,40.820625776830042],[-96.708366825080944,40.82063028091644],[-96.708366628683407,40.820634785310823],[-96.708366425110214,40.820639289931265],[-96.70836621394713,40.820643794695918],[-96.708365994779868,40.820648299522844],[-96.708365767194195,40.820652804330159],[-96.708365530775836,40.820657309036029],[-96.708365285110546,40.820661813558488],[-96.708365029784062,40.820666317815665],[-96.708364764382111,40.820670821725699],[-96.708364488490432,40.820675325206679],[-96.708364201694792,40.820679828176715],[-96.708363903580903,40.820684330553917],[-96.708363593734518,40.82068883225643],[-96.708363271741362,40.820693333202279],[-96.708362937187204,40.82069783330963],[-96.708362589657767,40.820702332496602],[-96.708362228738793,40.820706830681296],[-96.708361854016005,40.820711327781801],[-96.708361465075157,40.820715823716256],[-96.708361061501989,40.820720318402742],[-96.708360642882226,40.820724811759383],[-96.708360208801636,40.82072930370429],[-96.70835975884593,40.820733794155586],[-96.708359292600861,40.820738283031361],[-96.708358809652168,40.820742770249694],[-96.708358309585577,40.820747255728755],[-96.708357791986842,40.820751739386594],[-96.708357256441687,40.820756221141401],[-96.708356702535852,40.820760700911215],[-96.708356129855076,40.820765178614167],[-96.708355537985128,40.820769654168366],[-96.708354926511689,40.820774127491937],[-96.708354295020541,40.820778598502912],[-96.708353643097411,40.820783067119535],[-96.708352970328022,40.820787533259796],[-96.708352276298129,40.820791996841876],[-96.708352267742157,40.820792051001789],[-96.708351562822145,40.820796458867861],[-96.708350832186468,40.820800920405766],[-96.708350084526842,40.82080538139266],[-96.708349319978737,40.820809841765559],[-96.708348538677626,40.820814301461404],[-96.708347740758967,40.82081876041719],[-96.708346926358203,40.820823218569863],[-96.708346095610821,40.820827675856414],[-96.708345248652265,40.820832132213781],[-96.70834438561802,40.820836587578917],[-96.708343506643502,40.820841041888841],[-96.708342611864211,40.820845495080484],[-96.708341701415591,40.8208499470908],[-96.708340775433129,40.820854397856806],[-96.708339834052254,40.820858847315421],[-96.708338877408451,40.820863295403626],[-96.708337905637151,40.820867742058425],[-96.708336918873854,40.820872187216686],[-96.708335917254004,40.820876630815512],[-96.708334900913059,40.820881072791757],[-96.70833386998649,40.820885513082438],[-96.708332824609755,40.820889951624515],[-96.708331764918313,40.820894388354951],[-96.708330691047635,40.820898823210733],[-96.708329603133166,40.820903256128801],[-96.70832850131039,40.820907687046109],[-96.708327385714739,40.820912115899667],[-96.708326256481712,40.820916542626414],[-96.708325113746739,40.820920967163325],[-96.708323957645305,40.820925389447403],[-96.70832278831287,40.820929809415503],[-96.708321605884876,40.820934227004713],[-96.708320410496796,40.820938642151937],[-96.708319202284116,40.820943054794157],[-96.708317981382265,40.820947464868347],[-96.70831674792673,40.820951872311475],[-96.708315502052955,40.820956277060482],[-96.70831424389641,40.820960679052391],[-96.708312973592555,40.820965078224077],[-96.708311691276862,40.820969474512594],[-96.708310397084787,40.820973867854875],[-96.708309091151776,40.8209782581879],[-96.708307773613342,40.820982645448595],[-96.708306444604887,40.820987029573949],[-96.70830510426191,40.820991410500952],[-96.708303987979889,40.820995028973641],[-96.708303752692288,40.820995788198452],[-96.708302388821778,40.821000163965799],[-96.708301012043918,40.821004538457615],[-96.708299622363612,40.821008911603627],[-96.708298219785789,40.821013283333464],[-96.708296804315339,40.821017653576845],[-96.708295375957221,40.821022022263378],[-96.708293934716323,40.821026389322746],[-96.708292480597606,40.821030754684664],[-96.708291013605958,40.821035118278729],[-96.70828953374631,40.821039480034713],[-96.708288041023593,40.821043839882172],[-96.708286535442738,40.821048197750876],[-96.708285017008635,40.82105255357046],[-96.708283485726213,40.821056907270545],[-96.708281941600418,40.82106125878088],[-96.708280384636154,40.821065608031105],[-96.708278814838337,40.821069954950872],[-96.708277232211913,40.821074299469871],[-96.708275636761783,40.821078641517751],[-96.708274028492866,40.82108298102419],[-96.708272407410092,40.821087317918881],[-96.708270773518379,40.821091652131486],[-96.708269126822671,40.821095983591654],[-96.708267467327843,40.821100312229063],[-96.708265795038884,40.821104637973427],[-96.708264109960652,40.821108960754358],[-96.708262412098094,40.821113280501535],[-96.70826070145614,40.821117597144649],[-96.708258978039694,40.821121910613392],[-96.708257241853687,40.821126220837357],[-96.708255492903049,40.821130527746313],[-96.708253731192698,40.821134831269831],[-96.708251956727537,40.821139131337659],[-96.70825016951251,40.82114342787947],[-96.708248369552535,40.82114772082484],[-96.708246556852529,40.821152010103553],[-96.708244731417437,40.821156295645189],[-96.708242893252134,40.821160577379494],[-96.708241042361578,40.821164855236077],[-96.708239178750688,40.82116912914465],[-96.708237302424365,40.821173399034862],[-96.70823541338757,40.821177664836398],[-96.708233511645176,40.821181926478921],[-96.708231597202129,40.821186183892088],[-96.708229670063375,40.821190437005562],[-96.708227730233801,40.821194685749084],[-96.708226203918457,40.821198006324359],[-96.708225777612014,40.821198930064021],[-96.708223809269498,40.821203170241745],[-96.708221824105024,40.821207406467934],[-96.70821982242019,40.821211638787929],[-96.708217804516508,40.821215867247112],[-96.708215770695546,40.821220091890837],[-96.708213721258815,40.821224312764492],[-96.708211656507856,40.821228529913483],[-96.708209576744238,40.821232743383135],[-96.708207482269501,40.821236953218857],[-96.708205373385184,40.821241159465998],[-96.708203250392799,40.821245362169989],[-96.708201113593944,40.821249561376128],[-96.708198963290116,40.821253757129831],[-96.708196799782883,40.821257949476497],[-96.708194623373785,40.821262138461442],[-96.708192434364349,40.8212663241301],[-96.708190233056143,40.821270506527803],[-96.708188019750693,40.821274685699983],[-96.708185794749568,40.821278861691951],[-96.708183558354264,40.821283034549097],[-96.708181310866365,40.821287204316825],[-96.708179052587411,40.821291371040495],[-96.708176783818914,40.821295534765483],[-96.708174504862455,40.821299695537142],[-96.708172216019577,40.821303853400906],[-96.708169917591789,40.821308008402106],[-96.708167609880661,40.821312160586089],[-96.708165293187733,40.82131630999833],[-96.708162967814573,40.821320456684113],[-96.708160634062679,40.821324600688826],[-96.70815829223362,40.821328742057872],[-96.708155942628949,40.821332880836636],[-96.708153585550193,40.821337017070476],[-96.708151221298905,40.821341150804741],[-96.708148850176627,40.821345282084849],[-96.708146472484913,40.821349410956167],[-96.708144088525287,40.82135353746407],[-96.708141698599306,40.82135766165392],[-96.708139303008537,40.821361783571113],[-96.708136902054491,40.82136590326099],[-96.708134496038724,40.821370020768967],[-96.70813208526279,40.821374136140392],[-96.708129670028228,40.821378249420682],[-96.708127250636579,40.821382360655178],[-96.708124827389398,40.821386469889255],[-96.708122400588209,40.821390577168287],[-96.708119970534582,40.821394682537665],[-96.708117537530057,40.821398786042771],[-96.708116233348846,40.821400983053941],[-96.708115101924662,40.821402887967125],[-96.708112664137204,40.821406989931674],[-96.708110223949461,40.821411092090088],[-96.708107781049364,40.821415194268958],[-96.708105335124912,40.821419296294884],[-96.708102885864051,40.821423397994323],[-96.708100432954723,40.821427499193895],[-96.7080979760849,40.821431599720142],[-96.708095514942556,40.821435699399586],[-96.70809304921562,40.821439798058798],[-96.708090578592049,40.821443895524318],[-96.708088102759845,40.821447991622705],[-96.708085621406909,40.821452086180479],[-96.708083134221241,40.821456179024246],[-96.708080640890785,40.82146026998052],[-96.708078141103499,40.821464358875865],[-96.708075634547342,40.82146844553678],[-96.708073120910271,40.82147252978988],[-96.70807059988023,40.821476611461698],[-96.70806807114522,40.821480690378799],[-96.708065534393143,40.821484766367654],[-96.708062989311998,40.82148883925489],[-96.708060435589729,40.821492908867079],[-96.708057872914296,40.821496975030662],[-96.708055300973641,40.82150103757229],[-96.70805271945575,40.821505096318454],[-96.708050128048555,40.821509151095754],[-96.708047526440041,40.821513201730696],[-96.708044914318137,40.821517248049815],[-96.708042291370816,40.821521289879726],[-96.708039657286037,40.821525327046871],[-96.708037011751742,40.821529359377962],[-96.708034354455918,40.821533386699429],[-96.708031685086496,40.821537408837813],[-96.708029003331433,40.821541425619735],[-96.708026308878701,40.821545436871709],[-96.708023601416244,40.821549442420256],[-96.708020880632034,40.821553442091961],[-96.708018146214016,40.821557435713366],[-96.708015397850161,40.821561423111007],[-96.708012635228414,40.821565404111418],[-96.708009858036732,40.821569378541227],[-96.708007065963074,40.821573346226891],[-96.708004258695397,40.821577306995032],[-96.708001435921659,40.821581260672154],[-96.707998597329819,40.821585207084802],[-96.707995742607821,40.821589146059537],[-96.707992871443651,40.821593077422925],[-96.707989983525238,40.821597001001464],[-96.707987078540555,40.821600916621776],[-96.707984805107117,40.821603959162353],[-96.707984156034755,40.821604824076253],[-96.707981212016833,40.821608722359898],[-96.707978245258758,40.82161261124913],[-96.707975256390881,40.821616490982919],[-96.707972246043582,40.821620361800271],[-96.707969214847239,40.821624223940226],[-96.707966163432246,40.821628077641741],[-96.707963092428955,40.821631923143855],[-96.707960002467757,40.821635760685581],[-96.707956894179048,40.821639590505853],[-96.707953768193178,40.821643412843727],[-96.707950625140541,40.821647227938229],[-96.707947465651529,40.821651036028292],[-96.707944290356522,40.821654837352966],[-96.707941099885858,40.82165863215122],[-96.707937894869957,40.821662420662108],[-96.7079346759392,40.821666203124607],[-96.70793144372395,40.821669979777695],[-96.707928198854589,40.821673750860398],[-96.707924941961508,40.821677516611722],[-96.707921673675088,40.821681277270656],[-96.707918394625679,40.821685033076228],[-96.707915105443703,40.821688784267401],[-96.707911806759526,40.821692531083222],[-96.707908499203512,40.821696273762647],[-96.707905183406069,40.821700012544738],[-96.707901859997563,40.821703747668451],[-96.707898529608372,40.821707479372826],[-96.707895192868889,40.821711207896811],[-96.707891850409482,40.821714933479484],[-96.707888502860527,40.821718656359785],[-96.707885150852434,40.821722376776755],[-96.707881795015567,40.821726094969378],[-96.707878435980305,40.821729811176702],[-96.707875074377029,40.821733525637619],[-96.70787171083613,40.821737238591261],[-96.707868345987976,40.821740950276563],[-96.707864980462972,40.821744660932566],[-96.707861614891456,40.821748370798232],[-96.707858249903865,40.821752080112624],[-96.707854886130562,40.821755789114654],[-96.707851524201914,40.82175949804342],[-96.707848164748313,40.821763207137877],[-96.707845330238342,40.821766339601865],[-96.707844808210893,40.821766916556449],[-96.707841445290299,40.821770622319129],[-96.707838070827378,40.821774322238554],[-96.707834685211921,40.821778016495834],[-96.707831288833688,40.821781705272066],[-96.707827882082469,40.821785388748431],[-96.707824465348054,40.821789067106018],[-96.707821039020203,40.821792740526007],[-96.707817603488706,40.821796409189524],[-96.707814159143354,40.82180007327765],[-96.707810706373905,40.821803732971553],[-96.707807245570137,40.821807388452363],[-96.707803777121853,40.821811039901178],[-96.707800301418814,40.821814687499185],[-96.707796818850809,40.821818331427473],[-96.707793329807615,40.82182197186718],[-96.707789834679019,40.821825608999433],[-96.707786333854784,40.821829243005368],[-96.707782827724714,40.821832874066118],[-96.707779316678554,40.821836502362835],[-96.707775801106123,40.821840128076609],[-96.707772281397169,40.821843751388577],[-96.707768757941494,40.821847372479908],[-96.70776523112886,40.821850991531697],[-96.707761701349085,40.821854608725097],[-96.707758168991901,40.821858224241197],[-96.707754634447113,40.821861838261171],[-96.707751098104509,40.821865450966179],[-96.707748770713806,40.821867827174678],[-96.707747561657555,40.821869063538678],[-96.707744040376113,40.821872687683367],[-96.707740535530533,40.821876324549578],[-96.707737043262611,40.821879971370016],[-96.707733559714129,40.821883625377367],[-96.707730081026867,40.821887283804273],[-96.707726603342564,40.821890943883517],[-96.707723122803031,40.821894602847721],[-96.707719635550021,40.821898257929639],[-96.707716137725328,40.82190190636198],[-96.707712625470705,40.821905545377348],[-96.707709094927949,40.821909172208528],[-96.707705542238827,40.821912784088184],[-96.707701963545091,40.821916378248993],[-96.707698354988551,40.821919951923711],[-96.707694712710946,40.821923502344937],[-96.707691032854086,40.821927026745449],[-96.70768731155971,40.821930522357889],[-96.707683544969598,40.821933986414955],[-96.707679729225546,40.821937416149389],[-96.707675860469308,40.821940808793791],[-96.707671934842665,40.821944161580944],[-96.707670986652374,40.821944957626165],[-96.707667959015282,40.821947484937617],[-96.707663954936422,40.821950806276696],[-96.707659921690862,40.821954122372254],[-96.707655857340001,40.821957428676036],[-96.707651759945293,40.821960720639673],[-96.707647627568164,40.821963993714903],[-96.70764345827007,40.821967243353399],[-96.707639250112464,40.821970465006899],[-96.70763500115676,40.821973654127021],[-96.707630709464411,40.82197680616553],[-96.707626373096858,40.821979916574101],[-96.707621990115541,40.821982980804385],[-96.707617558581902,40.821985994308136],[-96.707613076557422,40.821988952537033],[-96.7076085421035,40.82199185094273],[-96.70760395328162,40.821994684976957],[-96.70759930815322,40.821997450091388],[-96.707594604779743,40.822000141737711],[-96.707589841222671,40.822002755367656],[-96.707587838172913,40.822003820278795],[-96.707584993908824,40.822005264452137],[-96.707579979512374,40.822007584503133],[-96.707574815500408,40.822009737079057],[-96.707569531285429,40.822011756065251],[-96.707564156279986,40.822013675347101],[-96.707558719896554,40.822015528809906],[-96.707553251547651,40.822017350339109],[-96.70754778064574,40.822019173820003],[-96.707542336603339,40.82202103313805],[-96.707536948832882,40.8220229621786],[-96.707531646746872,40.822024994827039],[-96.707528829574585,40.822026147478205],[-96.707526449911853,40.822027154109584],[-96.707521305592948,40.822029382238405],[-96.707516196162331,40.822031658347221],[-96.70751111585129,40.822033974502695],[-96.707506058891113,40.822036322771474],[-96.707501019513089,40.822038695220144],[-96.707495991948534,40.82204108391543],[-96.70749097042868,40.822043480923931],[-96.707485949184871,40.822045878312309],[-96.707480922448397,40.822048268147157],[-96.707475884450531,40.822050642495199],[-96.707471832633004,40.822052529858915]]}},{"type":"Feature","properties":{"name":"north10th_rightmost_3"},"geometry":{"type":"LineString","coordinates":[[-96.708169877529201,40.819278822217491],[-96.708171032650114,40.819283238060002],[-96.708172189564834,40.819287653637282],[-96.708173347973045,40.819292068993718],[-96.708174507574356,40.819296484173769],[-96.708175668068463,40.819300899221801],[-96.708176829155008,40.819305314182252],[-96.708177990533642,40.81930972909953],[-96.708179151904019,40.819314144018023],[-96.708180312965794,40.819318558982161],[-96.708181473418648,40.819322974036339],[-96.708182632962206,40.819327389225009],[-96.708183791296136,40.819331804592522],[-96.708184948120092,40.819336220183338],[-96.708186103133741,40.819340636041836],[-96.708187256036709,40.819345052212427],[-96.708188406528677,40.819349468739546],[-96.708189554309286,40.819353885667603],[-96.708190699078202,40.819358303040957],[-96.708191840535079,40.819362720904088],[-96.708192978379557,40.819367139301384],[-96.708194017410278,40.819371187806603],[-96.70819411232803,40.819371558274838],[-96.708195244862495,40.819375977472269],[-96.708196377851507,40.819380396626784],[-96.708197511195962,40.819384815751441],[-96.708198644796767,40.819389234859074],[-96.708199778554828,40.819393653962685],[-96.708200912371069,40.81939807307522],[-96.708202046146383,40.819402492209548],[-96.708203179781663,40.819406911378707],[-96.708204313177831,40.819411330595578],[-96.708205446235795,40.81941574987313],[-96.708206578856462,40.819420169224259],[-96.708207710940727,40.819424588661938],[-96.708208842389496,40.819429008199094],[-96.708209973103678,40.819433427848679],[-96.70821110298418,40.819437847623618],[-96.70821223193191,40.819442267536886],[-96.708213359847761,40.819446687601399],[-96.70821448663267,40.819451107830069],[-96.708215612187502,40.819455528235871],[-96.708216736413192,40.819459948831756],[-96.708217859210635,40.819464369630637],[-96.708218980480751,40.819468790645445],[-96.708220100124421,40.819473211889154],[-96.708221218042567,40.819477633374682],[-96.708222334136096,40.819482055114996],[-96.708223448305887,40.819486477122979],[-96.708224560452877,40.819490899411619],[-96.708225670477972,40.819495321993848],[-96.708226778282054,40.819499744882592],[-96.708227883766043,40.819504168090816],[-96.708228986830846,40.81950859163144],[-96.708230087377373,40.819513015517394],[-96.708231185306502,40.819517439761661],[-96.708232280519169,40.81952186437713],[-96.708233372916254,40.819526289376775],[-96.708234462398693,40.819530714773528],[-96.708235548867378,40.819535140580335],[-96.708236632223191,40.8195395668101],[-96.70823771236708,40.819543993475797],[-96.70823878919991,40.819548420590387],[-96.708239862622605,40.819552848166765],[-96.708240932536071,40.819557276217886],[-96.708241998841203,40.81956170475668],[-96.708243061438935,40.819566133796123],[-96.708244120230134,40.819570563349124],[-96.708244979381561,40.819574170126536],[-96.708245175185738,40.819574993421192],[-96.708246228831115,40.81957942374477],[-96.7082472823502,40.819583854191976],[-96.708248335575632,40.819588284778192],[-96.708249388340093,40.819592715518858],[-96.708250440476249,40.819597146429402],[-96.708251491816796,40.819601577525155],[-96.708252542194387,40.819606008821609],[-96.708253591441675,40.819610440334131],[-96.70825463939137,40.819614872078169],[-96.708255685876111,40.819619304069072],[-96.708256730728579,40.819623736322228],[-96.708257773781455,40.81962816885315],[-96.708258814867406,40.819632601677142],[-96.708259853819087,40.819637034809702],[-96.708260890469205,40.819641468266184],[-96.708261924650401,40.819645902062007],[-96.708262956195341,40.81965033621259],[-96.708263984936707,40.819654770733294],[-96.70826501070718,40.819659205639596],[-96.708266033339427,40.819663640946857],[-96.708267052666116,40.819668076670503],[-96.708268068519899,40.81967251282596],[-96.708269080733473,40.81967694942859],[-96.708270089139489,40.819681386493826],[-96.708271093570644,40.819685824037101],[-96.708272093859577,40.819690262073813],[-96.708273089838983,40.819694700619351],[-96.708274081341528,40.819699139689106],[-96.708275068199868,40.819703579298519],[-96.708276050246681,40.819708019463],[-96.708277027314651,40.819712460197962],[-96.708277999236429,40.819716901518774],[-96.708278965844684,40.819721343440875],[-96.708279926972111,40.819725785979671],[-96.708280882451348,40.819730229150558],[-96.708281832115105,40.819734672968977],[-96.708282775796008,40.819739117450283],[-96.70828371332675,40.819743562609958],[-96.708284644540001,40.819748008463314],[-96.708285569268426,40.819752455025856],[-96.708286487344694,40.819756902312939],[-96.708287398601485,40.819761350339995],[-96.708288302871466,40.819765799122393],[-96.708289199987306,40.819770248675582],[-96.708290089781656,40.819774699014957],[-96.708290576934814,40.819777151825278],[-96.708290972351648,40.819779150147099],[-96.708291849547933,40.81978360201316],[-96.708292721755612,40.819788054591392],[-96.708293588969468,40.819792507872052],[-96.708294451184287,40.81979696184537],[-96.708295308394909,40.819801416501612],[-96.70829616059612,40.819805871831036],[-96.708297007782733,40.819810327823888],[-96.70829784994956,40.819814784470445],[-96.7082986870914,40.819819241760932],[-96.708299519203052,40.819823699685621],[-96.708300346279316,40.819828158234778],[-96.708301168315018,40.819832617398632],[-96.708301985304956,40.819837077167477],[-96.708302797243917,40.819841537531509],[-96.708303604126726,40.819845998481028],[-96.708304405948184,40.8198504600063],[-96.708305202703116,40.819854922097534],[-96.708305994386293,40.819859384745016],[-96.70830678099253,40.81986384793899],[-96.708307562516637,40.819868311669723],[-96.708308338953415,40.819872775927472],[-96.708309110297705,40.819877240702439],[-96.708309876544249,40.81988170598494],[-96.708310637687887,40.819886171765248],[-96.708311393723449,40.819890638033527],[-96.708312144645689,40.819895104780137],[-96.708312890449449,40.819899571995272],[-96.708313631129514,40.819904039669161],[-96.70831436668071,40.819908507792121],[-96.708315097097824,40.819912976354388],[-96.708315822375667,40.819917445346206],[-96.708316542509039,40.819921914757821],[-96.708317257492766,40.81992638457951],[-96.708317967321619,40.819930854801534],[-96.70831867199044,40.819935325414122],[-96.708319371494014,40.819939796407525],[-96.708320065827152,40.819944267772037],[-96.708320754984655,40.819948739497882],[-96.70832143896132,40.819953211575331],[-96.708322117751976,40.819957683994616],[-96.708322791351421,40.819962156746008],[-96.708323459754439,40.81996662981976],[-96.708324122955858,40.819971103206143],[-96.708324780950477,40.819975576895388],[-96.708325433733108,40.819980050877767],[-96.708325445652008,40.819980132902863],[-96.7083260807361,40.819984525315768],[-96.708326721407374,40.819989000382144],[-96.708327355829667,40.819993476063118],[-96.708327984086011,40.819997952344785],[-96.708328606259357,40.820002429213268],[-96.708329222432738,40.820006906654747],[-96.708329832689117,40.820011384655274],[-96.708330437111471,40.820015863201093],[-96.708331035782791,40.820020342278248],[-96.708331628786084,40.820024821872899],[-96.70833221620434,40.820029301971175],[-96.708332798120523,40.8200337825592],[-96.708333374617652,40.82003826362314],[-96.708333945778691,40.820042745149081],[-96.708334511686644,40.820047227123148],[-96.708335072424489,40.820051709531562],[-96.708335628075204,40.820056192360362],[-96.708336178721822,40.820060675595684],[-96.708336724447278,40.820065159223702],[-96.708337265334592,40.820069643230539],[-96.708337801466755,40.820074127602311],[-96.708338332926743,40.820078612325183],[-96.70833885979755,40.820083097385236],[-96.708339382162166,40.820087582768636],[-96.708339900103581,40.820092068461477],[-96.708340413704761,40.820096554449947],[-96.708340923048738,40.820101040720168],[-96.708341428218461,40.820105527258207],[-96.70834192929695,40.820110014050265],[-96.708342426367182,40.820114501082493],[-96.708342919512134,40.820118988340916],[-96.708343408814812,40.820123475811769],[-96.708343894358194,40.82012796348112],[-96.70834437622527,40.820132451335148],[-96.708344854499046,40.820136939359955],[-96.708345329262499,40.820141427541685],[-96.708345800598607,40.820145915866469],[-96.708346268590375,40.82015040432043],[-96.708346733320781,40.820154892889704],[-96.708347194872815,40.820159381560394],[-96.708347653329483,40.820163870318687],[-96.708348108773762,40.820168359150699],[-96.708348561288645,40.820172848042539],[-96.708349010957107,40.820177336980358],[-96.708349457862155,40.820181825950279],[-96.708349585533142,40.82018311335932],[-96.708349902425326,40.82018631500484],[-96.708350345540666,40.820190804319253],[-96.708350787090183,40.820195293900859],[-96.708351226897605,40.82019978374646],[-96.708351664786662,40.820204273852809],[-96.708352100581067,40.82020876421668],[-96.708352534104549,40.820213254834805],[-96.708352965180836,40.82021774570395],[-96.708353393633629,40.820222236820896],[-96.708353819286685,40.820226728182419],[-96.70835424196369,40.820231219785242],[-96.7083546614884,40.820235711626161],[-96.70835507768453,40.820240203701928],[-96.70835549037578,40.820244696009304],[-96.708355899385907,40.820249188545063],[-96.708356304538611,40.820253681305942],[-96.708356705657621,40.82025817428876],[-96.70835710256668,40.820262667490198],[-96.708357495089459,40.820267160907093],[-96.708357883049743,40.820271654536143],[-96.708358266271205,40.82027614837417],[-96.708358644577601,40.820280642417913],[-96.708359017792631,40.820285136664111],[-96.708359385740025,40.820289631109581],[-96.708359748243524,40.820294125751055],[-96.708360105126815,40.820298620585305],[-96.70836045621364,40.820303115609043],[-96.708360801327743,40.8203076108191],[-96.708361140292794,40.820312106212221],[-96.70836147293258,40.820316601785152],[-96.708361799070758,40.820321097534666],[-96.708362118531099,40.820325593457525],[-96.708362431137289,40.820330089550531],[-96.708362736713084,40.820334585810372],[-96.708363035082186,40.820339082233872],[-96.708363326068309,40.820343578817734],[-96.708363609495208,40.82034807555879],[-96.708363885186571,40.820352572453771],[-96.708364152966141,40.820357069499401],[-96.708364412657616,40.820361566692533],[-96.708364664084741,40.820366064029862],[-96.708364907071243,40.820370561508163],[-96.708365141440808,40.820375059124217],[-96.708365367017194,40.820379556874755],[-96.708365583624115,40.820384054756566],[-96.708365678787231,40.820386093194614],[-96.70836579187484,40.820388552825705],[-96.708365995542792,40.820393051367489],[-96.70836619499471,40.82039755039991],[-96.708366390055005,40.820402049899648],[-96.708366580548102,40.820406549843348],[-96.708366766298397,40.820411050207589],[-96.708366947130315,40.820415550969031],[-96.708367122868268,40.820420052104318],[-96.70836729333665,40.82042455359003],[-96.708367458359902,40.820429055402862],[-96.70836761776242,40.820433557519372],[-96.7083677713686,40.820438059916263],[-96.708367919002882,40.820442562570122],[-96.70836806048969,40.820447065457586],[-96.708368195653392,40.820451568555342],[-96.708368324318442,40.820456071839935],[-96.708368446309223,40.820460575288024],[-96.708368561450158,40.820465078876239],[-96.708368669565658,40.820469582581232],[-96.708368770480149,40.820474086379633],[-96.708368864018027,40.820478590248058],[-96.708368950003717,40.820483094163137],[-96.708369028261615,40.820487598101508],[-96.708369098616146,40.820492102039786],[-96.708369160891706,40.820496605954609],[-96.708369214912736,40.820501109822615],[-96.708369260503616,40.82050561362044],[-96.708369297488787,40.820510117324694],[-96.70836932569263,40.820514620912043],[-96.70836934493957,40.820519124359066],[-96.708369355054032,40.820523627642402],[-96.708369355860412,40.820528130738758],[-96.708369347183137,40.820532633624687],[-96.708369328846601,40.820537136276847],[-96.708369300675216,40.820541638671827],[-96.708369262493406,40.82054614078632],[-96.708369214125568,40.82055064259692],[-96.708369155396127,40.820555144080302],[-96.708369086129494,40.820559645213038],[-96.708369006150079,40.820564145971765],[-96.708368915282279,40.82056864633315],[-96.708368813350518,40.820573146273816],[-96.708368700179207,40.820577645770364],[-96.708368575592758,40.820582144799438],[-96.70836843941558,40.820586643337705],[-96.708368360996246,40.820589072408779],[-96.708368292408892,40.820591141528389],[-96.708368140939612,40.82059564050644],[-96.70836798589626,40.820600140422556],[-96.708367826864574,40.820604641194791],[-96.70836766343028,40.820609142741255],[-96.708367495179132,40.820613644980085],[-96.708367321696883,40.820618147829371],[-96.708367142569259,40.820622651207266],[-96.708366957381998,40.820627155031801],[-96.708366765720854,40.820631659221156],[-96.708366567171581,40.820636163693415],[-96.708366361319889,40.820640668366686],[-96.708366147751534,40.820645173159093],[-96.708365926052252,40.82064967798869],[-96.708365695807771,40.820654182773666],[-96.708365456603872,40.820658687432093],[-96.708365208026265,40.820663191882083],[-96.708364949660691,40.820667696041731],[-96.708364681092888,40.820672199829168],[-96.708364401908625,40.820676703162476],[-96.708364111693612,40.820681205959822],[-96.708363810033589,40.820685708139251],[-96.708363496514309,40.82069020961891],[-96.708363170721526,40.820694710316893],[-96.708362832240937,40.820699210151318],[-96.708362480658309,40.820703709040288],[-96.708362115559382,40.820708206901926],[-96.708361736529895,40.820712703654316],[-96.708361343155588,40.820717199215593],[-96.708360935022185,40.82072169350382],[-96.708360511715441,40.820726186437206],[-96.70836007282108,40.82073067793376],[-96.708359617924856,40.820735167911643],[-96.708359146612509,40.820739656288922],[-96.708358658469763,40.820744142983756],[-96.708358153082372,40.820748627914213],[-96.708357630036062,40.820753110998432],[-96.708357088916571,40.820757592154507],[-96.70835652930964,40.820762071300585],[-96.708355950801021,40.820766548354726],[-96.708355352976426,40.820771023235039],[-96.708354735421608,40.820775495859635],[-96.708354097722307,40.820779966146695],[-96.708353439464247,40.820784434014207],[-96.708352760233197,40.820788899380396],[-96.708352267742157,40.820792051001789],[-96.708352059806586,40.820793362259053],[-96.708351341065168,40.820797824142225],[-96.708350605205823,40.820802285518241],[-96.70834985236398,40.820806746323939],[-96.708349082675127,40.820811206496337],[-96.708348296274693,40.820815665972432],[-96.708347493298163,40.82082012468917],[-96.708346673880996,40.820824582583498],[-96.70834583815865,40.820829039592404],[-96.708344986266582,40.820833495652842],[-96.708344118340264,40.820837950701787],[-96.708343234515155,40.820842404676192],[-96.708342334926712,40.820846857513054],[-96.708341419710379,40.820851309149312],[-96.708340489001642,40.820855759521962],[-96.708339542935974,40.820860208567936],[-96.708338581648803,40.820864656224209],[-96.708337605275617,40.820869102427743],[-96.708336613951872,40.820873547115546],[-96.708335607813012,40.820877990224524],[-96.708334586994525,40.820882431691693],[-96.708333551631853,40.820886871454007],[-96.708332501860468,40.82089130944842],[-96.708331437815829,40.820895745611921],[-96.708330359633393,40.820900179881448],[-96.708329267448647,40.820904612193978],[-96.708328161397006,40.820909042486484],[-96.708327041613984,40.820913470695942],[-96.708325908234997,40.820917896759283],[-96.708324761395545,40.820922320613519],[-96.708323601231072,40.82092674219561],[-96.708322427877036,40.820931161442466],[-96.708321241468923,40.820935578291135],[-96.708320042142162,40.820939992678532],[-96.70831883003224,40.820944404541642],[-96.708317605274601,40.820948813817438],[-96.708316368004731,40.820953220442853],[-96.708315118358072,40.820957624354868],[-96.708313856470099,40.820962025490502],[-96.708312582476267,40.820966423786665],[-96.708311296512051,40.82097081918031],[-96.708309998712892,40.820975211608456],[-96.708308689214263,40.820979601008055],[-96.708307368151651,40.820983987316012],[-96.70830603566047,40.820988370469379],[-96.708304691876236,40.820992750405118],[-96.708303987979889,40.820995028973641],[-96.708303336722082,40.820997127303734],[-96.708301968901438,40.821001502688254],[-96.708300588174936,40.821005876775743],[-96.708299194547493,40.821010249495856],[-96.708297788024026,40.821014620778293],[-96.708296368609467,40.821018990552751],[-96.708294936308718,40.821023358748839],[-96.708293491126739,40.82102772529624],[-96.708292033068403,40.821032090124696],[-96.708290562138657,40.821036453163806],[-96.708289078342418,40.821040814343228],[-96.708287581684615,40.821045173592672],[-96.708286072170182,40.821049530841805],[-96.708284549803992,40.821053886020294],[-96.708283014591018,40.821058239057805],[-96.70828146653615,40.821062589884015],[-96.708279905644332,40.821066938428579],[-96.708278331920468,40.821071284621191],[-96.708276745369488,40.82107562839149],[-96.708275145996325,40.821079969669192],[-96.70827353380588,40.821084308383881],[-96.708271908803084,40.821088644465334],[-96.708270270992855,40.821092977843151],[-96.708268620380125,40.821097308447044],[-96.708266956969808,40.82110163620667],[-96.708265280766824,40.821105961051693],[-96.708263591776102,40.821110282911754],[-96.708261890002547,40.821114601716594],[-96.708260175451116,40.821118917395815],[-96.708258448126685,40.821123229879149],[-96.708256708034227,40.821127539096189],[-96.708254955178617,40.821131844976662],[-96.7082531895648,40.821136147450233],[-96.708251411197708,40.82114044644657],[-96.708249620082228,40.821144741895331],[-96.708247816223306,40.821149033726186],[-96.708245999625873,40.821153321868834],[-96.708244170294847,40.821157606252903],[-96.70824232823513,40.821161886808127],[-96.708240473451653,40.821166163464063],[-96.708238605949347,40.82117043615051],[-96.70823672573313,40.821174704797045],[-96.708234832807932,40.821178969333403],[-96.708232927178656,40.821183229689218],[-96.708231008850234,40.821187485794169],[-96.708229077827582,40.821191737577927],[-96.708227134115646,40.821195984970146],[-96.708226203918457,40.821198006324359],[-96.708225177108289,40.821200227970287],[-96.708223203586272,40.821204466934077],[-96.708221213334596,40.821208701960153],[-96.708219206654817,40.821212933093925],[-96.708217183848461,40.821217160380762],[-96.708215145217082,40.821221383866046],[-96.708213091062234,40.821225603595138],[-96.708211021685415,40.82122981961345],[-96.708208937388221,40.821234031966299],[-96.708206838472151,40.82123824069911],[-96.708204725238787,40.82124244585723],[-96.708202597989654,40.82124664748607],[-96.708200457026294,40.821250845630942],[-96.708198302650231,40.821255040337299],[-96.70819613516305,40.821259231650465],[-96.708193954866246,40.821263419615818],[-96.708191762061404,40.821267604278738],[-96.708189557050062,40.821271785684637],[-96.708187340133748,40.821275963878826],[-96.708185111614,40.821280138906744],[-96.708182871792374,40.821284310813738],[-96.708180620970424,40.821288479645162],[-96.708178359449676,40.82129264544642],[-96.708176087531669,40.821296808262886],[-96.708173805517973,40.821300968139916],[-96.708171513710113,40.821305125122933],[-96.708169212409629,40.821309279257243],[-96.708166901918077,40.821313430588276],[-96.708164582537009,40.821317579161388],[-96.708162254567938,40.821321725021953],[-96.708159918312447,40.821325868215354],[-96.708157574072047,40.82133000878698],[-96.708155222148307,40.821334146782178],[-96.708152862842752,40.821338282246323],[-96.708150496456938,40.821342415224798],[-96.708148123292418,40.821346545763035],[-96.708145743650718,40.821350673906302],[-96.708143357833379,40.821354799700075],[-96.708140966141983,40.821358923189685],[-96.708138568878041,40.821363044420501],[-96.708136166343095,40.821367163437927],[-96.708133758838713,40.821371280287295],[-96.708131346666434,40.82137539501403],[-96.708128930127785,40.821379507663472],[-96.708126509524334,40.821383618281033],[-96.708124085157621,40.821387726912036],[-96.708121657329187,40.821391833601922],[-96.708119226340571,40.821395938396023],[-96.708116792493328,40.821400041339722],[-96.708116233348846,40.821400983053941],[-96.708114356203836,40.821404143127239],[-96.708111917715016,40.821408245169508],[-96.708109476730442,40.82141234735262],[-96.708107032938045,40.821416449503097],[-96.708104586025783,40.821420551447524],[-96.708102135681642,40.821424653012421],[-96.708099681593552,40.821428754024375],[-96.708097223449471,40.821432854309919],[-96.708094760937371,40.821436953695596],[-96.708092293745224,40.821441052007962],[-96.708089821560947,40.821445149073568],[-96.708087344072553,40.821449244718949],[-96.708084860967958,40.82145333877066],[-96.70808237193512,40.821457431055251],[-96.708079876662026,40.821461521399314],[-96.708077374836606,40.821465609629335],[-96.708074866146845,40.821469695571885],[-96.708072350280688,40.821473779053555],[-96.708069826926078,40.821477859900845],[-96.708067295770974,40.82148193794032],[-96.708064756503376,40.82148601299852],[-96.708062208811199,40.821490084901995],[-96.708059652382417,40.82149415347736],[-96.708057086904986,40.821498218551049],[-96.708054512066852,40.821502279949669],[-96.708051927555999,40.821506337499798],[-96.708049333060359,40.821510391027928],[-96.708046728267902,40.82151444036068],[-96.708044112866574,40.821518485324546],[-96.708041486544346,40.821522525746076],[-96.708038848989176,40.821526561451854],[-96.708036199889023,40.821530592268374],[-96.708033538931829,40.82153461802227],[-96.708030865805569,40.821538638539998],[-96.708028180198184,40.82154265364818],[-96.708025481797648,40.821546663173343],[-96.708022770291905,40.821550666942002],[-96.708020045368912,40.821554664780741],[-96.708017306716641,40.821558656516132],[-96.708014554023038,40.821562641974666],[-96.708011786976058,40.8215666209829],[-96.708009005263662,40.821570593367419],[-96.708006208573792,40.821574558954779],[-96.708003396594435,40.821578517571488],[-96.708000569013535,40.821582469044088],[-96.70799772551905,40.821586413199192],[-96.707994865798909,40.821590349863293],[-96.707991989541114,40.82159427886296],[-96.707989096433607,40.821598200024717],[-96.707986186164334,40.821602113175146],[-96.707984805107117,40.821603959162353],[-96.707983257624875,40.821606017953336],[-96.70798030658159,40.821609913336943],[-96.707977332991035,40.821613799399238],[-96.707974337483577,40.821617676379233],[-96.70797132068958,40.82162154451597],[-96.707968283239438,40.821625404048405],[-96.707965225763544,40.821629255215541],[-96.70796214889225,40.82163309825642],[-96.707959053255948,40.821636933410005],[-96.707955939485004,40.821640760915336],[-96.707952808209811,40.82164458101137],[-96.707949660060763,40.821648393937139],[-96.70794649566821,40.821652199931634],[-96.707943315662547,40.821655999233862],[-96.707940120674166,40.821659792082841],[-96.70793691133342,40.821663578717526],[-96.7079336882707,40.821667359376995],[-96.707930452116386,40.821671134300175],[-96.707927203500859,40.82167490372612],[-96.70792394305451,40.821678667893792],[-96.707920671407692,40.821682427042205],[-96.707917389190825,40.821686181410421],[-96.707914097034262,40.821689931237394],[-96.707910795568381,40.821693676762116],[-96.70790748542359,40.821697418223593],[-96.70790416723024,40.821701155860822],[-96.707900841618724,40.821704889912859],[-96.707897509219421,40.821708620618665],[-96.707894170662726,40.821712348217247],[-96.707890826578989,40.821716072947609],[-96.707887477598618,40.821719795048779],[-96.707884124351992,40.821723514759697],[-96.70788076746949,40.821727232319439],[-96.707877407581478,40.821730947966998],[-96.707874045318363,40.821734661941328],[-96.70787068131051,40.821738374481491],[-96.707867316188313,40.82174208582645],[-96.707863950582137,40.821745796215218],[-96.70786058512239,40.821749505886814],[-96.707857220439408,40.821753215080236],[-96.707853857163627,40.821756924034503],[-96.707850495925399,40.821760632988571],[-96.707847137355117,40.821764342181481],[-96.707845330238342,40.821766339601865],[-96.707843780414393,40.821768051142051],[-96.707840413920493,40.821771755097458],[-96.707837036003539,40.82177545326504],[-96.707833647053306,40.821779145825907],[-96.707830247459583,40.821782832961176],[-96.707826837612131,40.821786514851965],[-96.707823417900755,40.821790191679455],[-96.707819988715229,40.821793863624713],[-96.70781655044533,40.821797530868963],[-96.707813103480831,40.821801193593238],[-96.707809648211509,40.821804851978705],[-96.707806185027167,40.821808506206494],[-96.707802714317552,40.821812156457746],[-96.707799236472468,40.821815802913591],[-96.70779575188169,40.821819445755125],[-96.70779226093498,40.82182308516353],[-96.707788764022141,40.821826721319901],[-96.707785261532948,40.821830354405407],[-96.707781753857176,40.821833984601142],[-96.707778241384602,40.821837612088231],[-96.707774724505015,40.821841237047842],[-96.707771203608203,40.821844859661056],[-96.707767679083915,40.821848480109068],[-96.707764151321953,40.821852098572975],[-96.707760620712108,40.821855715233866],[-96.70775708764414,40.821859330272922],[-96.707753552507825,40.821862943871317],[-96.707750015692966,40.82186655621009],[-96.707748770713806,40.821867827174678],[-96.707746482177569,40.821870171001329],[-96.707742966335118,40.821873799332636],[-96.707739465747949,40.82187743953866],[-96.707735976557828,40.821881088852102],[-96.707732494906537,40.821884744505681],[-96.707729016935843,40.821888403732011],[-96.707725538787514,40.821892063763897],[-96.707722056603359,40.821895721833982],[-96.707718566525102,40.821899375174958],[-96.707715064694568,40.821903021019573],[-96.707711547253496,40.821906656600454],[-96.707708010343666,40.821910279150323],[-96.707704450106874,40.821913885901914],[-96.70770086268486,40.821917474087847],[-96.707697244219432,40.821921040940893],[-96.707693590852344,40.821924583693693],[-96.707689898725377,40.821928099578962],[-96.707686163980284,40.821931585829354],[-96.707682382758875,40.821935039677633],[-96.707678551202889,40.821938458356449],[-96.707674665454107,40.821941839098464],[-96.707670986652374,40.821944957626165],[-96.707670721734317,40.821945179238803],[-96.707666736757716,40.821948501543311],[-96.707662723959757,40.821951821760841],[-96.707658681401881,40.82195513534306],[-96.707654607145528,40.821958437741706],[-96.707650499252125,40.82196172440851],[-96.707646355783126,40.821964990795095],[-96.707642174799958,40.821968232353207],[-96.70763795436406,40.821971444534505],[-96.707633692536888,40.821974622790691],[-96.707629387379853,40.821977762573496],[-96.70762503695444,40.821980859334566],[-96.707620639322087,40.821983908525631],[-96.707616192544222,40.821986905598337],[-96.707611694682285,40.821989846004428],[-96.707607143797759,40.821992725195543],[-96.707602537952042,40.82199553862344],[-96.707597875206631,40.821998281739752],[-96.707593153622966,40.822000949996209],[-96.707588371262489,40.822003538844477],[-96.707587838172913,40.822003820278795],[-96.707583483465584,40.822006002668651],[-96.707578439518883,40.822008293903458],[-96.707573263448893,40.82201043945232],[-96.707567979998188,40.822012466920398],[-96.707562613909303,40.822014403912739],[-96.707557189924827,40.822016278034482],[-96.70755173278728,40.822018116890789],[-96.707546267239223,40.822019948086698],[-96.707540818023162,40.822021799227379],[-96.707535409881643,40.82202369791797],[-96.707530067557201,40.822025671763647],[-96.707528829574585,40.822026147478205],[-96.707524787894556,40.82202771756905],[-96.707519517720641,40.822029776588884],[-96.707514253775656,40.822031844886808],[-96.707508995169462,40.82203392113702],[-96.707503741011976,40.822036004013718],[-96.707498490413073,40.822038092191114],[-96.707493242482656,40.822040184343393],[-96.707487996330599,40.822042279144775],[-96.70748275106682,40.822044375269449],[-96.70747750580118,40.822046471391623],[-96.707472259643609,40.822048566185458],[-96.707467011703969,40.822050658325182],[-96.707461761092162,40.822052746484992],[-96.707459762692508,40.822053539571208]]}},{"type":"Feature","properties":{"name":"antelope_leftmost_through_1"},"geometry":{"type":"LineString","coordinates":[[-96.692610047757597,40.820815703150302],[-96.692607194960914,40.820811755701669],[-96.692604312175746,40.820807818471984],[-96.692601403592775,40.820803890033275],[-96.692598473402654,40.820799968957473],[-96.692595525795994,40.820796053816636],[-96.692592564963462,40.820792143182707],[-96.692589595095725,40.820788235627674],[-96.692586620383381,40.820784329723494],[-96.692583645017123,40.820780424042276],[-96.692580673187578,40.820776517155863],[-96.692577709085384,40.820772607636314],[-96.692574756901195,40.820768694055673],[-96.692571820825634,40.820764774985832],[-96.692568905049356,40.820760848998823],[-96.692566013763013,40.820756914666639],[-96.692563151157216,40.820752970561308],[-96.692560321422633,40.820749015254748],[-96.692557528749887,40.820745047319036],[-96.692554777329619,40.820741065326089],[-96.692552071352452,40.820737067847958],[-96.692549415009054,40.820733053456571],[-96.692546812490022,40.820729020723995],[-96.692544267986008,40.820724968222173],[-96.692541785687652,40.820720894523156],[-96.692540645599365,40.820718978779844],[-96.692539366076801,40.820716799382396],[-96.692536991410748,40.820712688440878],[-96.692534657394816,40.820708563149459],[-96.692532362400513,40.820704424114709],[-96.69253010479936,40.820700271943181],[-96.692527882962864,40.82069610724146],[-96.692525695262518,40.820691930616086],[-96.692523540069871,40.820687742673627],[-96.692521415756389,40.820683544020632],[-96.69251932069362,40.820679335263691],[-96.69251725325303,40.820675117009301],[-96.692515211806182,40.82067088986409],[-96.692513194724555,40.820666654434625],[-96.692511200379656,40.820662411327383],[-96.692509227143034,40.820658161148998],[-96.69250727338617,40.820653904506003],[-96.692505337480583,40.820649642004959],[-96.692503417797809,40.820645374252443],[-96.692501512709327,40.820641101854996],[-96.692499620586673,40.820636825419157],[-96.692497739801368,40.820632545551511],[-96.69249586872489,40.820628262858634],[-96.69249400572879,40.820623977947079],[-96.692492149184588,40.820619691423353],[-96.692490297463763,40.820615403894081],[-96.692488448937866,40.820611115965768],[-96.692486601978402,40.820606828245019],[-96.692484754956894,40.820602541338339],[-96.692482906244862,40.820598255852353],[-96.692481054213786,40.820593972393567],[-96.692479197235244,40.820589691568586],[-96.692477333680714,40.820585413983899],[-96.692475461921717,40.820581140246126],[-96.692473590373993,40.820576893673447],[-96.692473580330017,40.820576870961716],[-96.692471696165214,40.820572603249929],[-96.692469817613159,40.820568333903012],[-96.692467944705854,40.820564062930195],[-96.692466077475217,40.820559790340909],[-96.692464215953237,40.820555516144417],[-96.692462360171859,40.820551240350014],[-96.692460510163059,40.8205469629671],[-96.692458665958796,40.820542684004963],[-96.692456827591016,40.820538403472895],[-96.692454995091694,40.820534121380248],[-96.692453168492804,40.820529837736366],[-96.692451347826292,40.820525552550528],[-96.692449533124105,40.820521265832078],[-96.692447724418244,40.820516977590351],[-96.692445921740628,40.820512687834672],[-96.692444125123259,40.82050839657429],[-96.692442334598056,40.820504103818607],[-96.69244055019702,40.820499809576951],[-96.692438771952098,40.82049551385861],[-96.692436999895236,40.82049121667292],[-96.692435234058422,40.820486918029182],[-96.692433474473589,40.82048261793674],[-96.692431721172724,40.82047831640493],[-96.692429974187775,40.820474013443047],[-96.692428233550714,40.820469709060426],[-96.692426499293475,40.820465403266404],[-96.69242477144806,40.820461096070261],[-96.692423050046401,40.820456787481348],[-96.692421335120471,40.820452477509001],[-96.692419626702232,40.820448166162542],[-96.692417924823644,40.820443853451259],[-96.692416229516667,40.820439539384488],[-96.69241454081326,40.820435223971579],[-96.692412858745385,40.820430907221848],[-96.692411183345001,40.820426589144581],[-96.692409514644083,40.820422269749145],[-96.692407852674577,40.820417949044852],[-96.692406535148621,40.820414510321982],[-96.692406197354146,40.820413627051877],[-96.692404545156165,40.820409304114008],[-96.692402894635393,40.820404980365225],[-96.692401246109867,40.820400655769781],[-96.69239959989757,40.820396330291914],[-96.692397956316526,40.82039200389584],[-96.692396315684746,40.820387676545842],[-96.692394678320241,40.820383348206136],[-96.692393044541021,40.82037901884096],[-96.692391414665082,40.820374688414596],[-96.692389789010448,40.820370356891239],[-96.692388167895132,40.820366024235199],[-96.692386551637114,40.820361690410635],[-96.692384940554433,40.82035735538183],[-96.692383334965086,40.82035301911305],[-96.692381735187098,40.820348681568518],[-96.69238014153845,40.820344342712438],[-96.692378554337168,40.820340002509106],[-96.692376973901276,40.820335660922744],[-96.692375400548741,40.820331317917635],[-96.692373834597618,40.820326973457966],[-96.692372276365887,40.820322627508006],[-96.692370726171561,40.820318280032005],[-96.692369184332648,40.820313930994175],[-96.69236765116716,40.820309580358803],[-96.692366126993107,40.820305228090085],[-96.6923646121285,40.820300874152323],[-96.692363106891335,40.8202965185097],[-96.692361611599637,40.820292161126503],[-96.692360126571387,40.820287801966977],[-96.692358652124625,40.820283440995318],[-96.692357188577333,40.820279078175773],[-96.692355736247535,40.820274713472678],[-96.692354295453228,40.820270346850151],[-96.692352866512437,40.820265978272559],[-96.692351449743143,40.820261607704026],[-96.692350045463371,40.82025723510889],[-96.692348653991118,40.820252860451291],[-96.692347275644408,40.820248483695593],[-96.692345910741238,40.820244104805965],[-96.692344559599618,40.820239723746695],[-96.692343222537531,40.820235340481972],[-96.692342162132263,40.820231828576439],[-96.692341899716595,40.820230954979088],[-96.692340586239339,40.820226567316702],[-96.692339279844276,40.820222177560701],[-96.692337980793326,40.820217785734485],[-96.692336689348409,40.820213391861415],[-96.692335405771445,40.820208995964947],[-96.692334130324312,40.820204598068543],[-96.692332863268973,40.820200198195536],[-96.69233160486732,40.820195796369354],[-96.692330355381273,40.820191392613438],[-96.692329115072738,40.820186986951207],[-96.692327884203635,40.820182579406051],[-96.692326663035871,40.820178170001419],[-96.69232545183138,40.82017375876071],[-96.692324250852053,40.820169345707342],[-96.692323060359826,40.820164930864692],[-96.692321880616618,40.82016051425623],[-96.692320711884307,40.82015609590534],[-96.692319554424841,40.820151675835426],[-96.692318408500128,40.820147254069965],[-96.692317274372058,40.820142830632292],[-96.692316152302581,40.820138405545876],[-96.692315042553574,40.820133978834122],[-96.692313945386999,40.820129550520434],[-96.692312861064721,40.820125120628234],[-96.692311789848674,40.820120689180897],[-96.692310732000777,40.820116256201906],[-96.692309687782938,40.820111821714676],[-96.692308657457076,40.820107385742538],[-96.692307641285083,40.820102948308978],[-96.692306639528894,40.820098509437408],[-96.692305652450429,40.820094069151224],[-96.69230468031158,40.820089627473841],[-96.69230372337428,40.820085184428677],[-96.692302781900423,40.82008074003916],[-96.692301856151914,40.820076294328679],[-96.692300946390702,40.820071847320669],[-96.692300052878679,40.82006739903855],[-96.69229917587775,40.820062949505711],[-96.692298315649836,40.820058498745595],[-96.692297472456872,40.820054046781607],[-96.69229664656072,40.820049593637172],[-96.69229656457901,40.820049146327747],[-96.692295840187768,40.820045138719763],[-96.6922950559306,40.820040681193198],[-96.692294293186663,40.820036221138018],[-96.692293551327424,40.820031758642443],[-96.692292829724337,40.820027293794837],[-96.692292127748857,40.820022826683463],[-96.692291444772479,40.820018357396613],[-96.69229078016663,40.820013886022565],[-96.692290133302791,40.820009412649675],[-96.692289503552416,40.820004937366171],[-96.69228889028696,40.820000460260388],[-96.692288292877919,40.819995981420611],[-96.692287710696732,40.819991500935132],[-96.692287143114854,40.819987018892206],[-96.692286589503766,40.819982535380198],[-96.692286049234937,40.819978050487357],[-96.692285521679807,40.819973564301996],[-96.692285006209843,40.819969076912386],[-96.692284502196543,40.819964588406847],[-96.692284009011345,40.819960098873644],[-96.692283526025705,40.819955608401074],[-96.692283052611089,40.819951117077494],[-96.692282588138994,40.819946624991104],[-96.692282131980846,40.819942132230274],[-96.692281683508142,40.819937638883268],[-96.692281242092321,40.819933145038384],[-96.692280807104851,40.819928650783886],[-96.692280377917228,40.819924156208103],[-96.692279953900879,40.819919661399311],[-96.692279534427314,40.819915166445838],[-96.692279118867958,40.819910671435963],[-96.69227870659428,40.819906176457927],[-96.692278296977776,40.819901681600093],[-96.692277889389885,40.81989718695074],[-96.692277483202091,40.819892692598124],[-96.69227707778586,40.819888198630572],[-96.692276672512648,40.81988370513637],[-96.692276266753936,40.819879212203816],[-96.692275859881164,40.819874719921209],[-96.692275451265829,40.819870228376843],[-96.692275106906891,40.819866463575927],[-96.692275040381887,40.819865737641692],[-96.692274631729404,40.819861246945649],[-96.692274228001281,40.819856755842864],[-96.692273829209213,40.819852264343226],[-96.692273435364939,40.819847772456619],[-96.692273046480167,40.819843280193005],[-96.692272662566609,40.819838787562183],[-96.692272283635972,40.819834294574136],[-96.692271909699983,40.819829801238697],[-96.692271540770363,40.819825307565843],[-96.692271176858824,40.8198208135654],[-96.692270817977075,40.819816319247316],[-96.692270464136826,40.819811824621432],[-96.692270115349814,40.819807329697674],[-96.692269771627736,40.819802834485976],[-96.692269432982314,40.819798338996179],[-96.69226909942526,40.819793843238209],[-96.692268770968283,40.819789347221977],[-96.692268447623121,40.819784850957369],[-96.692268129401484,40.819780354454224],[-96.692267816315081,40.819775857722554],[-96.692267508375608,40.819771360772179],[-96.692267205594803,40.81976686361299],[-96.69226690798439,40.819762366254977],[-96.692266615556065,40.81975786870791],[-96.692266328321551,40.819753370981744],[-96.692266046292559,40.819748873086397],[-96.692265769480827,40.819744375031775],[-96.69226549789802,40.819739876827711],[-96.692265231555922,40.819735378484147],[-96.692264970466184,40.819730880010994],[-96.692264714640572,40.819726381418114],[-96.692264464090769,40.819721882715449],[-96.692264218828498,40.819717383912852],[-96.692263978865483,40.819712885020238],[-96.69226374421342,40.819708386047495],[-96.692263514884047,40.819703887004536],[-96.692263290889073,40.819699387901267],[-96.692263072240209,40.81969488874757],[-96.692262858949178,40.819690389553358],[-96.692262651027676,40.8196858903285],[-96.692262448487455,40.819681391082909],[-96.692262251340196,40.819676891826497],[-96.692262059597624,40.819672392569153],[-96.692261873271448,40.819667893320755],[-96.692261695861816,40.819663482150503],[-96.692261692372881,40.819663394091151],[-96.692261515484233,40.819658894688772],[-96.692261341405455,40.819654394941189],[-96.692261170312094,40.819649894864462],[-96.692261002379738,40.819645394474627],[-96.692260837783948,40.819640893787685],[-96.692260676700329,40.819636392819703],[-96.69226051930444,40.819631891586731],[-96.692260365771844,40.819627390104777],[-96.692260216278157,40.819622888389873],[-96.692260070998927,40.819618386458096],[-96.692259930109756,40.819613884325449],[-96.692259793786221,40.819609382007975],[-96.692259662203867,40.819604879521734],[-96.692259535538284,40.819600376882732],[-96.69225941396509,40.81959587410703],[-96.692259297659803,40.81959137121067],[-96.692259186798054,40.819586868209647],[-96.692259081555378,40.819582365120034],[-96.692258982107376,40.819577861957868],[-96.69225888862961,40.819573358739177],[-96.692258801297669,40.81956885548],[-96.692258720287157,40.819564352196366],[-96.692258645773592,40.819559848904312],[-96.692258577932606,40.819555345619918],[-96.692258516939731,40.819550842359185],[-96.692258462970571,40.819546339138135],[-96.692258416200701,40.819541835972828],[-96.692258376805711,40.819537332879293],[-96.692258344961147,40.819532829873566],[-96.692258320842598,40.819528326971714],[-96.692258304625653,40.819523824189744],[-96.692258296485889,40.819519321543673],[-96.692258296598865,40.819514819049573],[-96.692258305140172,40.819510316723509],[-96.692258322285369,40.819505814581433],[-96.692258348210046,40.819501312639446],[-96.692258383089793,40.819496810913563],[-96.692258427100171,40.81949230941985],[-96.692258480416768,40.819487808174308],[-96.692258543215146,40.819483307192989],[-96.692258615670866,40.819478806491944],[-96.692258697959559,40.819474306087173],[-96.692258790256744,40.81946980599475],[-96.692258892738039,40.819465306230711],[-96.69225900557899,40.819460806811058],[-96.692259013652802,40.819460500103915],[-96.692259132817981,40.819456307740928],[-96.692259279045558,40.819451809002928],[-96.692259443495999,40.819447310581957],[-96.692259625382135,40.819442812463052],[-96.6922598239168,40.819438314631256],[-96.692260038312853,40.819433817071449],[-96.692260267783126,40.819429319768766],[-96.692260511540468,40.819424822708129],[-96.692260768797723,40.81942032587461],[-96.692261038767711,40.819415829253153],[-96.692261320663292,40.819411332828778],[-96.692261613697312,40.81940683658646],[-96.692261917082618,40.819402340511253],[-96.692262230032043,40.819397844588131],[-96.692262551758432,40.819393348802116],[-96.692262881474633,40.819388853138207],[-96.692263218393492,40.819384357581377],[-96.692263561727856,40.819379862116641],[-96.692263910690556,40.819375366729041],[-96.692264264494455,40.819370871403514],[-96.692264622352383,40.819366376125124],[-96.692264983477187,40.819361880878844],[-96.692265347081715,40.819357385649674],[-96.692265712378827,40.819352890422628],[-96.692266078581355,40.819348395182708],[-96.692266444902145,40.819343899914919],[-96.692266810554031,40.819339404604236],[-96.692267174749887,40.819334909235721],[-96.692267536702545,40.819330413794326],[-96.692267895624852,40.819325918265093],[-96.692268250729654,40.819321422632946],[-96.692268601229813,40.819316926882991],[-96.692268946338146,40.819312431000171],[-96.692269285267528,40.819307934969494],[-96.692269617230806,40.819303438775989],[-96.692269941440827,40.81929894240465],[-96.692270257110422,40.819294445840463],[-96.692270563452453,40.819289949068427],[-96.692270859679766,40.819285452073565],[-96.692271145005222,40.819280954840877],[-96.692271418641653,40.819276457355357],[-96.69227167980192,40.819271959602034],[-96.692271927698869,40.819267461565886],[-96.692272161545347,40.819262963231886],[-96.692272380554215,40.819258464585111],[-96.692272424697876,40.819257517436171],[-96.692272582874722,40.819253965471255],[-96.69227276642475,40.81924946561],[-96.692272932162012,40.819244965036845],[-96.692273081133379,40.819240463797541],[-96.692273214385708,40.819235961937906],[-96.692273332965868,40.819231459503783],[-96.692273437920747,40.81922695654093],[-96.692273530297214,40.819222453095151],[-96.692273611142113,40.819217949212252],[-96.692273681502343,40.81921344493805],[-96.69227374242476,40.819208940318354],[-96.692273794956236,40.819204435398909],[-96.692273840143642,40.819199930225587],[-96.692273879033849,40.819195424844153],[-96.692273912673713,40.819190919300404],[-96.69227394211012,40.819186413640146],[-96.692273968389912,40.819181907909218],[-96.69227399255999,40.819177402153372],[-96.692274015667209,40.819172896418422],[-96.692274038758413,40.819168390750214],[-96.692274062880514,40.819163885194477],[-96.692274089080342,40.819159379797036],[-96.692274118404768,40.819154874603726],[-96.692274151900676,40.819150369660321],[-96.69227419061491,40.819145865012644],[-96.69227423559434,40.819141360706496],[-96.692274287885851,40.819136856787644],[-96.692274348536273,40.819132353301903],[-96.692274418592504,40.819127850295118],[-96.692274499101387,40.819123347812997],[-96.692274591109822,40.819118845901436],[-96.692274695664622,40.81911434460622],[-96.692274813812674,40.819109843973109],[-96.692274946600847,40.819105344047941],[-96.692275095075999,40.819100844876473],[-96.692275260284973,40.819096346504573],[-96.692275443274667,40.819091848977962],[-96.692275645091925,40.819087352342528],[-96.692275866783589,40.819082856644037],[-96.692276109396573,40.819078361928241],[-96.692276373977691,40.819073868241027],[-96.692276661573814,40.819069375628146],[-96.692276973231813,40.819064884135408],[-96.692277309998545,40.819060393808599],[-96.692277672920866,40.81905590469357],[-96.692277789115906,40.819054534147305],[-96.692278059254633,40.819051416485415],[-96.692278458345342,40.819046928197153],[-96.69227886945454,40.81904243981139],[-96.692279292559803,40.819037951378533],[-96.692279727638663,40.819033462949108],[-96.69228017466871,40.819028974573484],[-96.692280633627462,40.819024486302105],[-96.69228110449248,40.819019998185439],[-96.692281587241325,40.819015510273886],[-96.692282081851531,40.819011022617907],[-96.692282588300657,40.819006535267931],[-96.692283106566265,40.81900204827442],[-96.692283636625888,40.81899756168778],[-96.692284178457115,40.818993075558438],[-96.69228473203745,40.818988589936872],[-96.692285297344483,40.8189841048735],[-96.692285874355733,40.818979620418766],[-96.692286463048788,40.818975136623095],[-96.692287063401167,40.818970653536937],[-96.692287675390446,40.818966171210739],[-96.692288298994157,40.818961689694909],[-96.692288934189861,40.818957209039915],[-96.692289580955133,40.818952729296164],[-96.692290239267479,40.818948250514104],[-96.6922909091045,40.818943772744227],[-96.692291590443702,40.818939296036902],[-96.69229228326266,40.818934820442564],[-96.692292987538949,40.818930346011712],[-96.692293703250058,40.818925872794757],[-96.692294430373622,40.818921400842079],[-96.692295168887114,40.818916930204203],[-96.692295918768139,40.818912460931529],[-96.692296679994229,40.818907993074497],[-96.692297452542931,40.818903526683528],[-96.692298236391807,40.818899061809091],[-96.692299031518417,40.818894598501579],[-96.692299837900293,40.81889013681149],[-96.692300655515012,40.818885676789222],[-96.692301484340092,40.81888121848521],[-96.692302324353122,40.81887676194993],[-96.69230317553162,40.818872307233754],[-96.692304037853162,40.818867854387179],[-96.692304911295295,40.818863403460625],[-96.692305795835566,40.818858954504535],[-96.692306691451535,40.818854507569327],[-96.69230729341507,40.818851550237305],[-96.69230759822679,40.81885006263844],[-96.69230851748037,40.818845618890656],[-96.692309449525695,40.81884117608984],[-96.692310394250654,40.81883673426298],[-96.692311351543154,40.818832293436962],[-96.692312321291055,40.818827853638787],[-96.69231330338225,40.818823414895363],[-96.692314297704613,40.818818977233605],[-96.692315304146021,40.818814540680528],[-96.692316322594394,40.818810105262983],[-96.692317352937565,40.818805671007972],[-96.692318395063467,40.818801237942395],[-96.692319448859948,40.818796806093218],[-96.692320514214927,40.818792375487412],[-96.692321591016238,40.818787946151843],[-96.6923226791518,40.81878351811352],[-96.692323778509518,40.818779091399328],[-96.692324888977211,40.818774666036262],[-96.692326010442812,40.818770242051194],[-96.692327142794213,40.818765819471153],[-96.69232828591926,40.818761398323034],[-96.692329439705858,40.818756978633729],[-96.692330604041885,40.818752560430227],[-96.692331778815245,40.818748143739498],[-96.692332963913799,40.818743728588423],[-96.692334159225439,40.818739315003974],[-96.692335364638055,40.818734903013109],[-96.692336580039509,40.818730492642715],[-96.692337805317706,40.818726083919778],[-96.692339040360523,40.818721676871242],[-96.692340285055877,40.818717271524008],[-96.69234153929159,40.818712867905056],[-96.692342802955579,40.818708466041294],[-96.69234407593575,40.818704065959686],[-96.692345358119965,40.818699667687127],[-96.692346649396086,40.818695271250668],[-96.692347949652046,40.818690876677103],[-96.692349258775707,40.818686483993474],[-96.692350576654945,40.818682093226684],[-96.692351903177652,40.818677704403711],[-96.692353238231703,40.818673317551465],[-96.692354581705018,40.818668932696831],[-96.69235593348543,40.81866454986686],[-96.692357293460873,40.818660169088432],[-96.692358661519194,40.818655790388476],[-96.692360037548283,40.818651413793987],[-96.692360937595367,40.818648565706155],[-96.692361421193311,40.818647039168013],[-96.692362809585859,40.818642664616988],[-96.692364202205908,40.818638289707195],[-96.692365599411389,40.818633914583394],[-96.692367001560186,40.818629539390301],[-96.692368409010257,40.81862516427266],[-96.692369822119488,40.818620789375231],[-96.692371241245823,40.81861641484273],[-96.692372666747161,40.818612040819914],[-96.692374098981446,40.818607667451509],[-96.692375538306564,40.818603294882244],[-96.692376985080458,40.818598923256822],[-96.692378439661042,40.81859455272005],[-96.69237990240623,40.818590183416653],[-96.692381373673939,40.818585815491332],[-96.692382853822082,40.818581449088803],[-96.692384343208602,40.818577084353876],[-96.692385842191385,40.818572721431252],[-96.69238735112836,40.81856836046564],[-96.692388870377457,40.818564001601814],[-96.692390400296588,40.818559644984504],[-96.692391941243656,40.818555290758439],[-96.692393493576603,40.818550939068352],[-96.692395057653329,40.818546590058986],[-96.692396633831734,40.818542243875086],[-96.692398222469777,40.818537900661369],[-96.692399823925342,40.818533560562599],[-96.692401438556374,40.818529223723495],[-96.692403066720772,40.818524890288757],[-96.692404708776451,40.818520560403201],[-96.692406365081325,40.818516234211486],[-96.692408035993338,40.818511911858387],[-96.692409721870376,40.818507593488654],[-96.692411423070368,40.818503279247018],[-96.692413139951228,40.818498969278181],[-96.692414872870884,40.818494663726916],[-96.692416622187238,40.818490362737933],[-96.692418388258204,40.818486066455968],[-96.692420171441725,40.818481775025759],[-96.692421972095687,40.818477488592073],[-96.692423790578019,40.818473207299633],[-96.692425627246621,40.818468931293168],[-96.692427482459436,40.818464660717382],[-96.69242935657438,40.818460395717061],[-96.692431249949351,40.818456136436915],[-96.692433162942251,40.818451883021694],[-96.692435095911037,40.818447635616124],[-96.692436039447784,40.818445580553863],[-96.692437048638453,40.818443393935773],[-96.692439018055154,40.818439155667903],[-96.69244100355084,40.818434920485593],[-96.692443005003966,40.818430688436798],[-96.692445022292887,40.818426459569508],[-96.692447055296086,40.818422233931628],[-96.692449103891946,40.818418011571183],[-96.692451167958907,40.818413792536063],[-96.692453247375383,40.818409576874267],[-96.692455342019798,40.818405364633762],[-96.692457451770565,40.818401155862475],[-96.69245957650611,40.818396950608381],[-96.692461716104859,40.818392748919464],[-96.692463870445238,40.81838855084365],[-96.692466039405645,40.818384356428901],[-96.69246822286452,40.818380165723177],[-96.692470420700303,40.818375978774469],[-96.692472632791379,40.818371795630668],[-96.692474859016187,40.818367616339827],[-96.692477099253139,40.818363440949845],[-96.692479353380676,40.81835926950869],[-96.69248162127721,40.818355102064338],[-96.692483902821152,40.818350938664679],[-96.692486197890943,40.818346779357768],[-96.692488506364995,40.818342624191516],[-96.692490828121734,40.818338473213892],[-96.692493163039572,40.818334326472858],[-96.692495510996935,40.818330184016361],[-96.692497871872249,40.818326045892377],[-96.69250024554394,40.818321912148832],[-96.692502631890434,40.818317782833752],[-96.692505030790116,40.81831365799502],[-96.692507442121453,40.818309537680655],[-96.692509865762858,40.818305421938575],[-96.692512301592743,40.818301310816764],[-96.692514749489519,40.818297204363155],[-96.692517209331655,40.818293102625745],[-96.692519680997506,40.818289005652481],[-96.692522164365556,40.818284913491304],[-96.692524659314188,40.818280826190176],[-96.692527165721842,40.818276743797071],[-96.692529683466944,40.818272666359967],[-96.692532212427906,40.818268593926781],[-96.692534752483141,40.818264526545512],[-96.692537303511088,40.818260464264078],[-96.692539865390188,40.81825640713047],[-96.692542437998839,40.818252355192605],[-96.692545021215452,40.818248308498525],[-96.692547614918468,40.818244267096105],[-96.69254869222641,40.818242594780429],[-96.692550220093494,40.818240231084431],[-96.692552841336038,40.818236200679323],[-96.692555478904893,40.818232175831561],[-96.692558132500253,40.81822815646278],[-96.692560801822381,40.818224142494536],[-96.692563486571487,40.818220133848477],[-96.692566186447792,40.818216130446238],[-96.692568901151517,40.818212132209354],[-96.692571630382929,40.818208139059479],[-96.69257437384222,40.81820415091822],[-96.692577131229655,40.81820016770719],[-96.692579902245413,40.818196189347965],[-96.692582686589745,40.818192215762181],[-96.692585483962873,40.818188246871451],[-96.692588294065061,40.818184282597379],[-96.692591116596489,40.818180322861586],[-96.692593951257408,40.818176367585622],[-96.692596797748052,40.818172416691176],[-96.692599655768632,40.818168470099799],[-96.692602525019396,40.818164527733131],[-96.692605405200567,40.818160589512772],[-96.692608296012352,40.81815665536034],[-96.692611197155017,40.818152725197422],[-96.692614108328755,40.818148798945657],[-96.692617029233816,40.818144876526631],[-96.692619959570436,40.818140957861971],[-96.692622899038824,40.818137042873246],[-96.692625847339215,40.818133131482114],[-96.692628804171846,40.818129223610164],[-96.692631769236939,40.818125319179003],[-96.692634742234731,40.818121418110238],[-96.692637722865442,40.818117520325508],[-96.692640710829295,40.818113625746392],[-96.692643705826541,40.818109734294495],[-96.692646707557401,40.818105845891459],[-96.692649715722098,40.81810196045884],[-96.692652730020868,40.818098077918307],[-96.692655750153932,40.818094198191432],[-96.692658775821528,40.818090321199861],[-96.692661806723876,40.818086446865166],[-96.692664842561229,40.818082575108939],[-96.692667883033778,40.818078705852876],[-96.692670927841803,40.818074839018493],[-96.692673976685498,40.818070974527451],[-96.692677029265099,40.818067112301335],[-96.692680085280841,40.81806325226178],[-96.692683144432962,40.818059394330369],[-96.692686206421669,40.818055538428737],[-96.692689270947199,40.818051684478483],[-96.692692337709801,40.81804783240122],[-96.692695406409698,40.818043982118553],[-96.692698476747111,40.818040133552081],[-96.692698895931244,40.81803960838586],[-96.692701546918144,40.818036284761988],[-96.692704614599904,40.818032432835182],[-96.692707680264007,40.818028578077779],[-96.692710744422129,40.818024720843752],[-96.692713807585974,40.818020861487021],[-96.692716870267262,40.818017000361586],[-96.692719932977624,40.818013137821367],[-96.692722996228824,40.818009274220387],[-96.692726060532507,40.818005409912537],[-96.692729126400366,40.818001545251775],[-96.692732194344103,40.8179976805921],[-96.692735264875424,40.817993816287448],[-96.692738338506004,40.817989952691789],[-96.692741415747548,40.817986090159081],[-96.692744497111747,40.817982229043253],[-96.692747583110275,40.817978369698295],[-96.692750674254839,40.817974512478166],[-96.692753771057127,40.817970657736794],[-96.692756874028845,40.817966805828149],[-96.692759983681668,40.817962957106211],[-96.692763100527301,40.817959111924878],[-96.69276622507742,40.817955270638194],[-96.69276935784373,40.81795143360003],[-96.69277249933792,40.817947601164413],[-96.692775650071681,40.817943773685258],[-96.692778810556717,40.817939951516529],[-96.692781981304705,40.817936135012197],[-96.692785162827334,40.817932324526197],[-96.692788355636296,40.817928520412522],[-96.692791560243307,40.817924723025072],[-96.692794777160032,40.817920932717847],[-96.692798006898158,40.81791714984481],[-96.692801249969406,40.817913374759897],[-96.692804506885452,40.817909607817079],[-96.692807778157984,40.817905849370256],[-96.692811064298709,40.81790209977347],[-96.692814365819274,40.817898359380614],[-96.692817683231439,40.817894628545716],[-96.692821017046839,40.817890907622626],[-96.692824367777192,40.81788719696538],[-96.692827735934202,40.817883496927927],[-96.692831122029517,40.817879807864195],[-96.692834526574856,40.817876130128155],[-96.692837950081909,40.81787246407378],[-96.69284139306238,40.817868810054982],[-96.692844856027932,40.817865168425733],[-96.692848339490268,40.81786153954004],[-96.692851843961108,40.817857923751774],[-96.692855369952099,40.81785432141497],[-96.692858917974959,40.817850732883514],[-96.692862488541365,40.81784715851142],[-96.692866082163022,40.817843598652608],[-96.692869699351604,40.817840053661037],[-96.692873239517226,40.817836621370141],[-96.692873340619641,40.817836523890826],[-96.692877007407944,40.817833009792359],[-96.692880700268574,40.817829511298712],[-96.692884418554627,40.817826028022715],[-96.692888161619095,40.81782255957711],[-96.692891928815015,40.817819105574635],[-96.692895719495425,40.817815665628153],[-96.69289953301336,40.81781223935041],[-96.692903368721844,40.817808826354153],[-96.692907225973926,40.817805426252193],[-96.692911104122629,40.817802038657284],[-96.692915002520991,40.817798663182238],[-96.692918920522033,40.81779529943983],[-96.692922857478791,40.817791947042792],[-96.692926812744304,40.817788605603951],[-96.692930785671621,40.817785274736089],[-96.692934775613736,40.817781954051917],[-96.692938781923729,40.817778643164317],[-96.692942803954608,40.817775341685994],[-96.692946841059396,40.817772049229781],[-96.692950892591142,40.81776876540841],[-96.692954957902884,40.817765489834663],[-96.692959036347645,40.817762222121353],[-96.69296312727846,40.817758961881232],[-96.692967230048382,40.817755708727091],[-96.692971344010402,40.817752462271677],[-96.692975468517602,40.817749222127851],[-96.692979602922975,40.817745987908339],[-96.6929837465796,40.817742759225922],[-96.692987898840457,40.817739535693363],[-96.692992059058625,40.817736316923479],[-96.692996226587127,40.817733102529047],[-96.693000400778971,40.817729892122841],[-96.693004580987221,40.817726685317602],[-96.693008766564901,40.817723481726198],[-96.693012956865047,40.817720280961318],[-96.693017151240682,40.817717082635774],[-96.693021349044855,40.817713886362412],[-96.69302554963059,40.817710691753874],[-96.693029752350938,40.81770749842309],[-96.693033956558907,40.817704305982758],[-96.693038161607532,40.817701114045683],[-96.69304236684988,40.817697922224653],[-96.693046571638973,40.817694730132423],[-96.693050775327805,40.817691537381776],[-96.693054977269469,40.817688343585552],[-96.693059176816959,40.81768514835646],[-96.693063373323341,40.817681951307314],[-96.693067566141607,40.817678752050895],[-96.693071754624825,40.817675550199965],[-96.693075938126015,40.817672345367342],[-96.693080115998214,40.817669137165829],[-96.693084287594459,40.817665925208118],[-96.693088452267801,40.817662709107083],[-96.693092609371234,40.817659488475442],[-96.693096758257838,40.817656262926029],[-96.693100898280605,40.817653032071576],[-96.693105028792601,40.817649795524893],[-96.693109149146849,40.817646552898793],[-96.693113258696386,40.817643303805987],[-96.693117356794232,40.817640047859335],[-96.693121442793426,40.817636784671571],[-96.693125367164612,40.817633633733287],[-96.693125516061428,40.81763351386433],[-96.693129587495065,40.817630242141071],[-96.693133666631141,40.817626975355552],[-96.693137753077252,40.817623713256189],[-96.693141846440909,40.81762045559141],[-96.693145946329679,40.817617202109638],[-96.6931500523511,40.817613952559284],[-96.693154164112741,40.817610706688797],[-96.693158281222168,40.817607464246507],[-96.693162403286891,40.817604224980983],[-96.693166529914478,40.81760098864055],[-96.693170660712482,40.817597754973661],[-96.693174795288456,40.817594523728744],[-96.693178933249953,40.8175912946542],[-96.693183074204526,40.817588067498441],[-96.6931872177597,40.817584842009907],[-96.693191363523056,40.817581617937009],[-96.693195511102132,40.817578395028214],[-96.693199660104497,40.817575173031884],[-96.693203810137675,40.817571951696515],[-96.693207960809232,40.817568730770475],[-96.693212111726723,40.817565510002154],[-96.693216262497671,40.817562289140049],[-96.693220412729659,40.817559067932542],[-96.693224562030238,40.817555846128087],[-96.693228710006949,40.817552623475066],[-96.693232856267329,40.817549399721919],[-96.693237000418947,40.817546174617078],[-96.693241142069354,40.817542947908962],[-96.69324528082609,40.817539719345973],[-96.693249416296723,40.817536488676609],[-96.693253548088791,40.817533255649202],[-96.693257675809846,40.817530020012192],[-96.693261799067443,40.817526781514047],[-96.693265917469134,40.817523539903164],[-96.693270030622458,40.817520294927967],[-96.693274138134996,40.81751704633686],[-96.693278239614258,40.817513793878305],[-96.693282334667842,40.817510537300734],[-96.693286422903242,40.817507276352508],[-96.693290503928068,40.817504010782123],[-96.693294577349832,40.817500740337934],[-96.693298642776114,40.817497464768408],[-96.693302699814424,40.817494183821971],[-96.693306748072359,40.81749089724704],[-96.693310787157444,40.817487604792035],[-96.693314816677244,40.817484306205365],[-96.693318836239285,40.817481001235478],[-96.693322845451149,40.81747768963077],[-96.69332684392036,40.817474371139745],[-96.693330831254499,40.817471045510715],[-96.693334807061106,40.817467712492181],[-96.693338770947705,40.817464371832543],[-96.693342722521891,40.81746102328021],[-96.693346661391189,40.817457666583636],[-96.693350587163152,40.817454301491239],[-96.693354499445348,40.817450927751416],[-96.693358397845316,40.817447545112628],[-96.693362281970607,40.817444153323272],[-96.693366151428776,40.817440752131816],[-96.693370005827376,40.817437341286649],[-96.693373844773944,40.81743392053616],[-96.693377494812012,40.817430645475305],[-96.693377667882302,40.817430489631917],[-96.693381478148737,40.817427050003175],[-96.693385278341438,40.817423603046379],[-96.693389068526045,40.817420148852555],[-96.693392848768198,40.817416687512868],[-96.693396619133495,40.817413219118286],[-96.693400379687588,40.817409743759924],[-96.693404130496106,40.817406261528816],[-96.693407871624657,40.81740277251604],[-96.693411603138898,40.817399276812715],[-96.693415325104425,40.817395774509841],[-96.693419037586892,40.817392265698494],[-96.693422740651926,40.817388750469775],[-96.693426434365136,40.817385228914745],[-96.693430118792165,40.817381701124432],[-96.693433793998651,40.817378167189936],[-96.693437460050205,40.817374627202341],[-96.693441117012455,40.817371081252674],[-96.693444764951039,40.817367529431998],[-96.693448403931583,40.817363971831419],[-96.693452034019728,40.817360408541965],[-96.69345565528107,40.817356839654749],[-96.693459267781265,40.817353265260778],[-96.693462871585936,40.817349685451191],[-96.693466466760725,40.817346100317003],[-96.693470053371215,40.817342509949263],[-96.693473631483087,40.817338914439091],[-96.69347720116194,40.817335313877528],[-96.693480762473413,40.817331708355624],[-96.693484315483133,40.817328097964484],[-96.693487860256724,40.817324482795136],[-96.693491396859827,40.817320862938693],[-96.693494925358053,40.81731723848619],[-96.693498445817042,40.817313609528668],[-96.69350195830242,40.81730997615724],[-96.693505462879813,40.817306338462963],[-96.69350895961486,40.817302696536906],[-96.693512448573173,40.817299050470098],[-96.693515929820393,40.817295400353657],[-96.693519403422158,40.81729174627862],[-96.693522869444067,40.817288088336049],[-96.693526327951787,40.817284426617057],[-96.693529779010916,40.817280761212615],[-96.69353322268708,40.817277092213892],[-96.693536659045947,40.817273419711896],[-96.6935400881531,40.817269743797716],[-96.693543510074193,40.817266064562403],[-96.693546924874866,40.817262382097063],[-96.693550332620717,40.817258696492694],[-96.693553733377385,40.817255007840423],[-96.693557127210511,40.8172513162313],[-96.693560514185705,40.817247621756366],[-96.693563894368609,40.817243924506705],[-96.693567267824847,40.817240224573411],[-96.693570634620073,40.817236522047509],[-96.693573994819872,40.817232817020091],[-96.693577348489896,40.817229109582208],[-96.693578660488143,40.817227656596174],[-96.693580696580312,40.817225399753099],[-96.693584042498131,40.817221687258765],[-96.693587386249391,40.817217971982977],[-96.693590727462023,40.817214253834607],[-96.693594065764032,40.817210532722576],[-96.693597400783332,40.817206808555802],[-96.693600732147871,40.817203081243193],[-96.693604059485651,40.817199350693635],[-96.693607382424588,40.817195616816051],[-96.693610700592657,40.817191879519363],[-96.69361401361779,40.817188138712432],[-96.693617321127959,40.817184394304192],[-96.693620622751141,40.817180646203568],[-96.69362391811525,40.817176894319438],[-96.693627206848277,40.817173138560712],[-96.693630488578137,40.817169378836319],[-96.693633762932834,40.817165615055139],[-96.693637029540284,40.817161847126059],[-96.693640288028476,40.817158074958073],[-96.693643538025341,40.817154298459997],[-96.69364677915884,40.81715051754076],[-96.693650011056945,40.8171467321093],[-96.693653233347604,40.81714294207449],[-96.69365644565876,40.817139147345273],[-96.693659647618375,40.817135347830494],[-96.693662838854422,40.81713154343916],[-96.693666018994833,40.81712773408011],[-96.693669187667581,40.817123919662208],[-96.693672344500612,40.817120100094442],[-96.693675489121901,40.817116275285684],[-96.693678621159393,40.817112445144858],[-96.693681740241047,40.817108609580863],[-96.693684845994795,40.817104768502602],[-96.693687938048654,40.81710092181897],[-96.693691016030513,40.817097069438894],[-96.693694079568374,40.817093211271299],[-96.693697128290182,40.81708934722505],[-96.693700161823884,40.817085477209105],[-96.693703179797453,40.817081601132315],[-96.693706181838834,40.817077718903604],[-96.693709167576003,40.817073830431909],[-96.69371213663689,40.817069935626122],[-96.693715088649483,40.817066034395125],[-96.693718023241729,40.817062126647869],[-96.693720940041558,40.817058212293226],[-96.693723838676974,40.817054291240147],[-96.693726718775892,40.817050363397477],[-96.693729579966302,40.817046428674182],[-96.693732421876135,40.81704248697914],[-96.693735244133393,40.817038538221283],[-96.693738046365993,40.817034582309482],[-96.693740828201911,40.817030619152654],[-96.69374358926909,40.817026648659734],[-96.693744957447052,40.817024667095922],[-96.693746328870148,40.817022670384574],[-96.693749045019715,40.817018682246122],[-96.693751737856573,40.817014684125226],[-96.693754407876611,40.817010676267003],[-96.693757055575659,40.817006658916696],[-96.693759681449606,40.817002632319458],[-96.693762285994339,40.816998596720474],[-96.693764869705703,40.816994552364939],[-96.693767433079586,40.816990499498068],[-96.693769976611833,40.816986438364992],[-96.693772500798332,40.816982369210898],[-96.693775006134956,40.816978292281],[-96.693777493117565,40.816974207820479],[-96.693779962242019,40.816970116074494],[-96.693782414004204,40.816966017288259],[-96.693784848899966,40.816961911706947],[-96.693787267425208,40.816957799575725],[-96.693789670075773,40.816953681139815],[-96.693792057347551,40.81694955664431],[-96.693794429736371,40.816945426334527],[-96.693796787738137,40.816941290455539],[-96.693799131848721,40.816937149252595],[-96.693801462563968,40.816933002970849],[-96.693803780379739,40.816928851855486],[-96.693806085791934,40.816924696151688],[-96.693808379296414,40.816920536104654],[-96.693810661389037,40.816916371959557],[-96.693812932565649,40.816912203961586],[-96.693815193322166,40.816908032355911],[-96.693817444154433,40.816903857387722],[-96.693819685558296,40.816899679302189],[-96.69382191802967,40.816895498344522],[-96.693824142064372,40.816891314759914],[-96.693826358158304,40.81688712879351],[-96.693828566807312,40.816882940690505],[-96.693830768507269,40.816878750696056],[-96.693832963754062,40.816874559055428],[-96.693835153043537,40.816870366013724],[-96.693837336871567,40.816866171816152],[-96.693839515734027,40.816861976707884],[-96.69384169012676,40.816857780934114],[-96.693843860545655,40.816853584740045],[-96.693846027486558,40.816849388370841],[-96.693848191445369,40.816845192071661],[-96.69385035291792,40.816840996087734],[-96.693852512400099,40.816836800664191],[-96.693854670387765,40.816832606046262],[-96.693856827376777,40.816828412479119],[-96.693858983863024,40.81682422020792],[-96.693860292434707,40.816821676974527],[-96.693861140267217,40.816820029230165],[-96.693863296054801,40.816815837326367],[-96.693865450636039,40.816811643867815],[-96.693867603540909,40.816807448797178],[-96.693869754299371,40.816803252057177],[-96.69387190244143,40.816799053590479],[-96.693874047497005,40.816794853339815],[-96.693876188996086,40.816790651247864],[-96.693878326468635,40.81678644725735],[-96.693880459444642,40.816782241310953],[-96.693882587454056,40.816778033351383],[-96.69388471002685,40.816773823321348],[-96.693886826692989,40.816769611163537],[-96.693888936982461,40.816765396820657],[-96.693891040425214,40.816761180235432],[-96.693893136551225,40.816756961350528],[-96.693895224890468,40.816752740108647],[-96.693897304972893,40.816748516452499],[-96.693899376328517,40.81674429032477],[-96.693901438487259,40.816740061668199],[-96.69390349097911,40.816735830425458],[-96.693905533334046,40.816731596539256],[-96.693907565082029,40.816727359952289],[-96.693909585753033,40.816723120607264],[-96.693911594877022,40.816718878446899],[-96.693913591983986,40.816714633413895],[-96.693915576603885,40.816710385450889],[-96.693917548266654,40.816706134500663],[-96.693919506502326,40.816701880505875],[-96.693921450840833,40.81669762340924],[-96.693923380812151,40.816693363153455],[-96.693925295946272,40.816689099681213],[-96.693927195773156,40.816684832935252],[-96.693929079822752,40.81668056285821],[-96.693930947625063,40.816676289392845],[-96.693932798710037,40.81667201248186],[-96.693934632607665,40.816667732067877],[-96.693936448847921,40.816663448093699],[-96.693938246960755,40.816659160501999],[-96.69394002647617,40.816654869235457],[-96.6939417869241,40.81665057423676],[-96.693943527834563,40.81664627544864],[-96.693945248737478,40.816641972813812],[-96.693946949162864,40.816637666274943],[-96.693948628640669,40.816633355774748],[-96.693950286700883,40.81662904125595],[-96.693951922873467,40.816624722661196],[-96.693953536688397,40.816620399933257],[-96.693954169750214,40.816618686231998],[-96.693955128061276,40.816616072796975],[-96.693956698425524,40.816611740392986],[-96.693958248249032,40.816607402754236],[-96.693959777854417,40.81660306001249],[-96.693961287564321,40.816598712299431],[-96.693962777701358,40.816594359746759],[-96.693964248588159,40.81659000248618],[-96.693965700547324,40.816585640649429],[-96.693967133901509,40.816581274368239],[-96.693968548973317,40.816576903774241],[-96.69396994608536,40.816572528999217],[-96.693971325560298,40.816568150174824],[-96.693972687720716,40.81656376743279],[-96.693974032889258,40.81655938090482],[-96.693975361388539,40.816554990722643],[-96.693976673541172,40.816550597017937],[-96.693977969669803,40.816546199922442],[-96.693979250097058,40.816541799567844],[-96.693980515145526,40.816537396085856],[-96.693981765137849,40.816532989608199],[-96.693983000396656,40.816528580266557],[-96.693984221244548,40.816524168192622],[-96.693985428004183,40.816519753518158],[-96.693986620998146,40.816515336374877],[-96.693987800549095,40.816510916894451],[-96.693988966979603,40.81650649520855],[-96.693990120612355,40.816502071448994],[-96.693991261769909,40.816497645747404],[-96.693992390774937,40.816493218235486],[-96.693993507950012,40.816488789044989],[-96.693994613617818,40.816484358307598],[-96.693995708100928,40.816479926155026],[-96.693996791721986,40.816475492718986],[-96.693997864803606,40.816471058131206],[-96.693998927668403,40.81646662252335],[-96.693999980639006,40.816462186027138],[-96.69400102403803,40.816457748774297],[-96.694002058188104,40.816453310896549],[-96.694003083411857,40.816448872525534],[-96.69400410003189,40.816444433793045],[-96.694005108370831,40.816439994830745],[-96.69400610875131,40.816435555770319],[-96.694007101495941,40.81643111674353],[-96.694008086927354,40.816426677882028],[-96.694009065368149,40.81642223931761],[-96.69401003714097,40.816417801181913],[-96.694010496139526,40.816415694868326],[-96.694011001103874,40.81641336318657],[-96.694011949642899,40.816408923156736],[-96.694012881924536,40.816404480817255],[-96.69401379831217,40.816400036233553],[-96.694014699169202,40.816395589470879],[-96.694015584859031,40.816391140594554],[-96.694016455745043,40.816386689669912],[-96.694017312190653,40.816382236762223],[-96.694018154559231,40.816377781936872],[-96.694018983214207,40.8163733252591],[-96.694019798518937,40.816368866794264],[-96.694020600836865,40.816364406607661],[-96.694021390531333,40.816359944764599],[-96.694022167965784,40.81635548133044],[-96.694022933503575,40.816351016370469],[-96.694023687508135,40.816346549949969],[-96.694024430342836,40.81634208213427],[-96.694025162371091,40.816337612988725],[-96.694025883956257,40.816333142578586],[-96.694026595461779,40.816328670969206],[-96.694027297251026,40.816324198225878],[-96.694027989687399,40.816319724413965],[-96.694028673134284,40.816315249598738],[-96.69402934795508,40.816310773845501],[-96.694030014513203,40.816306297219604],[-96.694030673172009,40.816301819786325],[-96.694031324294912,40.816297341610998],[-96.694031968245312,40.816292862758957],[-96.694032605386596,40.816288383295458],[-96.694033236082149,40.816283903285857],[-96.694033860695399,40.816279422795461],[-96.694034479589689,40.816274941889581],[-96.694035093128463,40.816270460633547],[-96.694035701675077,40.816265979092655],[-96.694036305592945,40.816261497332214],[-96.694036905245454,40.816257015417541],[-96.694037500996004,40.816252533413973],[-96.694038093207965,40.816248051386793],[-96.694038682244752,40.816243569401308],[-96.69403926846978,40.816239087522867],[-96.694039852246391,40.816234605816774],[-96.694040433938014,40.816230124348316],[-96.69404101390802,40.816225643182847],[-96.694041592519824,40.816221162385645],[-96.694042170136811,40.816216682022038],[-96.694042682647705,40.816212702883547],[-96.694042747112846,40.816212202149273],[-96.694043322730636,40.816207722048063],[-96.694043896041947,40.816203241231023],[-96.694044466591095,40.816198759714034],[-96.69404503392245,40.816194277512977],[-96.694045597580384,40.816189794643712],[-96.694046157109227,40.816185311122119],[-96.694046712053321,40.816180826964057],[-96.694047261957039,40.816176342185408],[-96.694047806364736,40.816171856802058],[-96.694048344820743,40.81616737082981],[-96.694048876869445,40.816162884284637],[-96.694049402055157,40.816158397182335],[-96.694049919922264,40.816153909538798],[-96.694050430015125,40.816149421369914],[-96.694050931878067,40.816144932691529],[-96.694051425055463,40.816140443519522],[-96.694051909091655,40.816135953869761],[-96.694052383531002,40.816131463758161],[-96.69405284791786,40.816126973200525],[-96.694053301796572,40.816122482212755],[-96.69405374471151,40.816117990810746],[-96.694054176207018,40.816113499010342],[-96.694054595827453,40.816109006827404],[-96.694055003117185,40.816104514277853],[-96.694055397620531,40.816100021377494],[-96.694055778881889,40.816095528142263],[-96.69405614644559,40.816091034587991],[-96.694056499856003,40.816086540730538],[-96.694056838657445,40.816082046585827],[-96.69405716239433,40.816077552169688],[-96.694057470610986,40.816073057498002],[-96.694057762851756,40.816068562586672],[-96.694058038661012,40.816064067451521],[-96.694058297583098,40.816059572108429],[-96.694058539162398,40.816055076573292],[-96.694058762943229,40.816050580861962],[-96.694058775901794,40.816050308848467],[-96.694058955633054,40.816046084483389],[-96.694059103277453,40.816041586870035],[-96.69405920966868,40.816037088125213],[-96.694059278654805,40.816032588354503],[-96.694059314083958,40.816028087663497],[-96.694059319804239,40.816023586157648],[-96.694059299663749,40.81601908394255],[-96.694059257510588,40.81601458112371],[-96.694059197192857,40.816010077806688],[-96.694059122558656,40.816005574097055],[-96.694059037456086,40.816001070100278],[-96.694058945733232,40.815996565921886],[-96.694058851238196,40.815992061667529],[-96.694058757819093,40.815987557442661],[-96.694058669323979,40.815983053352824],[-96.694058589600985,40.815978549503569],[-96.694058522498167,40.815974046000434],[-96.694058471863642,40.815969542948956],[-96.694058441545479,40.815965040454699],[-96.694058440625696,40.815964813761006]]}},{"type":"Feature","properties":{"name":"antelope_leftmost_through_2"},"geometry":{"type":"LineString","coordinates":[[-96.692603006959004,40.820806258104092],[-96.692600161878119,40.820802307343641],[-96.692597284400691,40.820798367596574],[-96.692594379626527,40.820794437129173],[-96.692591452655392,40.820790514207751],[-96.692588508587079,40.820786597098603],[-96.692585552521351,40.820782684068107],[-96.692582589558,40.820778773382507],[-96.692579624796807,40.820774863308138],[-96.692576663337547,40.820770952111303],[-96.692573710280001,40.820767038058364],[-96.692570770723918,40.820763119415581],[-96.692567849769119,40.820759194449266],[-96.692564952515326,40.820755261425745],[-96.692562084062359,40.82075131861135],[-96.692559249509969,40.820747364272371],[-96.69255645395792,40.820743396675162],[-96.69255370250599,40.820739414085978],[-96.692551000253943,40.820735414771192],[-96.692548352301557,40.820731396997076],[-96.692545763748598,40.820727359029995],[-96.692543239694828,40.820723299136219],[-96.692540785239984,40.820719215582123],[-96.692540645599365,40.820718978779844],[-96.692538390168394,40.820715111593927],[-96.692536036233733,40.820710993098757],[-96.692533721778247,40.820706860710253],[-96.692531445198043,40.820702715024844],[-96.692529204889254,40.820698556638987],[-96.692526999248003,40.820694386149015],[-96.692524826670407,40.820690204151333],[-96.692522685552589,40.820686011242316],[-96.692520574290711,40.820681808018357],[-96.692518491280836,40.82067759507585],[-96.692516434919128,40.820673373011196],[-96.692514403601692,40.820669142420769],[-96.692512395724691,40.820664903900976],[-96.692510409684218,40.82066065804819],[-96.692508443876406,40.820656405458784],[-96.692506496697376,40.820652146729159],[-96.692504566543263,40.820647882455738],[-96.692502651810202,40.820643613234871],[-96.692500750894311,40.820639339662947],[-96.692498862191712,40.820635062336372],[-96.692496984098554,40.820630781851548],[-96.692495115010956,40.820626498804785],[-96.69249325332504,40.820622213792568],[-96.692491397436925,40.820617927411249],[-96.692489545742774,40.820613640257179],[-96.692487696638707,40.820609352926837],[-96.692485848520846,40.820605066016483],[-96.69248399978531,40.820600780122589],[-96.692482148828248,40.820596495841556],[-96.692480294045794,40.820592213769729],[-96.692478433834069,40.8205879345035],[-96.692476566589207,40.820583658639265],[-96.692474690707357,40.820579386773417],[-96.692473590373993,40.820576893673447],[-96.69247280605363,40.820575118925568],[-96.692470924189436,40.82057085054128],[-96.692469047951136,40.820566580525686],[-96.692467177370673,40.820562308888043],[-96.692465312480024,40.820558035637717],[-96.692463453311149,40.820553760784044],[-96.692461599896006,40.820549484336318],[-96.692459752266572,40.820545206303862],[-96.692457910454763,40.82054092669604],[-96.692456074492597,40.820536645522104],[-96.692454244412005,40.820532362791404],[-96.692452420244948,40.820528078513306],[-96.692450602023399,40.820523792697067],[-96.69244878977932,40.820519505352067],[-96.692446983544656,40.820515216487586],[-96.692445183351396,40.820510926113002],[-96.692443389231485,40.820506634237553],[-96.692441601216871,40.820502340870661],[-96.69243981933954,40.820498046021576],[-96.692438043631441,40.820493749699615],[-96.692436274124532,40.820489451914156],[-96.692434510850774,40.820485152674507],[-96.692432753842141,40.820480851989949],[-96.692431003130608,40.820476549869852],[-96.692429258748106,40.820472246323519],[-96.692427520726596,40.820467941360256],[-96.692425789098053,40.82046363498943],[-96.69242406389445,40.820459327220334],[-96.692422345147719,40.820455018062276],[-96.692420632889835,40.820450707524614],[-96.692418927152787,40.820446395616656],[-96.692417227968491,40.820442082347711],[-96.692415535368937,40.820437767727135],[-96.692413849386071,40.820433451764217],[-96.692412170051867,40.820429134468299],[-96.692410497398285,40.820424815848703],[-96.692408831457286,40.820420495914746],[-96.692407172260801,40.820416174675728],[-96.692406535148621,40.820414510321982],[-96.692405518813089,40.820411852238372],[-96.69240386726527,40.820407528971892],[-96.692402217525213,40.820403204879838],[-96.692400569910973,40.820398879926422],[-96.692398924740544,40.820394554075875],[-96.692397282331925,40.820390227292471],[-96.692395643003138,40.820385899540433],[-96.692394007072195,40.820381570784043],[-96.692392374857107,40.820377240987469],[-96.692390746675869,40.820372910115019],[-96.692389122846507,40.820368578130946],[-96.692387503687002,40.820364244999453],[-96.692385889515407,40.820359910684772],[-96.692384280649705,40.820355575151204],[-96.692382677407892,40.820351238362925],[-96.692381080108007,40.820346900284221],[-96.692379489068031,40.820342560879361],[-96.692377904606005,40.820338220112518],[-96.692376327039909,40.820333877947952],[-96.692374756687769,40.820329534349966],[-96.692373193867581,40.82032518928272],[-96.692371638897356,40.82032084271053],[-96.692370092095118,40.820316494597606],[-96.692368553778863,40.820312144908179],[-96.692367024266588,40.820307793606531],[-96.692365503876331,40.820303440656851],[-96.692363992926062,40.820299086023439],[-96.692362491733817,40.820294729670486],[-96.692361000617595,40.82029037156228],[-96.692359519895419,40.820286011663065],[-96.692358049885271,40.820281649937044],[-96.692356590905177,40.820277286348471],[-96.692355143273133,40.820272920861619],[-96.692353707307149,40.820268553440705],[-96.692352283325249,40.820264184049989],[-96.692350871645417,40.82025981265371],[-96.692349472585676,40.820255439216091],[-96.692348086464023,40.820251063701406],[-96.692346713598468,40.820246686073887],[-96.692345354307022,40.820242306297757],[-96.692344008907682,40.820237924337299],[-96.692342677718486,40.820233540156714],[-96.692342162132263,40.820231828576439],[-96.69234135958969,40.820229153750056],[-96.692340048988555,40.820224765225262],[-96.692338745577146,40.820220374616433],[-96.692337449617384,40.820215981946966],[-96.692336161371188,40.820211587240316],[-96.692334881100479,40.820207190519866],[-96.692333609067148,40.820202791809059],[-96.692332345533146,40.820198391131292],[-96.692331090760362,40.820193988510006],[-96.692329845010704,40.820189583968542],[-96.69232860854612,40.820185177530384],[-96.692327381628502,40.820180769218943],[-96.69232616451977,40.820176359057612],[-96.692324957481816,40.820171947069817],[-96.692323760776603,40.820167533278983],[-96.692322574666008,40.820163117708489],[-96.692321399411938,40.820158700381789],[-96.692320235276341,40.820154281322296],[-96.692319082521109,40.820149860553393],[-96.692317941408163,40.8201454380985],[-96.692316812199408,40.820141013981072],[-96.692315695156779,40.820136588224472],[-96.692314590542168,40.820132160852182],[-96.692313498617494,40.820127731887531],[-96.692312419644679,40.820123301353981],[-96.692311353885614,40.820118869274999],[-96.692310301602262,40.820114435673894],[-96.692309263056487,40.820110000574147],[-96.692308238510208,40.820105563999157],[-96.692307228225374,40.820101125972357],[-96.692306232463864,40.820096686517118],[-96.692305251487596,40.820092245656923],[-96.692304285558492,40.820087803415099],[-96.692303334938472,40.820083359815158],[-96.692302399889428,40.820078914880462],[-96.692301480673308,40.820074468634388],[-96.692300577551961,40.82007002110042],[-96.69229969078738,40.820065572301942],[-96.692298820641412,40.820061122262409],[-96.692297967376007,40.820056671005155],[-96.692297131253056,40.82005221855367],[-96.69229656457901,40.820049146327747],[-96.692296312776406,40.820047764857485],[-96.692295515544487,40.820043308862722],[-96.69229474019626,40.82003885028729],[-96.692293986103195,40.820034389219444],[-96.692293252636759,40.820029925747498],[-96.69229253916842,40.82002545995973],[-96.692291845069647,40.820020991944489],[-96.692291169711879,40.820016521789988],[-96.692290512466599,40.820012049584591],[-96.692289872705231,40.820007575416533],[-96.692289249799302,40.820003099374176],[-96.692288643120207,40.819998621545764],[-96.692288052039459,40.819994142019574],[-96.692287475928509,40.819989660883984],[-96.6922869141588,40.819985178227185],[-96.692286366101825,40.81998069413757],[-96.692285831129027,40.819976208703331],[-96.692285308611886,40.819971722012866],[-96.692284797921843,40.819967234154383],[-96.692284298430394,40.819962745216237],[-96.692283809508965,40.819958255286679],[-96.692283330529051,40.819953764454013],[-96.692282860862107,40.819949272806568],[-96.692282399879588,40.819944780432586],[-96.692281946953003,40.819940287420373],[-96.692281501453749,40.819935793858249],[-96.692281062753338,40.819931299834501],[-96.692280630223237,40.81992680543744],[-96.692280203234873,40.819922310755295],[-96.692279781159741,40.819917815876437],[-96.692279363369323,40.819913320889107],[-96.69227894923506,40.819908825881605],[-96.69227853812842,40.819904330942265],[-96.69227812942087,40.819899836159337],[-96.69227772248388,40.819895341621113],[-96.69227731668893,40.819890847415948],[-96.692276911407461,40.819886353632036],[-96.69227650601097,40.819881860357768],[-96.692276099870895,40.819877367681386],[-96.692275692358734,40.819872875691196],[-96.692275282845927,40.819868384475505],[-96.692275106906891,40.819866463575927],[-96.692274872002486,40.819863893904184],[-96.692274465370431,40.819859403039963],[-96.692274063667526,40.819854911773014],[-96.692273666905507,40.819850420113291],[-96.692273275096085,40.819845928070691],[-96.692272888250969,40.819841435655121],[-96.692272506381883,40.819836942876428],[-96.692272129500523,40.819832449744553],[-96.692271757618641,40.819827956269386],[-96.692271390747905,40.819823462460832],[-96.69227102890008,40.819818968328761],[-96.692270672086849,40.819814473883085],[-96.692270320319949,40.81980997913373],[-96.692269973611062,40.819805484090566],[-96.692269631971939,40.819800988763475],[-96.692269295414278,40.819796493162379],[-96.6922689639498,40.81979199729718],[-96.692268637590232,40.819787501177743],[-96.692268316347239,40.819783004814028],[-96.692268000232616,40.819778508215848],[-96.692267689258017,40.819774011393193],[-96.692267383435166,40.819769514355883],[-96.6922670827758,40.819765017113852],[-96.692266787291629,40.819760519677004],[-96.692266496994364,40.819756022055223],[-96.692266211895713,40.819751524258407],[-96.692265932007388,40.819747026296461],[-96.692265657341139,40.819742528179262],[-96.692265387908648,40.819738029916735],[-96.69226512372164,40.819733531518771],[-96.692264864791824,40.819729032995262],[-96.692264611130923,40.819724534356105],[-96.692264362750663,40.819720035611198],[-96.692264119662738,40.819715536770445],[-96.692263881878873,40.81971103784376],[-96.692263649410776,40.81970653884099],[-96.692263422270173,40.819702039772068],[-96.692263200468787,40.819697540646928],[-96.692262984018328,40.819693041475361],[-96.692262772930505,40.819688542267365],[-96.692262567217014,40.819684043032808],[-96.692262366889622,40.819679543781568],[-96.692262171959982,40.819675044523585],[-96.692261982439874,40.819670545268714],[-96.692261798340951,40.819666046026867],[-96.692261695861816,40.819663482150503],[-96.692261619417295,40.819661546771933],[-96.692261443661096,40.819657047225888],[-96.692261270786815,40.819652547341221],[-96.692261100970057,40.819648047134017],[-96.692260934386383,40.819643546620235],[-96.692260771211366,40.819639045815968],[-96.692260611620597,40.819634544737255],[-96.692260455789665,40.819630043400089],[-96.692260303894116,40.819625541820557],[-96.692260156109555,40.819621040014681],[-96.692260012611555,40.819616537998478],[-96.692259873575679,40.819612035788019],[-96.69225973917753,40.819607533399306],[-96.692259609592654,40.819603030848413],[-96.692259484996654,40.819598528151346],[-96.692259365565107,40.81959402532415],[-96.692259251473587,40.819589522382863],[-96.692259142897655,40.819585019343563],[-96.692259040012928,40.819580516222189],[-96.692258942994926,40.819576013034897],[-96.692258852019279,40.81957150979764],[-96.692258767261535,40.819567006526484],[-96.692258688897283,40.819562503237464],[-96.692258617102098,40.81955799994661],[-96.692258552051541,40.819553496669975],[-96.692258493921244,40.819548993423581],[-96.692258442886725,40.819544490223485],[-96.692258399123574,40.819539987085697],[-96.69225836280738,40.819535484026297],[-96.692258334113717,40.81953098106127],[-96.692258313218161,40.819526478206697],[-96.692258300296288,40.819521975478594],[-96.692258295523686,40.819517472892947],[-96.692258299075903,40.819512970465937],[-96.692258311128555,40.819508468213435],[-96.69225833185719,40.819503966151586],[-96.692258361437396,40.819499464296399],[-96.692258400044736,40.81949496266391],[-96.692258447854812,40.819490461270114],[-96.692258505043185,40.819485960131118],[-96.69225857178543,40.819481459262938],[-96.692258648257123,40.819476958681612],[-96.692258734633839,40.819472458403155],[-96.692258831091166,40.819467958443596],[-96.692258937804681,40.819463458819023],[-96.692259013652802,40.819460500103915],[-96.692259055482623,40.819458959544285],[-96.692259190600552,40.819454460612377],[-96.692259344405315,40.819449962006345],[-96.692259516109729,40.819445463711219],[-96.69225970492667,40.819440965711991],[-96.692259910068941,40.819436467993683],[-96.692260130749403,40.819431970541274],[-96.692260366180889,40.819427473339793],[-96.692260615576259,40.819422976374227],[-96.69226087814836,40.819418479629562],[-96.692261153109996,40.819413983090833],[-96.692261439674056,40.819409486743012],[-96.692261737053329,40.819404990571179],[-96.692262044460719,40.819400494560206],[-96.692262361109044,40.819395998695207],[-96.692262686211123,40.819391502961132],[-96.692263018979844,40.819387007342982],[-96.692263358628011,40.819382511825779],[-96.692263704368514,40.819378016394516],[-96.692264055414142,40.81937352103423],[-96.692264410977785,40.819369025729884],[-96.692264770272274,40.819364530466487],[-96.692265132510457,40.819360035229039],[-96.692265496905179,40.819355540002569],[-96.692265862669259,40.819351044772048],[-96.692266229015587,40.819346549522493],[-96.692266595157008,40.819342054238923],[-96.692266960306313,40.819337558906327],[-96.692267323676404,40.819333063509681],[-96.692267684480115,40.819328568034045],[-96.692268041930291,40.819324072464347],[-96.692268395239765,40.819319576785681],[-96.692268743621398,40.819315080982975],[-96.692269086288036,40.819310585041258],[-96.692269422452526,40.819306088945552],[-96.6922697513277,40.819301592680866],[-96.692270072126448,40.81929709623212],[-96.692270384061587,40.819292599584401],[-96.692270686345978,40.819288102722723],[-96.692270978192468,40.819283605632002],[-96.692271258813889,40.819279108297359],[-96.692271527423117,40.819274610703687],[-96.692271783232982,40.819270112836023],[-96.692272025456333,40.819265614679416],[-96.692272253306044,40.819261116218811],[-96.692272424697876,40.819257517436171],[-96.69227246591943,40.819256617430085],[-96.692272660459068,40.819252118009913],[-96.69227283656889,40.819247617850827],[-96.692272995295738,40.819243116998635],[-96.692273137686513,40.819238615499096],[-96.692273264788085,40.819234113398046],[-96.692273377647311,40.819229610741274],[-96.692273477311076,40.819225107574631],[-96.692273564826237,40.819220603943826],[-96.69227364123968,40.819216099894732],[-96.692273707598261,40.819211595473121],[-96.692273764948865,40.819207090724802],[-96.692273814338336,40.819202585695578],[-96.692273856813571,40.819198080431271],[-96.692273893421415,40.819193574977646],[-96.692273925208767,40.819189069380535],[-96.692273953222454,40.819184563685717],[-96.692273978509377,40.819180057939001],[-96.692274002116392,40.819175552186188],[-96.692274025090356,40.819171046473109],[-96.692274048478154,40.819166540845515],[-96.692274073326644,40.819162035349244],[-96.692274100682695,40.819157530030104],[-96.692274131593166,40.819153024933847],[-96.692274167104941,40.819148520106324],[-96.692274208264877,40.819144015593309],[-96.692274256119816,40.819139511440632],[-96.692274311716645,40.819135007694072],[-96.692274376102247,40.819130504399432],[-96.692274450323453,40.81912600160252],[-96.692274535427131,40.819121499349166],[-96.692274632460169,40.819116997685079],[-96.692274742469408,40.819112496656167],[-96.69227486650172,40.819107996308183],[-96.69227500560396,40.819103496686914],[-96.692275160823002,40.819098997838211],[-96.692275333205714,40.819094499807811],[-96.692275523798941,40.819090002641595],[-96.692275733649552,40.819085506385292],[-96.69227596380442,40.819081011084727],[-96.692276215310386,40.819076516785699],[-96.692276489214322,40.819072023534027],[-96.69227678656307,40.819067531375531],[-96.69227710840353,40.819063040355935],[-96.692277455782545,40.819058550521113],[-96.692277789115906,40.819054534147305],[-96.692277829661137,40.819054061908822],[-96.692278221657361,40.819049573701648],[-96.692278625685319,40.819045085367257],[-96.692279041722571,40.819040596956043],[-96.69227946974668,40.819036108518539],[-96.692279909735163,40.819031620105058],[-96.69228036166561,40.819027131766148],[-96.692280825515539,40.819022643552202],[-96.692281301262526,40.819018155513646],[-96.692281788884131,40.819013667700929],[-96.692282288357859,40.819009180164471],[-96.692282799661314,40.819004692954763],[-96.692283322772013,40.819000206122183],[-96.692283857667533,40.818995719717172],[-96.692284404325406,40.818991233790243],[-96.692284962723207,40.818986748391715],[-96.692285532838454,40.818982263572153],[-96.692286114648738,40.818977779381939],[-96.69228670813159,40.818973295871466],[-96.692287313264558,40.818968813091217],[-96.692287930025188,40.818964331091635],[-96.69228855839107,40.818959849923132],[-96.692289198339722,40.818955369636186],[-96.692289849848692,40.818950890281194],[-96.692290512895553,40.818946411908627],[-96.69229118745784,40.818941934568883],[-96.692291873513113,40.81893745831244],[-96.692292571038934,40.818932983189718],[-96.692293280012834,40.818928509251158],[-96.692294000412375,40.81892403654718],[-96.692294732215132,40.818919565128212],[-96.692295475398609,40.818915095044765],[-96.692296229940396,40.818910626347225],[-96.69229699581804,40.818906159086019],[-96.692297773009088,40.818901693311631],[-96.692298561491086,40.818897229074423],[-96.692299361241581,40.818892766424881],[-96.692300172238149,40.818888305413459],[-96.692300994458321,40.818883846090571],[-96.69230182787966,40.818879388506666],[-96.692302672479727,40.818874932712177],[-96.692303528236039,40.818870478757525],[-96.692304395126186,40.818866026693179],[-96.692305273127701,40.818861576569532],[-96.692306162218145,40.818857128437045],[-96.69230706237505,40.818852682346204],[-96.69230729341507,40.818851550237305],[-96.69230797409837,40.818848238014191],[-96.69230889861754,40.818843794651961],[-96.69230983588244,40.818839352247764],[-96.692310785780933,40.818834910828585],[-96.692311748200922,40.818830470421311],[-96.692312723030298,40.818826031052929],[-96.692313710156924,40.818821592750375],[-96.692314709468675,40.818817155540529],[-96.692315720853486,40.81881271945042],[-96.692316744199175,40.818808284506943],[-96.692317779393662,40.818803850737027],[-96.692318826324836,40.818799418167629],[-96.692319884880547,40.818794986825687],[-96.692320954948727,40.818790556738158],[-96.692322036417224,40.818786127931965],[-96.692323129173928,40.818781700434045],[-96.692324233106746,40.818777274271326],[-96.692325348103523,40.818772849470776],[-96.69232647405218,40.818768426059322],[-96.692327610840564,40.818764004063922],[-96.692328758356609,40.818759583511493],[-96.692329916488148,40.818755164429],[-96.692331085123101,40.818750746843357],[-96.692332264149329,40.818746330781494],[-96.692333453454722,40.818741916270412],[-96.692334652927187,40.818737503336997],[-96.69233586245457,40.818733092008181],[-96.692337081924791,40.818728682310962],[-96.692338311225711,40.818724274272235],[-96.692339550245222,40.818719867918951],[-96.692340798871214,40.818715463278075],[-96.692342056991563,40.818711060376479],[-96.692343324494146,40.818706659241165],[-96.692344601266882,40.818702259899055],[-96.692345887197604,40.818697862377107],[-96.692347182174231,40.818693466702243],[-96.692348486084654,40.818689072901414],[-96.692349798816736,40.818684681001535],[-96.692351120258365,40.818680291029573],[-96.692352450297435,40.818675903012476],[-96.692353788821833,40.818671516977133],[-96.692355135719438,40.818667132950559],[-96.692356490878126,40.818662750959625],[-96.692357854185786,40.818658371031319],[-96.692359225530325,40.818653993192576],[-96.692360604799589,40.818649617470314],[-96.692360937595367,40.818648565706155],[-96.692361990750129,40.818645243120095],[-96.69236338083509,40.818640868404252],[-96.692364775294521,40.818636493389043],[-96.69236617448631,40.818632118219291],[-96.692367578768383,40.818627743039677],[-96.692368988498671,40.818623367994931],[-96.692370404035103,40.818618993229848],[-96.692371825735577,40.8186146188891],[-96.69237325395801,40.818610245117426],[-96.692374689060344,40.818605872059621],[-96.692376131400465,40.818601499860407],[-96.692377581336331,40.818597128664415],[-96.692379039225813,40.818592758616546],[-96.692380505426868,40.818588389861404],[-96.692381980297398,40.81858402254381],[-96.692383464195316,40.818579656808453],[-96.692384957478552,40.818575292800134],[-96.69238646050502,40.818570930663476],[-96.692387973632634,40.818566570543332],[-96.69238949721931,40.818562212584347],[-96.692391031622975,40.818557856931328],[-96.692392577201545,40.818553503728957],[-96.69239413431292,40.818549153122007],[-96.692395703315043,40.818544805255229],[-96.692397284565814,40.818540460273276],[-96.692398878423163,40.818536118320985],[-96.692400485245003,40.818531779543051],[-96.692402105389235,40.818527444084218],[-96.692403739213802,40.81852311208916],[-96.692405387076604,40.818518783702714],[-96.692407049335557,40.818514459069576],[-96.692408726348589,40.818510138334439],[-96.692410418473614,40.818505821642106],[-96.692412126068533,40.818501509137256],[-96.692413849491288,40.818497200964664],[-96.692415589099781,40.818492897269067],[-96.692417345251926,40.818488598195188],[-96.692419118305637,40.818484303887743],[-96.692420908618857,40.818480014491506],[-96.692422716549473,40.818475730151185],[-96.692424542455399,40.818471451011533],[-96.692426386694578,40.818467177217279],[-96.692428249624911,40.818462908913169],[-96.692430131604297,40.818458646243919],[-96.692432032990681,40.818454389354287],[-96.692433954141976,40.818450138388947],[-96.692435895416082,40.818445893492751],[-96.692436039447784,40.818445580553863],[-96.692437855287025,40.81844165341991],[-96.692439831320158,40.818437416413133],[-96.692441823382339,40.818433182511562],[-96.692443831352023,40.818428951763224],[-96.692445855107621,40.818424724216058],[-96.692447894527547,40.818420499918041],[-96.692449949490239,40.818416278917105],[-96.692452019874111,40.818412061261192],[-96.692454105557573,40.818407846998305],[-96.692456206419052,40.81840363617637],[-96.692458322336975,40.818399428843399],[-96.692460453189753,40.818395225047269],[-96.692462598855826,40.818391024835996],[-96.692464759213607,40.818386828257552],[-96.692466934141507,40.818382635359875],[-96.692469123517938,40.818378446190877],[-96.692471327221355,40.818374260798599],[-96.692473545130156,40.818370079230945],[-96.692475777122795,40.818365901535898],[-96.692478023077641,40.818361727761427],[-96.692480282873163,40.81835755795543],[-96.692482556387745,40.81835339216596],[-96.692484843499841,40.818349230440923],[-96.692487144087863,40.818345072828279],[-96.692489458030209,40.818340919375984],[-96.692491785205334,40.818336770132014],[-96.692494125491649,40.818332625144315],[-96.692496478767566,40.818328484460842],[-96.692498844911526,40.818324348129579],[-96.692501223801941,40.818320216198479],[-96.692503615317221,40.818316088715463],[-96.692506019335809,40.818311965728554],[-96.692508435736116,40.818307847285666],[-96.692510864396567,40.818303733434789],[-96.69251330519559,40.818299624223833],[-96.692515758011581,40.81829551970079],[-96.692518222722995,40.818291419913649],[-96.692520699208245,40.818287324910315],[-96.692523187345756,40.818283234738772],[-96.692525687013926,40.818279149446994],[-96.692528198091225,40.818275069082887],[-96.692530720456034,40.818270993694483],[-96.692533253986795,40.818266923329745],[-96.69253579856192,40.81826285803654],[-96.692538354059835,40.818258797862889],[-96.692540920358965,40.818254742856745],[-96.692543497337738,40.818250693066076],[-96.692546084874564,40.81824664853886],[-96.692548682847885,40.818242609322994],[-96.69254869222641,40.818242594780429],[-96.692551294327004,40.818238575605548],[-96.69255392230906,40.818234547491691],[-96.692556566494346,40.818230524902944],[-96.692559226583072,40.818226507761011],[-96.692561902275472,40.818222495987456],[-96.692564593271754,40.818218489503856],[-96.692567299272184,40.818214488231895],[-96.692570019976955,40.818210492093122],[-96.692572755086303,40.818206501009172],[-96.692575504300478,40.818202514901628],[-96.692578267319689,40.818198533692161],[-96.692581043844157,40.818194557302306],[-96.692583833574119,40.818190585653689],[-96.692586636209811,40.818186618667944],[-96.692589451451468,40.818182656266686],[-96.692592278999285,40.818178698371497],[-96.692595118553513,40.818174744903942],[-96.6925979698144,40.818170795785768],[-96.692600832482128,40.818166850938447],[-96.692603706256961,40.818162910283654],[-96.692606590839119,40.81815897374296],[-96.692609485928827,40.818155041238043],[-96.692612391226305,40.818151112690465],[-96.692615306431819,40.818147188021804],[-96.692618231245547,40.818143267153751],[-96.692621165367754,40.818139350007812],[-96.692624108498649,40.818135436505713],[-96.692627060338481,40.818131526568955],[-96.692630020587458,40.818127620119206],[-96.692632988945817,40.818123717078066],[-96.692635965113809,40.81811981736714],[-96.69263894879164,40.818115920908056],[-96.692641939679532,40.818112027622405],[-96.692644937477723,40.8181081374318],[-96.692647941886463,40.818104250257818],[-96.692650952605945,40.818100366022144],[-96.692653969336433,40.818096484646333],[-96.692656991778136,40.818092606051984],[-96.69266001963129,40.818088730160746],[-96.692663052596117,40.818084856894203],[-96.692666090372867,40.818080986173989],[-96.692669132661749,40.818077117921689],[-96.692672179163011,40.818073252058916],[-96.692675229576864,40.818069388507304],[-96.692678283603541,40.818065527188409],[-96.692681340943281,40.818061668023915],[-96.692684401296319,40.818057810935386],[-96.692687464362876,40.818053955844427],[-96.692690529843176,40.818050102672679],[-96.692693597437469,40.81804625134172],[-96.692696666845961,40.818042401773184],[-96.692698895931244,40.81803960838586],[-96.692699737611363,40.818038553697882],[-96.692702806722068,40.818034703605321],[-96.692705873513503,40.818030850473498],[-96.692708938497375,40.818026994656414],[-96.69271200218536,40.818023136508003],[-96.69271506508916,40.818019276382245],[-96.692718127720468,40.81801541463313],[-96.692721190590973,40.818011551614561],[-96.692724254212365,40.818007687680506],[-96.692727319096363,40.818003823184917],[-96.692730385754629,40.817999958481785],[-96.692733454698867,40.817996093925046],[-96.692736526440754,40.817992229868665],[-96.692739601492008,40.817988366666619],[-96.692742680364304,40.817984504672815],[-96.692745763569349,40.817980644241239],[-96.692748851618816,40.817976785725854],[-96.692751945024412,40.817972929480632],[-96.692755044297826,40.817969075859494],[-96.692758149950748,40.81796522521639],[-96.692761262494884,40.81796137790532],[-96.692764382441894,40.817957534280239],[-96.692767510303497,40.817953694695092],[-96.692770646591384,40.81794985950382],[-96.692773791817245,40.817946029060352],[-96.692776946492756,40.817942203718715],[-96.692780111129622,40.817938383832839],[-96.692783286239546,40.817934569756694],[-96.692786472334205,40.817930761844217],[-96.69278966992529,40.817926960449341],[-96.69279287952449,40.817923165926096],[-96.692796101643509,40.817919378628353],[-96.692799336794025,40.817915598910119],[-96.69280258548774,40.81791182712535],[-96.692805848236347,40.817908063627975],[-96.692809125551534,40.817904308771979],[-96.692812417944992,40.817900562911341],[-96.692815725928412,40.817896826399952],[-96.692819050013483,40.817893099591785],[-96.69282239071191,40.817889382840818],[-96.69282574853537,40.817885676501014],[-96.692829123995551,40.817881980926316],[-96.69283251760416,40.81787829647066],[-96.692835929872871,40.817874623488045],[-96.692839361313403,40.8178709623324],[-96.692842812437405,40.817867313357667],[-96.692846283756623,40.817863676917831],[-96.69284977578269,40.817860053366843],[-96.69285328902734,40.817856443058638],[-96.692856824002249,40.817852846347193],[-96.692860381219106,40.817849263586453],[-96.692863961189602,40.817845695130409],[-96.692867564425455,40.817842141332918],[-96.6928711914383,40.817838602548036],[-96.692873239517226,40.817836621370141],[-96.692874842931161,40.817835079161284],[-96.692878520502518,40.817831571516713],[-96.692882223880588,40.817828079317955],[-96.692885952418436,40.817824602177858],[-96.692889705469071,40.81782113970916],[-96.692893482385514,40.817817691524645],[-96.692897282520832,40.817814257237124],[-96.692901105228032,40.81781083645933],[-96.692904949860164,40.817807428804088],[-96.692908815770238,40.817804033884094],[-96.692912702311318,40.817800651312233],[-96.692916608836413,40.817797280701207],[-96.692920534698573,40.817793921663799],[-96.69292447925082,40.817790573812836],[-96.692928441846178,40.817787236761092],[-96.69293242183771,40.817783910121285],[-96.692936418578441,40.817780593506257],[-96.692940431421363,40.817777286528774],[-96.69294445971957,40.817773988801584],[-96.692948502826056,40.817770699937505],[-96.692952560093872,40.817767419549291],[-96.692956630876054,40.817764147249726],[-96.692960714525626,40.817760882651612],[-96.692964810395608,40.817757625367683],[-96.692968917839053,40.817754375010772],[-96.692973036208997,40.81775113119366],[-96.692977164858462,40.817747893529067],[-96.692981303140499,40.817744661629838],[-96.692985450408116,40.81774143510868],[-96.692989606014379,40.817738213578437],[-96.692993769312295,40.817734996651886],[-96.692997939654916,40.817731783941781],[-96.693002116395263,40.817728575060904],[-96.693006298886374,40.81772536962206],[-96.693010486481285,40.81772216723801],[-96.693014678533018,40.817718967521536],[-96.693018874394625,40.817715770085442],[-96.693023073419127,40.817712574542469],[-96.693027274959576,40.817709380505441],[-96.693031478368994,40.817706187587085],[-96.693035683000417,40.817702995400239],[-96.693039888206869,40.817699803557652],[-96.693044093341399,40.817696611672133],[-96.693048297757016,40.817693419356445],[-96.693052500806786,40.817690226223327],[-96.693056701843744,40.817687031885654],[-96.6930609002209,40.817683835956132],[-96.693065095291288,40.817680638047577],[-96.693069286407976,40.817677437772787],[-96.693073472923942,40.817674234744501],[-96.69307765419228,40.817671028575518],[-96.693081829565998,40.817667818878625],[-96.693085998398118,40.817664605266614],[-96.693090160041692,40.817661387352231],[-96.693094313849755,40.817658164748309],[-96.693098459175332,40.817654937067609],[-96.693102595371457,40.81765170392292],[-96.693106721791168,40.817648464927011],[-96.693110837787501,40.817645219692658],[-96.693114942713493,40.817641967832678],[-96.693119035922166,40.817638708959819],[-96.693123116766586,40.817635442686871],[-96.693125367164612,40.817633633733287],[-96.693127186751099,40.817632169948503],[-96.693131261394697,40.817628900283033],[-96.693135343579613,40.817625635451961],[-96.693139432913398,40.817622375203797],[-96.693143529003621,40.817619119286917],[-96.693147631457833,40.817615867449732],[-96.693151739883561,40.817612619440681],[-96.693155853888371,40.817609375008203],[-96.69315997307983,40.817606133900696],[-96.693164097065448,40.817602895866585],[-96.693168225452808,40.817599660654317],[-96.693172357849477,40.817596428012259],[-96.693176493862964,40.817593197688886],[-96.693180633100823,40.817589969432582],[-96.69318477517065,40.817586742991814],[-96.69318891967994,40.817583518114951],[-96.69319306623629,40.817580294550467],[-96.693197214447224,40.81757707204676],[-96.693201363920309,40.81757385035224],[-96.69320551426307,40.817570629215332],[-96.693209665083089,40.817567408384519],[-96.693213815987903,40.817564187608149],[-96.693217966585053,40.817560966634659],[-96.693222116482104,40.817557745212483],[-96.693226265286611,40.817554523090045],[-96.693230412606127,40.817551300015786],[-96.693234558048189,40.817548075738138],[-96.693238701220352,40.817544850005454],[-96.693242841730154,40.817541622566203],[-96.693246979185176,40.817538393168839],[-96.693251113192943,40.817535161561722],[-96.693255243361037,40.817531927493313],[-96.693259369296968,40.817528690712045],[-96.693263490608317,40.817525450966293],[-96.693267606902623,40.817522208004519],[-96.693271717787454,40.817518961575161],[-96.693275822870334,40.817515711426623],[-96.69327992175883,40.817512457307295],[-96.693284014060495,40.817509198965674],[-96.693288099382869,40.817505936150141],[-96.693292177333518,40.817502668609102],[-96.693296247519996,40.817499396091023],[-96.693300309549826,40.817496118344295],[-96.693304363030592,40.817492835117349],[-96.693308407569816,40.817489546158605],[-96.693312442775081,40.817486251216515],[-96.693316468253911,40.817482950039441],[-96.693320483613874,40.817479642375901],[-96.693324488462522,40.817476327974248],[-96.693328482407395,40.817473006582908],[-96.693332465056031,40.817469677950363],[-96.693336436016025,40.817466341824989],[-96.693340394894904,40.817462997955211],[-96.693344341300204,40.817459646089475],[-96.693348274839494,40.817456285976156],[-96.693352195120326,40.817452917363745],[-96.693356101750254,40.817449540000659],[-96.693359994336816,40.817446153635302],[-96.693363872487581,40.817442758016035],[-96.693367735810071,40.817439352891412],[-96.693371583911869,40.817435938009751],[-96.693375416400528,40.817432513119556],[-96.693377494812012,40.817430645475305],[-96.693379233522435,40.817429078283709],[-96.693383039644857,40.817425635635196],[-96.693386835720489,40.817422185696024],[-96.693390621814999,40.817418728557222],[-96.69339439799397,40.817415264309894],[-96.693398164323057,40.817411793045096],[-96.693401920867871,40.817408314853921],[-96.693405667694037,40.817404829827389],[-96.693409404867211,40.817401338056605],[-96.693413132453017,40.817397839632612],[-96.693416850517053,40.817394334646451],[-96.693420559124959,40.817390823189271],[-96.69342425834239,40.817387305352085],[-96.693427948234955,40.817383781225956],[-96.693431628868268,40.817380250901962],[-96.693435300307982,40.817376714471152],[-96.693438962619723,40.817373172024602],[-96.693442615869117,40.81736962365342],[-96.693446260121775,40.81736606944861],[-96.693449895443337,40.817362509501287],[-96.693453521899428,40.817358943902484],[-96.69345713955569,40.817355372743286],[-96.693460748477733,40.817351796114764],[-96.693464348731212,40.817348214107952],[-96.693467940381737,40.817344626813991],[-96.693471523494921,40.817341034323846],[-96.693475098136432,40.817337436728664],[-96.693478664371867,40.817333834119459],[-96.69348222226688,40.817330226587337],[-96.693485771887069,40.817326614223369],[-96.693489313298073,40.817322997118559],[-96.693492846565547,40.817319375364029],[-96.693496371755089,40.817315749050856],[-96.693499888932337,40.817312118270067],[-96.693503398162918,40.817308483112726],[-96.693506899512471,40.817304843669966],[-96.693510393046594,40.817301200032766],[-96.693513878830956,40.817297552292274],[-96.693517356931181,40.817293900539475],[-96.693520827412854,40.81729024486549],[-96.693524290341657,40.817286585361359],[-96.6935277457832,40.817282922118174],[-96.693531193803096,40.817279255227014],[-96.693534634466985,40.817275584778876],[-96.693538067840507,40.817271910864889],[-96.693541493989272,40.817268233576129],[-96.693544912978922,40.817264553003596],[-96.693548324875081,40.81726086923841],[-96.693551729743376,40.817257182371613],[-96.693555127649432,40.817253492494302],[-96.693558518658904,40.817249799697493],[-96.693561902837374,40.817246104072325],[-96.693565280250525,40.817242405709784],[-96.69356865096394,40.817238704700983],[-96.693572015043273,40.817235001137],[-96.69357537255415,40.817231295108883],[-96.693578660488143,40.817227656596174],[-96.69357872356305,40.817227586707624],[-96.693582070583616,40.817223875810043],[-96.693585415656898,40.817220162184739],[-96.693588758410883,40.817216445740542],[-96.693592098473474,40.817212726386373],[-96.693595435472687,40.817209004031156],[-96.693598769036441,40.817205278583792],[-96.693602098792709,40.817201549953182],[-96.693605424369423,40.817197818048228],[-96.693608745394542,40.817194082777874],[-96.693612061496054,40.817190344050942],[-96.693615372301892,40.81718660177642],[-96.69361867744,40.817182855863187],[-96.693621976538338,40.817179106220166],[-96.693625269224881,40.817175352756244],[-96.693628555127574,40.817171595380294],[-96.693631833874363,40.817167834001282],[-96.693635105093222,40.817164068528093],[-96.693638368412095,40.817160298869638],[-96.69364162345893,40.817156524934795],[-96.6936448698617,40.81715274663253],[-96.69364810724835,40.817148963871681],[-96.693651335246855,40.817145176561212],[-96.693654553485146,40.817141384610018],[-96.693657761591197,40.81713758792695],[-96.693660959192954,40.817133786420982],[-96.693664145918376,40.817129980000999],[-96.693667321395424,40.817126168575932],[-96.693670485252042,40.817122352054604],[-96.693673637116206,40.817118530346036],[-96.693676776615874,40.817114703359067],[-96.693679903378978,40.817110871002605],[-96.693683017033479,40.817107033185593],[-96.693686117207363,40.817103189816905],[-96.69368920352855,40.817099340805456],[-96.69369227562504,40.817095486060168],[-96.693695333124737,40.817091625489944],[-96.693698375655643,40.817087759003705],[-96.69370140284569,40.817083886510282],[-96.693704414322852,40.817080007918676],[-96.693707409715074,40.817076123137781],[-96.693710388650331,40.817072232076399],[-96.693713350756553,40.817068334643629],[-96.693716295661716,40.817064430748218],[-96.693719222993778,40.817060520299108],[-96.693722132380685,40.817056603205231],[-96.693725023450426,40.817052679375529],[-96.693727895830918,40.817048748718818],[-96.693730749150149,40.8170448111441],[-96.693733583036064,40.817040866560234],[-96.693736397116609,40.817036914876134],[-96.693739191019773,40.817032956000702],[-96.693741964373487,40.817028989842854],[-96.693744716805725,40.817025016311483],[-96.693744957447052,40.817024667095922],[-96.693747446917939,40.817021034160625],[-96.693750153435786,40.817017041893926],[-96.693752836844524,40.817013039745419],[-96.693755497640012,40.817009027960275],[-96.693758136318138,40.817005006783688],[-96.693760753374747,40.817000976460854],[-96.693763349305712,40.816996937236944],[-96.693765924606922,40.816992889357181],[-96.693768479774235,40.816988833066688],[-96.693771015303525,40.816984768610659],[-96.693773531690653,40.81698069623436],[-96.69377602943149,40.81697661618287],[-96.693778509021911,40.816972528701413],[-96.693780970957761,40.816968434035168],[-96.693783415734941,40.816964332429329],[-96.693785843849312,40.816960224129105],[-96.693788255796747,40.816956109379646],[-96.693790652073091,40.816951988426091],[-96.693793033174231,40.816947861513746],[-96.693795399596013,40.816943728887665],[-96.693797751834353,40.816939590793119],[-96.693800090385068,40.816935447475238],[-96.693802415744074,40.816931299179224],[-96.693804728407187,40.816927146150284],[-96.693807028870324,40.816922988633593],[-96.693809317629317,40.8169188268743],[-96.693811595180051,40.816914661117629],[-96.693813862018402,40.816910491608731],[-96.693816118640214,40.816906318592821],[-96.693818365541361,40.816902142315044],[-96.693820603217731,40.816897963020644],[-96.693822832165182,40.816893780954715],[-96.693825052879561,40.816889596362493],[-96.693827265856754,40.816885409489181],[-96.693829471592636,40.81688122057993],[-96.693831670583066,40.816877029879926],[-96.693833863323889,40.816872837634371],[-96.693836050311006,40.816868644088423],[-96.693838232040278,40.816864449487284],[-96.693840409007564,40.816860254076119],[-96.693842581708708,40.816856058100093],[-96.693844750639613,40.816851861804437],[-96.693846916296138,40.816847665434317],[-96.693849079174143,40.816843469234932],[-96.693851239769486,40.816839273451393],[-96.693853398578057,40.816835078328985],[-96.693855556095698,40.816830884112797],[-96.693857712818286,40.816826691048071],[-96.693859869241678,40.816822499379967],[-96.693860292434707,40.816821676974527],[-96.693862025505069,40.816818308305201],[-96.69386418085422,40.816814115770001],[-96.693866334804056,40.816809921656464],[-96.693868486884526,40.816805725907372],[-96.693870636625633,40.816801528465355],[-96.693872783557296,40.816797329273108],[-96.693874927209535,40.816793128273403],[-96.693877067112282,40.816788925408865],[-96.693879202795529,40.816784720622252],[-96.693881333789221,40.816780513856216],[-96.693883459623351,40.816776305053537],[-96.693885579827864,40.816772094156761],[-96.693887693932751,40.816767881108767],[-96.693889801467961,40.816763665852143],[-96.693891901963482,40.816759448329627],[-96.693893994949292,40.816755228483942],[-96.693896079955323,40.816751006257753],[-96.693898156511594,40.816746781593736],[-96.693900224148024,40.816742554434661],[-96.693902282394632,40.816738324723218],[-96.693904330781351,40.816734092402037],[-96.693906368838157,40.816729857413911],[-96.693908396095026,40.816725619701486],[-96.693910412081962,40.816721379207458],[-96.693912416328871,40.816717135874576],[-96.693914408365757,40.816712889645473],[-96.693916387722609,40.81670864046292],[-96.693918353929377,40.816704388269606],[-96.693920306516034,40.816700133008204],[-96.693922245012544,40.816695874621409],[-96.693924168948882,40.816691613051958],[-96.693926077855039,40.81668734824251],[-96.693927971260962,40.816683080135824],[-96.693929848696627,40.816678808674546],[-96.693931709692023,40.816674533801404],[-96.693933553777114,40.816670255459094],[-96.693935380481861,40.816665973590304],[-96.693937189336239,40.816661688137785],[-96.693938979870225,40.816657399044203],[-96.693940751613795,40.816653106252225],[-96.693942504096924,40.816648809704624],[-96.693944236849575,40.816644509344059],[-96.693945949401709,40.816640205113231],[-96.693947641283316,40.816635896954885],[-96.693949312024387,40.816631584811638],[-96.693950961154854,40.816627268626263],[-96.693952588204723,40.816622948341461],[-96.693954169750214,40.816618686231998],[-96.693954192704155,40.816618623899764],[-96.693955775326657,40.816614294642918],[-96.693957337218265,40.816609960073698],[-96.693958878701594,40.816605620323827],[-96.693960400099272,40.816601275525031],[-96.693961901733928,40.816596925808994],[-96.693963383928164,40.816592571307396],[-96.693964847004622,40.816588212152055],[-96.693966291285946,40.816583848474572],[-96.693967717094722,40.816579480406652],[-96.693969124753579,40.81657510808008],[-96.693970514585146,40.816570731626541],[-96.693971886912067,40.816566351177698],[-96.693973242056927,40.816561966865322],[-96.69397458034237,40.816557578821062],[-96.693975902091026,40.816553187176666],[-96.693977207625508,40.816548792063841],[-96.693978497268418,40.816544393614265],[-96.693979771342427,40.816539991959694],[-96.693981030170107,40.816535587231805],[-96.693982274074116,40.816531179562318],[-96.693983503377069,40.816526769082913],[-96.69398471840158,40.816522355925343],[-96.693985919470265,40.816517940221303],[-96.693987106905766,40.816513522102483],[-96.693988281030684,40.816509101700611],[-96.693989442167677,40.816504679147371],[-96.693990590639316,40.8165002545745],[-96.69399172676826,40.816495828113688],[-96.693992850877109,40.816491399896641],[-96.69399396328852,40.816486970055088],[-96.693995064325065,40.816482538720713],[-96.693996154309403,40.816478106025244],[-96.693997233564147,40.816473672100365],[-96.693998302411913,40.816469237077825],[-96.693999361175315,40.816464801089289],[-96.694000410176983,40.816460364266511],[-96.694001449739545,40.816455926741149],[-96.694002480185617,40.816451488644958],[-96.694003501837827,40.816447050109595],[-96.694004515018776,40.816442611266787],[-96.694005520051107,40.816438172248269],[-96.694006517257435,40.816433733185733],[-96.694007506960361,40.816429294210877],[-96.694008489482528,40.816424855455452],[-96.694009465146564,40.81642041705107],[-96.694010434275057,40.81641597912953],[-96.694010496139526,40.816415694868326],[-96.694011392544965,40.816411540485369],[-96.694012334365055,40.81640709949933],[-96.694013260076972,40.816402656230544],[-96.694014170044085,40.816398210744275],[-96.694015064629795,40.81639376310585],[-96.694015944197517,40.816389313380633],[-96.694016809110622,40.816384861633878],[-96.694017659732538,40.816380407930929],[-96.694018496426608,40.81637595233714],[-96.694019319556276,40.816371494917711],[-96.694020129484912,40.81636703573804],[-96.694020926575945,40.816362574863454],[-96.694021711192732,40.816358112359218],[-96.694022483698689,40.816353648290686],[-96.694023244457199,40.816349182723151],[-96.694023993831664,40.816344715721904],[-96.694024732185497,40.816340247352301],[-96.694025459882056,40.816335777679647],[-96.694026177284769,40.8163313067692],[-96.694026884757008,40.816326834686357],[-96.694027582662187,40.816322361496397],[-96.694028271363692,40.81631788726461],[-96.694028951224908,40.81631341205636],[-96.694029622609264,40.816308935936924],[-96.694030285880089,40.816304458971629],[-96.694030941400854,40.816299981225775],[-96.694031589534902,40.816295502764703],[-96.694032230645647,40.816291023653704],[-96.694032865096474,40.816286543958093],[-96.694033493250799,40.816282063743174],[-96.694034115471979,40.816277583074303],[-96.694034732123441,40.816273102016751],[-96.694035343568558,40.816268620635846],[-96.694035950170743,40.816264138996878],[-96.694036552293369,40.816259657165233],[-96.694037150299835,40.816255175206166],[-96.69403774455354,40.816250693184983],[-96.694038335417872,40.816246211167027],[-96.694038923256244,40.816241729217623],[-96.694039508432027,40.816237247402007],[-96.694040091308608,40.8162327657856],[-96.6940406722494,40.816228284433627],[-96.69404125161779,40.816223803411468],[-96.694041829777163,40.816219322784356],[-96.694042407090933,40.816214842617725],[-96.694042682647705,40.816212702883547],[-96.69404298425475,40.816210362792972],[-96.694043563008933,40.81620588234825],[-96.694044142877388,40.81620140115151],[-96.694044723061978,40.816196919222655],[-96.694045302764607,40.816192436581638],[-96.694045881187179,40.816187953248402],[-96.694046457531584,40.816183469242837],[-96.694047030999698,40.816178984584887],[-96.694047600793425,40.816174499294448],[-96.694048166114669,40.816170013391485],[-96.694048726165306,40.816165526895929],[-96.69404928014724,40.816161039827662],[-96.694049827262347,40.81615655220665],[-96.69405036671256,40.816152064052822],[-96.694050897699739,40.816147575386083],[-96.69405141942579,40.81614308622634],[-96.694051931092616,40.816138596593575],[-96.694052431902094,40.816134106507654],[-96.694052921056141,40.816129615988551],[-96.694053397756647,40.816125125056146],[-96.694053861205489,40.816120633730428],[-96.694054310604585,40.816116142031291],[-96.694054745155825,40.816111649978652],[-96.694055164061098,40.816107157592455],[-96.694055566522309,40.816102664892597],[-96.694055951741348,40.81609817189905],[-96.694056318920133,40.816093678631695],[-96.69405666726054,40.816089185110464],[-96.694056995964459,40.816084691355307],[-96.694057304233809,40.816080197386164],[-96.694057591270493,40.816075703222936],[-96.694057856276373,40.816071208885546],[-96.694058098453382,40.816066714393919],[-96.694058317003424,40.816062219767979],[-96.694058511128361,40.81605772502769],[-96.694058680030111,40.816053230192963],[-96.694058775901794,40.816050308848467],[-96.694058820839402,40.816048735221237],[-96.694058909793682,40.81604423940977],[-96.694058943932774,40.816039742620298],[-96.694058927812165,40.81603524493412],[-96.694058865987316,40.816030746432475],[-96.6940587630137,40.816026247196625],[-96.694058623446779,40.816021747307943],[-96.694058451842011,40.816017246847615],[-96.694058252754857,40.816012745896927],[-96.694058030740791,40.816008244537208],[-96.694057790355288,40.816003742849695],[-96.694057536153764,40.815999240915666],[-96.694057272691708,40.815994738816435],[-96.694057004524566,40.815990236633226],[-96.694056736207813,40.815985734447366],[-96.694056472296879,40.815981232340093],[-96.694056217347239,40.815976730392705],[-96.694055975914324,40.815972228686476],[-96.694055752553581,40.815967727302706],[-96.694055551820483,40.81596322632263],[-96.694055423140512,40.8159599665019]]}},{"type":"Feature","properties":{"name":"antelope_leftmost_through_3"},"geometry":{"type":"LineString","coordinates":[[-96.692605689168005,40.820809809191203],[-96.692602839788066,40.820805860254644],[-96.692599958915636,40.820801922037582],[-96.692597051282476,40.820797992929336],[-96.692594121620346,40.820794071319412],[-96.692591174660976,40.820790155597166],[-96.692588215136098,40.820786244152018],[-96.692585247777487,40.820782335373352],[-96.692582277316873,40.820778427650616],[-96.692579308486003,40.820774519373181],[-96.692576346016608,40.820770608930481],[-96.692573394640448,40.820766694711914],[-96.692570459089254,40.820762775106871],[-96.692567544094771,40.820758848504788],[-96.692564654388718,40.820754913295062],[-96.692561794702854,40.820750967867099],[-96.692558969768925,40.820747010610326],[-96.692556184318647,40.820743039914142],[-96.692553443083753,40.820739054167944],[-96.692550750796002,40.82073505176119],[-96.692548112187097,40.820731031083241],[-96.692545531988785,40.820726990523518],[-96.692543014932809,40.820722928471469],[-96.692540645599365,40.820718978779844],[-96.692540565734689,40.820718843321686],[-96.692538172232247,40.820714738917744],[-96.692535819944396,40.820710619963911],[-96.692533507254268,40.820706487061848],[-96.692531232544951,40.820702340813384],[-96.692528994199563,40.820698181820276],[-96.692526790601235,40.820694010684264],[-96.692524620133057,40.820689828007097],[-96.692522481178187,40.820685634390529],[-96.692520372119716,40.820681430436373],[-96.692518291340747,40.820677216746368],[-96.692516237224439,40.820672993922223],[-96.692514208153867,40.820668762565717],[-96.692512202512177,40.82066452327863],[-96.692510218682472,40.820660276662757],[-96.692508255047898,40.820656023319764],[-96.692506309991543,40.820651763851501],[-96.692504381896541,40.82064749885965],[-96.692502469146021,40.820643228945997],[-96.692500570123087,40.820638954712351],[-96.692498683210871,40.82063467676037],[-96.692496806792491,40.820630395691914],[-96.692494939251063,40.820626112108656],[-96.692493078969719,40.820621826612388],[-96.692491224331576,40.820617539804893],[-96.692489373719752,40.82061325228787],[-96.692487525517379,40.820608964663137],[-96.692485678107573,40.820604677532444],[-96.692483829873467,40.8206003914975],[-96.692481979198192,40.820596107160078],[-96.692480124464836,40.820591825121987],[-96.692478264056561,40.820587545984942],[-96.692476396356483,40.820583270350674],[-96.692474519747719,40.820578998820984],[-96.692473590373993,40.820576893673447],[-96.692472634819751,40.820574731131131],[-96.692470753465457,40.820570462598241],[-96.692468877739955,40.820566192434853],[-96.692467007675205,40.82056192065032],[-96.692465143303167,40.820557647253914],[-96.692463284655801,40.820553372254999],[-96.692461431765068,40.820549095662876],[-96.692459584662956,40.820544817486905],[-96.692457743381382,40.820540537736363],[-96.692455907952336,40.820536256420596],[-96.692454078407778,40.820531973548903],[-96.692452254779667,40.820527689130643],[-96.692450437099964,40.82052340317513],[-96.69244862540063,40.82051911569166],[-96.692446819713624,40.820514826689582],[-96.69244502007092,40.82051053617819],[-96.692443226504452,40.820506244166872],[-96.692441439046206,40.820501950664891],[-96.692439657728158,40.820497655681578],[-96.692437882582212,40.820493359226269],[-96.692436113640397,40.820489061308272],[-96.692434350934633,40.82048476193691],[-96.692432594496893,40.820480461121541],[-96.692430844359123,40.820476158871458],[-96.692429100553312,40.820471855195983],[-96.69242736311142,40.820467550104453],[-96.69242563206538,40.820463243606163],[-96.692423907447179,40.820458935710469],[-96.692422189288763,40.82045462642666],[-96.692420477622107,40.820450315764106],[-96.692418772479158,40.820446003732087],[-96.692417073891903,40.820441690339948],[-96.692415381892275,40.82043737559701],[-96.692413696512247,40.82043305951256],[-96.692412017783781,40.820428742095977],[-96.692410345738836,40.820424423356556],[-96.692408680409386,40.820420103303618],[-96.692407021827364,40.820415781946494],[-96.692406535148621,40.820414510321982],[-96.692405368672965,40.820411459422452],[-96.692403717276278,40.820407136082437],[-96.692402067716259,40.820402811913553],[-96.692400420310946,40.82039848688008],[-96.692398775378336,40.820394160946265],[-96.692397133236454,40.820389834076295],[-96.692395494203282,40.82038550623448],[-96.692393858596873,40.820381177385038],[-96.692392226735194,40.820376847492199],[-96.692390598936257,40.820372516520237],[-96.692388975518099,40.820368184433335],[-96.692387356798719,40.8203638511958],[-96.692385743096111,40.820359516771859],[-96.692384134728314,40.820355181125741],[-96.692382532013298,40.8203508442217],[-96.692380935269114,40.820346506023959],[-96.69237934481373,40.8203421664968],[-96.692377760965186,40.820337825604426],[-96.692376184041478,40.820333483311117],[-96.692374614360631,40.820329139581062],[-96.692373052240626,40.820324794378557],[-96.692371497999474,40.820320447667847],[-96.6923699519552,40.82031609941312],[-96.692368414425815,40.820311749578686],[-96.692366885729314,40.820307398128755],[-96.692365366183708,40.820303045027572],[-96.692363856107008,40.820298690239369],[-96.692362355817238,40.820294333728413],[-96.692360865632367,40.820289975458934],[-96.692359385870432,40.820285615395179],[-96.692357916849431,40.820281253501392],[-96.692356458887389,40.820276889741805],[-96.692355012302286,40.8202725240807],[-96.692353577412149,40.820268156482257],[-96.692352154534973,40.8202637869108],[-96.692350743988783,40.820259415330497],[-96.692349346091561,40.8202550417056],[-96.692347961161346,40.820250666000412],[-96.692346589516106,40.820246288179121],[-96.692345231473894,40.820241908205986],[-96.692343887352678,40.820237526045283],[-96.692342557470482,40.820233141661184],[-96.692342162132263,40.820231828576439],[-96.692341240207128,40.820228755057727],[-96.69233993024848,40.820224366342586],[-96.692338627503389,40.820219975545527],[-96.69233733223372,40.820215582689997],[-96.69233604470142,40.820211187799373],[-96.692334765168411,40.82020679089711],[-96.692333493896598,40.820202392006607],[-96.692332231147887,40.820197991151225],[-96.692330977184213,40.820193588354499],[-96.692329732267467,40.820189183639734],[-96.69232849665957,40.820184777030398],[-96.692327270622457,40.820180368549892],[-96.692326054418018,40.820175958221611],[-96.692324848308175,40.820171546069041],[-96.692323652554848,40.8201671321155],[-96.692322467419956,40.820162716384459],[-96.692321293165392,40.820158298899344],[-96.692320130053091,40.820153879683517],[-96.692318978344971,40.820149458760469],[-96.692317838302912,40.820145036153519],[-96.692316710188862,40.820140611886188],[-96.692315594264713,40.820136185981795],[-96.692314490792413,40.820131758463852],[-96.692313400033839,40.820127329355671],[-96.692312322250928,40.820122898680758],[-96.692311257705569,40.820118466462461],[-96.692310206659698,40.820114032724213],[-96.692309169375221,40.820109597489449],[-96.692308146114058,40.820105160781544],[-96.692307137138101,40.820100722623991],[-96.692306142709285,40.820096283040137],[-96.692305163089529,40.820091842053415],[-96.692304198540725,40.820087399687232],[-96.692303249324794,40.820082955965013],[-96.692302315703643,40.820078510910179],[-96.692301397939204,40.820074064546105],[-96.69230049629337,40.820069616896284],[-96.692299611028062,40.820065167984055],[-96.6922987424052,40.820060717832881],[-96.692297890686689,40.820056266466167],[-96.692297056134421,40.820051813907298],[-96.69229656457901,40.820049146327747],[-96.692296239412627,40.820047360056492],[-96.69229544419521,40.820042903823563],[-96.692294670804372,40.820038445017985],[-96.692293918611583,40.820033983728024],[-96.692293186988323,40.820029520041999],[-96.692292475306033,40.820025054048202],[-96.692291782936167,40.820020585834911],[-96.69229110925022,40.820016115490404],[-96.69229045361962,40.820011643103044],[-96.692289815415876,40.820007168761002],[-96.692289194010399,40.820002692552698],[-96.692288588774687,40.819998214566361],[-96.692287999080179,40.819993734890318],[-96.692287424298343,40.81998925361281],[-96.692286863800675,40.819984770822181],[-96.692286316958587,40.819980286606736],[-96.692285783143589,40.819975801054689],[-96.692285261727108,40.819971314254424],[-96.692284752080639,40.819966826294213],[-96.692284253575622,40.819962337262311],[-96.692283765583539,40.819957847247046],[-96.692283287475846,40.819953356336718],[-96.692282818624008,40.819948864619562],[-96.692282358399481,40.819944372183947],[-96.692281906173761,40.819939879118152],[-96.692281461318274,40.819935385510448],[-96.692281023204515,40.819930891449111],[-96.692280591203939,40.819926397022478],[-96.692280164688,40.819921902318832],[-96.69227974302818,40.819917407426452],[-96.692279325595948,40.819912912433658],[-96.692278911762756,40.819908417428707],[-96.692278500900073,40.819903922499932],[-96.692278092379397,40.819899427735571],[-96.692277685572137,40.819894933223978],[-96.692277279849804,40.819890439053445],[-96.692276874583854,40.819885945312215],[-96.692276469145753,40.819881452088588],[-96.69227606290697,40.819876959470939],[-96.692275655238959,40.819872467547462],[-96.692275245513216,40.819867976406506],[-96.692275106906891,40.819866463575927],[-96.692274834849101,40.81986348584261],[-96.692274428664476,40.819858994941349],[-96.692274027410065,40.819854503638325],[-96.692273631097592,40.819850011943409],[-96.692273239738782,40.819845519866519],[-96.692272853345344,40.819841027417532],[-96.692272471929002,40.819836534606338],[-96.692272095501465,40.819832041442872],[-96.692271724074445,40.819827547936988],[-96.692271357659664,40.819823054098613],[-96.692270996268832,40.819818559937652],[-96.692270639913673,40.819814065463987],[-96.692270288605897,40.819809570687504],[-96.692269942357214,40.81980507561812],[-96.692269601179362,40.819800580265706],[-96.692269265084022,40.819796084640252],[-96.692268934082932,40.819791588751492],[-96.692268608187803,40.819787092609495],[-96.692268287410357,40.81978259622403],[-96.692267971762305,40.81977809960506],[-96.692267661255343,40.819773602762496],[-96.692267355901222,40.819769105706186],[-96.692267055711639,40.819764608446036],[-96.692266760698303,40.819760110991993],[-96.692266470872951,40.819755613353884],[-96.692266186247252,40.819751115541656],[-96.692265906832986,40.819746617565166],[-96.692265632641835,40.819742119434359],[-96.692265363685507,40.819737621159135],[-96.692265099975714,40.819733122749341],[-96.692264841524192,40.819728624214925],[-96.692264588342667,40.81972412556577],[-96.692264340442819,40.819719626811718],[-96.692264097836386,40.819715127962759],[-96.692263860535064,40.819710629028741],[-96.692263628550606,40.819706130019547],[-96.692263401894692,40.819701630945097],[-96.692263180579047,40.819697131815317],[-96.692262964615395,40.81969263264007],[-96.692262754015431,40.819688133429231],[-96.692262548790893,40.819683634192764],[-96.692262348953506,40.8196791349405],[-96.69226215451495,40.819674635682375],[-96.692261965486964,40.819670136428272],[-96.692261781881257,40.819665637188109],[-96.692261695861816,40.819663482150503],[-96.69226160333217,40.81966113791897],[-96.692261427830587,40.819656638341492],[-96.692261255226882,40.819652138426854],[-96.692261085696643,40.819647638191093],[-96.69226091941546,40.819643137650267],[-96.692260756558895,40.8196386368204],[-96.692260597302536,40.819634135717529],[-96.692260441821944,40.81962963435771],[-96.692260290292694,40.819625132756933],[-96.69226014289039,40.819620630931283],[-96.692259999790608,40.819616128896776],[-96.692259861168907,40.819611626669456],[-96.692259727200877,40.819607124265325],[-96.692259598062094,40.819602621700504],[-96.692259473928118,40.819598118990939],[-96.692259354974567,40.819593616152716],[-96.692259241376988,40.819589113201893],[-96.692259133310955,40.819584610154436],[-96.692259030952059,40.819580107026425],[-96.692258934475888,40.819575603833904],[-96.692258844057974,40.819571100592903],[-96.692258759873951,40.819566597319472],[-96.692258682099379,40.819562094029621],[-96.692258610909818,40.819557590739407],[-96.692258546480858,40.81955308746484],[-96.692258488988074,40.819548584222019],[-96.692258438607027,40.819544081026919],[-96.692258395513321,40.819539577895597],[-96.69225835988253,40.819535074844104],[-96.692258331890216,40.819530571888443],[-96.692258311711967,40.81952606904472],[-96.69225829952336,40.819521566328838],[-96.692258295499968,40.819517063757019],[-96.692258299817368,40.819512561345157],[-96.692258312651134,40.819508059109353],[-96.692258334176842,40.819503557065595],[-96.69225836457008,40.819499055229954],[-96.692258404006409,40.819494553618505],[-96.69225845266142,40.819490052247239],[-96.692258510710687,40.819485551132203],[-96.692258578329771,40.819481050289411],[-96.692258655694275,40.819476549734922],[-96.69225874297976,40.819472049484773],[-96.692258840361788,40.819467549555021],[-96.692258948015976,40.819463049961662],[-96.692259013652802,40.819460500103915],[-96.69225906696802,40.819458550718892],[-96.692259203816519,40.819454051817168],[-96.692259359280314,40.819449553240034],[-96.692259532572251,40.819445054972391],[-96.692259722905149,40.81944055699929],[-96.692259929491868,40.819436059305779],[-96.692260151545241,40.819431561876812],[-96.692260388278143,40.819427064697379],[-96.692260638903363,40.81942256775249],[-96.692260902633791,40.819418071027179],[-96.692261178682244,40.819413574506392],[-96.69226146626157,40.819409078175212],[-96.692261764584615,40.819404582018578],[-96.692262072864224,40.81940008602151],[-96.692262390313232,40.819395590168995],[-96.692262716144498,40.819391094446082],[-96.692263049570855,40.819386598837774],[-96.692263389805134,40.819382103328984],[-96.692263736060212,40.819377607904791],[-96.692264087548921,40.81937311255021],[-96.692264443484092,40.819368617250191],[-96.692264803078587,40.819364121989771],[-96.692265165545237,40.819359626753965],[-96.69226553009689,40.819355131527743],[-96.69226589594642,40.819350636296107],[-96.692266262306632,40.819346141044072],[-96.692266628390399,40.819341645756687],[-96.69226699341057,40.819337150418853],[-96.692267356579961,40.819332655015657],[-96.692267717111463,40.819328159532077],[-96.692268074217878,40.819323663953135],[-96.692268427112069,40.819319168263796],[-96.692268775006909,40.819314672449067],[-96.692269117115217,40.819310176494014],[-96.692269452649853,40.819305680383543],[-96.692269780823665,40.819301184102734],[-96.692270100849498,40.819296687636552],[-96.6922704119402,40.819292190970032],[-96.692270713308616,40.819287694088118],[-96.692271004167623,40.819283196975867],[-96.692271283730022,40.819278699618266],[-96.692271551208705,40.819274202000337],[-96.692271805816489,40.819269704107057],[-96.692272046766263,40.819265205923458],[-96.692272273270831,40.819260707434488],[-96.692272424697876,40.819257517436171],[-96.692272484385754,40.819256208605864],[-96.692272677207455,40.819251709116671],[-96.692272851694455,40.819247208892712],[-96.692273008893622,40.819242707979782],[-96.692273149851857,40.819238206423712],[-96.692273275616003,40.819233704270253],[-96.69227338723293,40.819229201565278],[-96.692273485749539,40.819224698354546],[-96.692273572212656,40.819220194683858],[-96.692273647669197,40.819215690599009],[-96.692273713165989,40.819211186145829],[-96.692273769749931,40.819206681370076],[-96.692273818467882,40.819202176317624],[-96.692273860366697,40.819197671034217],[-96.69227389649329,40.819193165565657],[-96.692273927894476,40.819188659957767],[-96.692273955617154,40.819184154256341],[-96.69227398070818,40.819179648507188],[-96.692274004214426,40.819175142756102],[-96.692274027182762,40.819170637048884],[-96.692274050660046,40.819166131431331],[-96.692274075693149,40.819161625949256],[-96.692274103328941,40.819157120648448],[-96.692274134614294,40.819152615574765],[-96.692274170596065,40.819148110773924],[-96.692274212321124,40.819143606291767],[-96.692274260836328,40.819139102174098],[-96.692274317188534,40.819134598466704],[-96.692274382424628,40.819130095215407],[-96.692274457591466,40.819125592466001],[-96.692274543735905,40.819121090264275],[-96.692274641904845,40.819116588656044],[-96.692274753145085,40.819112087687103],[-96.69227487850354,40.819107587403266],[-96.692275019027065,40.81910308785033],[-96.692275175762489,40.819098589074045],[-96.692275349756741,40.819094091120327],[-96.692275542056606,40.819089594034864],[-96.692275753708998,40.819085097863521],[-96.692275985760759,40.8190806026521],[-96.69227623925876,40.819076108446353],[-96.692276515249858,40.81907161529211],[-96.692276814780897,40.8190671232352],[-96.69227713889876,40.819062632321391],[-96.692277488650305,40.819058142596504],[-96.692277789115906,40.819054534147305],[-96.692277864783705,40.819053654078353],[-96.692278257874179,40.81904916585755],[-96.692278662994326,40.819044677514079],[-96.692279080121736,40.819040189098402],[-96.692279509233941,40.819035700660983],[-96.692279950308517,40.819031212252241],[-96.692280403322982,40.819026723922583],[-96.692280868254912,40.819022235722478],[-96.692281345081867,40.819017747702361],[-96.692281833781365,40.819013259912658],[-96.692282334330983,40.819008772403819],[-96.692282846708267,40.819004285226285],[-96.692283370890777,40.818999798430497],[-96.692283906856048,40.818995312066853],[-96.692284454581639,40.818990826185839],[-96.692285014045112,40.818986340837867],[-96.692285585223999,40.818981856073378],[-96.692286168095876,40.818977371942843],[-96.69228676263829,40.818972888496639],[-96.692287368828772,40.818968405785256],[-96.692287986644899,40.818963923859101],[-96.692288616064204,40.818959442768637],[-96.692289257064246,40.818954962564291],[-96.692289909622573,40.818950483296483],[-96.692290573716747,40.818946005015668],[-96.692291249324327,40.818941527772282],[-96.692291936422833,40.8189370516168],[-96.692292634989855,40.818932576599579],[-96.692293345002923,40.818928102771117],[-96.692294066439587,40.818923630181821],[-96.692294799277406,40.818919158882167],[-96.692295543493927,40.818914688922526],[-96.692296299066726,40.818910220353452],[-96.692297065973321,40.818905753225259],[-96.692297844191287,40.818901287588425],[-96.692298633698158,40.818896823493425],[-96.692299434471508,40.818892360990667],[-96.69230024648887,40.818887900130591],[-96.692301069727804,40.818883440963624],[-96.692301904165859,40.818878983540252],[-96.692302749780595,40.81887452791085],[-96.692303606549558,40.818870074125911],[-96.692304474450324,40.818865622235791],[-96.692305353460398,40.81886117229103],[-96.692306243557354,40.818856724341984],[-96.692307144718754,40.818852278439159],[-96.69230729341507,40.818851550237305],[-96.692308057578714,40.818847834213308],[-96.692308983260688,40.818843390936998],[-96.692309921678216,40.818838948621206],[-96.692310872719162,40.818834507292863],[-96.692311836271401,40.818830066978869],[-96.692312812222838,40.818825627706239],[-96.692313800461335,40.818821189501833],[-96.692314800874797,40.818816752392671],[-96.692315813351087,40.818812316405634],[-96.692316837778094,40.81880788156765],[-96.692317874043709,40.818803447905722],[-96.69231892203581,40.81879901544675],[-96.692319981642285,40.818794584217706],[-96.692321052751026,40.81879015424547],[-96.692322135249896,40.818785725557049],[-96.692323229026798,40.818781298179339],[-96.692324333969594,40.818776872139274],[-96.692325449966205,40.818772447463871],[-96.692326576904463,40.81876802417996],[-96.692327714672317,40.818763602314576],[-96.692328863157584,40.818759181894606],[-96.692330022248186,40.818754762946988],[-96.692331191832011,40.8187503454987],[-96.692332371796923,40.818745929576679],[-96.692333562030825,40.818741515207819],[-96.692334762421581,40.818737102419078],[-96.692335972857094,40.818732691237457],[-96.692337193225242,40.818728281689836],[-96.692338423413915,40.818723873803108],[-96.692339663310975,40.818719467604318],[-96.69234091280434,40.818715063120351],[-96.692342171781874,40.818710660378173],[-96.692343440131467,40.818706259404692],[-96.69234471774098,40.818701860226867],[-96.692346004498333,40.818697462871654],[-96.692347300291388,40.81869306736597],[-96.69234860500805,40.818688673736752],[-96.692349918536195,40.818684282010949],[-96.692351240763699,40.818679892215521],[-96.692352571578454,40.818675504377403],[-96.692353910868334,40.818671118523476],[-96.692355258521232,40.818666734680754],[-96.692356614425037,40.818662352876153],[-96.692357978467641,40.818657973136624],[-96.692359350536918,40.818653595489074],[-96.692360730520747,40.818649219960449],[-96.692360937595367,40.818648565706155],[-96.692362116893904,40.818644845612027],[-96.692363507361577,40.818640470862988],[-96.692364902236235,40.818636095827785],[-96.692366301875794,40.818631720651162],[-96.692367706638152,40.818627345477829],[-96.692369116881267,40.818622970452488],[-96.692370532963025,40.818618595720004],[-96.692371955241356,40.818614221424973],[-96.692373384074173,40.818609847712203],[-96.692374819819406,40.818605474726425],[-96.692376262834969,40.818601102612377],[-96.692377713478763,40.818596731514774],[-96.692379172108744,40.818592361578361],[-96.692380639082785,40.818587992947897],[-96.692382114758828,40.818583625768099],[-96.692383599494804,40.818579260183689],[-96.69238509364861,40.818574896339427],[-96.692386597578164,40.818570534380065],[-96.692388111641392,40.818566174450304],[-96.692389636196225,40.818561816694896],[-96.692391171600548,40.818557461258571],[-96.69239271821229,40.818553108286068],[-96.692394276389393,40.818548757922173],[-96.692395846489745,40.818544410311517],[-96.692397428871274,40.818540065598903],[-96.692399023891909,40.818535723929095],[-96.692400631909535,40.818531385446775],[-96.692402253282111,40.818527050296694],[-96.692403888367522,40.818522718623612],[-96.692405537523697,40.818518390572244],[-96.692407201108551,40.818514066287293],[-96.692408879479999,40.818509745913559],[-96.692410572995968,40.818505429595753],[-96.692412282014359,40.818501117478597],[-96.692414006893102,40.818496809706843],[-96.692415747990111,40.81849250642523],[-96.6924175056633,40.818488207778479],[-96.692419280270585,40.818483913911358],[-96.692421072169878,40.818479624968539],[-96.692422881719096,40.818475341094839],[-96.692424709276153,40.818471062434945],[-96.692426555198992,40.818466789133552],[-96.692428419845498,40.818462521335498],[-96.692430303573602,40.818458259185483],[-96.692432206741202,40.818454002828176],[-96.692434129706228,40.818449752408391],[-96.692436039447784,40.818445580553863],[-96.692436072825998,40.818445508070361],[-96.69243803418108,40.818441268282101],[-96.692440011675757,40.818437031555483],[-96.692442005188468,40.818432797938499],[-96.692444014597612,40.81842856747906],[-96.692446039781615,40.81842434022515],[-96.692448080618931,40.818420116224736],[-96.692450136987944,40.818415895525774],[-96.692452208767065,40.818411678176219],[-96.692454295834764,40.818407464224023],[-96.692456398069424,40.818403253717165],[-96.692458515349472,40.818399046703576],[-96.692460647553347,40.818394843231225],[-96.692462794559461,40.818390643348089],[-96.692464956246226,40.818386447102107],[-96.692467132492055,40.818382254541255],[-96.692469323175388,40.818378065713496],[-96.69247152817465,40.818373880666762],[-96.692473747368268,40.818369699449036],[-96.692475980634626,40.818365522108252],[-96.692478227852192,40.818361348692413],[-96.692480488899363,40.818357179249425],[-96.692482763654553,40.818353013827291],[-96.692485051996215,40.818348852473946],[-96.692487353802733,40.81834469523735],[-96.692489668952547,40.818340542165487],[-96.692491997324097,40.818336393306311],[-96.692494338795782,40.818332248707762],[-96.692496693246028,40.818328108417788],[-96.69249906055326,40.818323972484372],[-96.69250144059589,40.818319840955489],[-96.69250383325236,40.81831571387908],[-96.692506238401066,40.818311591303065],[-96.692508655920463,40.818307473275453],[-96.692511085688949,40.818303359844229],[-96.69251352758495,40.818299251057283],[-96.692515981486892,40.818295146962605],[-96.692518447273216,40.81829104760817],[-96.692520924822304,40.818286953041898],[-96.692523414012598,40.818282863311829],[-96.692525914722538,40.818278778465839],[-96.692528426830521,40.818274698551896],[-96.692530950214987,40.818270623617984],[-96.692533484754364,40.818266553712071],[-96.692536030327034,40.818262488882112],[-96.69253858681148,40.818258429176069],[-96.692541154086072,40.81825437464186],[-96.692543732029264,40.818250325327469],[-96.692546320519469,40.818246281280899],[-96.69254869222641,40.818242594780429],[-96.692548919459782,40.818242242551285],[-96.69255153245085,40.818238209346269],[-96.692554161917656,40.818234181737679],[-96.692556807560436,40.818230159647129],[-96.692559469079427,40.818226142996267],[-96.692562146174851,40.818222131706612],[-96.692564838546929,40.81821812569985],[-96.692567545895884,40.818214124897558],[-96.69257026792198,40.818210129221363],[-96.692573004325396,40.818206138592842],[-96.692575754806398,40.818202152933651],[-96.692578519065179,40.818198172165332],[-96.692581296802018,40.818194196209532],[-96.69258408771708,40.818190224987859],[-96.692586891510643,40.818186258421953],[-96.692589707882917,40.818182296433392],[-96.692592536534121,40.81817833894376],[-96.692595377164508,40.818174385874713],[-96.692598229474285,40.818170437147835],[-96.692601093163702,40.818166492684732],[-96.692603967932953,40.81816255240701],[-96.692606853482303,40.818158616236325],[-96.692609749511945,40.818154684094218],[-96.692612655722144,40.818150755902344],[-96.692615571813121,40.818146831582283],[-96.692618497485086,40.818142911055666],[-96.692621432438273,40.818138994244102],[-96.692624376372933,40.81813508106918],[-96.692627328989275,40.818131171452528],[-96.69263028998752,40.818127265315759],[-96.692633259067918,40.818123362580465],[-96.692636235930692,40.818119463168287],[-96.692639220276064,40.818115567000802],[-96.692642211804269,40.818111673999617],[-96.692645210215545,40.818107784086365],[-96.692648215210113,40.818103897182638],[-96.692651226488195,40.818100013210035],[-96.692654243750027,40.818096132090218],[-96.692657266695846,40.818092253744759],[-96.692660295025874,40.818088378095283],[-96.692663328440332,40.818084505063325],[-96.692666366639486,40.818080634570599],[-96.692669409323514,40.818076766538695],[-96.692672456192682,40.818072900889156],[-96.692675506947211,40.81806903754368],[-96.692678561287323,40.818065176423801],[-96.692681618913269,40.818061317451189],[-96.692684679525257,40.818057460547401],[-96.692687742823537,40.818053605634077],[-96.692690808508317,40.818049752632817],[-96.692693876279833,40.818045901465261],[-96.692696945838321,40.818042052052967],[-96.692698895931244,40.81803960838586],[-96.692700016606366,40.818038203980301],[-96.692703085485178,40.818034353596886],[-96.692706152091233,40.818030500206469],[-96.692709216936208,40.818026644162899],[-96.692712280531794,40.81802278582019],[-96.692715343389708,40.818018925532328],[-96.692718406021612,40.818015063653213],[-96.692721468939212,40.818011200536844],[-96.692724532654211,40.818007336537114],[-96.692727597678285,40.818003472008094],[-96.69273066452314,40.817999607303626],[-96.69273373370045,40.817995742777732],[-96.692736805721921,40.817991878784348],[-96.692739881099243,40.817988015677471],[-96.692742960344134,40.817984153810997],[-96.692746043968242,40.817980293538952],[-96.692749132483272,40.817976435215222],[-96.692752226400941,40.817972579193835],[-96.692755326232927,40.817968725828678],[-96.692758432490905,40.817964875473727],[-96.692761545686594,40.817961028483005],[-96.692764666331655,40.817957185210375],[-96.692767794937808,40.817953346009858],[-96.692770932016728,40.817949511235405],[-96.692774078080134,40.817945681240936],[-96.692777233639688,40.817941856380422],[-96.692780399207095,40.817938037007892],[-96.692783575294044,40.81793422347716],[-96.692786762412226,40.817930416142303],[-96.692789961073316,40.817926615357258],[-96.692793171789049,40.817922821475918],[-96.692796395071085,40.817919034852309],[-96.692799631431129,40.817915255840347],[-96.692802881380857,40.817911484794031],[-96.692806145431973,40.817907722067282],[-96.692809424096168,40.817903968014036],[-96.692812717885118,40.817900222988321],[-96.692816027310542,40.817896487344022],[-96.692819352884115,40.817892761435139],[-96.692822695117528,40.817889045615608],[-96.69282605452247,40.8178853402394],[-96.692829431610633,40.817881645660421],[-96.692832826893735,40.817877962232721],[-96.692836240883423,40.817874290310193],[-96.692839674091417,40.817870630246752],[-96.692843127029406,40.817866982396467],[-96.69284660020908,40.817863347113203],[-96.692850094142131,40.817859724750924],[-96.692853609340233,40.817856115663623],[-96.692857146315092,40.817852520205214],[-96.692860705578411,40.817848938729732],[-96.692864287641882,40.817845371591034],[-96.692867893017151,40.817841819143126],[-96.692871522215967,40.817838281739945],[-96.692873239517226,40.817836621370141],[-96.69287517602389,40.817834759778407],[-96.692878855966995,40.817831253553365],[-96.692882561658024,40.817827762738986],[-96.692886292450027,40.817824286948053],[-96.692890047696039,40.817820825793312],[-96.692893826749071,40.817817378887618],[-96.692897628962186,40.817813945843675],[-96.692901453688407,40.817810526274293],[-96.692905300280742,40.817807119792235],[-96.692909168092271,40.817803726010347],[-96.692913056475987,40.817800344541347],[-96.692916964784928,40.817796974997982],[-96.692920892372157,40.817793616993072],[-96.692924838590685,40.817790270139412],[-96.692928802793546,40.817786934049771],[-96.692932784333763,40.817783608336896],[-96.692936782564402,40.81778029261362],[-96.692940796838442,40.817776986492696],[-96.692944826508977,40.817773689586893],[-96.692948870929015,40.81777040150898],[-96.692952929451579,40.817767121871775],[-96.692957001429733,40.817763850288024],[-96.692961086216457,40.817760586370525],[-96.692965183164844,40.817757329732075],[-96.69296929162789,40.817754079985399],[-96.692973410958643,40.817750836743329],[-96.692977540510142,40.817747599618635],[-96.692981679635395,40.817744368224098],[-96.692985827687465,40.817741142172466],[-96.692989984019377,40.817737921076535],[-96.692994147984152,40.817734704549132],[-96.692998318934855,40.817731492202952],[-96.69300249622448,40.817728283650865],[-96.693006679206079,40.817725078505568],[-96.693010867232701,40.817721876379927],[-96.69301505965737,40.81771867688667],[-96.693019255833107,40.817715479638586],[-96.693023455112964,40.817712284248472],[-96.693027656849964,40.817709090329068],[-96.693031860397141,40.817705897493198],[-96.693036065107535,40.817702705353611],[-96.693040270334166,40.817699513523117],[-96.693044475430099,40.817696321614513],[-96.693048679748344,40.817693129240531],[-96.693052882641936,40.817689936013956],[-96.693057083463913,40.817686741547625],[-96.69306128156731,40.81768354545428],[-96.693065476305165,40.817680347346709],[-96.6930696670305,40.817677146837674],[-96.693073853096351,40.817673943540008],[-96.693078033855784,40.817670737066443],[-96.693082208661792,40.817667527029798],[-96.693086376867427,40.817664313042819],[-96.693090537825725,40.817661094718304],[-96.693094690889723,40.81765787166907],[-96.693098835412428,40.817654643507858],[-96.693102970746907,40.817651409847436],[-96.693107096246194,40.817648170300664],[-96.693111211263314,40.817644924480241],[-96.693115315151289,40.81764167199897],[-96.693119407263168,40.817638412469705],[-96.693123486951976,40.817635145505143],[-96.693125367164612,40.817633633733287],[-96.693127556686377,40.817631872632312],[-96.693131632031466,40.817628603416523],[-96.693135714882189,40.817625339012331],[-96.69313980484614,40.817622079168096],[-96.69314390153086,40.817618823632351],[-96.6931480045439,40.817615572153422],[-96.6931521134928,40.817612324479761],[-96.693156227985128,40.81760908035978],[-96.693160347628421,40.817605839541962],[-96.693164472030247,40.817602601774652],[-96.693168600798145,40.817599366806313],[-96.693172733539654,40.81759613438534],[-96.693176869862356,40.817592904260195],[-96.693181009373774,40.817589676179267],[-96.693185151681462,40.817586449890982],[-96.693189296393001,40.817583225143771],[-96.693193443115888,40.817580001686096],[-96.693197591457732,40.817576779266275],[-96.693201741026044,40.817573557632841],[-96.693205891428391,40.817570336534146],[-96.693210042272327,40.817567115718667],[-96.693214193165389,40.817563894934757],[-96.693218343715145,40.817560673930906],[-96.693222493529134,40.817557452455489],[-96.69322664221491,40.817554230256967],[-96.693230789380024,40.817551007083743],[-96.693234934632031,40.817547782684244],[-96.693239077578468,40.817544556806894],[-96.693243217826918,40.817541329200118],[-96.693247354984891,40.817538099612307],[-96.693251488659968,40.817534867791949],[-96.693255618459702,40.817531633487405],[-96.693259743991618,40.817528396447152],[-96.693263864863283,40.817525156419578],[-96.693267980682251,40.817521913153094],[-96.693272091056059,40.817518666396182],[-96.69327619559229,40.817515415897198],[-96.693280293898454,40.817512161404601],[-96.693284385582132,40.817508902666809],[-96.693288470250863,40.817505639432277],[-96.6932925475122,40.817502371449393],[-96.693296616973697,40.817499098466563],[-96.693300678242906,40.817495820232239],[-96.693304730927366,40.817492536494839],[-96.693308774634659,40.817489247002783],[-96.693312808972294,40.817485951504523],[-96.693316833547854,40.817482649748456],[-96.693320847968877,40.817479341483008],[-96.693324851842917,40.817476026456617],[-96.693328844777525,40.817472704417703],[-96.693332826380257,40.817469375114641],[-96.693336796258663,40.817466038295947],[-96.693340754020284,40.817462693709984],[-96.693344699272686,40.81745934110517],[-96.693348631623408,40.817455980229994],[-96.693352550680018,40.817452610832802],[-96.69335645605004,40.817449232662064],[-96.693360347341056,40.817445845466189],[-96.693364224160604,40.817442448993617],[-96.693368086116237,40.817439042992767],[-96.693371932815509,40.817435627212035],[-96.693375763865959,40.817432201399882],[-96.693377494812012,40.817430645475305],[-96.693379579796101,40.817428765758663],[-96.693383385002889,40.817425322443867],[-96.693387180168841,40.817421871846733],[-96.693390965359612,40.817418414058203],[-96.693394740640841,40.817414949169482],[-96.693398506078125,40.817411477271527],[-96.693402261737106,40.817407998455494],[-96.693406007683421,40.817404512812345],[-96.693409743982684,40.817401020433202],[-96.693413470700548,40.817397521409163],[-96.693417187902611,40.817394015831255],[-96.693420895654512,40.817390503790556],[-96.693424594021891,40.817386985378114],[-96.693428283070361,40.817383460685036],[-96.693431962865574,40.817379929802357],[-96.693435633473129,40.817376392821146],[-96.693439294958665,40.817372849832523],[-96.693442947387823,40.817369300927474],[-96.693446590826198,40.817365746197062],[-96.693450225339475,40.817362185732428],[-96.693453850993222,40.817358619624628],[-96.693457467853108,40.817355047964661],[-96.693461075984743,40.817351470843661],[-96.693464675453768,40.817347888352671],[-96.693468266325809,40.817344300582768],[-96.693471848666491,40.817340707624972],[-96.693475422541439,40.817337109570396],[-96.693478988016281,40.817333506510131],[-96.693482545156641,40.817329898535156],[-96.693486094028174,40.817326285736613],[-96.69348963469649,40.81732266820557],[-96.693493167227203,40.81731904603302],[-96.693496691685979,40.817315419310127],[-96.693500208138403,40.817311788127874],[-96.693503716650142,40.81730815257739],[-96.693507217286793,40.817304512749701],[-96.693510710114012,40.817300868735892],[-96.693514195197409,40.817297220627005],[-96.693517672602638,40.81729356851416],[-96.693521142395298,40.817289912488363],[-96.693524604641027,40.817286252640734],[-96.693528059405452,40.817282589062273],[-96.693531506754212,40.817278921844128],[-96.693534946752933,40.817275251077305],[-96.693538379467228,40.817271576852896],[-96.693541804962749,40.817267899261978],[-96.693545223305122,40.817264218395572],[-96.693548634559946,40.81726053434479],[-96.693552038792888,40.817256847200674],[-96.693555436069559,40.81725315705431],[-96.693558826455586,40.817249463996745],[-96.693562210016594,40.817245768119058],[-96.693565586818238,40.817242069512325],[-96.693568956926114,40.81723836826756],[-96.693572320405863,40.817234664475897],[-96.693575677323125,40.817230958228365],[-96.693578660488143,40.817227656596174],[-96.693579027772728,40.817227249613872],[-96.693582374631703,40.817223538472234],[-96.693585719509613,40.81721982459451],[-96.693589062034391,40.817216107889642],[-96.693592401833996,40.817212388266547],[-96.693595738536388,40.817208665634126],[-96.69359907176954,40.817204939901245],[-96.693602401161371,40.81720121097689],[-96.693605726339868,40.817197478769877],[-96.693609046932963,40.817193743189179],[-96.693612362568629,40.817190004143661],[-96.693615672874799,40.817186261542275],[-96.69361897747946,40.817182515293908],[-96.693622276010544,40.817178765307375],[-96.69362556809601,40.817175011491727],[-96.693628853363819,40.817171253755824],[-96.69363213144193,40.817167492008544],[-96.693635401958289,40.81716372615881],[-96.693638664540856,40.817159956115525],[-96.69364191881759,40.817156181787603],[-96.693645164416452,40.817152403083931],[-96.693648400965387,40.817148619913446],[-96.693651628092354,40.817144832185022],[-96.693654845425314,40.817141039807609],[-96.693658052592212,40.817137242690052],[-96.693661249221023,40.81713344074133],[-96.693664434939691,40.817129633870309],[-96.693667609376178,40.817125821985897],[-96.693670772158427,40.81712200499701],[-96.693673922914414,40.817118182812543],[-96.693677061272084,40.817114355341417],[-96.693680186859396,40.81711052249252],[-96.693683299304311,40.817106684174817],[-96.693686398234789,40.817102840297139],[-96.693689483278774,40.817098990768436],[-96.693692554064214,40.817095135497574],[-96.693695610219109,40.817091274393547],[-96.693698651371378,40.8170874073652],[-96.693701677148979,40.817083534321419],[-96.693704687179903,40.817079655171163],[-96.693707681092064,40.817075769823305],[-96.693710658513439,40.817071878186781],[-96.693713619072014,40.817067980170457],[-96.693716562395693,40.817064075683291],[-96.693719488112478,40.817060164634178],[-96.693722395850315,40.817056246931983],[-96.693725285237136,40.817052322485679],[-96.693728155900928,40.817048391204125],[-96.693731007469651,40.817044452996228],[-96.693733839571237,40.81704050777094],[-96.693736651833675,40.817036555437134],[-96.693739443884894,40.817032595903719],[-96.693742215352884,40.817028629079608],[-96.693744957447052,40.817024667095922],[-96.693744965865548,40.81702465487372],[-96.693747693822957,40.817020671803647],[-96.69375039822043,40.817016678628846],[-96.693753079553844,40.81701267559454],[-96.693755738319084,40.817008662945874],[-96.69375837501201,40.817004640928069],[-96.693760990128482,40.817000609786291],[-96.693763584164373,40.816996569765692],[-96.69376615761557,40.816992521111523],[-96.69376871097792,40.816988464068928],[-96.693771244747282,40.816984398883079],[-96.693773759419571,40.8169803257992],[-96.693776255490619,40.816976245062428],[-96.693778733456313,40.81697215691797],[-96.693781193812512,40.816968061611028],[-96.693783637055091,40.816963959386754],[-96.693786063679909,40.816959850490356],[-96.693788474182838,40.816955735166978],[-96.693790869059754,40.816951613661864],[-96.693793248806514,40.816947486220172],[-96.693795613918994,40.816943353087041],[-96.693797964893065,40.816939214507748],[-96.693800302224602,40.816935070727382],[-96.69380262640945,40.816930921991194],[-96.693804937943511,40.816926768544313],[-96.693807237322616,40.816922610631984],[-96.693809525042653,40.816918448499329],[-96.69381180159948,40.816914282391558],[-96.693814067488972,40.81691011255387],[-96.693816323207002,40.816905939231418],[-96.693818569249444,40.816901762669396],[-96.693820806112143,40.816897583113004],[-96.693823034290972,40.816893400807409],[-96.693825254281805,40.81688921599779],[-96.693827466580515,40.816885028929349],[-96.693829671682963,40.816880839847251],[-96.69383187008502,40.816876648996661],[-96.693834062282534,40.816872456622797],[-96.69383624877139,40.816868262970864],[-96.69383843004745,40.816864068285973],[-96.693840606606599,40.81685987281336],[-96.693842778944671,40.816855676798198],[-96.693844947557565,40.816851480485639],[-96.693847112941128,40.81684728412089],[-96.693849275591234,40.816843087949152],[-96.693851436003726,40.816838892215578],[-96.693853594674508,40.816834697165376],[-96.69385575209941,40.81683050304369],[-96.693857908774334,40.816826310095763],[-96.693860065195125,40.816822118566733],[-96.693860292434707,40.816821676974527],[-96.693862221404032,40.81681792739915],[-96.69386437664545,40.816813734722878],[-96.693866530444822,40.816809540463119],[-96.693868682332152,40.816805344562525],[-96.693870831837373,40.816801146963854],[-96.693872978490475,40.81679694760976],[-96.693875121821407,40.816792746442928],[-96.693877261360143,40.816788543406133],[-96.69387939663666,40.816784338441998],[-96.693881527180935,40.81678013149326],[-96.693883652522914,40.816775922502629],[-96.693885772192587,40.816771711412777],[-96.693887885719917,40.816767498166449],[-96.693889992634851,40.816763282706297],[-96.693892092467394,40.816759064975031],[-96.693894184747506,40.816754844915401],[-96.693896269005151,40.816750622470067],[-96.69389834477029,40.816746397581703],[-96.693900411572898,40.816742170193059],[-96.693902468942952,40.816737940246831],[-96.693904516410427,40.816733707685678],[-96.693906553505286,40.816729472452359],[-96.69390857975749,40.816725234489553],[-96.693910594697016,40.816720993739935],[-96.693912597853853,40.816716750146213],[-96.693914588757949,40.816712503651161],[-96.693916566939265,40.816708254197387],[-96.693918531927807,40.816704001727629],[-96.693920483253521,40.816699746184575],[-96.693922420446398,40.816695487510962],[-96.693924343036386,40.816691225649436],[-96.693926250553474,40.816686960542768],[-96.693928142527611,40.816682692133604],[-96.693930018488786,40.81667842036466],[-96.693931877966975,40.816674145178624],[-96.693933720492154,40.816669866518275],[-96.693935545594272,40.816665584326202],[-96.693937352803331,40.816661298545178],[-96.693939141649281,40.816657009117876],[-96.693940911662082,40.816652715987033],[-96.69394266237174,40.816648419095308],[-96.693944393308215,40.816644118385412],[-96.693946104001469,40.816639813800087],[-96.693947793981479,40.81663550528198],[-96.693949462778235,40.816631192773805],[-96.693951109921684,40.816626876218294],[-96.693952734941831,40.816622555558155],[-96.693954169750214,40.816618686231998],[-96.693954337379608,40.816618230729212],[-96.693955918105004,40.816613900984208],[-96.693957478128809,40.816609565938784],[-96.693959017773651,40.816605225724693],[-96.693960537362173,40.816600880473608],[-96.693962037216977,40.816596530317277],[-96.693963517660677,40.816592175387399],[-96.693964979015945,40.816587815815652],[-96.693966421605339,40.816583451733777],[-96.693967845751544,40.816579083273474],[-96.693969251777133,40.816574710566435],[-96.69397064000475,40.816570333744401],[-96.693972010757022,40.816565952939037],[-96.693973364356566,40.816561568282104],[-96.693974701126024,40.816557179905296],[-96.693976021387982,40.816552787940267],[-96.693977325465099,40.816548392518769],[-96.693978613679974,40.816543993772569],[-96.693979886355223,40.816539591833305],[-96.693981143813488,40.816535186832652],[-96.6939823863774,40.81653077890239],[-96.693983614369557,40.816526368174188],[-96.693984828112605,40.816521954779766],[-96.693986027929142,40.816517538850867],[-96.693987214141785,40.816513120519183],[-96.69398838707319,40.816508699916355],[-96.693989547045959,40.81650427717414],[-96.69399069438272,40.816499852424265],[-96.693991829406087,40.816495425798436],[-96.693992952438691,40.816490997428339],[-96.693994063803146,40.816486567445665],[-96.69399516382208,40.816482135982199],[-96.69399625281811,40.816477703169582],[-96.693997331113849,40.816473269139507],[-96.693998399031926,40.816468834023738],[-96.693999456894971,40.816464397953986],[-96.694000505025613,40.816459961061902],[-96.694001543746438,40.81645552347922],[-96.694002573380104,40.816451085337675],[-96.69400359424921,40.816446646768938],[-96.694004606676387,40.81644220790475],[-96.694005610984249,40.816437768876796],[-96.69400660749541,40.816433329816775],[-96.694007596532515,40.816428890856429],[-96.694008578418178,40.816424452127414],[-96.694009553474999,40.816420013761501],[-96.694010496139526,40.816415694868326],[-96.694010522021799,40.816415575889259],[-96.694011478801727,40.816411137035239],[-96.694012419143093,40.816406695839106],[-96.694013343409281,40.816402252366075],[-96.694014251963708,40.816397806681579],[-96.694015145169743,40.81639335885086],[-96.694016023390816,40.816388908939217],[-96.694016886990283,40.816384457012035],[-96.694017736331574,40.816380003134533],[-96.694018571778074,40.816375547372154],[-96.694019393693168,40.816371089790103],[-96.694020202440271,40.816366630453743],[-96.694020998382769,40.816362169428359],[-96.694021781884032,40.816357706779279],[-96.694022553307519,40.816353242571815],[-96.694023313016558,40.816348776871287],[-96.694024061374591,40.816344309743016],[-96.694024798745005,40.816339841252287],[-96.694025525491156,40.816335371464469],[-96.694026241976488,40.816330900444811],[-96.694026948564385,40.81632642825867],[-96.69402764561822,40.816321954971329],[-96.694028333501407,40.816317480648145],[-96.694029012577346,40.816313005354388],[-96.694029683209408,40.816308529155393],[-96.694030345761007,40.816304052116479],[-96.69403100059553,40.816299574302924],[-96.694031648076376,40.816295095780113],[-96.69403228856693,40.816290616613244],[-96.694032922430594,40.816286136867767],[-96.694033550030753,40.816281656608901],[-96.694034171730834,40.816277175901995],[-96.694034787894182,40.816272694812383],[-96.694035398884225,40.816268213405337],[-96.694036005064348,40.816263731746176],[-96.694036606797923,40.816259249900234],[-96.694037204448378,40.816254767932833],[-96.6940377983791,40.816250285909248],[-96.694038388953459,40.816245803894823],[-96.694038976534856,40.816241321954855],[-96.694039561486704,40.816236840154666],[-96.694040144172376,40.816232358559589],[-96.694040724955272,40.816227877234901],[-96.694041304198805,40.816223396245924],[-96.694041882266333,40.816218915657977],[-96.694042459521256,40.816214435536367],[-96.694042682647705,40.816212702883547],[-96.694043037550998,40.816209955668867],[-96.694043620863795,40.816205475017206],[-96.694044208839358,40.816200993502633],[-96.694044800332875,40.816196511155823],[-96.69404539419952,40.816192028007514],[-96.694045989294509,40.816187544088422],[-96.694046584473014,40.816183059429278],[-96.694047178590239,40.816178574060764],[-96.694047770501356,40.816174088013632],[-96.694048359061568,40.816169601318599],[-96.694048943126077,40.816165114006381],[-96.694049521550056,40.81616062610771],[-96.694050093188693,40.816156137653273],[-96.694050656897204,40.816151648673859],[-96.694051211530763,40.816147159200128],[-96.694051755944571,40.816142669262767],[-96.694052288993802,40.816138178892601],[-96.694052809533687,40.816133688120289],[-96.694053316419385,40.816129196976547],[-96.694053808506112,40.816124705492101],[-96.694054284649042,40.816120213697658],[-96.694054743703376,40.816115721623994],[-96.694055184524331,40.816111229301768],[-96.69405560596708,40.81610673676176],[-96.694056006886811,40.816102244034631],[-96.694056386138755,40.816097751151126],[-96.69405674257807,40.816093258141976],[-96.694057075059973,40.816088765037897],[-96.694057382439652,40.816084271869592],[-96.694057663572309,40.816079778667806],[-96.694057917313145,40.816075285463235],[-96.694058142517349,40.816070792286624],[-96.694058338040122,40.816066299168675],[-96.694058502736667,40.816061806140141],[-96.69405863546217,40.816057313231674],[-96.694058735071849,40.81605282047407],[-96.694058775901794,40.816050308848467],[-96.694058796097053,40.816048327815345],[-96.694058786789626,40.816043834658537],[-96.694058706173621,40.816039340921463],[-96.694058560614849,40.81603484665591],[-96.694058356479061,40.816030351913682],[-96.694058100132054,40.816025856746599],[-96.694057797939564,40.816021361206424],[-96.694057456267373,40.816016865344999],[-96.694057081481262,40.8160123692141],[-96.694056679946954,40.816007872865541],[-96.694056258030258,40.816003376351119],[-96.6940558220969,40.815998879722635],[-96.694055378512644,40.815994383031857],[-96.694054933643258,40.815989886330655],[-96.69405449385448,40.815985389670786],[-96.694054065512077,40.815980893104026],[-96.694053654981801,40.815976396682238],[-96.694053268629389,40.8159719004572],[-96.694052912820609,40.815967404480695],[-96.694052740931497,40.815965051820896]]}}]}
