{
"type": "FeatureCollection",
"name": "maneuverPaths",
"crs": { "type": "name", "properties": { "name": "urn:ogc:def:crs:OGC:1.3:CRS84" } },
"features": [
{ "type": "Feature", "properties": { "point_a": 1, "point_b": 2, "trip": 1, "route": "parking_start", "status": "corrected", "mode": "reviewed_spatial_assumption" }, "geometry": { "type": "LineString", "coordinates": [ [ -96.689402796328096, 40.811143041390103 ], [ -96.68940279343289, 40.811143070900734 ], [ -96.68940266305458, 40.811144414516654 ], [ -96.689402535286277, 40.811145758130742 ], [ -96.689402410799616, 40.811147101716919 ], [ -96.689402290266145, 40.811148445248989 ], [ -96.689402174357255, 40.811149788700909 ], [ -96.68940206374424, 40.811151132046547 ], [ -96.689401959098319, 40.811152475259725 ], [ -96.689401861090644, 40.811153818314345 ], [ -96.689401770392351, 40.81115516118431 ], [ -96.689401687674604, 40.811156503843428 ], [ -96.689401613608553, 40.811157846265601 ], [ -96.689401548865405, 40.811159188424689 ], [ -96.689401494116481, 40.811160530294572 ], [ -96.689401450033216, 40.811161871849137 ], [ -96.689401417287158, 40.811163213062279 ], [ -96.689401396550053, 40.811164553907879 ], [ -96.68940138849382, 40.81116589435986 ], [ -96.689401393790632, 40.811167234392173 ], [ -96.689401413112861, 40.811168573978726 ], [ -96.689401447133179, 40.81116991309348 ], [ -96.689401496524553, 40.811171251710412 ], [ -96.689401561960267, 40.811172589803505 ], [ -96.689401644113872, 40.811173927346765 ], [ -96.689401743659332, 40.811175264314215 ], [ -96.689401861270909, 40.811176600679929 ], [ -96.68940199762325, 40.811177936417906 ], [ -96.68940215339137, 40.811179271502297 ], [ -96.689402329250584, 40.811180605907175 ], [ -96.689402525876645, 40.811181939606691 ], [ -96.689402743945607, 40.811183272574972 ], [ -96.689402971485364, 40.811184561665286 ], [ -96.689403211571118, 40.811185851737655 ], [ -96.689403464698927, 40.811187142391923 ], [ -96.689403731364735, 40.811188433227869 ], [ -96.689404012064244, 40.811189723845359 ], [ -96.689404307293046, 40.811191013844159 ], [ -96.689404617546771, 40.811192302824061 ], [ -96.689404943320966, 40.811193590384924 ], [ -96.689405285111306, 40.811194876126514 ], [ -96.689405643413565, 40.811196159648631 ], [ -96.689406018723659, 40.811197440551126 ], [ -96.689406411537689, 40.811198718433843 ], [ -96.689406822352041, 40.811199992896576 ], [ -96.689407251663354, 40.811201263539225 ], [ -96.689407699968584, 40.811202529961662 ], [ -96.689408167765009, 40.811203791763795 ], [ -96.689408655550281, 40.811205048545553 ], [ -96.689409163822447, 40.811206299906821 ], [ -96.689409693079938, 40.811207545447623 ], [ -96.689410243821555, 40.811208784767935 ], [ -96.689410816546541, 40.811210017467744 ], [ -96.689411411754534, 40.811211243147106 ], [ -96.689412029945558, 40.811212461406058 ], [ -96.689412671620005, 40.811213671844669 ], [ -96.689413337278651, 40.811214874063062 ], [ -96.689414027422544, 40.811216067661341 ], [ -96.689414742553041, 40.811217252239601 ], [ -96.689415483171729, 40.811218427398018 ], [ -96.689416249780407, 40.811219592736762 ], [ -96.689417063544511, 40.811220781846735 ], [ -96.689417899899965, 40.81122196170552 ], [ -96.689418758243605, 40.811223132417197 ], [ -96.689419637971852, 40.811224294085747 ], [ -96.689420538480604, 40.811225446815243 ], [ -96.689421459165374, 40.811226590709659 ], [ -96.689422399421218, 40.811227725872946 ], [ -96.689423358642827, 40.811228852409052 ], [ -96.689424336224533, 40.811229970421884 ], [ -96.689425331560301, 40.811231080015375 ], [ -96.689426344043824, 40.811232181293406 ], [ -96.689427373068511, 40.811233274359807 ], [ -96.689428418027546, 40.81123435931849 ], [ -96.689429478313954, 40.811235436273286 ], [ -96.689430553320634, 40.811236505327997 ], [ -96.68943164244034, 40.81123756658652 ], [ -96.689432745065815, 40.811238620152636 ], [ -96.689433860589858, 40.811239666130227 ], [ -96.689434988405239, 40.811240704623089 ], [ -96.689436127904969, 40.811241735735081 ], [ -96.689437278482075, 40.811242759570057 ], [ -96.689438439529965, 40.811243776231883 ], [ -96.689439610632647, 40.811244785835235 ], [ -96.689440791940768, 40.811245788526847 ], [ -96.689441982948537, 40.811246784416333 ], [ -96.689443183075198, 40.811247773608997 ], [ -96.689444391739997, 40.811248756210205 ], [ -96.689445608362149, 40.811249732325251 ], [ -96.6894468323609, 40.811250702059503 ], [ -96.689448063155496, 40.811251665518284 ], [ -96.689449300165151, 40.811252622806919 ], [ -96.689450542809141, 40.811253574030744 ], [ -96.689451790506652, 40.81125451929509 ], [ -96.689453042676959, 40.811255458705318 ], [ -96.689454298739292, 40.81125639236673 ], [ -96.689455520399605, 40.811257295280868 ], [ -96.689456747273326, 40.811258199020642 ], [ -96.68945797970332, 40.811259102748913 ], [ -96.689459218032525, 40.811260005628533 ], [ -96.689460462603833, 40.811260906822369 ], [ -96.689461713760195, 40.811261805493274 ], [ -96.689462971844492, 40.811262700804122 ], [ -96.689464237199644, 40.811263591917736 ], [ -96.68946551016856, 40.811264477997014 ], [ -96.689466791094176, 40.811265358204736 ], [ -96.689468080319386, 40.811266231703875 ], [ -96.689469378187098, 40.811267097657208 ], [ -96.689470685040249, 40.811267955227621 ], [ -96.689472001221731, 40.811268803577967 ], [ -96.689473327074452, 40.811269641871107 ], [ -96.68947466294135, 40.811270469269893 ], [ -96.689476009165318, 40.811271284937185 ], [ -96.689477366089278, 40.811272088035842 ], [ -96.689478734056124, 40.811272877728726 ], [ -96.689480113408806, 40.811273653178695 ], [ -96.689481504490189, 40.811274413548603 ], [ -96.689482907643239, 40.811275158001294 ], [ -96.68948432321082, 40.811275885699644 ], [ -96.689485751535869, 40.811276595806518 ], [ -96.68948719296128, 40.811277287484749 ], [ -96.689488647830004, 40.811277959897218 ], [ -96.689490116479959, 40.811278612527445 ], [ -96.689491599249095, 40.811279244861964 ], [ -96.689493096480575, 40.811279856046681 ], [ -96.689494608517563, 40.811280445228128 ], [ -96.689496135703195, 40.811281011553611 ], [ -96.689497678380647, 40.811281554171181 ], [ -96.689499236893013, 40.811282072229893 ], [ -96.689500811583414, 40.811282564879733 ], [ -96.689502424633801, 40.811283032687967 ], [ -96.689504050680569, 40.811283463706133 ], [ -96.689505689085991, 40.811283859626649 ], [ -96.689507339212312, 40.811284222143215 ], [ -96.689509000421779, 40.811284552950347 ], [ -96.689510672076608, 40.811284853743125 ], [ -96.689512353539044, 40.811285126216902 ], [ -96.68951404417129, 40.811285372066934 ], [ -96.689515743335591, 40.811285592988234 ], [ -96.689517450394177, 40.811285790675385 ], [ -96.68951916470931, 40.811285966822389 ], [ -96.689520885643233, 40.811286123122592 ], [ -96.689522612558235, 40.811286261268499 ], [ -96.68952434481659, 40.811286382951842 ], [ -96.689526081780571, 40.811286489863484 ], [ -96.689527822812508, 40.81128658369343 ], [ -96.689529567274732, 40.81128666613084 ], [ -96.68953131452956, 40.811286738864069 ], [ -96.689533063939351, 40.811286803580707 ], [ -96.689534814866462, 40.811286861967702 ], [ -96.689536566673254, 40.811286915711385 ], [ -96.689538318722114, 40.811286966497541 ], [ -96.689540070375415, 40.811287016011676 ], [ -96.68954182099553, 40.811287065938899 ], [ -96.689543569944874, 40.811287117964227 ], [ -96.689545316585793, 40.811287173772612 ], [ -96.689547060280731, 40.81128723504915 ], [ -96.689548800392032, 40.811287303479141 ], [ -96.689550536282098, 40.811287380748233 ], [ -96.689552267313275, 40.811287468542595 ], [ -96.689553992847948, 40.811287568549041 ], [ -96.689555736906669, 40.811287674649378 ], [ -96.689557481205597, 40.811287777006378 ], [ -96.689559225738876, 40.811287875697857 ], [ -96.68956097050075, 40.811287970801615 ], [ -96.689562715485422, 40.811288062395413 ], [ -96.689564460687052, 40.811288150557054 ], [ -96.689566206099883, 40.811288235364302 ], [ -96.689567951718104, 40.81128831689491 ], [ -96.689569697535902, 40.81128839522669 ], [ -96.689571443547493, 40.811288470437347 ], [ -96.689573189747065, 40.811288542604636 ], [ -96.689574936128835, 40.811288611806276 ], [ -96.689576682687004, 40.811288678120022 ], [ -96.689578429415775, 40.811288741623535 ], [ -96.68958017630932, 40.811288802394564 ], [ -96.689581923361885, 40.811288860510793 ], [ -96.689583670567643, 40.811288916049854 ], [ -96.68958541792081, 40.811288969089503 ], [ -96.689587165415574, 40.811289019707338 ], [ -96.689588913046165, 40.811289067981029 ], [ -96.689590660806743, 40.811289113988259 ], [ -96.689592408691567, 40.81128915780662 ], [ -96.689594156694781, 40.811289199513745 ], [ -96.689595904810645, 40.811289239187282 ], [ -96.689597653033331, 40.811289276904859 ], [ -96.689599401357043, 40.81128931274408 ], [ -96.689601149775982, 40.811289346782523 ], [ -96.689602898284377, 40.811289379097829 ], [ -96.68960464687639, 40.811289409767632 ], [ -96.689606395546264, 40.811289438869466 ], [ -96.689608144288172, 40.811289466480986 ], [ -96.689609893096346, 40.811289492679748 ], [ -96.689611641964973, 40.811289517543358 ], [ -96.689613390888255, 40.81128954114947 ], [ -96.689615139860408, 40.811289563575656 ], [ -96.689616888875619, 40.811289584899484 ], [ -96.689618637928106, 40.811289605198617 ], [ -96.68962038701207, 40.811289624550632 ], [ -96.689622136121713, 40.81128964303317 ], [ -96.689623885251237, 40.811289660723865 ], [ -96.689625634394858, 40.811289677700323 ], [ -96.689627383546764, 40.811289694040177 ], [ -96.689628772437601, 40.811289706627697 ] ] } },
{ "type": "Feature", "properties": { "point_a": 123, "point_b": 124, "trip": 2, "route": "parking_start", "status": "corrected", "mode": "reviewed_spatial_assumption" }, "geometry": { "type": "LineString", "coordinates": [ [ -96.689400784671307, 40.811153710308503 ], [ -96.689400779100339, 40.811153781674335 ], [ -96.689400681925079, 40.811155124163733 ], [ -96.68940059405746, 40.811156466493173 ], [ -96.68940051613589, 40.811157808635379 ], [ -96.689400448798835, 40.811159150563029 ], [ -96.689400392684817, 40.811160492248824 ], [ -96.689400348432528, 40.811161833665459 ], [ -96.689400316680874, 40.811163174785683 ], [ -96.68940029806906, 40.811164515582213 ], [ -96.689400293236659, 40.811165856027763 ], [ -96.689400302823628, 40.811167196095134 ], [ -96.689400327470423, 40.811168535757105 ], [ -96.689400367818109, 40.811169874986483 ], [ -96.689400424508236, 40.811171213756104 ], [ -96.689400498183119, 40.811172552038833 ], [ -96.6894005894857, 40.811173889807577 ], [ -96.689400699059718, 40.811175227035271 ], [ -96.689400827549676, 40.811176563694886 ], [ -96.689400975600918, 40.8111778997594 ], [ -96.689401143859627, 40.811179235201891 ], [ -96.689401332972849, 40.811180569995429 ], [ -96.689401543588488, 40.811181904113134 ], [ -96.689401776355353, 40.811183237528184 ], [ -96.689402018761328, 40.811184527076918 ], [ -96.689402274336715, 40.811185817632968 ], [ -96.689402543548795, 40.811187108795181 ], [ -96.68940282686404, 40.811188400162301 ], [ -96.689403124748196, 40.811189691333155 ], [ -96.689403437666527, 40.811190981906421 ], [ -96.689403766083842, 40.811192271480827 ], [ -96.689404110464736, 40.811193559655102 ], [ -96.689404471273633, 40.811194846027938 ], [ -96.689404848974959, 40.811196130197999 ], [ -96.689405244033239, 40.811197411764041 ], [ -96.689405656913209, 40.811198690324758 ], [ -96.689406088079934, 40.811199965478885 ], [ -96.689406537998906, 40.811201236825148 ], [ -96.689407007136154, 40.811202503962328 ], [ -96.68940749595825, 40.811203766489221 ], [ -96.689408004932488, 40.811205024004686 ], [ -96.689408534526834, 40.811206276107534 ], [ -96.689409085210102, 40.811207522396685 ], [ -96.689409657451904, 40.811208762471075 ], [ -96.689410251722691, 40.811209995929666 ], [ -96.689410868493852, 40.81121122237149 ], [ -96.689411508237569, 40.811212441395575 ], [ -96.689412171426937, 40.811213652601019 ], [ -96.689412858535945, 40.811214855586954 ], [ -96.689413570039321, 40.811216049952549 ], [ -96.689414306412573, 40.811217235296979 ], [ -96.689415068131893, 40.8112184112195 ], [ -96.689415855674056, 40.811219577319363 ], [ -96.689416690772461, 40.811220767208319 ], [ -96.689417548226416, 40.811221947840821 ], [ -96.689418427405016, 40.811223119319948 ], [ -96.68941932767649, 40.811224281748736 ], [ -96.689420248408112, 40.811225435230199 ], [ -96.689421188966293, 40.811226579867238 ], [ -96.689422148716588, 40.811227715762818 ], [ -96.689423127023687, 40.811228843019784 ], [ -96.689424123251513, 40.811229961740956 ], [ -96.689425136763234, 40.811231072029173 ], [ -96.689426166921351, 40.811232173987207 ], [ -96.689427213087697, 40.811233267717789 ], [ -96.689428274623609, 40.811234353323663 ], [ -96.689429350889938, 40.811235430907502 ], [ -96.689430441247112, 40.811236500571987 ], [ -96.689431545055314, 40.811237562419819 ], [ -96.689432661674502, 40.811238616553617 ], [ -96.689433790464534, 40.811239663076108 ], [ -96.689434930785268, 40.811240702089876 ], [ -96.689436081996703, 40.811241733697599 ], [ -96.689437243459054, 40.811242758001967 ], [ -96.689438414532844, 40.81124377510568 ], [ -96.689439594579113, 40.811244785111398 ], [ -96.689440782959466, 40.811245788121902 ], [ -96.689441979036218, 40.811246784239934 ], [ -96.689443182172525, 40.811247773568304 ], [ -96.689444391739855, 40.811248756212009 ], [ -96.689445608339838, 40.811249732628823 ], [ -96.689446832279145, 40.811250703171936 ], [ -96.689448062978073, 40.811251667932041 ], [ -96.689449299856975, 40.811252626999647 ], [ -96.689450542336175, 40.811253580465092 ], [ -96.689451789836042, 40.811254528418466 ], [ -96.689453041776929, 40.811255470949703 ], [ -96.689454297579246, 40.811256408148502 ], [ -96.689455518958781, 40.811257314882752 ], [ -96.689456745523557, 40.811258222825188 ], [ -96.689457977617309, 40.811259131127855 ], [ -96.689459215583781, 40.811260038942301 ], [ -96.68946045976675, 40.811260945419484 ], [ -96.689461710510031, 40.811261849709936 ], [ -96.6894629681575, 40.811262750963685 ], [ -96.689464233053016, 40.811263648330403 ], [ -96.689465505540497, 40.811264540959506 ], [ -96.689466785963887, 40.811265427999956 ], [ -96.689468074667076, 40.811266308600715 ], [ -96.689469371994079, 40.811267181910381 ], [ -96.689470678288814, 40.811268047077576 ], [ -96.689471993895282, 40.811268903250763 ], [ -96.689473319157429, 40.811269749578443 ], [ -96.689474654419243, 40.811270585209193 ], [ -96.689476000024655, 40.811271409291585 ], [ -96.689477356317639, 40.811272220974438 ], [ -96.689478723642111, 40.811273019406691 ], [ -96.689480102341989, 40.811273803737549 ], [ -96.689481492761189, 40.811274573116449 ], [ -96.689482895243572, 40.81127532669317 ], [ -96.689484310132968, 40.811276063617846 ], [ -96.689485737773239, 40.811276783040981 ], [ -96.689487178508145, 40.811277484113418 ], [ -96.68948863268146, 40.811278165986522 ], [ -96.689490100636903, 40.811278827812004 ], [ -96.68949158271819, 40.811279468742093 ], [ -96.689493079268956, 40.811280087929418 ], [ -96.689494590632847, 40.811280684527112 ], [ -96.689496117153453, 40.811281257688684 ], [ -96.68949765917435, 40.811281806568111 ], [ -96.689499217039057, 40.811282330319735 ], [ -96.689500791091092, 40.8112828280983 ], [ -96.689502403505116, 40.811283300527954 ], [ -96.689504028928653, 40.81128373557975 ], [ -96.689505666723988, 40.811284134957276 ], [ -96.689507316253511, 40.811284500363001 ], [ -96.689508976879694, 40.811284833498178 ], [ -96.689510647965079, 40.811285136062963 ], [ -96.689512328872325, 40.811285409756351 ], [ -96.689514018964118, 40.811285656276141 ], [ -96.6895157176033, 40.811285877319115 ], [ -96.689517424152712, 40.811286074581041 ], [ -96.68951913797531, 40.811286249756776 ], [ -96.689520858434079, 40.81128640454034 ], [ -96.689522584892103, 40.811286540624977 ], [ -96.689524316712479, 40.811286659703384 ], [ -96.689526053258319, 40.81128676346767 ], [ -96.689527793892836, 40.811286853609566 ], [ -96.689529537979197, 40.81128693182049 ], [ -96.689531284880616, 40.811286999791676 ], [ -96.689533033960316, 40.811287059214266 ], [ -96.689534784581497, 40.811287111779507 ], [ -96.689536536107383, 40.81128715917869 ], [ -96.689538287901115, 40.811287203103397 ], [ -96.689540039325891, 40.811287245245538 ], [ -96.689541789744823, 40.811287287297397 ], [ -96.689543538521008, 40.811287330951821 ], [ -96.689545285017516, 40.81128737790214 ], [ -96.689547028597332, 40.811287429842302 ], [ -96.689548768623439, 40.811287488466917 ], [ -96.689550504458722, 40.811287555471282 ], [ -96.689552235466081, 40.811287632551299 ], [ -96.689553961008301, 40.811287721403595 ], [ -96.689555705107168, 40.811287815756451 ], [ -96.689557449479565, 40.81128790589738 ], [ -96.689559194120406, 40.81128799190823 ], [ -96.68956093902456, 40.811288073870784 ], [ -96.689562684186967, 40.81128815186684 ], [ -96.689563728869004, 40.811288196286007 ] ] } },
{ "type": "Feature", "properties": { "point_a": 251, "point_b": 252, "trip": 3, "route": "parking_start", "status": "corrected", "mode": "reviewed_spatial_assumption" }, "geometry": { "type": "LineString", "coordinates": [ [ -96.689401119947505, 40.811161556704185 ], [ -96.689401105979883, 40.811161896267762 ], [ -96.689401062515699, 40.811163236834226 ], [ -96.68940103200282, 40.811164577035285 ], [ -96.689401015090539, 40.81116591684512 ], [ -96.689401012428405, 40.811167256237979 ], [ -96.689401024666353, 40.81116859518805 ], [ -96.689401052454642, 40.811169933669575 ], [ -96.689401096444001, 40.811171271656789 ], [ -96.68940115728563, 40.81117260912395 ], [ -96.689401235631266, 40.811173946045301 ], [ -96.689401332133173, 40.811175282395126 ], [ -96.68940144744424, 40.811176618147734 ], [ -96.689401582217954, 40.811177953277387 ], [ -96.689401737108483, 40.811179287758449 ], [ -96.689401912770634, 40.811180621565235 ], [ -96.689402109859913, 40.811181954672094 ], [ -96.68940232903249, 40.811183287053403 ], [ -96.689402558230753, 40.811184575581542 ], [ -96.689402800540066, 40.811185865097137 ], [ -96.68940305643919, 40.811187155200415 ], [ -96.689403326406136, 40.811188445491602 ], [ -96.689403610918163, 40.811189735570991 ], [ -96.689403910451986, 40.811191025038724 ], [ -96.689404225483784, 40.811192313495013 ], [ -96.68940455648945, 40.811193600540093 ], [ -96.689404903944606, 40.811194885774086 ], [ -96.68940526832472, 40.81119616879721 ], [ -96.689405650105229, 40.811197449209615 ], [ -96.689406049761601, 40.811198726611522 ], [ -96.689406467769473, 40.811200000603073 ], [ -96.689406904604709, 40.811201270784494 ], [ -96.689407360743445, 40.81120253675595 ], [ -96.689407836662227, 40.811203798117681 ], [ -96.689408332838013, 40.811205054469873 ], [ -96.689408849748318, 40.811206305412753 ], [ -96.689409387871109, 40.811207550546584 ], [ -96.689409947685007, 40.811208789471621 ], [ -96.689410529669203, 40.811210021788106 ], [ -96.689411134303597, 40.811211247096352 ], [ -96.68941176206863, 40.811212464996629 ], [ -96.689412413445467, 40.811213675089277 ], [ -96.689413088915856, 40.811214876974624 ], [ -96.689413788962156, 40.811216070253003 ], [ -96.689414514067323, 40.811217254524784 ], [ -96.689415264714768, 40.81121842939033 ], [ -96.689416041388412, 40.811219594450023 ], [ -96.689416865525757, 40.811220783287638 ], [ -96.689417712252009, 40.811221962889292 ], [ -96.68941858094442, 40.811223133359306 ], [ -96.68941947097963, 40.811224294801988 ], [ -96.689420381733598, 40.811225447321689 ], [ -96.6894213125817, 40.811226591022638 ], [ -96.689422262898631, 40.811227726009129 ], [ -96.689423232058516, 40.811228852385419 ], [ -96.689424219434898, 40.811229970255745 ], [ -96.689425224400736, 40.811231079724372 ], [ -96.689426246328509, 40.81123218089548 ], [ -96.689427284590252, 40.811233273873285 ], [ -96.689428338557505, 40.811234358761986 ], [ -96.689429407601537, 40.811235435665793 ], [ -96.689430491093304, 40.811236504688857 ], [ -96.689431588403494, 40.811237565935365 ], [ -96.689432698902721, 40.811238619509503 ], [ -96.68943382196143, 40.811239665515423 ], [ -96.689434956950151, 40.811240704057319 ], [ -96.689436103239458, 40.811241735239349 ], [ -96.689437260200108, 40.811242759165694 ], [ -96.689438427203157, 40.811243775940561 ], [ -96.689439603619988, 40.811244785668087 ], [ -96.689440788822466, 40.811245788452524 ], [ -96.68944198218297, 40.81124678439808 ], [ -96.689443183075255, 40.811247773608152 ], [ -96.68944439181611, 40.811248755005678 ], [ -96.689445608655703, 40.811249727680128 ], [ -96.689446833008873, 40.811250691806229 ], [ -96.689448064290403, 40.811251647559608 ], [ -96.689449301915076, 40.811252595116805 ], [ -96.689450545297504, 40.811253534655201 ], [ -96.689451793852385, 40.811254466353006 ], [ -96.689453046994259, 40.811255390389178 ], [ -96.689454304137698, 40.811256306943299 ], [ -96.689455526948635, 40.811257191650228 ], [ -96.689456755073124, 40.811258075597877 ], [ -96.689457988850648, 40.811258958003002 ], [ -96.689459228620592, 40.811259838084759 ], [ -96.689460474722111, 40.811260715064634 ], [ -96.689461727494333, 40.811261588166161 ], [ -96.689462987276215, 40.811262456614678 ], [ -96.68946425440663, 40.811263319637042 ], [ -96.689465529224307, 40.811264176461584 ], [ -96.689466812068034, 40.811265026317535 ], [ -96.689468103276397, 40.811265868435179 ], [ -96.68946940318807, 40.811266702045216 ], [ -96.689470712141613, 40.811267526378863 ], [ -96.689472030475656, 40.811268340667375 ], [ -96.689473358528758, 40.811269144141932 ], [ -96.68947469663955, 40.811269936033398 ], [ -96.689476045146662, 40.811270715572121 ], [ -96.689477404388825, 40.81127148198771 ], [ -96.689478774704767, 40.811272234508856 ], [ -96.689480156433305, 40.811272972363106 ], [ -96.689481549913353, 40.81127369477683 ], [ -96.689482955483882, 40.811274400974924 ], [ -96.689484373483992, 40.811275090180871 ], [ -96.689485804252868, 40.81127576161645 ], [ -96.689487248129808, 40.811276414501762 ], [ -96.689488705454224, 40.811277048055196 ], [ -96.689490176565599, 40.811277661493349 ], [ -96.689491661803601, 40.811278254031073 ], [ -96.689493161507926, 40.811278824881477 ], [ -96.689494676018441, 40.811279373256063 ], [ -96.68949620567507, 40.811279898364745 ], [ -96.689497750817836, 40.811280399416049 ], [ -96.689499311786847, 40.811280875617335 ], [ -96.689500888922254, 40.811281326174978 ], [ -96.689502504433065, 40.811281751187998 ], [ -96.689504132911438, 40.811282139475146 ], [ -96.689505773717968, 40.811282492766978 ], [ -96.689507426212856, 40.811282812799412 ], [ -96.689509089755973, 40.81128310131367 ], [ -96.689510763706906, 40.811283360056315 ], [ -96.689512447424846, 40.811283590779027 ], [ -96.689514140268727, 40.811283795238332 ], [ -96.689515841597171, 40.811283975195337 ], [ -96.689517550768528, 40.811284132415359 ], [ -96.689519267140938, 40.811284268667407 ], [ -96.689520990072324, 40.811284385723887 ], [ -96.689522718920429, 40.81128448535992 ], [ -96.68952445304285, 40.811284569352964 ], [ -96.689526191797043, 40.811284639482267 ], [ -96.689527934540436, 40.811284697528265 ], [ -96.6895296806304, 40.811284745272111 ], [ -96.689531429424292, 40.811284784495157 ], [ -96.689533180279454, 40.811284816978421 ], [ -96.689534932553315, 40.811284844502097 ], [ -96.6895366856034, 40.811284868845128 ], [ -96.689538438787309, 40.811284891784737 ], [ -96.689540191462783, 40.811284915096067 ], [ -96.689541942987717, 40.811284940551865 ], [ -96.689543692720193, 40.81128496992212 ], [ -96.689545440018449, 40.811285004973904 ], [ -96.689547184240951, 40.811285047471202 ], [ -96.689548924746333, 40.81128509917481 ], [ -96.689550317823901, 40.811285149283293 ] ] } },
{ "type": "Feature", "properties": { "point_a": 54, "point_b": 55, "trip": 1, "route": "fork", "status": "corrected", "mode": "reviewed_spatial_assumption" }, "geometry": { "type": "LineString", "coordinates": [ [ -96.706949137151312, 40.815942453387812 ], [ -96.706949169594452, 40.815943720696687 ], [ -96.706949207919294, 40.815945065399312 ], [ -96.706949250162282, 40.81594641004709 ], [ -96.706949296217303, 40.815947754641527 ], [ -96.706949345978316, 40.815949099184117 ], [ -96.706949399339294, 40.815950443676293 ], [ -96.706949456194124, 40.815951788119563 ], [ -96.706949516436779, 40.815953132515382 ], [ -96.706949579961176, 40.815954476865265 ], [ -96.706949646661272, 40.815955821170668 ], [ -96.706949716430998, 40.815957165433055 ], [ -96.706949789164298, 40.815958509653939 ], [ -96.706949864755117, 40.815959853834755 ], [ -96.706949943097385, 40.815961197977039 ], [ -96.706950024085046, 40.815962542082225 ], [ -96.706950107612045, 40.815963886151806 ], [ -96.706950193572325, 40.815965230187253 ], [ -96.706950281859832, 40.815966574190043 ], [ -96.706950372368482, 40.815967918161647 ], [ -96.706950464992232, 40.8159692621036 ], [ -96.706950559625042, 40.815970606017316 ], [ -96.706950656160828, 40.815971949904288 ], [ -96.706950754493519, 40.815973293766007 ], [ -96.706950854517103, 40.815974637603958 ], [ -96.706950956125496, 40.815975981419605 ], [ -96.706951059212628, 40.815977325214405 ], [ -96.706951163672443, 40.815978668989871 ], [ -96.7069512693989, 40.815980012747488 ], [ -96.706951376285929, 40.815981356488685 ], [ -96.706951484227488, 40.815982700214988 ], [ -96.706951593117481, 40.815984043927855 ], [ -96.706951702849878, 40.815985387628771 ], [ -96.706951813318611, 40.815986731319214 ], [ -96.706951924417609, 40.815988075000654 ], [ -96.706952036040846, 40.815989418674583 ], [ -96.706952148082237, 40.815990762342459 ], [ -96.706952260435727, 40.815992106005801 ], [ -96.706952372995246, 40.815993449666031 ], [ -96.706952485654739, 40.815994793324663 ], [ -96.706952598308163, 40.815996136983195 ], [ -96.706952710849436, 40.815997480643041 ], [ -96.706952823172514, 40.815998824305751 ], [ -96.70695293517133, 40.816000167972739 ], [ -96.706953046739812, 40.816001511645524 ], [ -96.706953157771906, 40.816002855325586 ], [ -96.706953268161556, 40.81600419901438 ], [ -96.706953377802705, 40.816005542713413 ], [ -96.706953486589271, 40.816006886424113 ], [ -96.706953594415211, 40.81600823014805 ], [ -96.70695370117447, 40.816009573886603 ], [ -96.70695380676095, 40.816010917641279 ], [ -96.706953911068624, 40.816012261413604 ], [ -96.706954013991421, 40.816013605205015 ], [ -96.706954115423258, 40.816014949016981 ], [ -96.706954215258108, 40.816016292851018 ], [ -96.706954313389886, 40.816017636708558 ], [ -96.706954409712537, 40.816018980591132 ], [ -96.706954504119977, 40.816020324500158 ], [ -96.706954596506165, 40.81602166843718 ], [ -96.706954686765044, 40.816023012403633 ], [ -96.706954774790532, 40.816024356400987 ], [ -96.706954860476571, 40.816025700430771 ], [ -96.706954943717108, 40.816027044494419 ], [ -96.706955024406057, 40.816028388593431 ], [ -96.706955102437362, 40.816029732729255 ], [ -96.706955177704998, 40.816031076903414 ], [ -96.706955250102837, 40.816032421117356 ], [ -96.706955319524852, 40.81603376537258 ], [ -96.706955385864987, 40.81603510967053 ], [ -96.706955449017158, 40.816036454012711 ], [ -96.706955508875296, 40.816037798400615 ], [ -96.706955565333359, 40.816039142835677 ], [ -96.706955618285292, 40.816040487319405 ], [ -96.706955667624996, 40.81604183185329 ], [ -96.706955713246415, 40.816043176438789 ], [ -96.706955755043495, 40.816044521077387 ], [ -96.706955792910179, 40.816045865770548 ], [ -96.706955826740398, 40.816047210519777 ], [ -96.706955856428081, 40.816048555326525 ], [ -96.706955881867174, 40.81604990019229 ], [ -96.706955903761525, 40.816051245107296 ], [ -96.706955925302523, 40.816052590027191 ], [ -96.706955946830746, 40.816053934947234 ], [ -96.706955968349135, 40.816055279867399 ], [ -96.706955989860617, 40.816056624787656 ], [ -96.706956011368177, 40.816057969707956 ], [ -96.706956032874743, 40.816059314628262 ], [ -96.706956054383284, 40.816060659548548 ], [ -96.706956075896755, 40.816062004468776 ], [ -96.706956097418072, 40.816063349388905 ], [ -96.706956118950231, 40.816064694308906 ], [ -96.70695614049616, 40.816066039228723 ], [ -96.706956162058802, 40.81606738414834 ], [ -96.706956183641125, 40.816068729067702 ], [ -96.706956205246087, 40.816070073986801 ], [ -96.706956226876613, 40.816071418905572 ], [ -96.706956248535676, 40.816072763823996 ], [ -96.706956270226215, 40.816074108742029 ], [ -96.706956291951201, 40.816075453659636 ], [ -96.706956313713548, 40.816076798576773 ], [ -96.706956335516253, 40.816078143493407 ], [ -96.706956357362245, 40.816079488409514 ], [ -96.706956379254464, 40.816080833325046 ], [ -96.706956401195882, 40.816082178239959 ], [ -96.706956423189425, 40.816083523154234 ], [ -96.706956445238092, 40.816084868067826 ], [ -96.706956467344781, 40.816086212980693 ], [ -96.706956489512464, 40.816087557892821 ], [ -96.70695651174411, 40.81608890280414 ], [ -96.706956534042646, 40.816090247714627 ], [ -96.706956556411043, 40.816091592624261 ], [ -96.706956578852243, 40.816092937532979 ], [ -96.706956601369185, 40.816094282440773 ], [ -96.706956623964828, 40.816095627347586 ], [ -96.706956646642141, 40.816096972253384 ], [ -96.70695666940405, 40.816098317158136 ], [ -96.706956692253527, 40.816099662061802 ], [ -96.706956715193527, 40.816101006964352 ], [ -96.706956738226978, 40.816102351865744 ], [ -96.706956761356835, 40.816103696765914 ], [ -96.706956784586069, 40.816105041664876 ], [ -96.706956807917607, 40.816106386562581 ], [ -96.706956831354418, 40.816107731458963 ], [ -96.706956854899445, 40.816109076354003 ], [ -96.706956878555658, 40.816110421247672 ], [ -96.706956902325985, 40.816111766139933 ], [ -96.706956926213394, 40.816113111030738 ], [ -96.706956950220814, 40.816114455920051 ], [ -96.706956974351229, 40.816115800807836 ], [ -96.706956998607552, 40.816117145694086 ], [ -96.706957022992768, 40.81611849057871 ], [ -96.70695704763996, 40.816119835461599 ], [ -96.706957072674342, 40.816121180342613 ], [ -96.706957098087059, 40.816122525221836 ], [ -96.706957123869245, 40.816123870099261 ], [ -96.706957150012016, 40.816125214974967 ], [ -96.706957176506521, 40.816126559848961 ], [ -96.70695720334389, 40.816127904721334 ], [ -96.706957230515243, 40.816129249592116 ], [ -96.706957258011727, 40.816130594461306 ], [ -96.706957285824487, 40.816131939328997 ], [ -96.706957313944613, 40.81613328419521 ], [ -96.706957342363282, 40.816134629059995 ], [ -96.70695737107161, 40.816135973923387 ], [ -96.706957400060716, 40.816137318785429 ], [ -96.706957429321761, 40.816138663646171 ], [ -96.706957458845849, 40.816140008505634 ], [ -96.706957488624141, 40.816141353363889 ], [ -96.706957518647755, 40.816142698220972 ], [ -96.706957548907823, 40.816144043076896 ], [ -96.706957579395478, 40.816145387931734 ], [ -96.706957610101853, 40.816146732785541 ], [ -96.706957641018093, 40.816148077638317 ], [ -96.706957672135303, 40.816149422490149 ], [ -96.706957703444644, 40.816150767341057 ], [ -96.706957734937234, 40.81615211219107 ], [ -96.706957766604233, 40.816153457040272 ], [ -96.706957798436719, 40.816154801888665 ], [ -96.706957830425878, 40.81615614673629 ], [ -96.706957862562803, 40.81615749158324 ], [ -96.706957894838666, 40.816158836429494 ], [ -96.706957927244574, 40.816160181275137 ], [ -96.706957959771671, 40.816161526120183 ], [ -96.706957992411077, 40.816162870964703 ], [ -96.706958025153938, 40.816164215808726 ], [ -96.706958057991386, 40.816165560652287 ], [ -96.70695809091454, 40.816166905495436 ], [ -96.706958123914532, 40.816168250338229 ], [ -96.706958156982523, 40.816169595180696 ], [ -96.706958190109631, 40.81617094002285 ], [ -96.706958223286975, 40.816172284864798 ], [ -96.706958256505686, 40.816173629706533 ], [ -96.706958289756926, 40.816174974548119 ], [ -96.706958323031813, 40.816176319389584 ], [ -96.706958356321479, 40.816177664230977 ], [ -96.706958389617057, 40.816179009072336 ], [ -96.706958422909679, 40.816180353913715 ], [ -96.706958456190463, 40.816181698755145 ], [ -96.706958489450571, 40.816183043596695 ], [ -96.706958522681134, 40.816184388438366 ], [ -96.706958555873243, 40.816185733280221 ], [ -96.706958589018086, 40.816187078122319 ], [ -96.706958622106754, 40.816188422964672 ], [ -96.706958655130407, 40.816189767807352 ], [ -96.706958688080164, 40.816191112650365 ], [ -96.706958720947171, 40.816192457493784 ], [ -96.706958753722546, 40.816193802337644 ], [ -96.706958786397422, 40.816195147181979 ], [ -96.706958818962931, 40.816196492026862 ], [ -96.706958851410221, 40.816197836872277 ], [ -96.706958883730408, 40.816199181718332 ], [ -96.70695891591464, 40.816200526565019 ], [ -96.70695894795405, 40.81620187141241 ], [ -96.706958979839754, 40.816203216260533 ], [ -96.706959011562901, 40.81620456110943 ], [ -96.706959043114608, 40.816205905959166 ], [ -96.706959074486022, 40.816207250809761 ], [ -96.706959105668275, 40.816208595661259 ], [ -96.706959136652486, 40.816209940513708 ], [ -96.706959167429787, 40.816211285367153 ], [ -96.706959197991353, 40.816212630221635 ], [ -96.706959228328273, 40.816213975077197 ], [ -96.706959258431667, 40.816215319933875 ], [ -96.706959288292722, 40.81621666479171 ], [ -96.70695931790253, 40.816218009650754 ], [ -96.706959347252251, 40.816219354511048 ], [ -96.706959376332989, 40.816220699372636 ], [ -96.706959405135891, 40.816222044235545 ], [ -96.706959433652088, 40.816223389099846 ], [ -96.706959461872728, 40.816224733965555 ], [ -96.706959489788915, 40.816226078832742 ], [ -96.706959517391795, 40.816227423701406 ], [ -96.706959544672515, 40.816228768571619 ], [ -96.706959571622193, 40.816230113443439 ], [ -96.706959598231961, 40.816231458316871 ], [ -96.706959624492953, 40.816232803191994 ], [ -96.706959650396314, 40.816234148068816 ], [ -96.706959675933149, 40.816235492947413 ], [ -96.706959701094618, 40.816236837827802 ], [ -96.706959725871855, 40.816238182710023 ], [ -96.706959750255976, 40.816239527594135 ], [ -96.706959774238115, 40.816240872480194 ], [ -96.706959797809418, 40.816242217368213 ], [ -96.706959820961004, 40.816243562258258 ], [ -96.706959843684018, 40.816244907150349 ], [ -96.70695986596958, 40.816246252044536 ], [ -96.706959887808836, 40.816247596940862 ], [ -96.706959909192918, 40.816248941839383 ], [ -96.706959930112944, 40.816250286740136 ], [ -96.706959950560062, 40.816251631643127 ], [ -96.706959970525403, 40.816252976548455 ], [ -96.706959990000087, 40.816254321456135 ], [ -96.706960008975258, 40.816255666366203 ], [ -96.706960027442051, 40.816257011278722 ], [ -96.706960045391583, 40.816258356193721 ], [ -96.706960062815014, 40.816259701111235 ], [ -96.706960079703464, 40.816261046031315 ], [ -96.70696009604805, 40.816262390954016 ], [ -96.706960111839905, 40.816263735879367 ], [ -96.706960127070204, 40.816265080807419 ], [ -96.706960141730036, 40.816266425738192 ], [ -96.706960155810563, 40.816267770671757 ], [ -96.706960169302874, 40.816269115608144 ], [ -96.706960182198159, 40.816270460547386 ], [ -96.706960194487507, 40.816271805489528 ], [ -96.706960206162066, 40.816273150434647 ], [ -96.706960217212981, 40.816274495382736 ], [ -96.70696022763137, 40.816275840333887 ], [ -96.706960237408367, 40.816277185288087 ], [ -96.706960246535118, 40.816278530245427 ], [ -96.706960255002727, 40.816279875205908 ], [ -96.706960262802355, 40.816281220169621 ], [ -96.706960269925133, 40.816282565136568 ], [ -96.706960276362167, 40.816283910106797 ], [ -96.706960282104617, 40.816285255080373 ], [ -96.706960287143616, 40.816286600057317 ], [ -96.706960291470267, 40.816287945037686 ], [ -96.706960295075746, 40.816289290021508 ], [ -96.706960297951156, 40.816290635008848 ], [ -96.706960300087644, 40.816291979999718 ], [ -96.706960301476329, 40.816293324994199 ], [ -96.706960302108357, 40.816294669992274 ], [ -96.706960301974846, 40.816296014994045 ], [ -96.706960301066928, 40.816297359999538 ], [ -96.706960299375751, 40.816298705008762 ], [ -96.706960296700871, 40.81630004900849 ], [ -96.706960292856436, 40.816301393000501 ], [ -96.706960287860142, 40.81630273698493 ], [ -96.706960281729721, 40.816304080961878 ], [ -96.70696027448291, 40.816305424931471 ], [ -96.706960266137401, 40.81630676889381 ], [ -96.706960256710929, 40.816308112849036 ], [ -96.706960246221215, 40.816309456797285 ], [ -96.706960234685994, 40.81631080073862 ], [ -96.706960222122973, 40.816312144673169 ], [ -96.706960208549859, 40.816313488601075 ], [ -96.706960193984401, 40.816314832522437 ], [ -96.706960178444305, 40.816316176437411 ], [ -96.706960161947279, 40.816317520346026 ], [ -96.706960144511058, 40.816318864248466 ], [ -96.706960126153376, 40.816320208144852 ], [ -96.706960106891927, 40.816321552035269 ], [ -96.706960086744431, 40.816322895919861 ], [ -96.706960065728637, 40.816324239798718 ], [ -96.706960043862239, 40.816325583671976 ], [ -96.706960021162971, 40.816326927539748 ], [ -96.706959997648539, 40.816328271402128 ], [ -96.706959973336694, 40.816329615259292 ], [ -96.706959948245128, 40.816330959111298 ], [ -96.706959922391576, 40.816332302958273 ], [ -96.706959895793744, 40.816333646800352 ], [ -96.706959868469369, 40.816334990637635 ], [ -96.70695984043617, 40.816336334470265 ], [ -96.706959811711855, 40.816337678298325 ], [ -96.706959782314158, 40.816339022121952 ], [ -96.706959752260786, 40.816340365941265 ], [ -96.706959721569476, 40.816341709756365 ], [ -96.706959690257932, 40.816343053567387 ], [ -96.706959658343891, 40.816344397374422 ], [ -96.706959625845059, 40.816345741177614 ], [ -96.706959592779157, 40.81634708497706 ], [ -96.706959559163934, 40.816348428772905 ], [ -96.706959525017069, 40.816349772565253 ], [ -96.706959490356311, 40.816351116354184 ], [ -96.706959455199353, 40.816352460139868 ], [ -96.706959419563958, 40.816353803922389 ], [ -96.706959383467805, 40.816355147701884 ], [ -96.706959346928627, 40.816356491478444 ], [ -96.706959309964176, 40.816357835252191 ], [ -96.70695927259213, 40.816359179023273 ], [ -96.706959234830236, 40.81636052279179 ], [ -96.706959196696189, 40.816361866557841 ], [ -96.706959158207738, 40.816363210321576 ], [ -96.706959119382589, 40.816364554083066 ], [ -96.706959080238477, 40.816365897842459 ], [ -96.706959040793095, 40.81636724159987 ], [ -96.706959001064178, 40.816368585355427 ], [ -96.706958961069446, 40.816369929109229 ], [ -96.706958920826651, 40.816371272861382 ], [ -96.706958880353454, 40.816372616612028 ], [ -96.706958839667607, 40.816373960361261 ], [ -96.706958798786843, 40.816375304109215 ], [ -96.706958757728856, 40.816376647856011 ], [ -96.70695871651138, 40.816377991601733 ], [ -96.706958675152151, 40.816379335346539 ], [ -96.706958633668862, 40.816380679090514 ], [ -96.70695859207926, 40.8163820228338 ], [ -96.706958550401026, 40.81638336657651 ], [ -96.706958508651937, 40.816384710318722 ], [ -96.706958466849656, 40.816386054060622 ], [ -96.706958425011948, 40.816387397802252 ], [ -96.706958383156504, 40.816388741543776 ], [ -96.706958341301075, 40.81639008528532 ], [ -96.706958299463338, 40.81639142902695 ], [ -96.706958257661071, 40.816392772768829 ], [ -96.706958215911939, 40.816394116511063 ], [ -96.706958174233691, 40.816395460253759 ], [ -96.706958132644047, 40.816396803997037 ], [ -96.706958091160729, 40.816398147741012 ], [ -96.706958049801443, 40.816399491485818 ], [ -96.706958008583925, 40.816400835231548 ], [ -96.706957967525895, 40.816402178978308 ], [ -96.70695792664506, 40.816403522726269 ], [ -96.706957885959142, 40.816404866475494 ], [ -96.706957845485888, 40.816406210226127 ], [ -96.706957805242993, 40.816407553978273 ], [ -96.706957765248191, 40.81640889773206 ], [ -96.706957725519189, 40.816410241487596 ], [ -96.706957686073721, 40.816411585245007 ], [ -96.706957646929482, 40.816412929004393 ], [ -96.706957608104233, 40.816414272765869 ], [ -96.706957569615668, 40.816415616529596 ], [ -96.706957531481521, 40.816416960295626 ], [ -96.7069574937195, 40.816418304064129 ], [ -96.706957456347325, 40.816419647835183 ], [ -96.706957419382732, 40.816420991608936 ], [ -96.706957382843427, 40.816422335385475 ], [ -96.706957346747146, 40.816423679164942 ], [ -96.70695731111158, 40.816425022947456 ], [ -96.70695727595448, 40.816426366733118 ], [ -96.706957241293566, 40.816427710522042 ], [ -96.706957207146544, 40.816429054314362 ], [ -96.706957173531137, 40.816430398110157 ], [ -96.706957140465079, 40.816431741909604 ], [ -96.706957107966076, 40.816433085712774 ], [ -96.706957076051836, 40.816434429519795 ], [ -96.706957044740122, 40.816435773330788 ], [ -96.706957014048612, 40.816437117145867 ], [ -96.706956983995056, 40.816438460965145 ], [ -96.70695695459716, 40.816439804788757 ], [ -96.706956925872646, 40.816441148616796 ], [ -96.706956897839234, 40.816442492449397 ], [ -96.706956870514645, 40.816443836286645 ], [ -96.706956843916629, 40.816445180128689 ], [ -96.706956818062849, 40.816446523975642 ], [ -96.70695679297107, 40.816447867827627 ], [ -96.706956768658998, 40.816449211684741 ], [ -96.706956745144353, 40.816450555547107 ], [ -96.706956722444858, 40.816451899414844 ], [ -96.706956700578232, 40.816453243288073 ], [ -96.706956679562197, 40.816454587166909 ], [ -96.706956659414473, 40.816455931051443 ], [ -96.706956640152796, 40.816457274941854 ], [ -96.706956621794873, 40.81645861883819 ], [ -96.70695660435841, 40.816459962740602 ], [ -96.706956587861143, 40.816461306649202 ], [ -96.706956572320792, 40.816462650564119 ], [ -96.706956557755092, 40.816463994485446 ], [ -96.706956544181736, 40.816465338413316 ], [ -96.706956531618459, 40.816466682347844 ], [ -96.706956520082983, 40.816468026289144 ], [ -96.706956509593027, 40.816469370237336 ], [ -96.706956500166314, 40.816470714192519 ], [ -96.706956491820563, 40.816472058154837 ], [ -96.706956484573482, 40.816473402124387 ], [ -96.70695647844282, 40.816474746101299 ], [ -96.706956473446283, 40.816476090085686 ], [ -96.706956469601579, 40.816477434077648 ], [ -96.706956466926428, 40.816478778077332 ], [ -96.706956464941257, 40.81648012309212 ], [ -96.70695646316068, 40.816481468114134 ], [ -96.706956461589087, 40.816482813143203 ], [ -96.706956460230828, 40.816484158179087 ], [ -96.706956459090335, 40.816485503221564 ], [ -96.706956458171973, 40.816486848270479 ], [ -96.706956457480132, 40.816488193325547 ], [ -96.706956457019189, 40.816489538386641 ], [ -96.706956456793534, 40.816490883453483 ], [ -96.706956456807532, 40.816492228525895 ], [ -96.706956457065601, 40.81649357360368 ], [ -96.706956457572119, 40.816494918686587 ], [ -96.706956458331462, 40.816496263774454 ], [ -96.706956459347992, 40.816497608867053 ], [ -96.706956460626145, 40.816498953964157 ], [ -96.706956462170268, 40.816500299065574 ], [ -96.706956463984767, 40.816501644171076 ], [ -96.70695646607399, 40.816502989280494 ], [ -96.706956468442371, 40.816504334393585 ], [ -96.706956471094273, 40.816505679510144 ], [ -96.706956474034072, 40.816507024629971 ], [ -96.706956477266161, 40.816508369752853 ], [ -96.706956480794929, 40.816509714878585 ], [ -96.706956484624754, 40.816511060006931 ], [ -96.706956488760028, 40.816512405137722 ], [ -96.706956493205112, 40.81651375027073 ], [ -96.706956497964441, 40.816515095405734 ], [ -96.706956503042349, 40.816516440542536 ], [ -96.706956508443241, 40.816517785680929 ], [ -96.706956514171509, 40.816519130820701 ], [ -96.706956520231543, 40.816520475961639 ], [ -96.706956526627692, 40.816521821103549 ], [ -96.706956533364377, 40.816523166246199 ], [ -96.706956540445972, 40.816524511389396 ], [ -96.706956547876857, 40.81652585653292 ], [ -96.706956555661421, 40.816527201676571 ], [ -96.706956563804042, 40.81652854682013 ], [ -96.70695657230911, 40.816529891963398 ], [ -96.706956581181032, 40.816531237106155 ], [ -96.706956590424156, 40.816532582248215 ], [ -96.706956600042886, 40.816533927389344 ], [ -96.706956610041601, 40.816535272529322 ], [ -96.706956620424677, 40.816536617668 ], [ -96.706956631196533, 40.816537962805057 ], [ -96.706956642361533, 40.816539307940424 ], [ -96.706956653924038, 40.81654065307378 ], [ -96.70695666588847, 40.816541998204954 ], [ -96.706956678259189, 40.81654334333377 ], [ -96.706956691040602, 40.816544688459956 ], [ -96.706956704237072, 40.816546033583343 ], [ -96.706956717853004, 40.816547378703703 ], [ -96.706956731892774, 40.816548723820844 ], [ -96.706956746360746, 40.816550068934561 ], [ -96.706956761261338, 40.816551414044611 ], [ -96.706956776598929, 40.816552759150824 ], [ -96.706956792377881, 40.816554104252972 ], [ -96.706956808602598, 40.816555449350844 ], [ -96.706956825277473, 40.816556794444232 ], [ -96.706956842406868, 40.816558139532901 ], [ -96.706956859995174, 40.816559484616718 ], [ -96.706956878046782, 40.816560829695398 ], [ -96.706956896566084, 40.816562174768755 ], [ -96.706956915557456, 40.816563519836599 ], [ -96.706956935025275, 40.816564864898673 ], [ -96.706956954973947, 40.816566209954829 ], [ -96.706956975407849, 40.816567555004795 ], [ -96.706956996331343, 40.816568900048424 ], [ -96.706957017748834, 40.816570245085451 ], [ -96.706957039664715, 40.816571590115721 ], [ -96.706957062083347, 40.816572935138971 ], [ -96.706957085009151, 40.816574280155038 ], [ -96.70695710844646, 40.816575625163679 ], [ -96.706957132399708, 40.816576970164704 ], [ -96.706957156873258, 40.816578315157876 ], [ -96.706957181871502, 40.81657966014302 ], [ -96.706957207398816, 40.816581005119929 ], [ -96.706957233459576, 40.816582350088346 ], [ -96.706957260058203, 40.816583695048102 ], [ -96.706957287199046, 40.816585039998998 ], [ -96.706957314886495, 40.816586384940791 ], [ -96.706957343124955, 40.816587729873291 ], [ -96.70695737191879, 40.816589074796269 ], [ -96.706957401272405, 40.816590419709541 ], [ -96.706957431190176, 40.816591764612895 ], [ -96.706957461676467, 40.816593109506094 ], [ -96.706957492735697, 40.816594454388955 ], [ -96.706957524372228, 40.816595799261279 ], [ -96.706957556590453, 40.816597144122817 ], [ -96.706957589394747, 40.816598488973391 ], [ -96.706957622789517, 40.816599833812781 ], [ -96.706957656779139, 40.816601178640781 ], [ -96.706957691367975, 40.816602523457171 ], [ -96.706957726560447, 40.816603868261772 ], [ -96.706957762360915, 40.816605213054345 ], [ -96.706957798773772, 40.816606557834675 ], [ -96.706957835803394, 40.816607902602584 ], [ -96.706957873454186, 40.816609247357825 ], [ -96.706957911730512, 40.816610592100218 ], [ -96.706957950636763, 40.816611936829553 ], [ -96.70695799017733, 40.816613281545614 ], [ -96.706958030356589, 40.816614626248167 ], [ -96.706958071178931, 40.816615970937043 ], [ -96.706958112648749, 40.816617315612028 ], [ -96.706958154770405, 40.816618660272866 ], [ -96.706958197548303, 40.816620004919407 ], [ -96.706958240986822, 40.816621349551419 ], [ -96.706958285090352, 40.816622694168665 ], [ -96.706958329863269, 40.816624038770975 ], [ -96.706958375309966, 40.816625383358129 ], [ -96.706958421434834, 40.816626727929886 ], [ -96.70695846824222, 40.816628072486097 ], [ -96.706958515736559, 40.816629417026519 ], [ -96.706958563922214, 40.816630761550933 ], [ -96.706958612803561, 40.816632106059132 ], [ -96.706958662385006, 40.816633450550931 ], [ -96.706958712670911, 40.816634795026104 ], [ -96.706958763665668, 40.81663613948443 ], [ -96.706958815373667, 40.816637483925717 ], [ -96.706958867799287, 40.816638828349753 ], [ -96.706958920946931, 40.816640172756323 ], [ -96.706958974820964, 40.816641517145214 ], [ -96.706959029425775, 40.816642861516236 ], [ -96.706959084765757, 40.816644205869153 ], [ -96.706959140845285, 40.816645550203788 ], [ -96.706959197668738, 40.816646894519906 ], [ -96.706959255240534, 40.816648238817287 ], [ -96.706959313565008, 40.816649583095767 ], [ -96.706959372646594, 40.816650927355099 ], [ -96.706959432489654, 40.816652271595075 ], [ -96.706959493098552, 40.816653615815511 ], [ -96.70695955447772, 40.816654960016159 ], [ -96.706959616631508, 40.81665630419684 ], [ -96.706959679564292, 40.816657648357349 ], [ -96.706959743280493, 40.816658992497445 ], [ -96.706959807901029, 40.816660340388552 ], [ -96.706959873183322, 40.816661688263991 ], [ -96.706959939125809, 40.816663036123721 ], [ -96.706960005726913, 40.816664383967499 ], [ -96.706960072985055, 40.816665731795247 ], [ -96.706960140898673, 40.816667079606816 ], [ -96.706960209466189, 40.816668427402107 ], [ -96.70696027868604, 40.816669775180962 ], [ -96.706960348556649, 40.816671122943269 ], [ -96.706960419076438, 40.81667247068885 ], [ -96.706960490243844, 40.816673818417634 ], [ -96.70696056205729, 40.816675166129443 ], [ -96.706960634515198, 40.816676513824177 ], [ -96.706960707615991, 40.816677861501681 ], [ -96.706960781358106, 40.816679209161833 ], [ -96.706960855739979, 40.816680556804506 ], [ -96.706960930760047, 40.816681904429544 ], [ -96.706961006416705, 40.816683252036889 ], [ -96.706961082708389, 40.816684599626292 ], [ -96.706961159633536, 40.816685947197726 ], [ -96.706961237190583, 40.81668729475102 ], [ -96.706961315377939, 40.816688642286032 ], [ -96.706961394194039, 40.816689989802647 ], [ -96.706961473637307, 40.816691337300725 ], [ -96.706961553706179, 40.816692684780122 ], [ -96.706961634399093, 40.816694032240726 ], [ -96.706961715714442, 40.816695379682415 ], [ -96.706961797650678, 40.816696727105025 ], [ -96.706961880206222, 40.816698074508444 ], [ -96.706961963379527, 40.816699421892544 ], [ -96.706962047168972, 40.816700769257196 ], [ -96.706962131573022, 40.816702116602237 ], [ -96.706962216590085, 40.816703463927574 ], [ -96.706962302218614, 40.816704811233052 ], [ -96.706962388457001, 40.816706158518571 ], [ -96.706962475303712, 40.816707505783945 ], [ -96.706962562757141, 40.816708853029084 ], [ -96.70696265081574, 40.816710200253858 ], [ -96.706962739477916, 40.816711547458112 ], [ -96.706962828742107, 40.816712894641732 ], [ -96.706962918606749, 40.816714241804576 ], [ -96.706963009070265, 40.816715588946529 ], [ -96.706963100131063, 40.816716936067444 ], [ -96.706963191787608, 40.816718283167162 ], [ -96.706963284038295, 40.816719630245615 ], [ -96.706963376881561, 40.81672097730263 ], [ -96.706963470315856, 40.816722324338073 ], [ -96.70696356433956, 40.816723671351852 ], [ -96.706963658951153, 40.816725018343789 ], [ -96.706963754149015, 40.81672636531377 ], [ -96.706963849931611, 40.816727712261653 ], [ -96.706963946297378, 40.816729059187338 ], [ -96.706964043244682, 40.816730406090663 ], [ -96.706964140772001, 40.816731752971506 ], [ -96.706964238877774, 40.81673309982974 ], [ -96.706964337560379, 40.816734446665222 ], [ -96.706964436818296, 40.816735793477839 ], [ -96.706964536649892, 40.816737140267442 ], [ -96.706964637053659, 40.816738487033902 ], [ -96.706964738027992, 40.816739833777092 ], [ -96.706964839571313, 40.816741180496876 ], [ -96.706964941682074, 40.816742527193135 ], [ -96.706965044358668, 40.816743873865732 ], [ -96.706965147599561, 40.816745220514505 ], [ -96.706965251403147, 40.81674656713939 ], [ -96.706965355767892, 40.816747913740187 ], [ -96.706965460692189, 40.816749260316783 ], [ -96.706965566174475, 40.816750606869071 ], [ -96.706965672213187, 40.816751953396917 ], [ -96.706965778806733, 40.816753299900157 ], [ -96.706965885953551, 40.816754646378683 ], [ -96.706965993652091, 40.816755992832377 ], [ -96.706966101900747, 40.816757339261059 ], [ -96.706966210697971, 40.816758685664652 ], [ -96.706966320042184, 40.816760032042993 ], [ -96.706966429931796, 40.81676137839596 ], [ -96.706966540365258, 40.816762724723411 ], [ -96.706966651340991, 40.816764071025233 ], [ -96.706966762857419, 40.816765417301283 ], [ -96.706966874912965, 40.816766763551435 ], [ -96.706966987506064, 40.816768109775552 ], [ -96.706967100635154, 40.8167694559735 ], [ -96.706967214298643, 40.816770802145143 ], [ -96.706967328494969, 40.816772148290369 ], [ -96.706967443222553, 40.816773494409041 ], [ -96.706967558479832, 40.816774840500997 ], [ -96.706967674265229, 40.816776186566166 ], [ -96.706967790577181, 40.816777532604355 ], [ -96.706967907414082, 40.816778878615466 ], [ -96.706968024774412, 40.816780224599349 ], [ -96.706968142656564, 40.816781570555897 ], [ -96.706968261058961, 40.816782916484954 ], [ -96.706968379980054, 40.816784262386406 ], [ -96.706968499418252, 40.816785608260119 ], [ -96.706968619371992, 40.81678695410595 ], [ -96.706968739839709, 40.816788299923786 ], [ -96.706968860819813, 40.816789645713463 ], [ -96.706968982310755, 40.816790991474875 ], [ -96.706969104310929, 40.816792337207893 ], [ -96.706969226818785, 40.816793682912383 ], [ -96.706969349832747, 40.816795028588203 ], [ -96.706969473351251, 40.816796374235238 ], [ -96.706969597372705, 40.816797719853334 ], [ -96.706969721895561, 40.81679906544236 ], [ -96.706969846918227, 40.816800411002212 ], [ -96.70696997243914, 40.816801756532733 ], [ -96.706970098456736, 40.816803102033809 ], [ -96.70697022496941, 40.816804447505277 ], [ -96.706970351975627, 40.816805792947044 ], [ -96.706970479473796, 40.816807138358968 ], [ -96.706970607462353, 40.8168084837409 ], [ -96.70697073593972, 40.81680982909274 ], [ -96.706970864904321, 40.816811174414326 ], [ -96.706970994354606, 40.816812519705536 ], [ -96.706971124288955, 40.81681386496625 ], [ -96.706971254705849, 40.816815210196317 ], [ -96.706971385603694, 40.816816555395611 ], [ -96.7069715169809, 40.816817900564018 ], [ -96.706971648835932, 40.816819245701375 ], [ -96.706971781167184, 40.816820590807581 ], [ -96.706971913973092, 40.816821935882487 ], [ -96.706972047252094, 40.816823280925966 ], [ -96.706972181002627, 40.816824625937883 ], [ -96.706972315223069, 40.816825970918117 ], [ -96.706972449911916, 40.816827315866533 ], [ -96.706972585067533, 40.816828660782981 ], [ -96.706972720688398, 40.816830005667356 ], [ -96.706972856772921, 40.816831350519514 ], [ -96.706972993319511, 40.816832695339315 ], [ -96.706973130326631, 40.816834040126643 ], [ -96.706973267792677, 40.816835384881365 ], [ -96.70697340571607, 40.816836729603352 ], [ -96.706973544095291, 40.816838074292448 ], [ -96.706973682928719, 40.816839418948547 ], [ -96.706973821668996, 40.816840759179669 ], [ -96.706973960684849, 40.816842099406308 ], [ -96.706974099981736, 40.816843439627782 ], [ -96.70697423956517, 40.816844779843386 ], [ -96.706974379440595, 40.816846120052439 ], [ -96.70697451961351, 40.816847460254237 ], [ -96.706974660089372, 40.816848800448149 ], [ -96.706974800873667, 40.816850140633399 ], [ -96.706974941971879, 40.816851480809369 ], [ -96.706975083389452, 40.816852820975356 ], [ -96.706975225131885, 40.816854161130657 ], [ -96.706975367204663, 40.816855501274595 ], [ -96.706975509613244, 40.816856841406477 ], [ -96.706975652363099, 40.816858181525653 ], [ -96.706975795459726, 40.816859521631379 ], [ -96.706975938908585, 40.816860861723001 ], [ -96.706976082715144, 40.816862201799808 ], [ -96.706976226884905, 40.816863541861132 ], [ -96.706976371423309, 40.816864881906284 ], [ -96.706976516335871, 40.816866221934575 ], [ -96.706976661628033, 40.816867561945301 ], [ -96.706976807305281, 40.816868901937809 ], [ -96.706976953373101, 40.816870241911367 ], [ -96.706977099836948, 40.816871581865335 ], [ -96.706977246702323, 40.816872921798989 ], [ -96.706977393974682, 40.816874261711654 ], [ -96.706977541659512, 40.816875601602653 ], [ -96.706977689762283, 40.816876941471264 ], [ -96.706977838288466, 40.81687828131686 ], [ -96.706977987243548, 40.816879621138696 ], [ -96.706978136632983, 40.816880960936103 ], [ -96.706978286462274, 40.816882300708414 ], [ -96.706978436736904, 40.816883640454911 ], [ -96.706978587462302, 40.816884980174926 ], [ -96.706978738643997, 40.816886319867756 ], [ -96.706978890287402, 40.816887659532739 ], [ -96.706979042398061, 40.816888999169159 ], [ -96.7069791949814, 40.816890338776339 ], [ -96.706979348042921, 40.816891678353585 ], [ -96.706979501588094, 40.816893017900242 ], [ -96.706979655622376, 40.816894357415585 ], [ -96.706979810151267, 40.816895696898932 ], [ -96.706979965180253, 40.816897036349609 ], [ -96.706980120714761, 40.816898375766925 ], [ -96.706980276760319, 40.816899715150193 ], [ -96.706980433322371, 40.816901054498707 ], [ -96.706980590406403, 40.816902393811816 ], [ -96.706980748017884, 40.8169037330888 ], [ -96.706980906162286, 40.816905072329 ], [ -96.70698106484511, 40.816906411531676 ], [ -96.706981224071811, 40.816907750696217 ], [ -96.706981383847861, 40.81690908982187 ], [ -96.70698154417876, 40.816910428907974 ], [ -96.706981705069936, 40.81691176795384 ], [ -96.706981866526917, 40.816913106958793 ], [ -96.70698202855516, 40.816914445922116 ], [ -96.706982191160137, 40.816915784843133 ], [ -96.706982354347318, 40.81691712372119 ], [ -96.706982518122174, 40.816918462555549 ], [ -96.706982682490207, 40.81691980134557 ], [ -96.706982847456871, 40.816921140090493 ], [ -96.706983013027653, 40.816922478789714 ], [ -96.706983179208009, 40.8169238174425 ], [ -96.706983346003454, 40.816925156048185 ], [ -96.706983513419416, 40.816926494606044 ], [ -96.706983681461409, 40.816927833115436 ], [ -96.706983850134876, 40.816929171575651 ], [ -96.706984019445329, 40.81693050998598 ], [ -96.706984189398199, 40.816931848345774 ], [ -96.706984359998998, 40.816933186654339 ], [ -96.706984531253198, 40.816934524910955 ], [ -96.706984703166256, 40.816935863114978 ], [ -96.706984875743657, 40.816937201265702 ], [ -96.706985048990887, 40.816938539362432 ], [ -96.706985222913417, 40.816939877404472 ], [ -96.706985397516704, 40.816941215391168 ], [ -96.706985572806246, 40.816942553321809 ], [ -96.706985748787503, 40.816943891195706 ], [ -96.706985925465972, 40.81694522901217 ], [ -96.706986102847097, 40.816946566770547 ], [ -96.706986280936377, 40.816947904470112 ], [ -96.706986459739284, 40.816949242110176 ], [ -96.706986639261288, 40.816950579690072 ], [ -96.706986819507875, 40.81695191720911 ], [ -96.706987000484517, 40.816953254666608 ], [ -96.706987182196684, 40.816954592061826 ], [ -96.706987364649848, 40.816955929394155 ], [ -96.706987547849494, 40.816957266662861 ], [ -96.706987731801107, 40.816958603867256 ], [ -96.706987916510116, 40.816959941006665 ], [ -96.706988101982063, 40.81696127808042 ], [ -96.706988288222377, 40.816962615087789 ], [ -96.706988475236557, 40.816963952028104 ], [ -96.70698866303006, 40.816965288900704 ], [ -96.706988851608372, 40.816966625704865 ], [ -96.706989040976978, 40.816967962439911 ], [ -96.706989231141335, 40.81696929910516 ], [ -96.706989422106929, 40.816970635699917 ], [ -96.706989613879216, 40.816971972223506 ], [ -96.70698980646371, 40.816973308675223 ], [ -96.706989999865868, 40.816974645054401 ], [ -96.706990194091162, 40.816975981360329 ], [ -96.706990389145062, 40.81697731759234 ], [ -96.70699058503304, 40.816978653749729 ], [ -96.706990781760595, 40.816979989831822 ], [ -96.706990979333185, 40.816981325837922 ], [ -96.706991177756308, 40.816982661767348 ], [ -96.706991377035408, 40.816983997619417 ], [ -96.70699157717597, 40.816985333393419 ], [ -96.706991778183493, 40.816986669088713 ], [ -96.706991980063407, 40.816988004704555 ], [ -96.706992182821239, 40.816989340240283 ], [ -96.706992386462431, 40.81699067569523 ], [ -96.706992590992471, 40.816992011068677 ], [ -96.706992796416827, 40.816993346359943 ], [ -96.706993002740987, 40.81699468156836 ], [ -96.706993209970406, 40.81699601669321 ], [ -96.706993418110585, 40.816997351733825 ], [ -96.70699362716698, 40.816998686689523 ], [ -96.706993837145077, 40.817000021559608 ], [ -96.706994048050348, 40.81700135634339 ], [ -96.706994259888276, 40.81700269104018 ], [ -96.70699447266432, 40.817004025649297 ], [ -96.706994686383965, 40.81700536017005 ], [ -96.706994901052695, 40.817006694601751 ], [ -96.706995116675969, 40.817008028943711 ], [ -96.706995333259272, 40.817009363195254 ], [ -96.706995550808088, 40.817010697355677 ], [ -96.706995769327875, 40.817012031424298 ], [ -96.706995988824119, 40.817013365400427 ], [ -96.706996209302304, 40.817014699283398 ], [ -96.706996430767887, 40.817016033072491 ], [ -96.706996653226341, 40.817017366767026 ], [ -96.706996876683178, 40.81701870036634 ], [ -96.706997101143841, 40.817020033869724 ], [ -96.706997326817316, 40.817021369560436 ], [ -96.706997553147673, 40.817022705200181 ], [ -96.706997780137087, 40.817024040788276 ], [ -96.706998007787817, 40.817025376324025 ], [ -96.706998236102095, 40.817026711806704 ], [ -96.706998465082137, 40.817028047235624 ], [ -96.706998694730189, 40.817029382610066 ], [ -96.706998925048481, 40.817030717929349 ], [ -96.706999156039231, 40.81703205319274 ], [ -96.70699938770467, 40.817033388399558 ], [ -96.706999620047043, 40.817034723549085 ], [ -96.706999853068581, 40.817036058640646 ], [ -96.707000086771501, 40.81703739367348 ], [ -96.70700032115802, 40.817038728646956 ], [ -96.707000556230412, 40.817040063560306 ], [ -96.707000791990879, 40.817041398412854 ], [ -96.707001028441638, 40.817042733203898 ], [ -96.70700126558495, 40.817044067932741 ], [ -96.707001503423029, 40.817045402598659 ], [ -96.707001741958123, 40.817046737200961 ], [ -96.707001981192448, 40.817048071738945 ], [ -96.707002221128221, 40.8170494062119 ], [ -96.707002461767686, 40.817050740619109 ], [ -96.707002703113091, 40.817052074959911 ], [ -96.70700294516665, 40.817053409233566 ], [ -96.707003187930582, 40.817054743439371 ], [ -96.707003431407145, 40.81705607757663 ], [ -96.707003675598543, 40.817057411644662 ], [ -96.70700392050702, 40.817058745642704 ], [ -96.707004166134809, 40.817060079570119 ], [ -96.707004412484139, 40.817061413426174 ], [ -96.707004659557242, 40.817062747210123 ], [ -96.707004907356321, 40.817064080921341 ], [ -96.707005155883664, 40.817065414559096 ], [ -96.707005405141444, 40.817066748122663 ], [ -96.707005655131923, 40.817068081611353 ], [ -96.707005905857315, 40.817069415024463 ], [ -96.707006157319867, 40.817070748361267 ], [ -96.70700640952181, 40.817072081621092 ], [ -96.707006662465361, 40.817073414803211 ], [ -96.707006916152764, 40.817074747906936 ], [ -96.707007170586238, 40.817076080931571 ], [ -96.707007425768012, 40.817077413876405 ], [ -96.707007681700333, 40.817078746740719 ], [ -96.707007938385416, 40.817080079523805 ], [ -96.707008195825495, 40.817081412224987 ], [ -96.707008454022812, 40.817082744843532 ], [ -96.707008712979572, 40.817084077378766 ], [ -96.707008972698034, 40.817085409829957 ], [ -96.707009233180415, 40.817086742196445 ], [ -96.707009494428945, 40.817088074477475 ], [ -96.707009756445871, 40.817089406672373 ], [ -96.70701001923338, 40.817090738780436 ], [ -96.70701028279376, 40.817092070800932 ], [ -96.707010547129201, 40.817093402733164 ], [ -96.707010812241947, 40.817094734576457 ], [ -96.707011078134229, 40.817096066330087 ], [ -96.707011344808294, 40.817097397993351 ], [ -96.707011612266328, 40.817098729565558 ], [ -96.707011880510606, 40.817100061045991 ], [ -96.707012149543331, 40.817101392433969 ], [ -96.707012419366748, 40.817102723728738 ], [ -96.707012689983088, 40.817104054929629 ], [ -96.707012961394568, 40.817105386035927 ], [ -96.707013233603433, 40.817106717046947 ], [ -96.707013506611915, 40.817108047961973 ], [ -96.70701378042223, 40.817109378780302 ], [ -96.707014055036623, 40.817110709501222 ], [ -96.707014330457312, 40.817112040124059 ], [ -96.707014606686542, 40.817113370648066 ], [ -96.707014883726529, 40.817114701072548 ], [ -96.70701516157952, 40.81711603139685 ], [ -96.70701544024773, 40.817117361620205 ], [ -96.707015719733405, 40.817118691741925 ], [ -96.707016000038749, 40.81712002176134 ], [ -96.70701628116602, 40.817121351677706 ], [ -96.707016563117449, 40.81712268149036 ], [ -96.707016845895225, 40.817124011198558 ], [ -96.707017129501637, 40.81712534080161 ], [ -96.707017413938885, 40.817126670298826 ], [ -96.707017699209203, 40.817127999689482 ], [ -96.70701798531482, 40.817129328972882 ], [ -96.707018272257969, 40.817130658148336 ], [ -96.707018560040879, 40.817131987215113 ], [ -96.707018848665783, 40.81713331617253 ], [ -96.70701913813491, 40.817134645019891 ], [ -96.707019428450479, 40.817135973756436 ], [ -96.707019719614749, 40.817137302381546 ], [ -96.707020011629936, 40.817138630894448 ], [ -96.707020304498258, 40.817139959294472 ], [ -96.707020598221973, 40.817141287580917 ], [ -96.707020892803271, 40.817142615753063 ], [ -96.707021188244426, 40.817143943810208 ], [ -96.707021484547653, 40.817145271751649 ], [ -96.707021781715156, 40.817146599576702 ], [ -96.707022079749208, 40.817147927284637 ], [ -96.707022378652013, 40.817149254874764 ], [ -96.707022678425815, 40.817150582346365 ], [ -96.707022979072846, 40.817151909698744 ], [ -96.707023280595308, 40.817153236931226 ], [ -96.707023582995475, 40.817154564043044 ], [ -96.707023886275536, 40.817155891033551 ], [ -96.70702419043775, 40.817157217902022 ], [ -96.707024495484347, 40.817158544647754 ], [ -96.707024801417532, 40.81715987127005 ], [ -96.707025108239563, 40.817161197768186 ], [ -96.707025415952671, 40.817162524141473 ], [ -96.70702572455906, 40.817163850389221 ], [ -96.707026034060988, 40.817165176510684 ], [ -96.707026344460672, 40.817166502505209 ], [ -96.707026655760345, 40.817167828372064 ], [ -96.707026967962236, 40.817169154110545 ], [ -96.707027281068591, 40.817170479719962 ], [ -96.707027595081598, 40.817171805199578 ], [ -96.707027910003546, 40.817173130548738 ], [ -96.707028225836623, 40.817174455766704 ], [ -96.707028542583075, 40.817175780852786 ], [ -96.707028860245131, 40.81717710580628 ], [ -96.707029178825024, 40.817178430626463 ], [ -96.707029498324985, 40.817179755312658 ], [ -96.707029818747245, 40.817181079864149 ], [ -96.70703014009402, 40.817182404280217 ], [ -96.707030462367555, 40.817183728560195 ], [ -96.707030785570069, 40.817185052703365 ], [ -96.70703110970382, 40.817186376708989 ], [ -96.707031434771011, 40.817187700576397 ], [ -96.707031760773887, 40.817189024304888 ], [ -96.707032087714666, 40.817190347893749 ], [ -96.707032415595592, 40.817191671342272 ], [ -96.707032744418896, 40.817192994649751 ], [ -96.707033074186796, 40.817194317815492 ], [ -96.707033404901523, 40.81719564083879 ], [ -96.707033736565322, 40.817196963718928 ], [ -96.707034069180409, 40.817198286455231 ], [ -96.707034402749031, 40.81719960904698 ], [ -96.707034737273389, 40.817200931493431 ], [ -96.707035072330484, 40.817202253992427 ], [ -96.707035407457454, 40.817203576543278 ], [ -96.707035742671422, 40.817204899141863 ], [ -96.707036077989471, 40.817206221784041 ], [ -96.707036413428668, 40.817207544465703 ], [ -96.70703674900615, 40.817208867182728 ], [ -96.707037084739, 40.817210189930996 ], [ -96.707037420644284, 40.817211512706386 ], [ -96.707037756739126, 40.817212835504733 ], [ -96.707038093040623, 40.817214158321939 ], [ -96.707038429565841, 40.817215481153902 ], [ -96.707038766331877, 40.817216803996459 ], [ -96.707039103355839, 40.817218126845525 ], [ -96.707039440654825, 40.817219449696914 ], [ -96.707039778245914, 40.817220772546555 ], [ -96.707040116146203, 40.817222095390314 ], [ -96.707040454372802, 40.817223418224053 ], [ -96.707040792942777, 40.817224741043653 ], [ -96.70704113187324, 40.817226063844998 ], [ -96.70704147118127, 40.817227386623941 ], [ -96.707041810883993, 40.81722870937638 ], [ -96.707042150998461, 40.817230032098166 ], [ -96.707042491541785, 40.817231354785214 ], [ -96.707042832531059, 40.817232677433353 ], [ -96.707043173983394, 40.817234000038475 ], [ -96.707043515915856, 40.817235322596495 ], [ -96.707043858345557, 40.817236645103208 ], [ -96.707044201289577, 40.817237967554568 ], [ -96.707044544765012, 40.817239289946379 ], [ -96.707044888788971, 40.817240612274581 ], [ -96.707045233378537, 40.817241934535012 ], [ -96.707045578550805, 40.81724325672355 ], [ -96.707045924322856, 40.817244578836096 ], [ -96.7070462707118, 40.817245900868478 ], [ -96.707046617734719, 40.817247222816619 ], [ -96.707046965408722, 40.817248544676367 ], [ -96.707047313750891, 40.817249866443589 ], [ -96.707047662778308, 40.817251188114213 ], [ -96.707048012508096, 40.817252509684046 ], [ -96.707048362957323, 40.817253831149017 ], [ -96.707048714143113, 40.817255152504941 ], [ -96.707049066082519, 40.817256473747747 ], [ -96.707049418792664, 40.817257794873299 ], [ -96.707049772290631, 40.817259115877455 ], [ -96.707050126593515, 40.817260436756122 ], [ -96.707050481718412, 40.817261757505143 ], [ -96.707050837682416, 40.817263078120405 ], [ -96.707051194502611, 40.817264398597779 ], [ -96.707051552196106, 40.817265718933143 ], [ -96.707051910779981, 40.81726703912237 ], [ -96.707052270271333, 40.817268359161332 ], [ -96.707052630687258, 40.817269679045936 ], [ -96.707052992044851, 40.817270998772024 ], [ -96.707053354361207, 40.817272318335483 ], [ -96.707053717653409, 40.817273637732157 ], [ -96.70705408193858, 40.817274956957974 ], [ -96.707054447233773, 40.817276276008748 ], [ -96.707054813556098, 40.817277594880423 ], [ -96.707055180922652, 40.817278913568828 ], [ -96.707055549350542, 40.817280232069862 ], [ -96.707055918856838, 40.817281550379384 ], [ -96.707056289458663, 40.817282868493258 ], [ -96.707056661173056, 40.817284186407385 ], [ -96.707057034017168, 40.817285504117628 ], [ -96.707057408008069, 40.817286821619867 ], [ -96.707057783162838, 40.817288138910008 ], [ -96.707058159498601, 40.817289455983847 ], [ -96.707058537032438, 40.817290772837303 ], [ -96.707058915781431, 40.817292089466264 ], [ -96.70705929576269, 40.8172934058666 ], [ -96.70705967699331, 40.81729472203417 ], [ -96.70706005949036, 40.817296037964866 ], [ -96.707060443270947, 40.817297353654553 ], [ -96.707060828352184, 40.817298669099102 ], [ -96.707061214751121, 40.817299984294422 ], [ -96.707061602484899, 40.817301299236334 ], [ -96.707061991570583, 40.817302613920766 ], [ -96.707062382025285, 40.817303928343549 ], [ -96.707062773866085, 40.817305242500581 ], [ -96.707063167110093, 40.817306556387742 ], [ -96.707063561774362, 40.817307870000882 ], [ -96.707063957876031, 40.817309183335915 ], [ -96.70706435543218, 40.817310496388679 ], [ -96.707064754459893, 40.817311809155051 ], [ -96.707065154976263, 40.817313121630946 ], [ -96.707065556998401, 40.8173144338122 ], [ -96.707065960543403, 40.817315745694685 ], [ -96.707066365628322, 40.817317057274316 ], [ -96.707066772270309, 40.817318368546935 ], [ -96.707067180486405, 40.817319679508429 ], [ -96.707067590293732, 40.81732099015467 ], [ -96.707068001709388, 40.817322300481536 ], [ -96.707068414750452, 40.817323610484891 ], [ -96.707068829434021, 40.817324920160601 ], [ -96.707069245777191, 40.817326229504587 ], [ -96.707069663797057, 40.817327538512679 ], [ -96.707070083510715, 40.817328847180789 ], [ -96.707070504935245, 40.817330155504756 ], [ -96.707070928087759, 40.817331463480471 ], [ -96.707071352985338, 40.817332771103828 ], [ -96.707071779645077, 40.817334078370656 ], [ -96.707072208084085, 40.817335385276877 ], [ -96.707072638319445, 40.81733669181834 ], [ -96.707073070368239, 40.817337997990926 ], [ -96.707073504247575, 40.817339303790504 ], [ -96.707073939974535, 40.81734060921297 ], [ -96.707074377566229, 40.817341914254179 ], [ -96.707074817039739, 40.817343218910011 ], [ -96.707075258412175, 40.817344523176338 ], [ -96.707075701700589, 40.817345827049053 ], [ -96.707076146922134, 40.817347130524006 ], [ -96.707076594093849, 40.817348433597083 ], [ -96.707077043232871, 40.817349736264177 ], [ -96.707077494356255, 40.817351038521117 ], [ -96.707077947481125, 40.81735234036384 ], [ -96.707078402624575, 40.817353641788159 ], [ -96.707078859803673, 40.817354942789997 ], [ -96.707079319035529, 40.817356243365204 ], [ -96.707079780337239, 40.817357543509672 ], [ -96.707080243725883, 40.817358843219239 ], [ -96.707080709218573, 40.817360142489846 ], [ -96.707081176832403, 40.817361441317303 ], [ -96.707081646584456, 40.817362739697515 ], [ -96.707082118491812, 40.817364037626355 ], [ -96.707082592571595, 40.817365335099694 ], [ -96.707083068840873, 40.817366632113412 ], [ -96.70708354731677, 40.817367928663394 ], [ -96.70708402801634, 40.817369224745491 ], [ -96.707084510956705, 40.817370520355588 ], [ -96.707084996154947, 40.817371815489558 ], [ -96.707085483628177, 40.817373110143301 ], [ -96.707085973393461, 40.817374404312652 ], [ -96.70708646546791, 40.817375697993505 ], [ -96.707086959868619, 40.817376991181753 ], [ -96.707087456612683, 40.817378283873246 ], [ -96.707087955717185, 40.817379576063864 ], [ -96.707088457199234, 40.817380867749485 ], [ -96.707088961075897, 40.817382158925994 ], [ -96.707089467512759, 40.817383449726591 ], [ -96.70708997649669, 40.817384739900106 ], [ -96.707090488006031, 40.817386029451661 ], [ -96.707091002019112, 40.817387318386359 ], [ -96.70709151851419, 40.817388606709336 ], [ -96.707092037469636, 40.817389894425688 ], [ -96.707092558863735, 40.817391181540536 ], [ -96.707093082674831, 40.817392468058991 ], [ -96.707093608881209, 40.817393753986153 ], [ -96.707094137461198, 40.817395039327145 ], [ -96.707094668393111, 40.817396324087071 ], [ -96.707095201655278, 40.817397608271044 ], [ -96.707095737225998, 40.817398891884196 ], [ -96.7070962750836, 40.817400174931628 ], [ -96.70709681520637, 40.817401457418462 ], [ -96.707097357572664, 40.817402739349767 ], [ -96.707097902160783, 40.81740402073072 ], [ -96.707098448949026, 40.817405301566396 ], [ -96.707098997915722, 40.817406581861917 ], [ -96.707099549039199, 40.817407861622392 ], [ -96.707100102297744, 40.817409140852924 ], [ -96.707100657669699, 40.817410419558627 ], [ -96.707101215133363, 40.817411697744653 ], [ -96.707101774667066, 40.817412975416069 ], [ -96.707102336249122, 40.817414252578011 ], [ -96.70710289985783, 40.817415529235582 ], [ -96.707103465471519, 40.81741680539389 ], [ -96.707104033068489, 40.817418081058065 ], [ -96.707104602627084, 40.817419356233209 ], [ -96.707105174125601, 40.817420630924438 ], [ -96.707105747542357, 40.817421905136833 ], [ -96.70710632285568, 40.817423178875565 ], [ -96.707106900043868, 40.817424452145723 ], [ -96.707107479085252, 40.817425724952393 ], [ -96.707108059958117, 40.817426997300721 ], [ -96.707108642640819, 40.817428269195808 ], [ -96.707109227111644, 40.817429540642763 ], [ -96.707109813348936, 40.817430811646709 ], [ -96.707110401330993, 40.817432082212754 ], [ -96.707110991036117, 40.817433352345986 ], [ -96.70711158244265, 40.817434622051564 ], [ -96.707112175528891, 40.817435891334561 ], [ -96.70711277027317, 40.8174371602001 ], [ -96.707113366653786, 40.817438428653304 ], [ -96.707113964649068, 40.81743969669931 ], [ -96.707114564237315, 40.817440964343184 ], [ -96.707115165396871, 40.817442231590057 ], [ -96.707115768106021, 40.817443498445044 ], [ -96.707116372343094, 40.81744476491324 ], [ -96.707116978086418, 40.817446030999783 ], [ -96.707117585314279, 40.817447296709759 ], [ -96.70711819400502, 40.817448562048305 ], [ -96.707118804136954, 40.817449827020553 ], [ -96.707119415688368, 40.817451091631568 ], [ -96.707120028637618, 40.817452355886488 ], [ -96.707120642962991, 40.817453619790413 ], [ -96.707121258642815, 40.817454883348468 ], [ -96.707121875655403, 40.817456146565775 ], [ -96.707122493979085, 40.817457409447407 ], [ -96.707123113592132, 40.817458671998502 ], [ -96.707123734472916, 40.817459934224189 ], [ -96.707124356599707, 40.817461196129564 ], [ -96.707124979950862, 40.817462457719742 ], [ -96.707125604504654, 40.817463718999846 ], [ -96.707126230239439, 40.81746497997495 ], [ -96.707126857133488, 40.817466240650226 ], [ -96.707127485165159, 40.817467501030734 ], [ -96.707128114312752, 40.817468761121617 ], [ -96.707128744554581, 40.817470020927971 ], [ -96.707129375868959, 40.81747128045491 ], [ -96.707130008234188, 40.817472539707559 ], [ -96.707130641628609, 40.81747379869104 ], [ -96.707131276030537, 40.817475057410427 ], [ -96.707131911418287, 40.81747631587087 ], [ -96.707132547770144, 40.817477574077479 ], [ -96.70713318506445, 40.817478832035341 ], [ -96.707133823279534, 40.81748008974958 ], [ -96.707134462393682, 40.817481347225304 ], [ -96.707135102385223, 40.817482604467656 ], [ -96.70713574323247, 40.817483861481712 ], [ -96.707136384913738, 40.8174851182726 ], [ -96.707137027407356, 40.817486374845444 ], [ -96.707137670691623, 40.817487631205324 ], [ -96.707138314745151, 40.8174888873573 ], [ -96.707138961922354, 40.817490142567799 ], [ -96.707139614396581, 40.817491396159596 ], [ -96.707140272029292, 40.81749264817411 ], [ -96.707140934681917, 40.817493898652806 ], [ -96.707141602215856, 40.817495147637096 ], [ -96.707142274492497, 40.817496395168519 ], [ -96.707142951373186, 40.817497641288497 ], [ -96.70714363271928, 40.8174988860385 ], [ -96.707144318392125, 40.817500129460029 ], [ -96.707145008253008, 40.81750137159456 ], [ -96.707145702163217, 40.817502612483594 ], [ -96.707146399984055, 40.817503852168613 ], [ -96.707147101576766, 40.817505090691121 ], [ -96.707147806802595, 40.817506328092641 ], [ -96.707148515522789, 40.817507564414662 ], [ -96.707149227598563, 40.817508799698707 ], [ -96.707149942891121, 40.817510033986281 ], [ -96.707150661261679, 40.81751126731892 ], [ -96.707151382571396, 40.81751249973815 ], [ -96.707152106681491, 40.817513731285466 ], [ -96.707152833453108, 40.817514962002441 ], [ -96.707153562747436, 40.817516191930586 ], [ -96.707154294425621, 40.817517421111418 ], [ -96.707155028348822, 40.817518649586489 ], [ -96.707155764378186, 40.817519877397338 ], [ -96.707156502374872, 40.817521104585474 ], [ -96.707157242200054, 40.817522331192464 ], [ -96.707157983714836, 40.817523557259825 ], [ -96.707158726780392, 40.817524782829111 ], [ -96.707159471257881, 40.817526007941822 ], [ -96.707160217008436, 40.817527232639506 ], [ -96.707160963893259, 40.817528456963728 ], [ -96.707161711773495, 40.817529680956 ], [ -96.707162460510318, 40.817530904657815 ], [ -96.707163209964904, 40.817532128110734 ], [ -96.707163959998468, 40.817533351356261 ], [ -96.707164710472185, 40.817534574435932 ], [ -96.7071654612473, 40.81753579739128 ], [ -96.70716621218503, 40.817537020263764 ], [ -96.707166963146619, 40.817538243094923 ], [ -96.707167713993329, 40.817539465926252 ], [ -96.707168464586431, 40.817540688799255 ], [ -96.707169214787228, 40.817541911755427 ], [ -96.707169964457023, 40.817543134836228 ], [ -96.707170713457145, 40.817544358083161 ], [ -96.707171461648969, 40.817545581537679 ], [ -96.70717220889388, 40.817546805241257 ], [ -96.707172955053252, 40.817548029235361 ], [ -96.70717369998853, 40.817549253561431 ], [ -96.707174443561158, 40.817550478260898 ], [ -96.70717518563265, 40.817551703375216 ], [ -96.70717592606448, 40.817552928945787 ], [ -96.70717666471819, 40.817554155014037 ], [ -96.707177401455368, 40.817555381621361 ], [ -96.707178136137628, 40.817556608809184 ], [ -96.707178868626585, 40.817557836618853 ], [ -96.707179598783895, 40.817559065091764 ], [ -96.707180326471303, 40.817560294269285 ], [ -96.707181051550521, 40.81756152419274 ], [ -96.707181773883349, 40.817562754903499 ], [ -96.707182495996008, 40.817563989274042 ], [ -96.707183216827858, 40.817565224045133 ], [ -96.707183936246139, 40.817566459258046 ], [ -96.707184654118024, 40.817567694954022 ], [ -96.707185370310754, 40.817568931174293 ], [ -96.707186084691543, 40.817570167960149 ], [ -96.707186797127591, 40.817571405352773 ], [ -96.707187507486111, 40.81757264339349 ], [ -96.707188215634275, 40.817573882123504 ], [ -96.707188921439325, 40.817575121584056 ], [ -96.707189624768404, 40.817576361816485 ], [ -96.707190325488725, 40.817577602861967 ], [ -96.707191023467459, 40.817578844761762 ], [ -96.707191718571764, 40.817580087557182 ], [ -96.707192410668839, 40.817581331289439 ], [ -96.707193099625812, 40.817582575999822 ], [ -96.707193785309869, 40.817583821729592 ], [ -96.707194467588138, 40.817585068520025 ], [ -96.707195146327777, 40.817586316412367 ], [ -96.707195821395942, 40.817587565447894 ], [ -96.707195900380597, 40.817587712023084 ] ] } },
{ "type": "Feature", "properties": { "point_a": 175, "point_b": 176, "trip": 2, "route": "fork", "status": "corrected", "mode": "reviewed_spatial_assumption" }, "geometry": { "type": "LineString", "coordinates": [ [ -96.7069488018751, 40.815943224559909 ], [ -96.706948814265473, 40.815943725634796 ], [ -96.706948850450701, 40.81594507036715 ], [ -96.706948890933774, 40.815946415039399 ], [ -96.706948935600437, 40.81594775965312 ], [ -96.706948984336449, 40.815949104209963 ], [ -96.706949037027584, 40.81595044871144 ], [ -96.706949093559558, 40.815951793159179 ], [ -96.706949153818144, 40.8159531375548 ], [ -96.7069492176891, 40.815954481899844 ], [ -96.706949285058144, 40.815955826195967 ], [ -96.706949355811062, 40.815957170444705 ], [ -96.7069494298336, 40.815958514647654 ], [ -96.706949507011515, 40.815959858806416 ], [ -96.70694958723054, 40.81596120292263 ], [ -96.70694967037646, 40.81596254699781 ], [ -96.706949756335007, 40.815963891033597 ], [ -96.706949844991939, 40.81596523503157 ], [ -96.70694993623303, 40.815966578993326 ], [ -96.706950029943997, 40.815967922920429 ], [ -96.706950126010625, 40.815969266814541 ], [ -96.706950224318661, 40.815970610677162 ], [ -96.706950324753848, 40.815971954509955 ], [ -96.70695042720196, 40.815973298314475 ], [ -96.706950531548742, 40.815974642092343 ], [ -96.706950637679938, 40.815975985845121 ], [ -96.706950745481336, 40.815977329574423 ], [ -96.706950854838652, 40.815978673281826 ], [ -96.706950965637645, 40.815980016968936 ], [ -96.706951077764117, 40.815981360637323 ], [ -96.706951191103755, 40.815982704288601 ], [ -96.706951305542347, 40.81598404792436 ], [ -96.706951420965652, 40.815985391546199 ], [ -96.706951537259414, 40.815986735155683 ], [ -96.706951654309393, 40.81598807875443 ], [ -96.706951772001332, 40.815989422344018 ], [ -96.706951890221006, 40.815990765926031 ], [ -96.706952008854145, 40.815992109502098 ], [ -96.706952127786508, 40.815993453073766 ], [ -96.706952246903853, 40.81599479664267 ], [ -96.706952366091912, 40.815996140210373 ], [ -96.706952485236485, 40.815997483778446 ], [ -96.706952604223275, 40.815998827348551 ], [ -96.706952722938084, 40.816000170922194 ], [ -96.706952841266613, 40.816001514501046 ], [ -96.706952959094636, 40.816002858086676 ], [ -96.706953076307911, 40.816004201680627 ], [ -96.70695319279217, 40.816005545284554 ], [ -96.706953308433199, 40.816006888900006 ], [ -96.70695342311673, 40.816008232528617 ], [ -96.706953536728491, 40.816009576171943 ], [ -96.706953649154272, 40.816010919831605 ], [ -96.706953760279788, 40.816012263509165 ], [ -96.706953869990826, 40.816013607206223 ], [ -96.706953978173104, 40.816014950924391 ], [ -96.706954084712407, 40.816016294665246 ], [ -96.706954189494454, 40.81601763843036 ], [ -96.706954292405001, 40.816018982221379 ], [ -96.706954393329795, 40.81602032603984 ], [ -96.706954492154622, 40.816021669887384 ], [ -96.706954588765186, 40.816023013765566 ], [ -96.706954683047258, 40.816024357675971 ], [ -96.706954774886583, 40.816025701620255 ], [ -96.706954864168907, 40.816027045599917 ], [ -96.706954950779988, 40.816028389616626 ], [ -96.706955034605571, 40.816029733671932 ], [ -96.7069551155314, 40.816031077767462 ], [ -96.706955193443235, 40.816032421904765 ], [ -96.706955268226807, 40.816033766085468 ], [ -96.706955339767887, 40.816035110311155 ], [ -96.706955407952222, 40.816036454583404 ], [ -96.706955472665541, 40.816037798903821 ], [ -96.70695553379359, 40.816039143274004 ], [ -96.706955591222169, 40.816040487695524 ], [ -96.706955644836967, 40.816041832169972 ], [ -96.706955694523771, 40.816043176698997 ], [ -96.706955740168297, 40.816044521284105 ], [ -96.706955781656319, 40.816045865926952 ], [ -96.706955818873595, 40.816047210629115 ], [ -96.706955851705843, 40.81604855539215 ], [ -96.706955880038834, 40.816049900217699 ], [ -96.706955903761525, 40.816051245107296 ], [ -96.706955925302523, 40.816052590027191 ], [ -96.706955946830746, 40.816053934947234 ], [ -96.706955968349135, 40.816055279867399 ], [ -96.706955989860617, 40.816056624787656 ], [ -96.706956011368177, 40.816057969707956 ], [ -96.706956032874743, 40.816059314628262 ], [ -96.706956054383284, 40.816060659548548 ], [ -96.706956075896755, 40.816062004468776 ], [ -96.706956097418072, 40.816063349388905 ], [ -96.706956118950231, 40.816064694308906 ], [ -96.70695614049616, 40.816066039228723 ], [ -96.706956162058802, 40.81606738414834 ], [ -96.706956183641125, 40.816068729067702 ], [ -96.706956205246087, 40.816070073986801 ], [ -96.706956226876613, 40.816071418905572 ], [ -96.706956248535676, 40.816072763823996 ], [ -96.706956270226215, 40.816074108742029 ], [ -96.706956291951201, 40.816075453659636 ], [ -96.706956313713548, 40.816076798576773 ], [ -96.706956335516253, 40.816078143493407 ], [ -96.706956357362245, 40.816079488409514 ], [ -96.706956379254464, 40.816080833325046 ], [ -96.706956401195882, 40.816082178239959 ], [ -96.706956423189425, 40.816083523154234 ], [ -96.706956445238092, 40.816084868067826 ], [ -96.706956467344781, 40.816086212980693 ], [ -96.706956489512464, 40.816087557892821 ], [ -96.70695651174411, 40.81608890280414 ], [ -96.706956534042646, 40.816090247714627 ], [ -96.706956556411043, 40.816091592624261 ], [ -96.706956578852243, 40.816092937532979 ], [ -96.706956601369185, 40.816094282440773 ], [ -96.706956623964828, 40.816095627347586 ], [ -96.706956646642141, 40.816096972253384 ], [ -96.70695666940405, 40.816098317158136 ], [ -96.706956692253527, 40.816099662061802 ], [ -96.706956715193527, 40.816101006964352 ], [ -96.706956738226978, 40.816102351865744 ], [ -96.706956761356835, 40.816103696765914 ], [ -96.706956784586069, 40.816105041664876 ], [ -96.706956807917607, 40.816106386562581 ], [ -96.706956831354418, 40.816107731458963 ], [ -96.706956854899445, 40.816109076354003 ], [ -96.706956878555658, 40.816110421247672 ], [ -96.706956902325985, 40.816111766139933 ], [ -96.706956926213394, 40.816113111030738 ], [ -96.706956950220814, 40.816114455920051 ], [ -96.706956974351229, 40.816115800807836 ], [ -96.706956998607552, 40.816117145694086 ], [ -96.706957022992768, 40.81611849057871 ], [ -96.70695704763996, 40.816119835461599 ], [ -96.706957072674342, 40.816121180342613 ], [ -96.706957098087059, 40.816122525221836 ], [ -96.706957123869245, 40.816123870099261 ], [ -96.706957150012016, 40.816125214974967 ], [ -96.706957176506521, 40.816126559848961 ], [ -96.70695720334389, 40.816127904721334 ], [ -96.706957230515243, 40.816129249592116 ], [ -96.706957258011727, 40.816130594461306 ], [ -96.706957285824487, 40.816131939328997 ], [ -96.706957313944613, 40.81613328419521 ], [ -96.706957342363282, 40.816134629059995 ], [ -96.70695737107161, 40.816135973923387 ], [ -96.706957400060716, 40.816137318785429 ], [ -96.706957429321761, 40.816138663646171 ], [ -96.706957458845849, 40.816140008505634 ], [ -96.706957488624141, 40.816141353363889 ], [ -96.706957518647755, 40.816142698220972 ], [ -96.706957548907823, 40.816144043076896 ], [ -96.706957579395478, 40.816145387931734 ], [ -96.706957610101853, 40.816146732785541 ], [ -96.706957641018093, 40.816148077638317 ], [ -96.706957672135303, 40.816149422490149 ], [ -96.706957703444644, 40.816150767341057 ], [ -96.706957734937234, 40.81615211219107 ], [ -96.706957766604233, 40.816153457040272 ], [ -96.706957798436719, 40.816154801888665 ], [ -96.706957830425878, 40.81615614673629 ], [ -96.706957862562803, 40.81615749158324 ], [ -96.706957894838666, 40.816158836429494 ], [ -96.706957927244574, 40.816160181275137 ], [ -96.706957959771671, 40.816161526120183 ], [ -96.706957992411077, 40.816162870964703 ], [ -96.706958025153938, 40.816164215808726 ], [ -96.706958057991386, 40.816165560652287 ], [ -96.70695809091454, 40.816166905495436 ], [ -96.706958123914532, 40.816168250338229 ], [ -96.706958156982523, 40.816169595180696 ], [ -96.706958190109631, 40.81617094002285 ], [ -96.706958223286975, 40.816172284864798 ], [ -96.706958256505686, 40.816173629706533 ], [ -96.706958289756926, 40.816174974548119 ], [ -96.706958323031813, 40.816176319389584 ], [ -96.706958356321479, 40.816177664230977 ], [ -96.706958389617057, 40.816179009072336 ], [ -96.706958422909679, 40.816180353913715 ], [ -96.706958456190463, 40.816181698755145 ], [ -96.706958489450571, 40.816183043596695 ], [ -96.706958522681134, 40.816184388438366 ], [ -96.706958555873243, 40.816185733280221 ], [ -96.706958589018086, 40.816187078122319 ], [ -96.706958622106754, 40.816188422964672 ], [ -96.706958655130407, 40.816189767807352 ], [ -96.706958688080164, 40.816191112650365 ], [ -96.706958720947171, 40.816192457493784 ], [ -96.706958753722546, 40.816193802337644 ], [ -96.706958786397422, 40.816195147181979 ], [ -96.706958818962931, 40.816196492026862 ], [ -96.706958851410221, 40.816197836872277 ], [ -96.706958883730408, 40.816199181718332 ], [ -96.70695891591464, 40.816200526565019 ], [ -96.70695894795405, 40.81620187141241 ], [ -96.706958979839754, 40.816203216260533 ], [ -96.706959011562901, 40.81620456110943 ], [ -96.706959043114608, 40.816205905959166 ], [ -96.706959074486022, 40.816207250809761 ], [ -96.706959105668275, 40.816208595661259 ], [ -96.706959136652486, 40.816209940513708 ], [ -96.706959167429787, 40.816211285367153 ], [ -96.706959197991353, 40.816212630221635 ], [ -96.706959228328273, 40.816213975077197 ], [ -96.706959258431667, 40.816215319933875 ], [ -96.706959288292722, 40.81621666479171 ], [ -96.70695931790253, 40.816218009650754 ], [ -96.706959347252251, 40.816219354511048 ], [ -96.706959376332989, 40.816220699372636 ], [ -96.706959405135891, 40.816222044235545 ], [ -96.706959433652088, 40.816223389099846 ], [ -96.706959461872728, 40.816224733965555 ], [ -96.706959489788915, 40.816226078832742 ], [ -96.706959517391795, 40.816227423701406 ], [ -96.706959544672515, 40.816228768571619 ], [ -96.706959571622193, 40.816230113443439 ], [ -96.706959598231961, 40.816231458316871 ], [ -96.706959624492953, 40.816232803191994 ], [ -96.706959650396314, 40.816234148068816 ], [ -96.706959675933149, 40.816235492947413 ], [ -96.706959701094618, 40.816236837827802 ], [ -96.706959725871855, 40.816238182710023 ], [ -96.706959750255976, 40.816239527594135 ], [ -96.706959774238115, 40.816240872480194 ], [ -96.706959797809418, 40.816242217368213 ], [ -96.706959820961004, 40.816243562258258 ], [ -96.706959843684018, 40.816244907150349 ], [ -96.70695986596958, 40.816246252044536 ], [ -96.706959887808836, 40.816247596940862 ], [ -96.706959909192918, 40.816248941839383 ], [ -96.706959930112944, 40.816250286740136 ], [ -96.706959950560062, 40.816251631643127 ], [ -96.706959970525403, 40.816252976548455 ], [ -96.706959990000087, 40.816254321456135 ], [ -96.706960008975258, 40.816255666366203 ], [ -96.706960027442051, 40.816257011278722 ], [ -96.706960045391583, 40.816258356193721 ], [ -96.706960062815014, 40.816259701111235 ], [ -96.706960079703464, 40.816261046031315 ], [ -96.70696009604805, 40.816262390954016 ], [ -96.706960111839905, 40.816263735879367 ], [ -96.706960127070204, 40.816265080807419 ], [ -96.706960141730036, 40.816266425738192 ], [ -96.706960155810563, 40.816267770671757 ], [ -96.706960169302874, 40.816269115608144 ], [ -96.706960182198159, 40.816270460547386 ], [ -96.706960194487507, 40.816271805489528 ], [ -96.706960206162066, 40.816273150434647 ], [ -96.706960217212981, 40.816274495382736 ], [ -96.70696022763137, 40.816275840333887 ], [ -96.706960237408367, 40.816277185288087 ], [ -96.706960246535118, 40.816278530245427 ], [ -96.706960255002727, 40.816279875205908 ], [ -96.706960262802355, 40.816281220169621 ], [ -96.706960269925133, 40.816282565136568 ], [ -96.706960276362167, 40.816283910106797 ], [ -96.706960282104617, 40.816285255080373 ], [ -96.706960287143616, 40.816286600057317 ], [ -96.706960291470267, 40.816287945037686 ], [ -96.706960295075746, 40.816289290021508 ], [ -96.706960297951156, 40.816290635008848 ], [ -96.706960300087644, 40.816291979999718 ], [ -96.706960301476329, 40.816293324994199 ], [ -96.706960302108357, 40.816294669992274 ], [ -96.706960301974846, 40.816296014994045 ], [ -96.706960301066928, 40.816297359999538 ], [ -96.706960299375751, 40.816298705008762 ], [ -96.706960296700871, 40.81630004900849 ], [ -96.706960292856436, 40.816301393000501 ], [ -96.706960287860142, 40.81630273698493 ], [ -96.706960281729721, 40.816304080961878 ], [ -96.70696027448291, 40.816305424931471 ], [ -96.706960266137401, 40.81630676889381 ], [ -96.706960256710929, 40.816308112849036 ], [ -96.706960246221215, 40.816309456797285 ], [ -96.706960234685994, 40.81631080073862 ], [ -96.706960222122973, 40.816312144673169 ], [ -96.706960208549859, 40.816313488601075 ], [ -96.706960193984401, 40.816314832522437 ], [ -96.706960178444305, 40.816316176437411 ], [ -96.706960161947279, 40.816317520346026 ], [ -96.706960144511058, 40.816318864248466 ], [ -96.706960126153376, 40.816320208144852 ], [ -96.706960106891927, 40.816321552035269 ], [ -96.706960086744431, 40.816322895919861 ], [ -96.706960065728637, 40.816324239798718 ], [ -96.706960043862239, 40.816325583671976 ], [ -96.706960021162971, 40.816326927539748 ], [ -96.706959997648539, 40.816328271402128 ], [ -96.706959973336694, 40.816329615259292 ], [ -96.706959948245128, 40.816330959111298 ], [ -96.706959922391576, 40.816332302958273 ], [ -96.706959895793744, 40.816333646800352 ], [ -96.706959868469369, 40.816334990637635 ], [ -96.70695984043617, 40.816336334470265 ], [ -96.706959811711855, 40.816337678298325 ], [ -96.706959782314158, 40.816339022121952 ], [ -96.706959752260786, 40.816340365941265 ], [ -96.706959721569476, 40.816341709756365 ], [ -96.706959690257932, 40.816343053567387 ], [ -96.706959658343891, 40.816344397374422 ], [ -96.706959625845059, 40.816345741177614 ], [ -96.706959592779157, 40.81634708497706 ], [ -96.706959559163934, 40.816348428772905 ], [ -96.706959525017069, 40.816349772565253 ], [ -96.706959490356311, 40.816351116354184 ], [ -96.706959455199353, 40.816352460139868 ], [ -96.706959419563958, 40.816353803922389 ], [ -96.706959383467805, 40.816355147701884 ], [ -96.706959346928627, 40.816356491478444 ], [ -96.706959309964176, 40.816357835252191 ], [ -96.70695927259213, 40.816359179023273 ], [ -96.706959234830236, 40.81636052279179 ], [ -96.706959196696189, 40.816361866557841 ], [ -96.706959158207738, 40.816363210321576 ], [ -96.706959119382589, 40.816364554083066 ], [ -96.706959080238477, 40.816365897842459 ], [ -96.706959040793095, 40.81636724159987 ], [ -96.706959001064178, 40.816368585355427 ], [ -96.706958961069446, 40.816369929109229 ], [ -96.706958920826651, 40.816371272861382 ], [ -96.706958880353454, 40.816372616612028 ], [ -96.706958839667607, 40.816373960361261 ], [ -96.706958798786843, 40.816375304109215 ], [ -96.706958757728856, 40.816376647856011 ], [ -96.70695871651138, 40.816377991601733 ], [ -96.706958675152151, 40.816379335346539 ], [ -96.706958633668862, 40.816380679090514 ], [ -96.70695859207926, 40.8163820228338 ], [ -96.706958550401026, 40.81638336657651 ], [ -96.706958508651937, 40.816384710318722 ], [ -96.706958466849656, 40.816386054060622 ], [ -96.706958425011948, 40.816387397802252 ], [ -96.706958383156504, 40.816388741543776 ], [ -96.706958341301075, 40.81639008528532 ], [ -96.706958299463338, 40.81639142902695 ], [ -96.706958257661071, 40.816392772768829 ], [ -96.706958215911939, 40.816394116511063 ], [ -96.706958174233691, 40.816395460253759 ], [ -96.706958132644047, 40.816396803997037 ], [ -96.706958091160729, 40.816398147741012 ], [ -96.706958049801443, 40.816399491485818 ], [ -96.706958008583925, 40.816400835231548 ], [ -96.706957967525895, 40.816402178978308 ], [ -96.70695792664506, 40.816403522726269 ], [ -96.706957885959142, 40.816404866475494 ], [ -96.706957845485888, 40.816406210226127 ], [ -96.706957805242993, 40.816407553978273 ], [ -96.706957765248191, 40.81640889773206 ], [ -96.706957725519189, 40.816410241487596 ], [ -96.706957686073721, 40.816411585245007 ], [ -96.706957646929482, 40.816412929004393 ], [ -96.706957608104233, 40.816414272765869 ], [ -96.706957569615668, 40.816415616529596 ], [ -96.706957531481521, 40.816416960295626 ], [ -96.7069574937195, 40.816418304064129 ], [ -96.706957456347325, 40.816419647835183 ], [ -96.706957419382732, 40.816420991608936 ], [ -96.706957382843427, 40.816422335385475 ], [ -96.706957346747146, 40.816423679164942 ], [ -96.70695731111158, 40.816425022947456 ], [ -96.70695727595448, 40.816426366733118 ], [ -96.706957241293566, 40.816427710522042 ], [ -96.706957207146544, 40.816429054314362 ], [ -96.706957173531137, 40.816430398110157 ], [ -96.706957140465079, 40.816431741909604 ], [ -96.706957107966076, 40.816433085712774 ], [ -96.706957076051836, 40.816434429519795 ], [ -96.706957044740122, 40.816435773330788 ], [ -96.706957014048612, 40.816437117145867 ], [ -96.706956983995056, 40.816438460965145 ], [ -96.70695695459716, 40.816439804788757 ], [ -96.706956925872646, 40.816441148616796 ], [ -96.706956897839234, 40.816442492449397 ], [ -96.706956870514645, 40.816443836286645 ], [ -96.706956843916629, 40.816445180128689 ], [ -96.706956818062849, 40.816446523975642 ], [ -96.70695679297107, 40.816447867827627 ], [ -96.706956768658998, 40.816449211684741 ], [ -96.706956745144353, 40.816450555547107 ], [ -96.706956722444858, 40.816451899414844 ], [ -96.706956700578232, 40.816453243288073 ], [ -96.706956679562197, 40.816454587166909 ], [ -96.706956659414473, 40.816455931051443 ], [ -96.706956640152796, 40.816457274941854 ], [ -96.706956621794873, 40.81645861883819 ], [ -96.70695660435841, 40.816459962740602 ], [ -96.706956587861143, 40.816461306649202 ], [ -96.706956572320792, 40.816462650564119 ], [ -96.706956557755092, 40.816463994485446 ], [ -96.706956544181736, 40.816465338413316 ], [ -96.706956531618459, 40.816466682347844 ], [ -96.706956520082983, 40.816468026289144 ], [ -96.706956509593027, 40.816469370237336 ], [ -96.706956500166314, 40.816470714192519 ], [ -96.706956491820563, 40.816472058154837 ], [ -96.706956484573482, 40.816473402124387 ], [ -96.70695647844282, 40.816474746101299 ], [ -96.706956473446283, 40.816476090085686 ], [ -96.706956469601579, 40.816477434077648 ], [ -96.706956466926428, 40.816478778077332 ], [ -96.706956464941257, 40.81648012309212 ], [ -96.70695646316068, 40.816481468114134 ], [ -96.706956461589087, 40.816482813143203 ], [ -96.706956460230828, 40.816484158179087 ], [ -96.706956459090335, 40.816485503221564 ], [ -96.706956458171973, 40.816486848270479 ], [ -96.706956457480132, 40.816488193325547 ], [ -96.706956457019189, 40.816489538386641 ], [ -96.706956456793534, 40.816490883453483 ], [ -96.706956456807532, 40.816492228525895 ], [ -96.706956457065601, 40.81649357360368 ], [ -96.706956457572119, 40.816494918686587 ], [ -96.706956458331462, 40.816496263774454 ], [ -96.706956459347992, 40.816497608867053 ], [ -96.706956460626145, 40.816498953964157 ], [ -96.706956462170268, 40.816500299065574 ], [ -96.706956463984767, 40.816501644171076 ], [ -96.70695646607399, 40.816502989280494 ], [ -96.706956468442371, 40.816504334393585 ], [ -96.706956471094273, 40.816505679510144 ], [ -96.706956474034072, 40.816507024629971 ], [ -96.706956477266161, 40.816508369752853 ], [ -96.706956480794929, 40.816509714878585 ], [ -96.706956484624754, 40.816511060006931 ], [ -96.706956488760028, 40.816512405137722 ], [ -96.706956493205112, 40.81651375027073 ], [ -96.706956497964441, 40.816515095405734 ], [ -96.706956503042349, 40.816516440542536 ], [ -96.706956508443241, 40.816517785680929 ], [ -96.706956514171509, 40.816519130820701 ], [ -96.706956520231543, 40.816520475961639 ], [ -96.706956526627692, 40.816521821103549 ], [ -96.706956533364377, 40.816523166246199 ], [ -96.706956540445972, 40.816524511389396 ], [ -96.706956547876857, 40.81652585653292 ], [ -96.706956555661421, 40.816527201676571 ], [ -96.706956563804042, 40.81652854682013 ], [ -96.70695657230911, 40.816529891963398 ], [ -96.706956581181032, 40.816531237106155 ], [ -96.706956590424156, 40.816532582248215 ], [ -96.706956600042886, 40.816533927389344 ], [ -96.706956610041601, 40.816535272529322 ], [ -96.706956620424677, 40.816536617668 ], [ -96.706956631196533, 40.816537962805057 ], [ -96.706956642361533, 40.816539307940424 ], [ -96.706956653924038, 40.81654065307378 ], [ -96.70695666588847, 40.816541998204954 ], [ -96.706956678259189, 40.81654334333377 ], [ -96.706956691040602, 40.816544688459956 ], [ -96.706956704237072, 40.816546033583343 ], [ -96.706956717853004, 40.816547378703703 ], [ -96.706956731892774, 40.816548723820844 ], [ -96.706956746360746, 40.816550068934561 ], [ -96.706956761261338, 40.816551414044611 ], [ -96.706956776598929, 40.816552759150824 ], [ -96.706956792377881, 40.816554104252972 ], [ -96.706956808602598, 40.816555449350844 ], [ -96.706956825277473, 40.816556794444232 ], [ -96.706956842406868, 40.816558139532901 ], [ -96.706956859995174, 40.816559484616718 ], [ -96.706956878046782, 40.816560829695398 ], [ -96.706956896566084, 40.816562174768755 ], [ -96.706956915557456, 40.816563519836599 ], [ -96.706956935025275, 40.816564864898673 ], [ -96.706956954973947, 40.816566209954829 ], [ -96.706956975407849, 40.816567555004795 ], [ -96.706956996331343, 40.816568900048424 ], [ -96.706957017748834, 40.816570245085451 ], [ -96.706957039664715, 40.816571590115721 ], [ -96.706957062083347, 40.816572935138971 ], [ -96.706957085009151, 40.816574280155038 ], [ -96.70695710844646, 40.816575625163679 ], [ -96.706957132399708, 40.816576970164704 ], [ -96.706957156873258, 40.816578315157876 ], [ -96.706957181871502, 40.81657966014302 ], [ -96.706957207398816, 40.816581005119929 ], [ -96.706957233459576, 40.816582350088346 ], [ -96.706957260058203, 40.816583695048102 ], [ -96.706957287199046, 40.816585039998998 ], [ -96.706957314886495, 40.816586384940791 ], [ -96.706957343124955, 40.816587729873291 ], [ -96.70695737191879, 40.816589074796269 ], [ -96.706957401272405, 40.816590419709541 ], [ -96.706957431190176, 40.816591764612895 ], [ -96.706957461676467, 40.816593109506094 ], [ -96.706957492735697, 40.816594454388955 ], [ -96.706957524372228, 40.816595799261279 ], [ -96.706957556590453, 40.816597144122817 ], [ -96.706957589394747, 40.816598488973391 ], [ -96.706957622789517, 40.816599833812781 ], [ -96.706957656779139, 40.816601178640781 ], [ -96.706957691367975, 40.816602523457171 ], [ -96.706957726560447, 40.816603868261772 ], [ -96.706957762360915, 40.816605213054345 ], [ -96.706957798773772, 40.816606557834675 ], [ -96.706957835803394, 40.816607902602584 ], [ -96.706957873454186, 40.816609247357825 ], [ -96.706957911730512, 40.816610592100218 ], [ -96.706957950636763, 40.816611936829553 ], [ -96.70695799017733, 40.816613281545614 ], [ -96.706958030356589, 40.816614626248167 ], [ -96.706958071178931, 40.816615970937043 ], [ -96.706958112648749, 40.816617315612028 ], [ -96.706958154770405, 40.816618660272866 ], [ -96.706958197548303, 40.816620004919407 ], [ -96.706958240986822, 40.816621349551419 ], [ -96.706958285090352, 40.816622694168665 ], [ -96.706958329863269, 40.816624038770975 ], [ -96.706958375309966, 40.816625383358129 ], [ -96.706958421434834, 40.816626727929886 ], [ -96.70695846824222, 40.816628072486097 ], [ -96.706958515736559, 40.816629417026519 ], [ -96.706958563922214, 40.816630761550933 ], [ -96.706958612803561, 40.816632106059132 ], [ -96.706958662385006, 40.816633450550931 ], [ -96.706958712670911, 40.816634795026104 ], [ -96.706958763665668, 40.81663613948443 ], [ -96.706958815373667, 40.816637483925717 ], [ -96.706958867799287, 40.816638828349753 ], [ -96.706958920946931, 40.816640172756323 ], [ -96.706958974820964, 40.816641517145214 ], [ -96.706959029425775, 40.816642861516236 ], [ -96.706959084765757, 40.816644205869153 ], [ -96.706959140845285, 40.816645550203788 ], [ -96.706959197668738, 40.816646894519906 ], [ -96.706959255240534, 40.816648238817287 ], [ -96.706959313565008, 40.816649583095767 ], [ -96.706959372646594, 40.816650927355099 ], [ -96.706959432489654, 40.816652271595075 ], [ -96.706959493098552, 40.816653615815511 ], [ -96.70695955447772, 40.816654960016159 ], [ -96.706959616631508, 40.81665630419684 ], [ -96.706959679564292, 40.816657648357349 ], [ -96.706959743280493, 40.816658992497445 ], [ -96.706959807901029, 40.816660340388552 ], [ -96.706959873183322, 40.816661688263991 ], [ -96.706959939125809, 40.816663036123721 ], [ -96.706960005726913, 40.816664383967499 ], [ -96.706960072985055, 40.816665731795247 ], [ -96.706960140898673, 40.816667079606816 ], [ -96.706960209466189, 40.816668427402107 ], [ -96.70696027868604, 40.816669775180962 ], [ -96.706960348556649, 40.816671122943269 ], [ -96.706960419076438, 40.81667247068885 ], [ -96.706960490243844, 40.816673818417634 ], [ -96.70696056205729, 40.816675166129443 ], [ -96.706960634515198, 40.816676513824177 ], [ -96.706960707615991, 40.816677861501681 ], [ -96.706960781358106, 40.816679209161833 ], [ -96.706960855739979, 40.816680556804506 ], [ -96.706960930760047, 40.816681904429544 ], [ -96.706961006416705, 40.816683252036889 ], [ -96.706961082708389, 40.816684599626292 ], [ -96.706961159633536, 40.816685947197726 ], [ -96.706961237190583, 40.81668729475102 ], [ -96.706961315377939, 40.816688642286032 ], [ -96.706961394194039, 40.816689989802647 ], [ -96.706961473637307, 40.816691337300725 ], [ -96.706961553706179, 40.816692684780122 ], [ -96.706961634399093, 40.816694032240726 ], [ -96.706961715714442, 40.816695379682415 ], [ -96.706961797650678, 40.816696727105025 ], [ -96.706961880206222, 40.816698074508444 ], [ -96.706961963379527, 40.816699421892544 ], [ -96.706962047168972, 40.816700769257196 ], [ -96.706962131573022, 40.816702116602237 ], [ -96.706962216590085, 40.816703463927574 ], [ -96.706962302218614, 40.816704811233052 ], [ -96.706962388457001, 40.816706158518571 ], [ -96.706962475303712, 40.816707505783945 ], [ -96.706962562757141, 40.816708853029084 ], [ -96.70696265081574, 40.816710200253858 ], [ -96.706962739477916, 40.816711547458112 ], [ -96.706962828742107, 40.816712894641732 ], [ -96.706962918606749, 40.816714241804576 ], [ -96.706963009070265, 40.816715588946529 ], [ -96.706963100131063, 40.816716936067444 ], [ -96.706963191787608, 40.816718283167162 ], [ -96.706963284038295, 40.816719630245615 ], [ -96.706963376881561, 40.81672097730263 ], [ -96.706963470315856, 40.816722324338073 ], [ -96.70696356433956, 40.816723671351852 ], [ -96.706963658951153, 40.816725018343789 ], [ -96.706963754149015, 40.81672636531377 ], [ -96.706963849931611, 40.816727712261653 ], [ -96.706963946297378, 40.816729059187338 ], [ -96.706964043244682, 40.816730406090663 ], [ -96.706964140772001, 40.816731752971506 ], [ -96.706964238877774, 40.81673309982974 ], [ -96.706964337560379, 40.816734446665222 ], [ -96.706964436818296, 40.816735793477839 ], [ -96.706964536649892, 40.816737140267442 ], [ -96.706964637053659, 40.816738487033902 ], [ -96.706964738027992, 40.816739833777092 ], [ -96.706964839571313, 40.816741180496876 ], [ -96.706964941682074, 40.816742527193135 ], [ -96.706965044358668, 40.816743873865732 ], [ -96.706965147599561, 40.816745220514505 ], [ -96.706965251403147, 40.81674656713939 ], [ -96.706965355767892, 40.816747913740187 ], [ -96.706965460692189, 40.816749260316783 ], [ -96.706965566174475, 40.816750606869071 ], [ -96.706965672213187, 40.816751953396917 ], [ -96.706965778806733, 40.816753299900157 ], [ -96.706965885953551, 40.816754646378683 ], [ -96.706965993652091, 40.816755992832377 ], [ -96.706966101900747, 40.816757339261059 ], [ -96.706966210697971, 40.816758685664652 ], [ -96.706966320042184, 40.816760032042993 ], [ -96.706966429931796, 40.81676137839596 ], [ -96.706966540365258, 40.816762724723411 ], [ -96.706966651340991, 40.816764071025233 ], [ -96.706966762857419, 40.816765417301283 ], [ -96.706966874912965, 40.816766763551435 ], [ -96.706966987506064, 40.816768109775552 ], [ -96.706967100635154, 40.8167694559735 ], [ -96.706967214298643, 40.816770802145143 ], [ -96.706967328494969, 40.816772148290369 ], [ -96.706967443222553, 40.816773494409041 ], [ -96.706967558479832, 40.816774840500997 ], [ -96.706967674265229, 40.816776186566166 ], [ -96.706967790577181, 40.816777532604355 ], [ -96.706967907414082, 40.816778878615466 ], [ -96.706968024774412, 40.816780224599349 ], [ -96.706968142656564, 40.816781570555897 ], [ -96.706968261058961, 40.816782916484954 ], [ -96.706968379980054, 40.816784262386406 ], [ -96.706968499418252, 40.816785608260119 ], [ -96.706968619371992, 40.81678695410595 ], [ -96.706968739839709, 40.816788299923786 ], [ -96.706968860819813, 40.816789645713463 ], [ -96.706968982310755, 40.816790991474875 ], [ -96.706969104310929, 40.816792337207893 ], [ -96.706969226818785, 40.816793682912383 ], [ -96.706969349832747, 40.816795028588203 ], [ -96.706969473351251, 40.816796374235238 ], [ -96.706969597372705, 40.816797719853334 ], [ -96.706969721895561, 40.81679906544236 ], [ -96.706969846918227, 40.816800411002212 ], [ -96.70696997243914, 40.816801756532733 ], [ -96.706970098456736, 40.816803102033809 ], [ -96.70697022496941, 40.816804447505277 ], [ -96.706970351975627, 40.816805792947044 ], [ -96.706970479473796, 40.816807138358968 ], [ -96.706970607462353, 40.8168084837409 ], [ -96.70697073593972, 40.81680982909274 ], [ -96.706970864904321, 40.816811174414326 ], [ -96.706970994354606, 40.816812519705536 ], [ -96.706971124288955, 40.81681386496625 ], [ -96.706971254705849, 40.816815210196317 ], [ -96.706971385603694, 40.816816555395611 ], [ -96.7069715169809, 40.816817900564018 ], [ -96.706971648835932, 40.816819245701375 ], [ -96.706971781167184, 40.816820590807581 ], [ -96.706971913973092, 40.816821935882487 ], [ -96.706972047252094, 40.816823280925966 ], [ -96.706972181002627, 40.816824625937883 ], [ -96.706972315223069, 40.816825970918117 ], [ -96.706972449911916, 40.816827315866533 ], [ -96.706972585067533, 40.816828660782981 ], [ -96.706972720688398, 40.816830005667356 ], [ -96.706972856772921, 40.816831350519514 ], [ -96.706972993319511, 40.816832695339315 ], [ -96.706973130326631, 40.816834040126643 ], [ -96.706973267792677, 40.816835384881365 ], [ -96.70697340571607, 40.816836729603352 ], [ -96.706973544095291, 40.816838074292448 ], [ -96.706973682928719, 40.816839418948547 ], [ -96.706973821668996, 40.816840759179669 ], [ -96.706973960684849, 40.816842099406308 ], [ -96.706974099981736, 40.816843439627782 ], [ -96.70697423956517, 40.816844779843386 ], [ -96.706974379440595, 40.816846120052439 ], [ -96.70697451961351, 40.816847460254237 ], [ -96.706974660089372, 40.816848800448149 ], [ -96.706974800873667, 40.816850140633399 ], [ -96.706974941971879, 40.816851480809369 ], [ -96.706975083389452, 40.816852820975356 ], [ -96.706975225131885, 40.816854161130657 ], [ -96.706975367204663, 40.816855501274595 ], [ -96.706975509613244, 40.816856841406477 ], [ -96.706975652363099, 40.816858181525653 ], [ -96.706975795459726, 40.816859521631379 ], [ -96.706975938908585, 40.816860861723001 ], [ -96.706976082715144, 40.816862201799808 ], [ -96.706976226884905, 40.816863541861132 ], [ -96.706976371423309, 40.816864881906284 ], [ -96.706976516335871, 40.816866221934575 ], [ -96.706976661628033, 40.816867561945301 ], [ -96.706976807305281, 40.816868901937809 ], [ -96.706976953373101, 40.816870241911367 ], [ -96.706977099836948, 40.816871581865335 ], [ -96.706977246702323, 40.816872921798989 ], [ -96.706977393974682, 40.816874261711654 ], [ -96.706977541659512, 40.816875601602653 ], [ -96.706977689762283, 40.816876941471264 ], [ -96.706977838288466, 40.81687828131686 ], [ -96.706977987243548, 40.816879621138696 ], [ -96.706978136632983, 40.816880960936103 ], [ -96.706978286462274, 40.816882300708414 ], [ -96.706978436736904, 40.816883640454911 ], [ -96.706978587462302, 40.816884980174926 ], [ -96.706978738643997, 40.816886319867756 ], [ -96.706978890287402, 40.816887659532739 ], [ -96.706979042398061, 40.816888999169159 ], [ -96.7069791949814, 40.816890338776339 ], [ -96.706979348042921, 40.816891678353585 ], [ -96.706979501588094, 40.816893017900242 ], [ -96.706979655622376, 40.816894357415585 ], [ -96.706979810151267, 40.816895696898932 ], [ -96.706979965180253, 40.816897036349609 ], [ -96.706980120714761, 40.816898375766925 ], [ -96.706980276760319, 40.816899715150193 ], [ -96.706980433322371, 40.816901054498707 ], [ -96.706980590406403, 40.816902393811816 ], [ -96.706980748017884, 40.8169037330888 ], [ -96.706980906162286, 40.816905072329 ], [ -96.70698106484511, 40.816906411531676 ], [ -96.706981224071811, 40.816907750696217 ], [ -96.706981383847861, 40.81690908982187 ], [ -96.70698154417876, 40.816910428907974 ], [ -96.706981705069936, 40.81691176795384 ], [ -96.706981866526917, 40.816913106958793 ], [ -96.70698202855516, 40.816914445922116 ], [ -96.706982191160137, 40.816915784843133 ], [ -96.706982354347318, 40.81691712372119 ], [ -96.706982518122174, 40.816918462555549 ], [ -96.706982682490207, 40.81691980134557 ], [ -96.706982847456871, 40.816921140090493 ], [ -96.706983013027653, 40.816922478789714 ], [ -96.706983179208009, 40.8169238174425 ], [ -96.706983346003454, 40.816925156048185 ], [ -96.706983513419416, 40.816926494606044 ], [ -96.706983681461409, 40.816927833115436 ], [ -96.706983850134876, 40.816929171575651 ], [ -96.706984019445329, 40.81693050998598 ], [ -96.706984189398199, 40.816931848345774 ], [ -96.706984359998998, 40.816933186654339 ], [ -96.706984531253198, 40.816934524910955 ], [ -96.706984703166256, 40.816935863114978 ], [ -96.706984875743657, 40.816937201265702 ], [ -96.706985048990887, 40.816938539362432 ], [ -96.706985222913417, 40.816939877404472 ], [ -96.706985397516704, 40.816941215391168 ], [ -96.706985572806246, 40.816942553321809 ], [ -96.706985748787503, 40.816943891195706 ], [ -96.706985925465972, 40.81694522901217 ], [ -96.706986102847097, 40.816946566770547 ], [ -96.706986280936377, 40.816947904470112 ], [ -96.706986459739284, 40.816949242110176 ], [ -96.706986639261288, 40.816950579690072 ], [ -96.706986819507875, 40.81695191720911 ], [ -96.706987000484517, 40.816953254666608 ], [ -96.706987182196684, 40.816954592061826 ], [ -96.706987364649848, 40.816955929394155 ], [ -96.706987547849494, 40.816957266662861 ], [ -96.706987731801107, 40.816958603867256 ], [ -96.706987916510116, 40.816959941006665 ], [ -96.706988101982063, 40.81696127808042 ], [ -96.706988288222377, 40.816962615087789 ], [ -96.706988475236557, 40.816963952028104 ], [ -96.70698866303006, 40.816965288900704 ], [ -96.706988851608372, 40.816966625704865 ], [ -96.706989040976978, 40.816967962439911 ], [ -96.706989231141335, 40.81696929910516 ], [ -96.706989422106929, 40.816970635699917 ], [ -96.706989613879216, 40.816971972223506 ], [ -96.70698980646371, 40.816973308675223 ], [ -96.706989999865868, 40.816974645054401 ], [ -96.706990194091162, 40.816975981360329 ], [ -96.706990389145062, 40.81697731759234 ], [ -96.70699058503304, 40.816978653749729 ], [ -96.706990781760595, 40.816979989831822 ], [ -96.706990979333185, 40.816981325837922 ], [ -96.706991177756308, 40.816982661767348 ], [ -96.706991377035408, 40.816983997619417 ], [ -96.70699157717597, 40.816985333393419 ], [ -96.706991778183493, 40.816986669088713 ], [ -96.706991980063407, 40.816988004704555 ], [ -96.706992182821239, 40.816989340240283 ], [ -96.706992386462431, 40.81699067569523 ], [ -96.706992590992471, 40.816992011068677 ], [ -96.706992796416827, 40.816993346359943 ], [ -96.706993002740987, 40.81699468156836 ], [ -96.706993209970406, 40.81699601669321 ], [ -96.706993418110585, 40.816997351733825 ], [ -96.70699362716698, 40.816998686689523 ], [ -96.706993837145077, 40.817000021559608 ], [ -96.706994048050348, 40.81700135634339 ], [ -96.706994259888276, 40.81700269104018 ], [ -96.70699447266432, 40.817004025649297 ], [ -96.706994686383965, 40.81700536017005 ], [ -96.706994901052695, 40.817006694601751 ], [ -96.706995116675969, 40.817008028943711 ], [ -96.706995333259272, 40.817009363195254 ], [ -96.706995550808088, 40.817010697355677 ], [ -96.706995769327875, 40.817012031424298 ], [ -96.706995988824119, 40.817013365400427 ], [ -96.706996209302304, 40.817014699283398 ], [ -96.706996430767887, 40.817016033072491 ], [ -96.706996653226341, 40.817017366767026 ], [ -96.706996876683178, 40.81701870036634 ], [ -96.706997101143841, 40.817020033869724 ], [ -96.706997326817316, 40.817021369560436 ], [ -96.706997553147673, 40.817022705200181 ], [ -96.706997780137087, 40.817024040788276 ], [ -96.706998007787817, 40.817025376324025 ], [ -96.706998236102095, 40.817026711806704 ], [ -96.706998465082137, 40.817028047235624 ], [ -96.706998694730189, 40.817029382610066 ], [ -96.706998925048481, 40.817030717929349 ], [ -96.706999156039231, 40.81703205319274 ], [ -96.70699938770467, 40.817033388399558 ], [ -96.706999620047043, 40.817034723549085 ], [ -96.706999853068581, 40.817036058640646 ], [ -96.707000086771501, 40.81703739367348 ], [ -96.70700032115802, 40.817038728646956 ], [ -96.707000556230412, 40.817040063560306 ], [ -96.707000791990879, 40.817041398412854 ], [ -96.707001028441638, 40.817042733203898 ], [ -96.70700126558495, 40.817044067932741 ], [ -96.707001503423029, 40.817045402598659 ], [ -96.707001741958123, 40.817046737200961 ], [ -96.707001981192448, 40.817048071738945 ], [ -96.707002221128221, 40.8170494062119 ], [ -96.707002461767686, 40.817050740619109 ], [ -96.707002703113091, 40.817052074959911 ], [ -96.70700294516665, 40.817053409233566 ], [ -96.707003187930582, 40.817054743439371 ], [ -96.707003431407145, 40.81705607757663 ], [ -96.707003675598543, 40.817057411644662 ], [ -96.70700392050702, 40.817058745642704 ], [ -96.707004166134809, 40.817060079570119 ], [ -96.707004412484139, 40.817061413426174 ], [ -96.707004659557242, 40.817062747210123 ], [ -96.707004907356321, 40.817064080921341 ], [ -96.707005155883664, 40.817065414559096 ], [ -96.707005405141444, 40.817066748122663 ], [ -96.707005655131923, 40.817068081611353 ], [ -96.707005905857315, 40.817069415024463 ], [ -96.707006157319867, 40.817070748361267 ], [ -96.70700640952181, 40.817072081621092 ], [ -96.707006662465361, 40.817073414803211 ], [ -96.707006916152764, 40.817074747906936 ], [ -96.707007170586238, 40.817076080931571 ], [ -96.707007425768012, 40.817077413876405 ], [ -96.707007681700333, 40.817078746740719 ], [ -96.707007938385416, 40.817080079523805 ], [ -96.707008195825495, 40.817081412224987 ], [ -96.707008454022812, 40.817082744843532 ], [ -96.707008712979572, 40.817084077378766 ], [ -96.707008972698034, 40.817085409829957 ], [ -96.707009233180415, 40.817086742196445 ], [ -96.707009494428945, 40.817088074477475 ], [ -96.707009756445871, 40.817089406672373 ], [ -96.70701001923338, 40.817090738780436 ], [ -96.70701028279376, 40.817092070800932 ], [ -96.707010547129201, 40.817093402733164 ], [ -96.707010812241947, 40.817094734576457 ], [ -96.707011078134229, 40.817096066330087 ], [ -96.707011344808294, 40.817097397993351 ], [ -96.707011612266328, 40.817098729565558 ], [ -96.707011880510606, 40.817100061045991 ], [ -96.707012149543331, 40.817101392433969 ], [ -96.707012419366748, 40.817102723728738 ], [ -96.707012689983088, 40.817104054929629 ], [ -96.707012961394568, 40.817105386035927 ], [ -96.707013233603433, 40.817106717046947 ], [ -96.707013506611915, 40.817108047961973 ], [ -96.70701378042223, 40.817109378780302 ], [ -96.707014055036623, 40.817110709501222 ], [ -96.707014330457312, 40.817112040124059 ], [ -96.707014606686542, 40.817113370648066 ], [ -96.707014883726529, 40.817114701072548 ], [ -96.70701516157952, 40.81711603139685 ], [ -96.70701544024773, 40.817117361620205 ], [ -96.707015719733405, 40.817118691741925 ], [ -96.707016000038749, 40.81712002176134 ], [ -96.70701628116602, 40.817121351677706 ], [ -96.707016563117449, 40.81712268149036 ], [ -96.707016845895225, 40.817124011198558 ], [ -96.707017129501637, 40.81712534080161 ], [ -96.707017413938885, 40.817126670298826 ], [ -96.707017699209203, 40.817127999689482 ], [ -96.70701798531482, 40.817129328972882 ], [ -96.707018272257969, 40.817130658148336 ], [ -96.707018560040879, 40.817131987215113 ], [ -96.707018848665783, 40.81713331617253 ], [ -96.70701913813491, 40.817134645019891 ], [ -96.707019428450479, 40.817135973756436 ], [ -96.707019719614749, 40.817137302381546 ], [ -96.707020011629936, 40.817138630894448 ], [ -96.707020304498258, 40.817139959294472 ], [ -96.707020598221973, 40.817141287580917 ], [ -96.707020892803271, 40.817142615753063 ], [ -96.707021188244426, 40.817143943810208 ], [ -96.707021484547653, 40.817145271751649 ], [ -96.707021781715156, 40.817146599576702 ], [ -96.707022079749208, 40.817147927284637 ], [ -96.707022378652013, 40.817149254874764 ], [ -96.707022678425815, 40.817150582346365 ], [ -96.707022979072846, 40.817151909698744 ], [ -96.707023280595308, 40.817153236931226 ], [ -96.707023582995475, 40.817154564043044 ], [ -96.707023886275536, 40.817155891033551 ], [ -96.70702419043775, 40.817157217902022 ], [ -96.707024495484347, 40.817158544647754 ], [ -96.707024801417532, 40.81715987127005 ], [ -96.707025108239563, 40.817161197768186 ], [ -96.707025415952671, 40.817162524141473 ], [ -96.70702572455906, 40.817163850389221 ], [ -96.707026034060988, 40.817165176510684 ], [ -96.707026344460672, 40.817166502505209 ], [ -96.707026655760345, 40.817167828372064 ], [ -96.707026967962236, 40.817169154110545 ], [ -96.707027281068591, 40.817170479719962 ], [ -96.707027595081598, 40.817171805199578 ], [ -96.707027910003546, 40.817173130548738 ], [ -96.707028225836623, 40.817174455766704 ], [ -96.707028542583075, 40.817175780852786 ], [ -96.707028860245131, 40.81717710580628 ], [ -96.707029178825024, 40.817178430626463 ], [ -96.707029498324985, 40.817179755312658 ], [ -96.707029818747245, 40.817181079864149 ], [ -96.70703014009402, 40.817182404280217 ], [ -96.707030462367555, 40.817183728560195 ], [ -96.707030785570069, 40.817185052703365 ], [ -96.70703110970382, 40.817186376708989 ], [ -96.707031434771011, 40.817187700576397 ], [ -96.707031760773887, 40.817189024304888 ], [ -96.707032087714666, 40.817190347893749 ], [ -96.707032415595592, 40.817191671342272 ], [ -96.707032744418896, 40.817192994649751 ], [ -96.707033074186796, 40.817194317815492 ], [ -96.707033404901523, 40.81719564083879 ], [ -96.707033736565322, 40.817196963718928 ], [ -96.707034069180409, 40.817198286455231 ], [ -96.707034402749031, 40.81719960904698 ], [ -96.707034737273389, 40.817200931493431 ], [ -96.707035072330484, 40.817202253992427 ], [ -96.707035407457454, 40.817203576543278 ], [ -96.707035742671422, 40.817204899141863 ], [ -96.707036077989471, 40.817206221784041 ], [ -96.707036413428668, 40.817207544465703 ], [ -96.70703674900615, 40.817208867182728 ], [ -96.707037084739, 40.817210189930996 ], [ -96.707037420644284, 40.817211512706386 ], [ -96.707037756739126, 40.817212835504733 ], [ -96.707038093040623, 40.817214158321939 ], [ -96.707038429565841, 40.817215481153902 ], [ -96.707038766311356, 40.817216804000203 ], [ -96.707039099039832, 40.817218127630952 ], [ -96.707039424690578, 40.817219452602103 ], [ -96.7070397434684, 40.817220778875402 ], [ -96.707040055578261, 40.817222106412551 ], [ -96.707040361225182, 40.817223435175165 ], [ -96.707040660614183, 40.817224765124976 ], [ -96.707040953950397, 40.817226096223607 ], [ -96.707041241439015, 40.817227428432723 ], [ -96.707041523285255, 40.817228761713956 ], [ -96.707041799694409, 40.817230096028901 ], [ -96.707042070871807, 40.817231431339252 ], [ -96.707042337022841, 40.817232767606541 ], [ -96.707042598352928, 40.817234104792419 ], [ -96.707042855067556, 40.817235442858468 ], [ -96.707043107372215, 40.81723678176624 ], [ -96.707043355472493, 40.817238121477381 ], [ -96.707043599573964, 40.817239461953385 ], [ -96.707043839882232, 40.817240803155904 ], [ -96.707044076602998, 40.817242145046421 ], [ -96.707044309941907, 40.817243487586531 ], [ -96.70704454010469, 40.817244830737792 ], [ -96.707044767297106, 40.817246174461708 ], [ -96.707044991724899, 40.817247518719832 ], [ -96.707045213593887, 40.817248863473729 ], [ -96.707045433109826, 40.817250208684918 ], [ -96.707045650478577, 40.817251554314922 ], [ -96.707045865905982, 40.817252900325272 ], [ -96.707046079597887, 40.817254246677493 ], [ -96.70704629176015, 40.817255593333094 ], [ -96.707046502598658, 40.8172569402536 ], [ -96.707046712319297, 40.817258287400534 ], [ -96.70704692112794, 40.817259634735443 ], [ -96.707047129230489, 40.817260982219814 ], [ -96.707047336832829, 40.817262329815151 ], [ -96.707047544140892, 40.817263677482998 ], [ -96.707047751360534, 40.817265025184838 ], [ -96.707047958697657, 40.81726637288223 ], [ -96.707048166358177, 40.817267720536663 ], [ -96.707048374547924, 40.817269068109681 ], [ -96.707048583472812, 40.817270415562774 ], [ -96.7070487933387, 40.817271762857509 ], [ -96.707049004351433, 40.817273109955352 ], [ -96.707049216716868, 40.817274456817863 ], [ -96.707049430640822, 40.817275803406581 ], [ -96.707049646329111, 40.817277149682987 ], [ -96.707049863987521, 40.817278495608697 ], [ -96.707050083821855, 40.817279841145165 ], [ -96.707050306037857, 40.817281186254007 ], [ -96.7070505308413, 40.817282530896712 ], [ -96.707050758437887, 40.817283875034832 ], [ -96.707050989033306, 40.817285218629948 ], [ -96.707051222833257, 40.817286561643591 ], [ -96.707051460043388, 40.817287904037357 ], [ -96.707051700869329, 40.817289245772791 ], [ -96.707051945516682, 40.817290586811424 ], [ -96.707052194191036, 40.817291927114894 ], [ -96.707052447097936, 40.817293266644732 ], [ -96.70705270444293, 40.817294605362548 ], [ -96.70705296643149, 40.817295943229908 ], [ -96.707053233269093, 40.817297280208429 ], [ -96.707053505161213, 40.817298616259713 ], [ -96.707053782313224, 40.817299951345348 ], [ -96.707054064930531, 40.817301285426957 ], [ -96.707054353218496, 40.817302618466123 ], [ -96.707054647382435, 40.817303950424495 ], [ -96.707054947627668, 40.8173052812637 ], [ -96.707055254159414, 40.817306610945373 ], [ -96.707055567182991, 40.817307939431132 ], [ -96.707055886903547, 40.817309266682599 ], [ -96.7070562135263, 40.817310592661478 ], [ -96.7070565472564, 40.81731191732937 ], [ -96.707056888298951, 40.817313240647941 ], [ -96.707057236859086, 40.817314562578886 ], [ -96.707057593141869, 40.817315883083836 ], [ -96.707057957352347, 40.817317202124464 ], [ -96.707058329695556, 40.817318519662471 ], [ -96.707058710376472, 40.81731983565949 ], [ -96.707059099600116, 40.817321150077255 ], [ -96.707059497571393, 40.817322462877435 ], [ -96.707059904495267, 40.817323774021709 ], [ -96.707059945911197, 40.817323905504203 ] ] } },
{ "type": "Feature", "properties": { "point_a": 176, "point_b": 177, "trip": 2, "route": "fork", "status": "corrected", "mode": "reviewed_spatial_assumption" }, "geometry": { "type": "LineString", "coordinates": [ [ -96.707059945911197, 40.817323905504203 ], [ -96.707060320530957, 40.817325083480092 ], [ -96.70706074559024, 40.817326391267628 ], [ -96.707061179501594, 40.81732769741452 ], [ -96.707061622093448, 40.817329001950988 ], [ -96.707062073194251, 40.817330304907209 ], [ -96.707062532632506, 40.817331606313402 ], [ -96.70706300023673, 40.817332906199752 ], [ -96.707063475835454, 40.817334204596449 ], [ -96.707063959257269, 40.817335501533648 ], [ -96.707064450330805, 40.817336797041563 ], [ -96.707064948884678, 40.817338091150347 ], [ -96.707065454747607, 40.81733938389015 ], [ -96.707065967748278, 40.817340675291149 ], [ -96.707066487715437, 40.817341965383477 ], [ -96.707067014477843, 40.817343254197311 ], [ -96.707067547864341, 40.817344541762758 ], [ -96.707068087703732, 40.817345828109957 ], [ -96.707068633824903, 40.817347113269058 ], [ -96.707069186056771, 40.817348397270152 ], [ -96.707069744228221, 40.81734968014338 ], [ -96.707070308168255, 40.817350961918855 ], [ -96.707070877705831, 40.817352242626662 ], [ -96.707071452669993, 40.817353522296919 ], [ -96.707072032889755, 40.817354800959727 ], [ -96.707072618194204, 40.817356078645176 ], [ -96.70707320841241, 40.817357355383329 ], [ -96.707073803373532, 40.8173586312043 ], [ -96.707074402906656, 40.817359906138172 ], [ -96.707075006840981, 40.817361180215009 ], [ -96.70707561500565, 40.817362453464867 ], [ -96.707076227229891, 40.817363725917829 ], [ -96.70707684334289, 40.817364997603974 ], [ -96.707077463173903, 40.817366268553336 ], [ -96.70707808655213, 40.81736753879602 ], [ -96.707078713306842, 40.817368808362033 ], [ -96.707079343267282, 40.817370077281488 ], [ -96.707079976262733, 40.817371345584391 ], [ -96.707080612122411, 40.817372613300833 ], [ -96.707081250675614, 40.817373880460856 ], [ -96.707081891751614, 40.817375147094523 ], [ -96.707082535179651, 40.817376413231891 ], [ -96.70708318078897, 40.817377678903014 ], [ -96.707083828408813, 40.817378944137964 ], [ -96.707084477868435, 40.817380208966796 ], [ -96.707085128997008, 40.817381473419566 ], [ -96.707085781623732, 40.817382737526366 ], [ -96.707086435744145, 40.817384001451352 ], [ -96.707087091130376, 40.817385264982406 ], [ -96.707087747573055, 40.817386528158835 ], [ -96.707088404862787, 40.81738779101989 ], [ -96.707089062790246, 40.817389053604842 ], [ -96.707089721146048, 40.817390315952956 ], [ -96.707090379720853, 40.817391578103489 ], [ -96.707091038305279, 40.817392840095728 ], [ -96.70709169669, 40.817394101968937 ], [ -96.707092354665647, 40.817395363762358 ], [ -96.707093012022824, 40.817396625515279 ], [ -96.707093668552176, 40.817397887266949 ], [ -96.707094324044277, 40.817399149056662 ], [ -96.707094978289732, 40.817400410923696 ], [ -96.707095631079071, 40.81740167290733 ], [ -96.707096282202883, 40.817402935046829 ], [ -96.707096931451616, 40.817404197381514 ], [ -96.707097578615802, 40.817405459950663 ], [ -96.707098223485914, 40.817406722793564 ], [ -96.707098865852345, 40.817407985949544 ], [ -96.707099505505511, 40.817409249457874 ], [ -96.707100142235774, 40.817410513357906 ], [ -96.707100775833482, 40.817411777688974 ], [ -96.707101406088881, 40.817413042490351 ], [ -96.707102032792307, 40.817414307801435 ], [ -96.707102655733905, 40.817415573661542 ], [ -96.707103274703925, 40.817416840109999 ], [ -96.707103889492458, 40.817418107186199 ], [ -96.707104499889624, 40.817419374929486 ], [ -96.707105105685486, 40.817420643379251 ], [ -96.707105706670077, 40.817421912574815 ], [ -96.707106302633363, 40.817423182555657 ], [ -96.707106893365278, 40.817424453361106 ], [ -96.707107478655743, 40.817425725030539 ], [ -96.707108059958117, 40.817426997300721 ], [ -96.707108642640819, 40.817428269195808 ], [ -96.707109227111644, 40.817429540642763 ], [ -96.70710981564055, 40.817430810952388 ], [ -96.70711041052914, 40.817432079425885 ], [ -96.707111011638389, 40.817433346103904 ], [ -96.707111618828918, 40.817434611027224 ], [ -96.707112231961347, 40.817435874236608 ], [ -96.70711285089628, 40.817437135772849 ], [ -96.707113475494324, 40.817438395676703 ], [ -96.707114105616071, 40.817439653989005 ], [ -96.707114741122098, 40.81744091075047 ], [ -96.707115381872981, 40.817442166001946 ], [ -96.707116027729285, 40.817443419784162 ], [ -96.707116678551515, 40.81744467213796 ], [ -96.707117334200248, 40.81744592310411 ], [ -96.707117994535963, 40.81744717272344 ], [ -96.707118659419166, 40.817448421036737 ], [ -96.707119328710334, 40.817449668084848 ], [ -96.707120002269932, 40.817450913908587 ], [ -96.707120679958379, 40.817452158548761 ], [ -96.707121361636126, 40.817453402046205 ], [ -96.70712204716358, 40.817454644441774 ], [ -96.707122736401104, 40.817455885776297 ], [ -96.707123429209076, 40.817457126090609 ], [ -96.707124125447848, 40.817458365425608 ], [ -96.707124824977726, 40.817459603822122 ], [ -96.707125527659031, 40.817460841321008 ], [ -96.707126233352028, 40.817462077963192 ], [ -96.707126941917011, 40.817463313789503 ], [ -96.707127653214201, 40.817464548840853 ], [ -96.70712836710382, 40.81746578315812 ], [ -96.707129083446091, 40.817467016782217 ], [ -96.707129802101178, 40.817468249754029 ], [ -96.707130522929262, 40.81746948211449 ], [ -96.707131245790492, 40.817470713904477 ], [ -96.707131970544964, 40.817471945164975 ], [ -96.707132697052799, 40.817473175936854 ], [ -96.707133425174121, 40.817474406261077 ], [ -96.707134154768966, 40.817475636178564 ], [ -96.707134885697386, 40.817476865730271 ], [ -96.707135617819446, 40.817478094957139 ], [ -96.707136350995157, 40.81747932390013 ], [ -96.70713708508454, 40.817480552600173 ], [ -96.707137819947576, 40.81748178109828 ], [ -96.70713855544426, 40.817483009435357 ], [ -96.70713929143453, 40.817484237652415 ], [ -96.707140027778379, 40.81748546579044 ], [ -96.707140764335733, 40.817486693890359 ], [ -96.707141500966543, 40.817487921993198 ], [ -96.707142237530718, 40.817489150139906 ], [ -96.707142973888182, 40.817490378371474 ], [ -96.707143709898858, 40.8174916067289 ], [ -96.707144445422614, 40.817492835253191 ], [ -96.707145180319387, 40.817494063985293 ], [ -96.707145914449057, 40.817495292966235 ], [ -96.707146647671522, 40.817496522236986 ], [ -96.707147379846646, 40.817497751838573 ], [ -96.707148110834325, 40.817498981811951 ], [ -96.707148840494469, 40.817500212198134 ], [ -96.707149568686944, 40.817501443038118 ], [ -96.70715029527166, 40.817502674372861 ], [ -96.707151020108483, 40.817503906243424 ], [ -96.707151743057338, 40.817505138690755 ], [ -96.707152463978105, 40.817506371755833 ], [ -96.707153182730721, 40.817507605479669 ], [ -96.707153899175097, 40.81750883990324 ], [ -96.707154613171156, 40.817510075067524 ], [ -96.707155324578849, 40.817511311013497 ], [ -96.707156033258116, 40.81751254778213 ], [ -96.707156739068935, 40.81751378541442 ], [ -96.70715744187126, 40.817515023951316 ], [ -96.707158141525127, 40.817516263433752 ], [ -96.707158837890518, 40.817517503902714 ], [ -96.707159530827482, 40.817518745399163 ], [ -96.707160220196059, 40.817519987964019 ], [ -96.707160905856327, 40.817521231638231 ], [ -96.707161587668381, 40.817522476462742 ], [ -96.707162265492329, 40.817523722478455 ], [ -96.707162939188322, 40.817524969726286 ], [ -96.707163608616526, 40.817526218247153 ], [ -96.707164273637133, 40.817527468081984 ], [ -96.707164934110381, 40.817528719271628 ], [ -96.707165054976997, 40.817528949342197 ] ] } },
{ "type": "Feature", "properties": { "point_a": 306, "point_b": 307, "trip": 3, "route": "fork", "status": "corrected", "mode": "reviewed_spatial_assumption" }, "geometry": { "type": "LineString", "coordinates": [ [ -96.706949472427397, 40.815945761973794 ], [ -96.706949488161499, 40.815946405782078 ], [ -96.706949523792531, 40.815947750522234 ], [ -96.706949563168877, 40.815949095210854 ], [ -96.70694960619042, 40.815950439849281 ], [ -96.70694965275699, 40.815951784438894 ], [ -96.706949702768469, 40.815953128981064 ], [ -96.706949756124715, 40.815954473477156 ], [ -96.706949812725597, 40.815955817928611 ], [ -96.706949872471, 40.815957162336701 ], [ -96.706949935260738, 40.815958506702863 ], [ -96.706950000994723, 40.81595985102846 ], [ -96.706950069572812, 40.815961195314856 ], [ -96.706950140894861, 40.815962539563444 ], [ -96.70695021486074, 40.815963883775581 ], [ -96.706950291370319, 40.815965227952645 ], [ -96.706950370323455, 40.815966572096009 ], [ -96.706950451620045, 40.815967916207043 ], [ -96.706950535159905, 40.815969260287154 ], [ -96.706950620842946, 40.815970604337657 ], [ -96.706950708569011, 40.81597194835998 ], [ -96.706950798237969, 40.815973292355459 ], [ -96.706950889749706, 40.815974636325492 ], [ -96.706950983004063, 40.815975980271446 ], [ -96.706951077900925, 40.815977324194677 ], [ -96.706951174340148, 40.815978668096591 ], [ -96.706951272221602, 40.815980011978539 ], [ -96.706951371445157, 40.815981355841885 ], [ -96.706951471910685, 40.815982699688043 ], [ -96.70695157351804, 40.815984043518348 ], [ -96.706951676167094, 40.815985387334202 ], [ -96.706951779757702, 40.815986731136945 ], [ -96.706951884189749, 40.815988074927994 ], [ -96.706951989363091, 40.815989418708689 ], [ -96.706952095177598, 40.815990762480396 ], [ -96.706952201533142, 40.815992106244565 ], [ -96.706952308329562, 40.815993450002459 ], [ -96.706952415466745, 40.815994793755536 ], [ -96.70695252284456, 40.815996137505145 ], [ -96.706952630362863, 40.815997481252602 ], [ -96.706952737921526, 40.815998824999404 ], [ -96.706952845420403, 40.816000168746797 ], [ -96.706952952759352, 40.816001512496243 ], [ -96.706953059838256, 40.816002856249092 ], [ -96.706953166556985, 40.816004200006681 ], [ -96.706953272815397, 40.81600554377043 ], [ -96.706953378513333, 40.816006887541711 ], [ -96.706953483550691, 40.816008231321867 ], [ -96.7069535878273, 40.816009575112297 ], [ -96.706953691243072, 40.816010918914358 ], [ -96.706953793697821, 40.816012262729437 ], [ -96.706953895091431, 40.816013606558904 ], [ -96.706953995323758, 40.816014950404131 ], [ -96.706954094294687, 40.816016294266497 ], [ -96.70695419190406, 40.816017638147372 ], [ -96.706954288051747, 40.816018982048142 ], [ -96.706954382637619, 40.816020325970129 ], [ -96.706954475561517, 40.816021669914782 ], [ -96.706954566723311, 40.816023013883452 ], [ -96.706954656022887, 40.816024357877453 ], [ -96.706954743360072, 40.816025701898255 ], [ -96.70695482863475, 40.816027045947152 ], [ -96.706954911746777, 40.816028390025572 ], [ -96.706954992596025, 40.816029734134844 ], [ -96.706955071082348, 40.816031078276389 ], [ -96.706955147105589, 40.816032422451549 ], [ -96.706955220565646, 40.81603376666169 ], [ -96.706955291362348, 40.816035110908217 ], [ -96.706955359395593, 40.816036455192481 ], [ -96.706955424565209, 40.816037799515868 ], [ -96.706955486771079, 40.816039143879742 ], [ -96.706955545913047, 40.816040488285488 ], [ -96.706955601890996, 40.816041832734463 ], [ -96.706955654604769, 40.816043177228067 ], [ -96.706955703954222, 40.816044521767644 ], [ -96.706955749839253, 40.816045866354592 ], [ -96.70695579215969, 40.816047210990291 ], [ -96.706955830815417, 40.816048555676062 ], [ -96.706955865706277, 40.816049900413354 ], [ -96.70695589673214, 40.816051245203468 ], [ -96.706955923792862, 40.816052590047853 ], [ -96.706955946830746, 40.816053934947234 ], [ -96.706955968349135, 40.816055279867399 ], [ -96.706955989860617, 40.816056624787656 ], [ -96.706956011368177, 40.816057969707956 ], [ -96.706956032874743, 40.816059314628262 ], [ -96.706956054383284, 40.816060659548548 ], [ -96.706956075896755, 40.816062004468776 ], [ -96.706956097418072, 40.816063349388905 ], [ -96.706956118950231, 40.816064694308906 ], [ -96.70695614049616, 40.816066039228723 ], [ -96.706956162058802, 40.81606738414834 ], [ -96.706956183641125, 40.816068729067702 ], [ -96.706956205246087, 40.816070073986801 ], [ -96.706956226876613, 40.816071418905572 ], [ -96.706956248535676, 40.816072763823996 ], [ -96.706956270226215, 40.816074108742029 ], [ -96.706956291951201, 40.816075453659636 ], [ -96.706956313713548, 40.816076798576773 ], [ -96.706956335516253, 40.816078143493407 ], [ -96.706956357362245, 40.816079488409514 ], [ -96.706956379254464, 40.816080833325046 ], [ -96.706956401195882, 40.816082178239959 ], [ -96.706956423189425, 40.816083523154234 ], [ -96.706956445238092, 40.816084868067826 ], [ -96.706956467344781, 40.816086212980693 ], [ -96.706956489512464, 40.816087557892821 ], [ -96.70695651174411, 40.81608890280414 ], [ -96.706956534042646, 40.816090247714627 ], [ -96.706956556411043, 40.816091592624261 ], [ -96.706956578852243, 40.816092937532979 ], [ -96.706956601369185, 40.816094282440773 ], [ -96.706956623964828, 40.816095627347586 ], [ -96.706956646642141, 40.816096972253384 ], [ -96.70695666940405, 40.816098317158136 ], [ -96.706956692253527, 40.816099662061802 ], [ -96.706956715193527, 40.816101006964352 ], [ -96.706956738226978, 40.816102351865744 ], [ -96.706956761356835, 40.816103696765914 ], [ -96.706956784586069, 40.816105041664876 ], [ -96.706956807917607, 40.816106386562581 ], [ -96.706956831354418, 40.816107731458963 ], [ -96.706956854899445, 40.816109076354003 ], [ -96.706956878555658, 40.816110421247672 ], [ -96.706956902325985, 40.816111766139933 ], [ -96.706956926213394, 40.816113111030738 ], [ -96.706956950220814, 40.816114455920051 ], [ -96.706956974351229, 40.816115800807836 ], [ -96.706956998607552, 40.816117145694086 ], [ -96.706957022992768, 40.81611849057871 ], [ -96.70695704763996, 40.816119835461599 ], [ -96.706957072674342, 40.816121180342613 ], [ -96.706957098087059, 40.816122525221836 ], [ -96.706957123869245, 40.816123870099261 ], [ -96.706957150012016, 40.816125214974967 ], [ -96.706957176506521, 40.816126559848961 ], [ -96.70695720334389, 40.816127904721334 ], [ -96.706957230515243, 40.816129249592116 ], [ -96.706957258011727, 40.816130594461306 ], [ -96.706957285824487, 40.816131939328997 ], [ -96.706957313944613, 40.81613328419521 ], [ -96.706957342363282, 40.816134629059995 ], [ -96.70695737107161, 40.816135973923387 ], [ -96.706957400060716, 40.816137318785429 ], [ -96.706957429321761, 40.816138663646171 ], [ -96.706957458845849, 40.816140008505634 ], [ -96.706957488624141, 40.816141353363889 ], [ -96.706957518647755, 40.816142698220972 ], [ -96.706957548907823, 40.816144043076896 ], [ -96.706957579395478, 40.816145387931734 ], [ -96.706957610101853, 40.816146732785541 ], [ -96.706957641018093, 40.816148077638317 ], [ -96.706957672135303, 40.816149422490149 ], [ -96.706957703444644, 40.816150767341057 ], [ -96.706957734937234, 40.81615211219107 ], [ -96.706957766604233, 40.816153457040272 ], [ -96.706957798436719, 40.816154801888665 ], [ -96.706957830425878, 40.81615614673629 ], [ -96.706957862562803, 40.81615749158324 ], [ -96.706957894838666, 40.816158836429494 ], [ -96.706957927244574, 40.816160181275137 ], [ -96.706957959771671, 40.816161526120183 ], [ -96.706957992411077, 40.816162870964703 ], [ -96.706958025153938, 40.816164215808726 ], [ -96.706958057991386, 40.816165560652287 ], [ -96.70695809091454, 40.816166905495436 ], [ -96.706958123914532, 40.816168250338229 ], [ -96.706958156982523, 40.816169595180696 ], [ -96.706958190109631, 40.81617094002285 ], [ -96.706958223286975, 40.816172284864798 ], [ -96.706958256505686, 40.816173629706533 ], [ -96.706958289756926, 40.816174974548119 ], [ -96.706958323031813, 40.816176319389584 ], [ -96.706958356321479, 40.816177664230977 ], [ -96.706958389617057, 40.816179009072336 ], [ -96.706958422909679, 40.816180353913715 ], [ -96.706958456190463, 40.816181698755145 ], [ -96.706958489450571, 40.816183043596695 ], [ -96.706958522681134, 40.816184388438366 ], [ -96.706958555873243, 40.816185733280221 ], [ -96.706958589018086, 40.816187078122319 ], [ -96.706958622106754, 40.816188422964672 ], [ -96.706958655130407, 40.816189767807352 ], [ -96.706958688080164, 40.816191112650365 ], [ -96.706958720947171, 40.816192457493784 ], [ -96.706958753722546, 40.816193802337644 ], [ -96.706958786397422, 40.816195147181979 ], [ -96.706958818962931, 40.816196492026862 ], [ -96.706958851410221, 40.816197836872277 ], [ -96.706958883730408, 40.816199181718332 ], [ -96.70695891591464, 40.816200526565019 ], [ -96.70695894795405, 40.81620187141241 ], [ -96.706958979839754, 40.816203216260533 ], [ -96.706959011562901, 40.81620456110943 ], [ -96.706959043114608, 40.816205905959166 ], [ -96.706959074486022, 40.816207250809761 ], [ -96.706959105668275, 40.816208595661259 ], [ -96.706959136652486, 40.816209940513708 ], [ -96.706959167429787, 40.816211285367153 ], [ -96.706959197991353, 40.816212630221635 ], [ -96.706959228328273, 40.816213975077197 ], [ -96.706959258431667, 40.816215319933875 ], [ -96.706959288292722, 40.81621666479171 ], [ -96.70695931790253, 40.816218009650754 ], [ -96.706959347252251, 40.816219354511048 ], [ -96.706959376332989, 40.816220699372636 ], [ -96.706959405135891, 40.816222044235545 ], [ -96.706959433652088, 40.816223389099846 ], [ -96.706959461872728, 40.816224733965555 ], [ -96.706959489788915, 40.816226078832742 ], [ -96.706959517391795, 40.816227423701406 ], [ -96.706959544672515, 40.816228768571619 ], [ -96.706959571622193, 40.816230113443439 ], [ -96.706959598231961, 40.816231458316871 ], [ -96.706959624492953, 40.816232803191994 ], [ -96.706959650396314, 40.816234148068816 ], [ -96.706959675933149, 40.816235492947413 ], [ -96.706959701094618, 40.816236837827802 ], [ -96.706959725871855, 40.816238182710023 ], [ -96.706959750255976, 40.816239527594135 ], [ -96.706959774238115, 40.816240872480194 ], [ -96.706959797809418, 40.816242217368213 ], [ -96.706959820961004, 40.816243562258258 ], [ -96.706959843684018, 40.816244907150349 ], [ -96.70695986596958, 40.816246252044536 ], [ -96.706959887808836, 40.816247596940862 ], [ -96.706959909192918, 40.816248941839383 ], [ -96.706959930112944, 40.816250286740136 ], [ -96.706959950560062, 40.816251631643127 ], [ -96.706959970525403, 40.816252976548455 ], [ -96.706959990000087, 40.816254321456135 ], [ -96.706960008975258, 40.816255666366203 ], [ -96.706960027442051, 40.816257011278722 ], [ -96.706960045391583, 40.816258356193721 ], [ -96.706960062815014, 40.816259701111235 ], [ -96.706960079703464, 40.816261046031315 ], [ -96.70696009604805, 40.816262390954016 ], [ -96.706960111839905, 40.816263735879367 ], [ -96.706960127070204, 40.816265080807419 ], [ -96.706960141730036, 40.816266425738192 ], [ -96.706960155810563, 40.816267770671757 ], [ -96.706960169302874, 40.816269115608144 ], [ -96.706960182198159, 40.816270460547386 ], [ -96.706960194487507, 40.816271805489528 ], [ -96.706960206162066, 40.816273150434647 ], [ -96.706960217212981, 40.816274495382736 ], [ -96.70696022763137, 40.816275840333887 ], [ -96.706960237408367, 40.816277185288087 ], [ -96.706960246535118, 40.816278530245427 ], [ -96.706960255002727, 40.816279875205908 ], [ -96.706960262802355, 40.816281220169621 ], [ -96.706960269925133, 40.816282565136568 ], [ -96.706960276362167, 40.816283910106797 ], [ -96.706960282104617, 40.816285255080373 ], [ -96.706960287143616, 40.816286600057317 ], [ -96.706960291470267, 40.816287945037686 ], [ -96.706960295075746, 40.816289290021508 ], [ -96.706960297951156, 40.816290635008848 ], [ -96.706960300087644, 40.816291979999718 ], [ -96.706960301476329, 40.816293324994199 ], [ -96.706960302108357, 40.816294669992274 ], [ -96.706960301974846, 40.816296014994045 ], [ -96.706960301066928, 40.816297359999538 ], [ -96.706960299375751, 40.816298705008762 ], [ -96.706960296700871, 40.81630004900849 ], [ -96.706960292856436, 40.816301393000501 ], [ -96.706960287860142, 40.81630273698493 ], [ -96.706960281729721, 40.816304080961878 ], [ -96.70696027448291, 40.816305424931471 ], [ -96.706960266137401, 40.81630676889381 ], [ -96.706960256710929, 40.816308112849036 ], [ -96.706960246221215, 40.816309456797285 ], [ -96.706960234685994, 40.81631080073862 ], [ -96.706960222122973, 40.816312144673169 ], [ -96.706960208549859, 40.816313488601075 ], [ -96.706960193984401, 40.816314832522437 ], [ -96.706960178444305, 40.816316176437411 ], [ -96.706960161947279, 40.816317520346026 ], [ -96.706960144511058, 40.816318864248466 ], [ -96.706960126153376, 40.816320208144852 ], [ -96.706960106891927, 40.816321552035269 ], [ -96.706960086744431, 40.816322895919861 ], [ -96.706960065728637, 40.816324239798718 ], [ -96.706960043862239, 40.816325583671976 ], [ -96.706960021162971, 40.816326927539748 ], [ -96.706959997648539, 40.816328271402128 ], [ -96.706959973336694, 40.816329615259292 ], [ -96.706959948245128, 40.816330959111298 ], [ -96.706959922391576, 40.816332302958273 ], [ -96.706959895793744, 40.816333646800352 ], [ -96.706959868469369, 40.816334990637635 ], [ -96.70695984043617, 40.816336334470265 ], [ -96.706959811711855, 40.816337678298325 ], [ -96.706959782314158, 40.816339022121952 ], [ -96.706959752260786, 40.816340365941265 ], [ -96.706959721569476, 40.816341709756365 ], [ -96.706959690257932, 40.816343053567387 ], [ -96.706959658343891, 40.816344397374422 ], [ -96.706959625845059, 40.816345741177614 ], [ -96.706959592779157, 40.81634708497706 ], [ -96.706959559163934, 40.816348428772905 ], [ -96.706959525017069, 40.816349772565253 ], [ -96.706959490356311, 40.816351116354184 ], [ -96.706959455199353, 40.816352460139868 ], [ -96.706959419563958, 40.816353803922389 ], [ -96.706959383467805, 40.816355147701884 ], [ -96.706959346928627, 40.816356491478444 ], [ -96.706959309964176, 40.816357835252191 ], [ -96.70695927259213, 40.816359179023273 ], [ -96.706959234830236, 40.81636052279179 ], [ -96.706959196696189, 40.816361866557841 ], [ -96.706959158207738, 40.816363210321576 ], [ -96.706959119382589, 40.816364554083066 ], [ -96.706959080238477, 40.816365897842459 ], [ -96.706959040793095, 40.81636724159987 ], [ -96.706959001064178, 40.816368585355427 ], [ -96.706958961069446, 40.816369929109229 ], [ -96.706958920826651, 40.816371272861382 ], [ -96.706958880353454, 40.816372616612028 ], [ -96.706958839667607, 40.816373960361261 ], [ -96.706958798786843, 40.816375304109215 ], [ -96.706958757728856, 40.816376647856011 ], [ -96.70695871651138, 40.816377991601733 ], [ -96.706958675152151, 40.816379335346539 ], [ -96.706958633668862, 40.816380679090514 ], [ -96.70695859207926, 40.8163820228338 ], [ -96.706958550401026, 40.81638336657651 ], [ -96.706958508651937, 40.816384710318722 ], [ -96.706958466849656, 40.816386054060622 ], [ -96.706958425011948, 40.816387397802252 ], [ -96.706958383156504, 40.816388741543776 ], [ -96.706958341301075, 40.81639008528532 ], [ -96.706958299463338, 40.81639142902695 ], [ -96.706958257661071, 40.816392772768829 ], [ -96.706958215911939, 40.816394116511063 ], [ -96.706958174233691, 40.816395460253759 ], [ -96.706958132644047, 40.816396803997037 ], [ -96.706958091160729, 40.816398147741012 ], [ -96.706958049801443, 40.816399491485818 ], [ -96.706958008583925, 40.816400835231548 ], [ -96.706957967525895, 40.816402178978308 ], [ -96.70695792664506, 40.816403522726269 ], [ -96.706957885959142, 40.816404866475494 ], [ -96.706957845485888, 40.816406210226127 ], [ -96.706957805242993, 40.816407553978273 ], [ -96.706957765248191, 40.81640889773206 ], [ -96.706957725519189, 40.816410241487596 ], [ -96.706957686073721, 40.816411585245007 ], [ -96.706957646929482, 40.816412929004393 ], [ -96.706957608104233, 40.816414272765869 ], [ -96.706957569615668, 40.816415616529596 ], [ -96.706957531481521, 40.816416960295626 ], [ -96.7069574937195, 40.816418304064129 ], [ -96.706957456347325, 40.816419647835183 ], [ -96.706957419382732, 40.816420991608936 ], [ -96.706957382843427, 40.816422335385475 ], [ -96.706957346747146, 40.816423679164942 ], [ -96.70695731111158, 40.816425022947456 ], [ -96.70695727595448, 40.816426366733118 ], [ -96.706957241293566, 40.816427710522042 ], [ -96.706957207146544, 40.816429054314362 ], [ -96.706957173531137, 40.816430398110157 ], [ -96.706957140465079, 40.816431741909604 ], [ -96.706957107966076, 40.816433085712774 ], [ -96.706957076051836, 40.816434429519795 ], [ -96.706957044740122, 40.816435773330788 ], [ -96.706957014048612, 40.816437117145867 ], [ -96.706956983995056, 40.816438460965145 ], [ -96.70695695459716, 40.816439804788757 ], [ -96.706956925872646, 40.816441148616796 ], [ -96.706956897839234, 40.816442492449397 ], [ -96.706956870514645, 40.816443836286645 ], [ -96.706956843916629, 40.816445180128689 ], [ -96.706956818062849, 40.816446523975642 ], [ -96.70695679297107, 40.816447867827627 ], [ -96.706956768658998, 40.816449211684741 ], [ -96.706956745144353, 40.816450555547107 ], [ -96.706956722444858, 40.816451899414844 ], [ -96.706956700578232, 40.816453243288073 ], [ -96.706956679562197, 40.816454587166909 ], [ -96.706956659414473, 40.816455931051443 ], [ -96.706956640152796, 40.816457274941854 ], [ -96.706956621794873, 40.81645861883819 ], [ -96.70695660435841, 40.816459962740602 ], [ -96.706956587861143, 40.816461306649202 ], [ -96.706956572320792, 40.816462650564119 ], [ -96.706956557755092, 40.816463994485446 ], [ -96.706956544181736, 40.816465338413316 ], [ -96.706956531618459, 40.816466682347844 ], [ -96.706956520082983, 40.816468026289144 ], [ -96.706956509593027, 40.816469370237336 ], [ -96.706956500166314, 40.816470714192519 ], [ -96.706956491820563, 40.816472058154837 ], [ -96.706956484573482, 40.816473402124387 ], [ -96.70695647844282, 40.816474746101299 ], [ -96.706956473446283, 40.816476090085686 ], [ -96.706956469601579, 40.816477434077648 ], [ -96.706956466926428, 40.816478778077332 ], [ -96.706956464941257, 40.81648012309212 ], [ -96.70695646316068, 40.816481468114134 ], [ -96.706956461589087, 40.816482813143203 ], [ -96.706956460230828, 40.816484158179087 ], [ -96.706956459090335, 40.816485503221564 ], [ -96.706956458171973, 40.816486848270479 ], [ -96.706956457480132, 40.816488193325547 ], [ -96.706956457019189, 40.816489538386641 ], [ -96.706956456793534, 40.816490883453483 ], [ -96.706956456807532, 40.816492228525895 ], [ -96.706956457065601, 40.81649357360368 ], [ -96.706956457572119, 40.816494918686587 ], [ -96.706956458331462, 40.816496263774454 ], [ -96.706956459347992, 40.816497608867053 ], [ -96.706956460626145, 40.816498953964157 ], [ -96.706956462170268, 40.816500299065574 ], [ -96.706956463984767, 40.816501644171076 ], [ -96.70695646607399, 40.816502989280494 ], [ -96.706956468442371, 40.816504334393585 ], [ -96.706956471094273, 40.816505679510144 ], [ -96.706956474034072, 40.816507024629971 ], [ -96.706956477266161, 40.816508369752853 ], [ -96.706956480794929, 40.816509714878585 ], [ -96.706956484624754, 40.816511060006931 ], [ -96.706956488760028, 40.816512405137722 ], [ -96.706956493205112, 40.81651375027073 ], [ -96.706956497964441, 40.816515095405734 ], [ -96.706956503042349, 40.816516440542536 ], [ -96.706956508443241, 40.816517785680929 ], [ -96.706956514171509, 40.816519130820701 ], [ -96.706956520231543, 40.816520475961639 ], [ -96.706956526627692, 40.816521821103549 ], [ -96.706956533364377, 40.816523166246199 ], [ -96.706956540445972, 40.816524511389396 ], [ -96.706956547876857, 40.81652585653292 ], [ -96.706956555661421, 40.816527201676571 ], [ -96.706956563804042, 40.81652854682013 ], [ -96.70695657230911, 40.816529891963398 ], [ -96.706956581181032, 40.816531237106155 ], [ -96.706956590424156, 40.816532582248215 ], [ -96.706956600042886, 40.816533927389344 ], [ -96.706956610041601, 40.816535272529322 ], [ -96.706956620424677, 40.816536617668 ], [ -96.706956631196533, 40.816537962805057 ], [ -96.706956642361533, 40.816539307940424 ], [ -96.706956653924038, 40.81654065307378 ], [ -96.70695666588847, 40.816541998204954 ], [ -96.706956678259189, 40.81654334333377 ], [ -96.706956691040602, 40.816544688459956 ], [ -96.706956704237072, 40.816546033583343 ], [ -96.706956717853004, 40.816547378703703 ], [ -96.706956731892774, 40.816548723820844 ], [ -96.706956746360746, 40.816550068934561 ], [ -96.706956761261338, 40.816551414044611 ], [ -96.706956776598929, 40.816552759150824 ], [ -96.706956792377881, 40.816554104252972 ], [ -96.706956808602598, 40.816555449350844 ], [ -96.706956825277473, 40.816556794444232 ], [ -96.706956842406868, 40.816558139532901 ], [ -96.706956859995174, 40.816559484616718 ], [ -96.706956878046782, 40.816560829695398 ], [ -96.706956896566084, 40.816562174768755 ], [ -96.706956915557456, 40.816563519836599 ], [ -96.706956935025275, 40.816564864898673 ], [ -96.706956954973947, 40.816566209954829 ], [ -96.706956975407849, 40.816567555004795 ], [ -96.706956996331343, 40.816568900048424 ], [ -96.706957017748834, 40.816570245085451 ], [ -96.706957039664715, 40.816571590115721 ], [ -96.706957062083347, 40.816572935138971 ], [ -96.706957085009151, 40.816574280155038 ], [ -96.70695710844646, 40.816575625163679 ], [ -96.706957132399708, 40.816576970164704 ], [ -96.706957156873258, 40.816578315157876 ], [ -96.706957181871502, 40.81657966014302 ], [ -96.706957207398816, 40.816581005119929 ], [ -96.706957233459576, 40.816582350088346 ], [ -96.706957260058203, 40.816583695048102 ], [ -96.706957287199046, 40.816585039998998 ], [ -96.706957314886495, 40.816586384940791 ], [ -96.706957343124955, 40.816587729873291 ], [ -96.70695737191879, 40.816589074796269 ], [ -96.706957401272405, 40.816590419709541 ], [ -96.706957431190176, 40.816591764612895 ], [ -96.706957461676467, 40.816593109506094 ], [ -96.706957492735697, 40.816594454388955 ], [ -96.706957524372228, 40.816595799261279 ], [ -96.706957556590453, 40.816597144122817 ], [ -96.706957589394747, 40.816598488973391 ], [ -96.706957622789517, 40.816599833812781 ], [ -96.706957656779139, 40.816601178640781 ], [ -96.706957691367975, 40.816602523457171 ], [ -96.706957726560447, 40.816603868261772 ], [ -96.706957762360915, 40.816605213054345 ], [ -96.706957798773772, 40.816606557834675 ], [ -96.706957835803394, 40.816607902602584 ], [ -96.706957873454186, 40.816609247357825 ], [ -96.706957911730512, 40.816610592100218 ], [ -96.706957950636763, 40.816611936829553 ], [ -96.70695799017733, 40.816613281545614 ], [ -96.706958030356589, 40.816614626248167 ], [ -96.706958071178931, 40.816615970937043 ], [ -96.706958112648749, 40.816617315612028 ], [ -96.706958154770405, 40.816618660272866 ], [ -96.706958197548303, 40.816620004919407 ], [ -96.706958240986822, 40.816621349551419 ], [ -96.706958285090352, 40.816622694168665 ], [ -96.706958329863269, 40.816624038770975 ], [ -96.706958375309966, 40.816625383358129 ], [ -96.706958421434834, 40.816626727929886 ], [ -96.70695846824222, 40.816628072486097 ], [ -96.706958515736559, 40.816629417026519 ], [ -96.706958563922214, 40.816630761550933 ], [ -96.706958612803561, 40.816632106059132 ], [ -96.706958662385006, 40.816633450550931 ], [ -96.706958712670911, 40.816634795026104 ], [ -96.706958763665668, 40.81663613948443 ], [ -96.706958815373667, 40.816637483925717 ], [ -96.706958867799287, 40.816638828349753 ], [ -96.706958920946931, 40.816640172756323 ], [ -96.706958974820964, 40.816641517145214 ], [ -96.706959029425775, 40.816642861516236 ], [ -96.706959084765757, 40.816644205869153 ], [ -96.706959140845285, 40.816645550203788 ], [ -96.706959197668738, 40.816646894519906 ], [ -96.706959255240534, 40.816648238817287 ], [ -96.706959313565008, 40.816649583095767 ], [ -96.706959372646594, 40.816650927355099 ], [ -96.706959432489654, 40.816652271595075 ], [ -96.706959493098552, 40.816653615815511 ], [ -96.70695955447772, 40.816654960016159 ], [ -96.706959616631508, 40.81665630419684 ], [ -96.706959679564292, 40.816657648357349 ], [ -96.706959743280493, 40.816658992497445 ], [ -96.706959807901029, 40.816660340388552 ], [ -96.706959873183322, 40.816661688263991 ], [ -96.706959939125809, 40.816663036123721 ], [ -96.706960005726913, 40.816664383967499 ], [ -96.706960072985055, 40.816665731795247 ], [ -96.706960140898673, 40.816667079606816 ], [ -96.706960209466189, 40.816668427402107 ], [ -96.70696027868604, 40.816669775180962 ], [ -96.706960348556649, 40.816671122943269 ], [ -96.706960419076438, 40.81667247068885 ], [ -96.706960490243844, 40.816673818417634 ], [ -96.70696056205729, 40.816675166129443 ], [ -96.706960634515198, 40.816676513824177 ], [ -96.706960707615991, 40.816677861501681 ], [ -96.706960781358106, 40.816679209161833 ], [ -96.706960855739979, 40.816680556804506 ], [ -96.706960930760047, 40.816681904429544 ], [ -96.706961006416705, 40.816683252036889 ], [ -96.706961082708389, 40.816684599626292 ], [ -96.706961159633536, 40.816685947197726 ], [ -96.706961237190583, 40.81668729475102 ], [ -96.706961315377939, 40.816688642286032 ], [ -96.706961394194039, 40.816689989802647 ], [ -96.706961473637307, 40.816691337300725 ], [ -96.706961553706179, 40.816692684780122 ], [ -96.706961634399093, 40.816694032240726 ], [ -96.706961715714442, 40.816695379682415 ], [ -96.706961797650678, 40.816696727105025 ], [ -96.706961880206222, 40.816698074508444 ], [ -96.706961963379527, 40.816699421892544 ], [ -96.706962047168972, 40.816700769257196 ], [ -96.706962131573022, 40.816702116602237 ], [ -96.706962216590085, 40.816703463927574 ], [ -96.706962302218614, 40.816704811233052 ], [ -96.706962388457001, 40.816706158518571 ], [ -96.706962475303712, 40.816707505783945 ], [ -96.706962562757141, 40.816708853029084 ], [ -96.70696265081574, 40.816710200253858 ], [ -96.706962739477916, 40.816711547458112 ], [ -96.706962828742107, 40.816712894641732 ], [ -96.706962918606749, 40.816714241804576 ], [ -96.706963009070265, 40.816715588946529 ], [ -96.706963100131063, 40.816716936067444 ], [ -96.706963191787608, 40.816718283167162 ], [ -96.706963284038295, 40.816719630245615 ], [ -96.706963376881561, 40.81672097730263 ], [ -96.706963470315856, 40.816722324338073 ], [ -96.70696356433956, 40.816723671351852 ], [ -96.706963658951153, 40.816725018343789 ], [ -96.706963754149015, 40.81672636531377 ], [ -96.706963849931611, 40.816727712261653 ], [ -96.706963946297378, 40.816729059187338 ], [ -96.706964043244682, 40.816730406090663 ], [ -96.706964140772001, 40.816731752971506 ], [ -96.706964238877774, 40.81673309982974 ], [ -96.706964337560379, 40.816734446665222 ], [ -96.706964436818296, 40.816735793477839 ], [ -96.706964536649892, 40.816737140267442 ], [ -96.706964637053659, 40.816738487033902 ], [ -96.706964738027992, 40.816739833777092 ], [ -96.706964839571313, 40.816741180496876 ], [ -96.706964941682074, 40.816742527193135 ], [ -96.706965044358668, 40.816743873865732 ], [ -96.706965147599561, 40.816745220514505 ], [ -96.706965251403147, 40.81674656713939 ], [ -96.706965355767892, 40.816747913740187 ], [ -96.706965460692189, 40.816749260316783 ], [ -96.706965566174475, 40.816750606869071 ], [ -96.706965672213187, 40.816751953396917 ], [ -96.706965778806733, 40.816753299900157 ], [ -96.706965885953551, 40.816754646378683 ], [ -96.706965993652091, 40.816755992832377 ], [ -96.706966101900747, 40.816757339261059 ], [ -96.706966210697971, 40.816758685664652 ], [ -96.706966320042184, 40.816760032042993 ], [ -96.706966429931796, 40.81676137839596 ], [ -96.706966540365258, 40.816762724723411 ], [ -96.706966651340991, 40.816764071025233 ], [ -96.706966762857419, 40.816765417301283 ], [ -96.706966874912965, 40.816766763551435 ], [ -96.706966987506064, 40.816768109775552 ], [ -96.706967100635154, 40.8167694559735 ], [ -96.706967214298643, 40.816770802145143 ], [ -96.706967328494969, 40.816772148290369 ], [ -96.706967443222553, 40.816773494409041 ], [ -96.706967558479832, 40.816774840500997 ], [ -96.706967674265229, 40.816776186566166 ], [ -96.706967790577181, 40.816777532604355 ], [ -96.706967907414082, 40.816778878615466 ], [ -96.706968024774412, 40.816780224599349 ], [ -96.706968142656564, 40.816781570555897 ], [ -96.706968261058961, 40.816782916484954 ], [ -96.706968379980054, 40.816784262386406 ], [ -96.706968499418252, 40.816785608260119 ], [ -96.706968619371992, 40.81678695410595 ], [ -96.706968739839709, 40.816788299923786 ], [ -96.706968860819813, 40.816789645713463 ], [ -96.706968982310755, 40.816790991474875 ], [ -96.706969104310929, 40.816792337207893 ], [ -96.706969226818785, 40.816793682912383 ], [ -96.706969349832747, 40.816795028588203 ], [ -96.706969473351251, 40.816796374235238 ], [ -96.706969597372705, 40.816797719853334 ], [ -96.706969721895561, 40.81679906544236 ], [ -96.706969846918227, 40.816800411002212 ], [ -96.70696997243914, 40.816801756532733 ], [ -96.706970098456736, 40.816803102033809 ], [ -96.70697022496941, 40.816804447505277 ], [ -96.706970351975627, 40.816805792947044 ], [ -96.706970479473796, 40.816807138358968 ], [ -96.706970607462353, 40.8168084837409 ], [ -96.70697073593972, 40.81680982909274 ], [ -96.706970864904321, 40.816811174414326 ], [ -96.706970994354606, 40.816812519705536 ], [ -96.706971124288955, 40.81681386496625 ], [ -96.706971254705849, 40.816815210196317 ], [ -96.706971385603694, 40.816816555395611 ], [ -96.7069715169809, 40.816817900564018 ], [ -96.706971648835932, 40.816819245701375 ], [ -96.706971781167184, 40.816820590807581 ], [ -96.706971913973092, 40.816821935882487 ], [ -96.706972047252094, 40.816823280925966 ], [ -96.706972181002627, 40.816824625937883 ], [ -96.706972315223069, 40.816825970918117 ], [ -96.706972449911916, 40.816827315866533 ], [ -96.706972585067533, 40.816828660782981 ], [ -96.706972720688398, 40.816830005667356 ], [ -96.706972856772921, 40.816831350519514 ], [ -96.706972993319511, 40.816832695339315 ], [ -96.706973130326631, 40.816834040126643 ], [ -96.706973267792677, 40.816835384881365 ], [ -96.70697340571607, 40.816836729603352 ], [ -96.706973544095291, 40.816838074292448 ], [ -96.706973682928719, 40.816839418948547 ], [ -96.706973821668996, 40.816840759179669 ], [ -96.706973960684849, 40.816842099406308 ], [ -96.706974099981736, 40.816843439627782 ], [ -96.70697423956517, 40.816844779843386 ], [ -96.706974379440595, 40.816846120052439 ], [ -96.70697451961351, 40.816847460254237 ], [ -96.706974660089372, 40.816848800448149 ], [ -96.706974800873667, 40.816850140633399 ], [ -96.706974941971879, 40.816851480809369 ], [ -96.706975083389452, 40.816852820975356 ], [ -96.706975225131885, 40.816854161130657 ], [ -96.706975367204663, 40.816855501274595 ], [ -96.706975509613244, 40.816856841406477 ], [ -96.706975652363099, 40.816858181525653 ], [ -96.706975795459726, 40.816859521631379 ], [ -96.706975938908585, 40.816860861723001 ], [ -96.706976082715144, 40.816862201799808 ], [ -96.706976226884905, 40.816863541861132 ], [ -96.706976371423309, 40.816864881906284 ], [ -96.706976516335871, 40.816866221934575 ], [ -96.706976661628033, 40.816867561945301 ], [ -96.706976807305281, 40.816868901937809 ], [ -96.706976953373101, 40.816870241911367 ], [ -96.706977099836948, 40.816871581865335 ], [ -96.706977246702323, 40.816872921798989 ], [ -96.706977393974682, 40.816874261711654 ], [ -96.706977541659512, 40.816875601602653 ], [ -96.706977689762283, 40.816876941471264 ], [ -96.706977838288466, 40.81687828131686 ], [ -96.706977987243548, 40.816879621138696 ], [ -96.706978136632983, 40.816880960936103 ], [ -96.706978286462274, 40.816882300708414 ], [ -96.706978436736904, 40.816883640454911 ], [ -96.706978587462302, 40.816884980174926 ], [ -96.706978738643997, 40.816886319867756 ], [ -96.706978890287402, 40.816887659532739 ], [ -96.706979042398061, 40.816888999169159 ], [ -96.7069791949814, 40.816890338776339 ], [ -96.706979348042921, 40.816891678353585 ], [ -96.706979501588094, 40.816893017900242 ], [ -96.706979655622376, 40.816894357415585 ], [ -96.706979810151267, 40.816895696898932 ], [ -96.706979965180253, 40.816897036349609 ], [ -96.706980120714761, 40.816898375766925 ], [ -96.706980276760319, 40.816899715150193 ], [ -96.706980433322371, 40.816901054498707 ], [ -96.706980590406403, 40.816902393811816 ], [ -96.706980748017884, 40.8169037330888 ], [ -96.706980906162286, 40.816905072329 ], [ -96.70698106484511, 40.816906411531676 ], [ -96.706981224071811, 40.816907750696217 ], [ -96.706981383847861, 40.81690908982187 ], [ -96.70698154417876, 40.816910428907974 ], [ -96.706981705069936, 40.81691176795384 ], [ -96.706981866526917, 40.816913106958793 ], [ -96.70698202855516, 40.816914445922116 ], [ -96.706982191160137, 40.816915784843133 ], [ -96.706982354347318, 40.81691712372119 ], [ -96.706982518122174, 40.816918462555549 ], [ -96.706982682490207, 40.81691980134557 ], [ -96.706982847456871, 40.816921140090493 ], [ -96.706983013027653, 40.816922478789714 ], [ -96.706983179208009, 40.8169238174425 ], [ -96.706983346003454, 40.816925156048185 ], [ -96.706983513419416, 40.816926494606044 ], [ -96.706983681461409, 40.816927833115436 ], [ -96.706983850134876, 40.816929171575651 ], [ -96.706984019445329, 40.81693050998598 ], [ -96.706984189398199, 40.816931848345774 ], [ -96.706984359998998, 40.816933186654339 ], [ -96.706984531253198, 40.816934524910955 ], [ -96.706984703166256, 40.816935863114978 ], [ -96.706984875743657, 40.816937201265702 ], [ -96.706985048990887, 40.816938539362432 ], [ -96.706985222913417, 40.816939877404472 ], [ -96.706985397516704, 40.816941215391168 ], [ -96.706985572806246, 40.816942553321809 ], [ -96.706985748787503, 40.816943891195706 ], [ -96.706985925465972, 40.81694522901217 ], [ -96.706986102847097, 40.816946566770547 ], [ -96.706986280936377, 40.816947904470112 ], [ -96.706986459739284, 40.816949242110176 ], [ -96.706986639261288, 40.816950579690072 ], [ -96.706986819507875, 40.81695191720911 ], [ -96.706987000484517, 40.816953254666608 ], [ -96.706987182196684, 40.816954592061826 ], [ -96.706987364649848, 40.816955929394155 ], [ -96.706987547849494, 40.816957266662861 ], [ -96.706987731801107, 40.816958603867256 ], [ -96.706987916510116, 40.816959941006665 ], [ -96.706988101982063, 40.81696127808042 ], [ -96.706988288222377, 40.816962615087789 ], [ -96.706988475236557, 40.816963952028104 ], [ -96.70698866303006, 40.816965288900704 ], [ -96.706988851608372, 40.816966625704865 ], [ -96.706989040976978, 40.816967962439911 ], [ -96.706989231141335, 40.81696929910516 ], [ -96.706989422106929, 40.816970635699917 ], [ -96.706989613879216, 40.816971972223506 ], [ -96.70698980646371, 40.816973308675223 ], [ -96.706989999865868, 40.816974645054401 ], [ -96.706990194091162, 40.816975981360329 ], [ -96.706990389145062, 40.81697731759234 ], [ -96.70699058503304, 40.816978653749729 ], [ -96.706990781760595, 40.816979989831822 ], [ -96.706990979333185, 40.816981325837922 ], [ -96.706991177756308, 40.816982661767348 ], [ -96.706991377035408, 40.816983997619417 ], [ -96.70699157717597, 40.816985333393419 ], [ -96.706991778183493, 40.816986669088713 ], [ -96.706991980063407, 40.816988004704555 ], [ -96.706992182821239, 40.816989340240283 ], [ -96.706992386462431, 40.81699067569523 ], [ -96.706992590992471, 40.816992011068677 ], [ -96.706992796416827, 40.816993346359943 ], [ -96.706993002740987, 40.81699468156836 ], [ -96.706993209970406, 40.81699601669321 ], [ -96.706993418110585, 40.816997351733825 ], [ -96.70699362716698, 40.816998686689523 ], [ -96.706993837145077, 40.817000021559608 ], [ -96.706994048050348, 40.81700135634339 ], [ -96.706994259888276, 40.81700269104018 ], [ -96.70699447266432, 40.817004025649297 ], [ -96.706994686383965, 40.81700536017005 ], [ -96.706994901052695, 40.817006694601751 ], [ -96.706995116675969, 40.817008028943711 ], [ -96.706995333259272, 40.817009363195254 ], [ -96.706995550808088, 40.817010697355677 ], [ -96.706995769327875, 40.817012031424298 ], [ -96.706995988824119, 40.817013365400427 ], [ -96.706996209302304, 40.817014699283398 ], [ -96.706996430767887, 40.817016033072491 ], [ -96.706996653226341, 40.817017366767026 ], [ -96.706996876683178, 40.81701870036634 ], [ -96.706997101143841, 40.817020033869724 ], [ -96.706997326817316, 40.817021369560436 ], [ -96.706997553147673, 40.817022705200181 ], [ -96.706997780137087, 40.817024040788276 ], [ -96.706998007787817, 40.817025376324025 ], [ -96.706998236102095, 40.817026711806704 ], [ -96.706998465082137, 40.817028047235624 ], [ -96.706998694730189, 40.817029382610066 ], [ -96.706998925048481, 40.817030717929349 ], [ -96.706999156039231, 40.81703205319274 ], [ -96.70699938770467, 40.817033388399558 ], [ -96.706999620047043, 40.817034723549085 ], [ -96.706999853068581, 40.817036058640646 ], [ -96.707000086771501, 40.81703739367348 ], [ -96.70700032115802, 40.817038728646956 ], [ -96.707000556230412, 40.817040063560306 ], [ -96.707000791990879, 40.817041398412854 ], [ -96.707001028441638, 40.817042733203898 ], [ -96.70700126558495, 40.817044067932741 ], [ -96.707001503423029, 40.817045402598659 ], [ -96.707001741958123, 40.817046737200961 ], [ -96.707001981192448, 40.817048071738945 ], [ -96.707002221128221, 40.8170494062119 ], [ -96.707002461767686, 40.817050740619109 ], [ -96.707002703113091, 40.817052074959911 ], [ -96.70700294516665, 40.817053409233566 ], [ -96.707003187930582, 40.817054743439371 ], [ -96.707003431407145, 40.81705607757663 ], [ -96.707003675598543, 40.817057411644662 ], [ -96.70700392050702, 40.817058745642704 ], [ -96.707004166134809, 40.817060079570119 ], [ -96.707004412484139, 40.817061413426174 ], [ -96.707004659557242, 40.817062747210123 ], [ -96.707004907356321, 40.817064080921341 ], [ -96.707005155883664, 40.817065414559096 ], [ -96.707005405141444, 40.817066748122663 ], [ -96.707005655131923, 40.817068081611353 ], [ -96.707005905857315, 40.817069415024463 ], [ -96.707006157319867, 40.817070748361267 ], [ -96.70700640952181, 40.817072081621092 ], [ -96.707006662465361, 40.817073414803211 ], [ -96.707006916152764, 40.817074747906936 ], [ -96.707007170586238, 40.817076080931571 ], [ -96.707007425768012, 40.817077413876405 ], [ -96.707007681700333, 40.817078746740719 ], [ -96.707007938385416, 40.817080079523805 ], [ -96.707008195825495, 40.817081412224987 ], [ -96.707008454022812, 40.817082744843532 ], [ -96.707008712979572, 40.817084077378766 ], [ -96.707008972698034, 40.817085409829957 ], [ -96.707009233180415, 40.817086742196445 ], [ -96.707009494428945, 40.817088074477475 ], [ -96.707009756445871, 40.817089406672373 ], [ -96.70701001923338, 40.817090738780436 ], [ -96.70701028279376, 40.817092070800932 ], [ -96.707010547129201, 40.817093402733164 ], [ -96.707010812241947, 40.817094734576457 ], [ -96.707011078134229, 40.817096066330087 ], [ -96.707011344808294, 40.817097397993351 ], [ -96.707011612266328, 40.817098729565558 ], [ -96.707011880510606, 40.817100061045991 ], [ -96.707012149543331, 40.817101392433969 ], [ -96.707012419366748, 40.817102723728738 ], [ -96.707012689983088, 40.817104054929629 ], [ -96.707012961394568, 40.817105386035927 ], [ -96.707013233603433, 40.817106717046947 ], [ -96.707013506611915, 40.817108047961973 ], [ -96.70701378042223, 40.817109378780302 ], [ -96.707014055036623, 40.817110709501222 ], [ -96.707014330457312, 40.817112040124059 ], [ -96.707014606686542, 40.817113370648066 ], [ -96.707014883726529, 40.817114701072548 ], [ -96.70701516157952, 40.81711603139685 ], [ -96.70701544024773, 40.817117361620205 ], [ -96.707015719733405, 40.817118691741925 ], [ -96.707016000038749, 40.81712002176134 ], [ -96.70701628116602, 40.817121351677706 ], [ -96.707016563117449, 40.81712268149036 ], [ -96.707016845895225, 40.817124011198558 ], [ -96.707017129501637, 40.81712534080161 ], [ -96.707017413938885, 40.817126670298826 ], [ -96.707017699209203, 40.817127999689482 ], [ -96.70701798531482, 40.817129328972882 ], [ -96.707018272257969, 40.817130658148336 ], [ -96.707018560040879, 40.817131987215113 ], [ -96.707018848665783, 40.81713331617253 ], [ -96.70701913813491, 40.817134645019891 ], [ -96.707019428450479, 40.817135973756436 ], [ -96.707019719614749, 40.817137302381546 ], [ -96.707020011629936, 40.817138630894448 ], [ -96.707020304498258, 40.817139959294472 ], [ -96.707020598221973, 40.817141287580917 ], [ -96.707020892803271, 40.817142615753063 ], [ -96.707021188244426, 40.817143943810208 ], [ -96.707021484547653, 40.817145271751649 ], [ -96.707021781715156, 40.817146599576702 ], [ -96.707022079749208, 40.817147927284637 ], [ -96.707022378652013, 40.817149254874764 ], [ -96.707022678425815, 40.817150582346365 ], [ -96.707022979072846, 40.817151909698744 ], [ -96.707023280595308, 40.817153236931226 ], [ -96.707023582995475, 40.817154564043044 ], [ -96.707023886275536, 40.817155891033551 ], [ -96.70702419043775, 40.817157217902022 ], [ -96.707024495484347, 40.817158544647754 ], [ -96.707024801417532, 40.81715987127005 ], [ -96.707025108239563, 40.817161197768186 ], [ -96.707025415952671, 40.817162524141473 ], [ -96.70702572455906, 40.817163850389221 ], [ -96.707026034060988, 40.817165176510684 ], [ -96.707026344460672, 40.817166502505209 ], [ -96.707026655760345, 40.817167828372064 ], [ -96.707026967962236, 40.817169154110545 ], [ -96.707027281068591, 40.817170479719962 ], [ -96.707027595081598, 40.817171805199578 ], [ -96.707027910003546, 40.817173130548738 ], [ -96.707028225836623, 40.817174455766704 ], [ -96.707028542583075, 40.817175780852786 ], [ -96.707028860245131, 40.81717710580628 ], [ -96.707029178825024, 40.817178430626463 ], [ -96.707029498324985, 40.817179755312658 ], [ -96.707029818747245, 40.817181079864149 ], [ -96.70703014009402, 40.817182404280217 ], [ -96.707030462367555, 40.817183728560195 ], [ -96.707030785570069, 40.817185052703365 ], [ -96.70703110970382, 40.817186376708989 ], [ -96.707031434771011, 40.817187700576397 ], [ -96.707031760773887, 40.817189024304888 ], [ -96.707032087714666, 40.817190347893749 ], [ -96.707032415595592, 40.817191671342272 ], [ -96.707032744418896, 40.817192994649751 ], [ -96.707033074186796, 40.817194317815492 ], [ -96.707033404901523, 40.81719564083879 ], [ -96.707033736565322, 40.817196963718928 ], [ -96.707034069180409, 40.817198286455231 ], [ -96.707034402724901, 40.817199609051116 ], [ -96.707034737136965, 40.817200931516922 ], [ -96.707035071992152, 40.817202254050642 ], [ -96.707035406830002, 40.817203576651259 ], [ -96.707035741669884, 40.817204899314213 ], [ -96.707036076531267, 40.817206222034997 ], [ -96.707036411433549, 40.817207544809058 ], [ -96.707036746396128, 40.817208867631905 ], [ -96.707037081438443, 40.817210190499011 ], [ -96.707037416579908, 40.81721151340583 ], [ -96.707037751839948, 40.817212836347871 ], [ -96.70703808723799, 40.81721415932055 ], [ -96.707038422793445, 40.817215482319391 ], [ -96.707038758525741, 40.817216805339868 ], [ -96.707039094454288, 40.817218128377441 ], [ -96.707039430598556, 40.817219451427555 ], [ -96.707039766977914, 40.817220774485726 ], [ -96.707040103611831, 40.817222097547429 ], [ -96.707040440519705, 40.817223420608109 ], [ -96.707040777720991, 40.817224743663253 ], [ -96.707041115235086, 40.817226066708336 ], [ -96.707041453081445, 40.817227389738825 ], [ -96.707041791279494, 40.817228712750214 ], [ -96.707042129848645, 40.81723003573795 ], [ -96.707042468808353, 40.817231358697519 ], [ -96.707042808178031, 40.81723268162439 ], [ -96.707043147977117, 40.817234004514034 ], [ -96.70704348822504, 40.817235327361935 ], [ -96.707043828941224, 40.817236650163537 ], [ -96.707044170145124, 40.817237972914363 ], [ -96.707044511856168, 40.817239295609831 ], [ -96.707044854093752, 40.817240618245457 ], [ -96.70704519687736, 40.817241940816679 ], [ -96.707045540226389, 40.817243263318986 ], [ -96.707045884160294, 40.817244585747879 ], [ -96.707046228698516, 40.817245908098769 ], [ -96.707046573860453, 40.817247230367151 ], [ -96.707046919665572, 40.817248552548527 ], [ -96.707047266133301, 40.817249874638335 ], [ -96.707047613283052, 40.8172511966321 ], [ -96.707047961134293, 40.817252518525223 ], [ -96.707048309706437, 40.817253840313228 ], [ -96.707048659018909, 40.817255161991547 ], [ -96.707049009091179, 40.817256483555667 ], [ -96.707049359942673, 40.817257805001084 ], [ -96.707049711592788, 40.817259126323258 ], [ -96.707050064060994, 40.817260447517654 ], [ -96.707050417366716, 40.817261768579755 ], [ -96.707050771529396, 40.817263089505019 ], [ -96.707051126568444, 40.817264410288907 ], [ -96.707051482503331, 40.817265730926913 ], [ -96.707051839353454, 40.817267051414511 ], [ -96.707052197138268, 40.817268371747183 ], [ -96.707052555877198, 40.817269691920373 ], [ -96.707052915589685, 40.817271011929577 ], [ -96.707053276295156, 40.817272331770262 ], [ -96.707053638013051, 40.817273651437873 ], [ -96.707054000762795, 40.817274970927919 ], [ -96.707054364563817, 40.817276290235831 ], [ -96.707054729435555, 40.817277609357156 ], [ -96.707055095397436, 40.817278928287294 ], [ -96.707055462468901, 40.817280247021763 ], [ -96.707055830669375, 40.817281565556009 ], [ -96.707056200018286, 40.817282883885497 ], [ -96.707056570535073, 40.81728420200573 ], [ -96.707056942239177, 40.817285519912161 ], [ -96.707057315149981, 40.817286837600285 ], [ -96.70705768928697, 40.817288155065562 ], [ -96.707058064669539, 40.81728947230345 ], [ -96.70705844131713, 40.817290789309432 ], [ -96.707058819249156, 40.81729210607898 ], [ -96.707059198485069, 40.817293422607591 ], [ -96.707059579044284, 40.817294738890716 ], [ -96.707059960946211, 40.817296054923808 ], [ -96.707060344210319, 40.817297370702406 ], [ -96.707060728856007, 40.817298686221903 ], [ -96.707061114902686, 40.817300001477832 ], [ -96.707061502369811, 40.817301316465645 ], [ -96.707061891276794, 40.81730263118083 ], [ -96.707062281643061, 40.817303945618832 ], [ -96.707062460482106, 40.817304545444102 ] ] } },
{ "type": "Feature", "properties": { "point_a": 307, "point_b": 308, "trip": 3, "route": "fork", "status": "corrected", "mode": "reviewed_spatial_assumption" }, "geometry": { "type": "LineString", "coordinates": [ [ -96.707062460482106, 40.817304545444102 ], [ -96.707062673487926, 40.817305259775161 ], [ -96.707063066828297, 40.817306573645737 ], [ -96.707063461679013, 40.817307887226789 ], [ -96.707063858054823, 40.817309200514636 ], [ -96.707064255970508, 40.817310513505539 ], [ -96.707064655440774, 40.817311826195755 ], [ -96.707065056480403, 40.817313138581596 ], [ -96.707065459104143, 40.817314450659318 ], [ -96.707065863326747, 40.817315762425203 ], [ -96.707066269162965, 40.817317073875522 ], [ -96.707066676627562, 40.817318385006566 ], [ -96.707067085735275, 40.817319695814625 ], [ -96.707067496500883, 40.817321006295948 ], [ -96.707067908939109, 40.817322316446834 ], [ -96.707068323064732, 40.817323626263537 ], [ -96.707068738892517, 40.817324935742349 ], [ -96.7070691564372, 40.817326244879546 ], [ -96.707069575713561, 40.817327553671419 ], [ -96.707069996736308, 40.817328862114223 ], [ -96.70707041952025, 40.817330170204251 ], [ -96.707070844080121, 40.817331477937771 ], [ -96.707071270430689, 40.817332785311059 ], [ -96.707071698586702, 40.817334092320401 ], [ -96.707072128562913, 40.817335398962051 ], [ -96.707072560374115, 40.817336705232336 ], [ -96.707072994035045, 40.817338011127482 ], [ -96.707073429560452, 40.817339316643782 ], [ -96.707073866965104, 40.817340621777518 ], [ -96.707074306263777, 40.817341926524961 ], [ -96.707074747471211, 40.817343230882393 ], [ -96.707075190602183, 40.8173445348461 ], [ -96.707075635671444, 40.817345838412336 ], [ -96.70707608269376, 40.817347141577386 ], [ -96.70707653168391, 40.817348444337526 ], [ -96.707076982656616, 40.817349746689032 ], [ -96.707077435626687, 40.81735104862819 ], [ -96.707077890608858, 40.817352350151275 ], [ -96.707078347617895, 40.817353651254543 ], [ -96.707078806668562, 40.817354951934284 ], [ -96.70707926777564, 40.817356252186769 ], [ -96.707079730953879, 40.817357552008289 ], [ -96.70708019621803, 40.81735885139512 ], [ -96.707080663582872, 40.817360150343518 ], [ -96.70708113306317, 40.817361448849766 ], [ -96.707081604673704, 40.817362746910142 ], [ -96.707082078429195, 40.817364044520929 ], [ -96.707082554344453, 40.817365341678396 ], [ -96.707083032434213, 40.817366638378829 ], [ -96.707083512713254, 40.817367934618481 ], [ -96.707083995196328, 40.817369230393659 ], [ -96.707084479898214, 40.817370525700596 ], [ -96.707084966833676, 40.817371820535598 ], [ -96.707085456017467, 40.817373114894956 ], [ -96.70708594746435, 40.817374408774938 ], [ -96.707086441189091, 40.817375702171773 ], [ -96.707086937206469, 40.817376995081794 ], [ -96.707087435531236, 40.817378287501242 ], [ -96.707087936178141, 40.817379579426436 ], [ -96.707088439161964, 40.817380870853611 ], [ -96.707088944497443, 40.817382161779058 ], [ -96.707089452348001, 40.817383452336372 ], [ -96.707089962697935, 40.817384742274804 ], [ -96.707090475523216, 40.817386031599895 ], [ -96.707090990799855, 40.817387320317138 ], [ -96.707091508503822, 40.817388608432069 ], [ -96.707092028611143, 40.817389895950207 ], [ -96.707092551097787, 40.817391182877017 ], [ -96.707093075939724, 40.817392469218063 ], [ -96.707093603112966, 40.817393754978838 ], [ -96.707094132593511, 40.817395040164854 ], [ -96.707094664357328, 40.817396324781612 ], [ -96.707095198380415, 40.817397608834618 ], [ -96.707095734638756, 40.81739889232945 ], [ -96.707096273108348, 40.817400175271558 ], [ -96.707096813765162, 40.817401457666477 ], [ -96.707097356585209, 40.817402739519707 ], [ -96.707097901544444, 40.81740402083679 ], [ -96.707098448618865, 40.817405301623211 ], [ -96.70709899778447, 40.817406581884505 ], [ -96.707099549017244, 40.817407861626165 ], [ -96.707100102297744, 40.817409140852924 ], [ -96.707100657669699, 40.817410419558627 ], [ -96.707101215133363, 40.817411697744653 ], [ -96.707101774667066, 40.817412975416069 ], [ -96.707102336249122, 40.817414252578011 ], [ -96.70710289985783, 40.817415529235582 ], [ -96.707103465471519, 40.81741680539389 ], [ -96.707104033068489, 40.817418081058065 ], [ -96.707104602627084, 40.817419356233209 ], [ -96.707105174125601, 40.817420630924438 ], [ -96.707105747542357, 40.817421905136833 ], [ -96.70710632285568, 40.817423178875565 ], [ -96.707106900043868, 40.817424452145723 ], [ -96.707107479085252, 40.817425724952393 ], [ -96.707108059958117, 40.817426997300721 ], [ -96.707108642640819, 40.817428269195808 ], [ -96.707109227111644, 40.817429540642763 ], [ -96.707109813348936, 40.817430811646709 ], [ -96.707110401330993, 40.817432082212754 ], [ -96.707110991036117, 40.817433352345986 ], [ -96.70711158244265, 40.817434622051564 ], [ -96.707112175528891, 40.817435891334561 ], [ -96.70711277027317, 40.8174371602001 ], [ -96.707113366653786, 40.817438428653304 ], [ -96.707113964649068, 40.81743969669931 ], [ -96.707114564237315, 40.817440964343184 ], [ -96.707115165396871, 40.817442231590057 ], [ -96.707115768106021, 40.817443498445044 ], [ -96.707116372343094, 40.81744476491324 ], [ -96.707116978086418, 40.817446030999783 ], [ -96.707117585314279, 40.817447296709759 ], [ -96.70711819400502, 40.817448562048305 ], [ -96.707118804136954, 40.817449827020553 ], [ -96.707119415688368, 40.817451091631568 ], [ -96.707120028637618, 40.817452355886488 ], [ -96.707120642962991, 40.817453619790413 ], [ -96.707121258642815, 40.817454883348468 ], [ -96.707121875655403, 40.817456146565775 ], [ -96.707122493979085, 40.817457409447407 ], [ -96.707123113592132, 40.817458671998502 ], [ -96.707123734472916, 40.817459934224189 ], [ -96.707124356599707, 40.817461196129564 ], [ -96.707124979950862, 40.817462457719742 ], [ -96.707125604504654, 40.817463718999846 ], [ -96.707126230239439, 40.81746497997495 ], [ -96.707126857133488, 40.817466240650226 ], [ -96.707127485165159, 40.817467501030734 ], [ -96.707128114330146, 40.817468761116352 ], [ -96.707128745391984, 40.817470020675337 ], [ -96.707129378730968, 40.817471279591508 ], [ -96.707130014294549, 40.817472537879318 ], [ -96.707130652030131, 40.817473795553191 ], [ -96.707131291885162, 40.817475052627543 ], [ -96.707131933807048, 40.817476309116813 ], [ -96.707132577743209, 40.817477565035446 ], [ -96.707133223641065, 40.817478820397859 ], [ -96.707133871448008, 40.817480075218505 ], [ -96.707134521111442, 40.817481329511821 ], [ -96.707135172578745, 40.817482583292261 ], [ -96.707135825797323, 40.817483836574233 ], [ -96.707136480714524, 40.817485089372212 ], [ -96.707137137277769, 40.817486341700636 ], [ -96.70713779543442, 40.817487593573951 ], [ -96.707138455131798, 40.817488845006608 ], [ -96.707139116317308, 40.81749009601306 ], [ -96.707139778938298, 40.817491346607774 ], [ -96.707140442942105, 40.817492596805167 ], [ -96.70714110827609, 40.817493846619726 ], [ -96.707141774887575, 40.817495096065883 ], [ -96.707142442723935, 40.817496345158119 ], [ -96.707143111732464, 40.817497593910893 ], [ -96.707143781860538, 40.817498842338651 ], [ -96.707144453055434, 40.817500090455844 ], [ -96.707145125264503, 40.817501338276955 ], [ -96.707145798435079, 40.817502585816449 ], [ -96.707146472514452, 40.817503833088772 ], [ -96.707147147449959, 40.817505080108404 ], [ -96.707147823188919, 40.817506326889777 ], [ -96.707148499678624, 40.817507573447401 ], [ -96.70714917686638, 40.817508819795727 ], [ -96.707149854699551, 40.817510065949214 ], [ -96.707150533125372, 40.817511311922324 ], [ -96.707151212091205, 40.817512557729543 ], [ -96.707151891544328, 40.817513803385317 ], [ -96.707152571432061, 40.81751504890412 ], [ -96.707153251701712, 40.817516294300432 ], [ -96.707153932300571, 40.817517539588707 ], [ -96.707154613175959, 40.817518784783417 ], [ -96.707155294275196, 40.817520029899029 ], [ -96.707155975545589, 40.817521274949982 ], [ -96.70715665693443, 40.817522519950785 ], [ -96.707157338389052, 40.817523764915897 ], [ -96.707158019856777, 40.817525009859757 ], [ -96.707158701284897, 40.817526254796817 ], [ -96.707159382620759, 40.81752749974158 ], [ -96.707160063811685, 40.817528744708497 ], [ -96.70716074480498, 40.817529989712021 ], [ -96.707161425548009, 40.817531234766605 ], [ -96.70716210598809, 40.817532479886729 ], [ -96.707162786072573, 40.817533725086832 ], [ -96.70716346574882, 40.817534970381352 ], [ -96.707164144964139, 40.817536215784784 ], [ -96.707164823665934, 40.817537461311559 ], [ -96.707165501801526, 40.817538706976109 ], [ -96.707166179318321, 40.817539952792913 ], [ -96.707166856163667, 40.817541198776404 ], [ -96.70716753228497, 40.817542444941054 ], [ -96.707168207629593, 40.817543691301239 ], [ -96.707168882144956, 40.81754493787146 ], [ -96.707169555778464, 40.817546184666135 ], [ -96.707170228477509, 40.817547431699687 ], [ -96.707170900189524, 40.817548678986569 ], [ -96.707171570861931, 40.817549926541197 ], [ -96.707172240442191, 40.817551174377996 ], [ -96.707172908877723, 40.817552422511419 ], [ -96.707173576116006, 40.817553670955853 ], [ -96.7071742421045, 40.817554919725744 ], [ -96.707174906790655, 40.81755616883548 ], [ -96.707175570122004, 40.817557418299501 ], [ -96.70717623204601, 40.8175586681322 ], [ -96.707176892510191, 40.817559918347989 ], [ -96.707177551462067, 40.817561168961269 ], [ -96.707178208849172, 40.817562419986452 ], [ -96.707178864619038, 40.817563671437917 ], [ -96.707179521221349, 40.817564926211759 ], [ -96.707180177847917, 40.817566180969862 ], [ -96.707180834452302, 40.817567435726367 ], [ -96.707181483507199, 40.817568676182297 ] ] } },
{ "type": "Feature", "properties": { "point_a": 58, "point_b": 59, "trip": 1, "route": "intersection_58", "status": "corrected", "mode": "reviewed_spatial_assumption" }, "geometry": { "type": "LineString", "coordinates": [ [ -96.708101816475406, 40.8191197532893 ], [ -96.708102339351996, 40.819121037430364 ], [ -96.708102863209717, 40.819122321398879 ], [ -96.708103388014649, 40.819123605201334 ], [ -96.70810391373287, 40.819124888844165 ], [ -96.708104440330487, 40.81912617233381 ], [ -96.708104967773579, 40.81912745567675 ], [ -96.70810549602821, 40.819128738879471 ], [ -96.708106025060516, 40.819130021948354 ], [ -96.708106554836547, 40.819131304889865 ], [ -96.708107085322396, 40.819132587710499 ], [ -96.70810761648417, 40.819133870416685 ], [ -96.708108148287934, 40.819135153014905 ], [ -96.708108680699766, 40.819136435511567 ], [ -96.708109213685788, 40.819137717913165 ], [ -96.708109747212077, 40.819139000226123 ], [ -96.7081102812447, 40.819140282456928 ], [ -96.708110815749762, 40.819141564612011 ], [ -96.708111350693358, 40.819142846697829 ], [ -96.70811188604155, 40.819144128720829 ], [ -96.708112421760433, 40.819145410687497 ], [ -96.708112957816127, 40.819146692604264 ], [ -96.708113494174668, 40.819147974477566 ], [ -96.708114030802179, 40.819149256313885 ], [ -96.708114567664737, 40.819150538119672 ], [ -96.708115104728435, 40.819151819901386 ], [ -96.708115641959338, 40.819153101665449 ], [ -96.708116179323568, 40.819154383418358 ], [ -96.708116716787174, 40.819155665166534 ], [ -96.708117254316278, 40.819156946916451 ], [ -96.708117791876944, 40.81915822867456 ], [ -96.70811832943528, 40.819159510447328 ], [ -96.708118866957363, 40.819160792241163 ], [ -96.70811940440926, 40.819162074062582 ], [ -96.708119941757104, 40.819163355917979 ], [ -96.708120478966947, 40.819164637813863 ], [ -96.708121016004881, 40.819165919756628 ], [ -96.708121552837, 40.819167201752805 ], [ -96.708122089429395, 40.819168483808781 ], [ -96.708122625748132, 40.819169765931022 ], [ -96.708123161759332, 40.819171048126023 ], [ -96.708123697429045, 40.819172330400185 ], [ -96.708124232723392, 40.819173612760032 ], [ -96.708124767608453, 40.819174895211923 ], [ -96.708125302050291, 40.819176177762401 ], [ -96.708125836015029, 40.819177460417855 ], [ -96.708126369468715, 40.8191787431848 ], [ -96.708126902377472, 40.819180026069624 ], [ -96.708127434707365, 40.819181309078836 ], [ -96.708127966424499, 40.819182592218873 ], [ -96.70812849749494, 40.819183875496186 ], [ -96.70812902788478, 40.819185158917215 ], [ -96.708129557560142, 40.819186442488423 ], [ -96.70813008648706, 40.819187726216285 ], [ -96.708130614631642, 40.819189010107237 ], [ -96.708131141959996, 40.819190294167733 ], [ -96.708131668438185, 40.819191578404222 ], [ -96.708132194032302, 40.819192862823179 ], [ -96.708132718708441, 40.819194147431034 ], [ -96.708133242432694, 40.819195432234302 ], [ -96.708133765171127, 40.819196717239308 ], [ -96.708134286889845, 40.819198002452652 ], [ -96.708134807554913, 40.819199287880686 ], [ -96.708135327132453, 40.819200573529933 ], [ -96.708135845588515, 40.819201859406782 ], [ -96.708136362889221, 40.819203145517761 ], [ -96.708136879000648, 40.819204431869238 ], [ -96.708137393888862, 40.819205718467749 ], [ -96.708137907519969, 40.819207005319697 ], [ -96.708138419860049, 40.819208292431554 ], [ -96.708138930875208, 40.819209579809787 ], [ -96.708139440531511, 40.819210867460825 ], [ -96.708139948795051, 40.819212155391142 ], [ -96.70814045563192, 40.819213443607183 ], [ -96.708140961008212, 40.819214732115398 ], [ -96.708141464890005, 40.819216020922234 ], [ -96.708141967243378, 40.819217310034183 ], [ -96.708142468034424, 40.819218599457649 ], [ -96.708142967229236, 40.81921988919914 ], [ -96.708143464793892, 40.819221179265064 ], [ -96.7081439606945, 40.819222469661895 ], [ -96.708144454897123, 40.819223760396092 ], [ -96.708144947367856, 40.819225051474099 ], [ -96.708145438072791, 40.819226342902382 ], [ -96.70814592697802, 40.819227634687373 ], [ -96.708146414049608, 40.819228926835542 ], [ -96.708146899253663, 40.819230219353351 ], [ -96.708147382556263, 40.819231512247249 ], [ -96.708147863923514, 40.819232805523669 ], [ -96.708148343321469, 40.819234099189082 ], [ -96.708148820716247, 40.819235393249969 ], [ -96.708149296073913, 40.819236687712753 ], [ -96.70814976936056, 40.819237982583878 ], [ -96.708150240542295, 40.819239277869826 ], [ -96.708150709585169, 40.819240573577055 ], [ -96.708151176455317, 40.819241869711973 ], [ -96.708151641118775, 40.819243166281083 ], [ -96.708152103541664, 40.819244463290829 ], [ -96.708152563690049, 40.819245760747634 ], [ -96.708153021530038, 40.819247058658 ], [ -96.708153477027707, 40.81924835702835 ], [ -96.708153930149152, 40.819249655865136 ], [ -96.708154380860435, 40.819250955174837 ], [ -96.708154829127679, 40.819252254963885 ], [ -96.708155274916948, 40.819253555238753 ], [ -96.708155718194334, 40.819254856005877 ], [ -96.708156158925931, 40.819256157271724 ], [ -96.708156597077817, 40.819257459042731 ], [ -96.708157032616086, 40.819258761325365 ], [ -96.708157465506815, 40.819260064126098 ], [ -96.708157895716099, 40.819261367451361 ], [ -96.708158323210029, 40.819262671307612 ], [ -96.708158747954684, 40.819263975701297 ], [ -96.708159169916158, 40.819265280638888 ], [ -96.708159589060529, 40.81926658612683 ], [ -96.708160005353889, 40.819267892171581 ], [ -96.708160418762347, 40.819269198779594 ], [ -96.708160829251938, 40.819270505957306 ], [ -96.708161236788811, 40.819271813711211 ], [ -96.708161641339004, 40.819273122047733 ], [ -96.708162042868622, 40.81927443097333 ], [ -96.708162441343759, 40.819275740494476 ], [ -96.708162836730494, 40.819277050617593 ] ] } },
{ "type": "Feature", "properties": { "point_a": 179, "point_b": 180, "trip": 2, "route": "intersection_58", "status": "corrected", "mode": "reviewed_spatial_assumption" }, "geometry": { "type": "LineString", "coordinates": [ [ -96.708103492855997, 40.819124550896092 ], [ -96.708104015819373, 40.819125829961266 ], [ -96.708104543636466, 40.819127107922434 ], [ -96.708105076203225, 40.819128384802838 ], [ -96.708105613415597, 40.819129660625634 ], [ -96.708106155169517, 40.81913093541398 ], [ -96.708106701360919, 40.819132209191103 ], [ -96.70810725188575, 40.819133481980153 ], [ -96.708107806639944, 40.819134753804349 ], [ -96.708108365519465, 40.819136024686856 ], [ -96.708108928420216, 40.819137294650851 ], [ -96.708109495238176, 40.81913856371952 ], [ -96.708110065869278, 40.819139831916068 ], [ -96.708110640209441, 40.819141099263682 ], [ -96.708111218154642, 40.819142365785503 ], [ -96.708111799600786, 40.819143631504765 ], [ -96.708112384443822, 40.81914489644462 ], [ -96.708112972579727, 40.819146160628257 ], [ -96.708113563904391, 40.819147424078864 ], [ -96.708114158313776, 40.819148686819638 ], [ -96.708114755703832, 40.819149948873736 ], [ -96.708115355970506, 40.81915121026438 ], [ -96.708115959009703, 40.819152471014746 ], [ -96.7081165647174, 40.819153731147992 ], [ -96.708117172989546, 40.819154990687295 ], [ -96.708117783722031, 40.81915624965589 ], [ -96.708118396810846, 40.819157508076934 ], [ -96.708119012151897, 40.819158765973583 ], [ -96.708119629641146, 40.819160023369079 ], [ -96.708120249174542, 40.819161280286572 ], [ -96.708120870648003, 40.819162536749239 ], [ -96.708121493957478, 40.81916379278028 ], [ -96.708122118998915, 40.81916504840288 ], [ -96.708122745668263, 40.819166303640202 ], [ -96.70812337386144, 40.819167558515467 ], [ -96.708124003474381, 40.819168813051853 ], [ -96.708124634403063, 40.819170067272495 ], [ -96.708125266543419, 40.819171321200649 ], [ -96.708125899791355, 40.819172574859451 ], [ -96.708126534042847, 40.819173828272099 ], [ -96.708127169193816, 40.819175081461786 ], [ -96.708127805140236, 40.819176334451654 ], [ -96.708128441777987, 40.819177587264967 ], [ -96.708129079003072, 40.819178839924838 ], [ -96.708129716711397, 40.819180092454488 ], [ -96.708130354798911, 40.819181344877094 ], [ -96.708130993161575, 40.819182597215814 ], [ -96.708131631695295, 40.819183849493882 ], [ -96.708132270296019, 40.819185101734455 ], [ -96.70813290885971, 40.819186353960696 ], [ -96.708133547282301, 40.81918760619584 ], [ -96.708134185459727, 40.819188858463036 ], [ -96.708134823287935, 40.819190110785478 ], [ -96.708135460662845, 40.819191363186341 ], [ -96.70813609748042, 40.819192615688834 ], [ -96.708136733636607, 40.819193868316098 ], [ -96.708137369027313, 40.819195121091369 ], [ -96.708138003548513, 40.819196374037801 ], [ -96.708138637096141, 40.819197627178596 ], [ -96.708139269566132, 40.819198880536902 ], [ -96.70813990085442, 40.819200134135947 ], [ -96.708140530856937, 40.819201387998895 ], [ -96.708141159469676, 40.819202642148916 ], [ -96.708141786588513, 40.819203896609238 ], [ -96.708142412109424, 40.819205151403004 ], [ -96.708143035928359, 40.819206406553427 ], [ -96.708143657941221, 40.819207662083663 ], [ -96.708144278043989, 40.819208918016905 ], [ -96.70814489613258, 40.819210174376366 ], [ -96.708145512102945, 40.819211431185202 ], [ -96.70814612585103, 40.819212688466607 ], [ -96.708146737272756, 40.819213946243742 ], [ -96.708147346264084, 40.819215204539837 ], [ -96.708147952720935, 40.819216463378041 ], [ -96.708148556539271, 40.819217722781552 ], [ -96.708149157615026, 40.819218982773556 ], [ -96.708149755844119, 40.819220243377224 ], [ -96.708150351122526, 40.819221504615754 ], [ -96.708150943346169, 40.819222766512347 ], [ -96.708151532410994, 40.81922402909013 ], [ -96.708152118212936, 40.819225292372344 ], [ -96.708152700647943, 40.819226556382162 ], [ -96.708153279611935, 40.819227821142768 ], [ -96.708153855000887, 40.819229086677311 ], [ -96.70815442671072, 40.819230353009011 ], [ -96.708154994637368, 40.819231620161048 ], [ -96.708155558676779, 40.819232888156627 ], [ -96.708156118724887, 40.819234157018897 ], [ -96.708156674677653, 40.819235426771051 ], [ -96.708157226431013, 40.819236697436281 ], [ -96.708157773880885, 40.819237969037751 ], [ -96.708158316923232, 40.819239241598702 ], [ -96.708158855453974, 40.819240515142241 ], [ -96.708159389369072, 40.81924178969161 ], [ -96.708159918564476, 40.819243065269973 ], [ -96.708160442936091, 40.819244341900522 ], [ -96.708160962379878, 40.81924561960642 ], [ -96.708161476791773, 40.819246898410896 ], [ -96.708161986067722, 40.819248178337084 ], [ -96.708162490103661, 40.819249459408184 ], [ -96.708162988795536, 40.819250741647409 ], [ -96.708163482039282, 40.819252025077915 ], [ -96.708163969730847, 40.819253309722889 ], [ -96.708164451766166, 40.819254595605528 ], [ -96.708164928041171, 40.819255882749005 ], [ -96.708165398451811, 40.819257171176503 ], [ -96.70816586289402, 40.819258460911215 ], [ -96.708166321263761, 40.819259751976325 ], [ -96.708166773456952, 40.81926104439502 ], [ -96.708167219369543, 40.81926233819047 ], [ -96.708167658897466, 40.819263633385873 ], [ -96.708168091936685, 40.819264930004401 ], [ -96.70816851838309, 40.819266228069274 ], [ -96.708168938132673, 40.819267527603621 ], [ -96.708169351081352, 40.819268828630683 ], [ -96.708169757125077, 40.819270131173603 ], [ -96.708170156159767, 40.819271435255587 ], [ -96.708170548081398, 40.819272740899805 ] ] } },
{ "type": "Feature", "properties": { "point_a": 310, "point_b": 311, "trip": 3, "route": "intersection_58", "status": "corrected", "mode": "reviewed_spatial_assumption" }, "geometry": { "type": "LineString", "coordinates": [ [ -96.708099469542503, 40.819119480095303 ], [ -96.708099994122463, 40.819120764347275 ], [ -96.708100522674485, 40.819122047712156 ], [ -96.70810105511697, 40.819123330207809 ], [ -96.708101591368219, 40.819124611852132 ], [ -96.708102131346564, 40.819125892663045 ], [ -96.708102674970377, 40.819127172658405 ], [ -96.708103222157959, 40.81912845185613 ], [ -96.708103772827656, 40.819129730274092 ], [ -96.708104326897825, 40.819131007930231 ], [ -96.708104884286797, 40.819132284842404 ], [ -96.708105444912889, 40.819133561028501 ], [ -96.708106008694458, 40.819134836506421 ], [ -96.708106575549834, 40.819136111294078 ], [ -96.708107145397364, 40.819137385409341 ], [ -96.708107718155389, 40.819138658870081 ], [ -96.708108293742214, 40.819139931694252 ], [ -96.708108872076224, 40.819141203899719 ], [ -96.708109453075721, 40.819142475504378 ], [ -96.70811003665905, 40.819143746526109 ], [ -96.708110622744556, 40.819145016982816 ], [ -96.708111211250568, 40.819146286892405 ], [ -96.708111802095431, 40.819147556272775 ], [ -96.708112395197489, 40.819148825141781 ], [ -96.708112990475058, 40.819150093517329 ], [ -96.708113587846498, 40.819151361417326 ], [ -96.708114187230137, 40.819152628859655 ], [ -96.708114788544307, 40.819153895862243 ], [ -96.708115391707366, 40.819155162442932 ], [ -96.708115996637616, 40.81915642861965 ], [ -96.708116603253416, 40.819157694410286 ], [ -96.708117211473123, 40.81915895983272 ], [ -96.708117821215041, 40.81916022490487 ], [ -96.708118432397526, 40.819161489644593 ], [ -96.708119044938897, 40.819162754069808 ], [ -96.708119658757525, 40.819164018198414 ], [ -96.708120273771726, 40.819165282048296 ], [ -96.708120889899817, 40.819166545637344 ], [ -96.708121507060184, 40.819167808983458 ], [ -96.70812212517113, 40.819169072104522 ], [ -96.708122744150984, 40.819170335018434 ], [ -96.708123363918119, 40.819171597743114 ], [ -96.708123984390852, 40.819172860296405 ], [ -96.708124605487512, 40.819174122696232 ], [ -96.708125227126459, 40.819175384960502 ], [ -96.708125849226022, 40.819176647107071 ], [ -96.708126471704517, 40.819177909153879 ], [ -96.708127094480304, 40.819179171118776 ], [ -96.708127717471712, 40.819180433019675 ], [ -96.708128340597099, 40.819181694874459 ], [ -96.708128963774769, 40.819182956701034 ], [ -96.708129586923079, 40.819184218517293 ], [ -96.708130209960359, 40.819185480341119 ], [ -96.708130832804954, 40.819186742190446 ], [ -96.708131455375209, 40.819188004083117 ], [ -96.70813207758944, 40.819189266037021 ], [ -96.70813269936599, 40.819190528070102 ], [ -96.708133320623219, 40.819191790200215 ], [ -96.708133941279428, 40.819193052445279 ], [ -96.70813456125299, 40.81919431482315 ], [ -96.708135180462207, 40.819195577351763 ], [ -96.708135798825452, 40.819196840048996 ], [ -96.708136416261027, 40.819198102932731 ], [ -96.708137032687304, 40.819199366020875 ], [ -96.7081376480226, 40.819200629331327 ], [ -96.708138262185258, 40.819201892881971 ], [ -96.70813887509361, 40.819203156690705 ], [ -96.708139486665999, 40.819204420775414 ], [ -96.708140096820756, 40.819205685153989 ], [ -96.708140705476211, 40.819206949844336 ], [ -96.708141312550737, 40.819208214864368 ], [ -96.708141917962635, 40.81920948023194 ], [ -96.708142521630251, 40.819210745964959 ], [ -96.708143123471928, 40.81921201208133 ], [ -96.708143723406025, 40.819213278598937 ], [ -96.708144321350815, 40.819214545535672 ], [ -96.708144917224701, 40.819215812909434 ], [ -96.708145510945997, 40.819217080738113 ], [ -96.708146102433034, 40.819218349039602 ], [ -96.708146691604142, 40.819219617831791 ], [ -96.70814727837768, 40.819220887132602 ], [ -96.708147862671979, 40.819222156959896 ], [ -96.708148444405367, 40.819223427331572 ], [ -96.70814902349619, 40.819224698265543 ], [ -96.708149599862779, 40.819225969779666 ], [ -96.708150173423476, 40.81922724189188 ], [ -96.708150744096613, 40.81922851462005 ], [ -96.708151311800535, 40.819229787982074 ], [ -96.708151876453584, 40.819231061995858 ], [ -96.708152437974064, 40.819232336679285 ], [ -96.708152996280361, 40.819233612050226 ], [ -96.708153551290764, 40.819234888126623 ], [ -96.708154102923643, 40.819236164926345 ], [ -96.708154651097331, 40.819237442467269 ], [ -96.708155195730157, 40.819238720767316 ], [ -96.708155736740466, 40.819239999844385 ], [ -96.708156274046587, 40.819241279716323 ], [ -96.708156807566851, 40.819242560401072 ], [ -96.708157337219632, 40.819243841916524 ], [ -96.708157862923215, 40.819245124280549 ], [ -96.708158384595961, 40.819246407511045 ], [ -96.708158902156214, 40.819247691625911 ], [ -96.708159415522317, 40.819248976643053 ], [ -96.708159924612588, 40.819250262580333 ], [ -96.708160429345369, 40.819251549455664 ], [ -96.708160929639007, 40.819252837286932 ], [ -96.708161425411816, 40.819254126092069 ], [ -96.708161916582156, 40.819255415888925 ], [ -96.708162403068357, 40.819256706695406 ], [ -96.708162884788763, 40.819257998529409 ], [ -96.708163361661704, 40.819259291408819 ], [ -96.708163833605511, 40.819260585351543 ], [ -96.708164300538527, 40.819261880375471 ], [ -96.708164762379084, 40.819263176498495 ], [ -96.708165219045554, 40.8192644737385 ], [ -96.708165670456211, 40.81926577211339 ], [ -96.708166116529441, 40.819267071641057 ], [ -96.70816655718356, 40.819268372339394 ], [ -96.708166992336913, 40.819269674226291 ], [ -96.708167421907845, 40.819270977319654 ], [ -96.708167845814671, 40.819272281637367 ], [ -96.70816826397575, 40.81927358719733 ], [ -96.708168676309398, 40.81927489401744 ], [ -96.70816908273396, 40.819276202115567 ], [ -96.708169483167779, 40.819277511509618 ], [ -96.708169877529201, 40.819278822217498 ] ] } },
{ "type": "Feature", "properties": { "point_a": 60, "point_b": 61, "trip": 1, "route": "roundabout", "status": "corrected", "mode": "reviewed_spatial_assumption" }, "geometry": { "type": "LineString", "coordinates": [ [ -96.707465462386594, 40.822043675382801 ], [ -96.707463974016235, 40.822043996690795 ], [ -96.707462491546536, 40.822044326321326 ], [ -96.707461014950496, 40.822044664233545 ], [ -96.707459544201072, 40.822045010386624 ], [ -96.707458079271177, 40.822045364739743 ], [ -96.707456620133783, 40.822045727252039 ], [ -96.707455166761846, 40.822046097882691 ], [ -96.707453719128324, 40.822046476590828 ], [ -96.707452277206158, 40.822046863335622 ], [ -96.707450840968292, 40.822047258076239 ], [ -96.70744941038771, 40.822047660771879 ], [ -96.707447985437341, 40.822048071381644 ], [ -96.707446566090141, 40.82204848986472 ], [ -96.707445152319067, 40.822048916180272 ], [ -96.707443744097077, 40.822049350287422 ], [ -96.707442341397083, 40.8220497921454 ], [ -96.707440944192115, 40.822050241713306 ], [ -96.707439552455043, 40.822050698950342 ], [ -96.707438166158894, 40.822051163815644 ], [ -96.707436785276556, 40.82205163626837 ], [ -96.707435409781041, 40.822052116267692 ], [ -96.70743403964525, 40.822052603772782 ], [ -96.707432674842167, 40.822053098742785 ], [ -96.707431315344735, 40.822053601136865 ], [ -96.707429961125897, 40.822054110914195 ], [ -96.707428612158623, 40.822054628033889 ], [ -96.70742726841587, 40.822055152455171 ], [ -96.707425929870567, 40.822055684137169 ], [ -96.707424596495684, 40.822056223039041 ], [ -96.707423268264165, 40.822056769119961 ], [ -96.70742194514898, 40.822057322339056 ], [ -96.707420627123057, 40.822057882655535 ], [ -96.707419314159367, 40.82205845002855 ], [ -96.707418006230853, 40.822059024417243 ], [ -96.707416703310471, 40.822059605780787 ], [ -96.707415405371179, 40.822060194078318 ], [ -96.707414112385919, 40.822060789269045 ], [ -96.707412824327676, 40.822061391312054 ], [ -96.70741154116935, 40.822062000166596 ], [ -96.707410262883926, 40.822062615791772 ], [ -96.70740898944436, 40.822063238146768 ], [ -96.707407720823596, 40.822063867190707 ], [ -96.70740645699459, 40.822064502882789 ], [ -96.707405197930285, 40.822065145182172 ], [ -96.707403943603651, 40.822065794048015 ], [ -96.707402693987632, 40.82206644943944 ], [ -96.707401449055183, 40.822067111315668 ], [ -96.707400208779248, 40.82206777963583 ], [ -96.707398973132783, 40.822068454359083 ], [ -96.707397742088745, 40.822069135444579 ], [ -96.707396515620104, 40.82206982285151 ], [ -96.707395293699776, 40.822070516539007 ], [ -96.707394076300744, 40.822071216466256 ], [ -96.707392863395953, 40.822071922592386 ], [ -96.707391654958343, 40.822072634876591 ], [ -96.707390450960887, 40.822073353278007 ], [ -96.707389251376526, 40.822074077755815 ], [ -96.707388056178218, 40.822074808269171 ], [ -96.707386865338904, 40.822075544777206 ], [ -96.707385678831557, 40.822076287239128 ], [ -96.707384496629118, 40.822077035614065 ], [ -96.707383318704544, 40.822077789861197 ], [ -96.707382145030778, 40.822078549939647 ], [ -96.70738097558079, 40.822079315808622 ], [ -96.707379810327524, 40.822080087427267 ], [ -96.707378649243921, 40.822080864754724 ], [ -96.707377492302953, 40.822081647750196 ], [ -96.707376339477563, 40.822082436372824 ], [ -96.70737519074072, 40.82208323058174 ], [ -96.707374046065354, 40.822084030336129 ], [ -96.707372905424421, 40.822084835595156 ], [ -96.707371768790892, 40.822085646317959 ], [ -96.707370636137696, 40.822086462463723 ], [ -96.707369507437818, 40.822087283991621 ], [ -96.707368382664171, 40.822088110860768 ], [ -96.707367261789756, 40.822088943030359 ], [ -96.707366144787471, 40.822089780459528 ], [ -96.707365031630317, 40.822090623107492 ], [ -96.707363922291208, 40.822091470933358 ], [ -96.707362816743142, 40.822092323896285 ], [ -96.707361714959021, 40.822093181955459 ], [ -96.707360616911828, 40.822094045070031 ], [ -96.707359522574521, 40.822094913199173 ], [ -96.707358431920056, 40.822095786302029 ], [ -96.707357344921363, 40.822096664337771 ], [ -96.707356261551396, 40.822097547265564 ], [ -96.707355181783129, 40.822098435044524 ], [ -96.707354105589502, 40.822099327633879 ], [ -96.707353032943473, 40.822100224992745 ], [ -96.707351963817985, 40.822101127080323 ], [ -96.707350898186007, 40.822102033855707 ], [ -96.707349836020484, 40.822102945278118 ], [ -96.707348777294357, 40.822103861306701 ], [ -96.707347721980597, 40.822104781900606 ], [ -96.707346670052146, 40.822105707018984 ], [ -96.707345621481977, 40.822106636621037 ], [ -96.707344576243003, 40.822107570665878 ], [ -96.707343534308237, 40.822108509112695 ], [ -96.707342495650565, 40.822109451920632 ], [ -96.707341460243001, 40.822110399048874 ], [ -96.707340428058444, 40.822111350456566 ], [ -96.70733939906988, 40.822112306102873 ], [ -96.707338373250266, 40.822113265946953 ], [ -96.70733735057253, 40.822114229947978 ], [ -96.707336331009657, 40.822115198065077 ], [ -96.707335314534561, 40.822116170257445 ], [ -96.707334301120241, 40.82211714648421 ], [ -96.707333290739612, 40.822118126704588 ], [ -96.707332283365645, 40.822119110877658 ], [ -96.707331278971282, 40.822120098962664 ], [ -96.707330277529493, 40.822121090918692 ], [ -96.707329279013209, 40.822122086704965 ], [ -96.707328283395398, 40.822123086280634 ], [ -96.707327290649019, 40.822124089604813 ], [ -96.707326300746999, 40.822125096636697 ], [ -96.707325313662324, 40.822126107335464 ], [ -96.70732432936795, 40.822127121660245 ], [ -96.707323347836791, 40.822128139570196 ], [ -96.707322369041819, 40.822129161024492 ], [ -96.70732139295599, 40.822130185982296 ], [ -96.707320419552261, 40.822131214402759 ], [ -96.707319448803574, 40.822132246245069 ], [ -96.707318480682915, 40.822133281468354 ], [ -96.707317515163183, 40.822134320031793 ], [ -96.707316552217364, 40.822135361894539 ], [ -96.707315591818414, 40.822136407015726 ], [ -96.707314633939276, 40.822137455354586 ], [ -96.707313678552907, 40.822138506870218 ], [ -96.707312725632264, 40.822139561521794 ], [ -96.707311775150288, 40.822140619268474 ], [ -96.707310827079937, 40.822141680069429 ], [ -96.707309881394181, 40.822142743883809 ], [ -96.70730893806595, 40.822143810670795 ], [ -96.707307997068213, 40.82214488038953 ], [ -96.7073070583739, 40.822145952999193 ], [ -96.707306121955995, 40.822147028458915 ], [ -96.707305187787426, 40.822148106727873 ], [ -96.707304255841166, 40.822149187765241 ], [ -96.707303326090155, 40.822150271530163 ], [ -96.707302398507352, 40.822151357981774 ], [ -96.707301473065712, 40.82215244707929 ], [ -96.707300549738179, 40.822153538781834 ], [ -96.707299628497722, 40.822154633048584 ], [ -96.707298709317271, 40.822155729838684 ], [ -96.707297792169797, 40.822156829111307 ], [ -96.707296877028256, 40.822157930825618 ], [ -96.70729596386559, 40.822159034940775 ], [ -96.707295052654757, 40.822160141415921 ], [ -96.707294143368699, 40.822161250210243 ], [ -96.707293235980387, 40.822162361282878 ], [ -96.707292330462764, 40.822163474593005 ], [ -96.707291426788785, 40.82216459009976 ], [ -96.707290524931409, 40.822165707762316 ], [ -96.707289624863591, 40.822166827539874 ], [ -96.707288726558275, 40.822167949391549 ], [ -96.707287829988402, 40.822169073276477 ], [ -96.707286935126945, 40.822170199153874 ], [ -96.707286041946873, 40.82217132698289 ], [ -96.7072851504211, 40.822172456722662 ], [ -96.707284260522599, 40.822173588332362 ], [ -96.707283372224325, 40.822174721771148 ], [ -96.707282485499221, 40.822175856998214 ], [ -96.707281600320243, 40.822176993972661 ], [ -96.707280716660364, 40.822178132653683 ], [ -96.707279834492525, 40.822179273000444 ], [ -96.707278953789654, 40.822180414972102 ], [ -96.707278074524737, 40.822181558527802 ], [ -96.707277196670731, 40.822182703626737 ], [ -96.707276320200549, 40.822183850228015 ], [ -96.707275445087191, 40.822184998290851 ], [ -96.707274571303586, 40.822186147774381 ], [ -96.707273698822675, 40.822187298637758 ], [ -96.707272827617444, 40.822188450840173 ], [ -96.707271957660822, 40.822189604340757 ], [ -96.707271088925765, 40.822190759098667 ], [ -96.707270221385244, 40.822191915073084 ], [ -96.707269355012187, 40.822193072223158 ], [ -96.707268489779551, 40.82219423050806 ], [ -96.707267625660307, 40.822195389886929 ], [ -96.707266762627398, 40.822196550318957 ], [ -96.70726590065378, 40.822197711763266 ], [ -96.707265039712411, 40.822198874179058 ], [ -96.707264179776217, 40.822200037525455 ], [ -96.707263320818186, 40.822201201761651 ], [ -96.707262462811258, 40.822202366846788 ], [ -96.707261605728362, 40.822203532740019 ], [ -96.707260749542499, 40.822204699400537 ], [ -96.707259894226596, 40.822205866787463 ], [ -96.707259039753595, 40.822207034859986 ], [ -96.707258186096468, 40.822208203577247 ], [ -96.707257333228156, 40.822209372898428 ], [ -96.707256481121618, 40.822210542782663 ], [ -96.70725562974981, 40.822211713189141 ], [ -96.707254779085702, 40.822212884076983 ], [ -96.707253929102208, 40.822214055405396 ], [ -96.7072530797723, 40.822215227133519 ], [ -96.707252231068921, 40.822216399220515 ], [ -96.707251382965069, 40.822217571625536 ], [ -96.707250535433644, 40.822218744307754 ], [ -96.707249688447618, 40.82221991722632 ], [ -96.707248841979947, 40.822221090340399 ], [ -96.707247996003574, 40.82222226360917 ], [ -96.707247150491469, 40.822223436991742 ], [ -96.707246305416589, 40.822224610447329 ], [ -96.707245460751849, 40.822225783935068 ], [ -96.707244616470248, 40.822226957414138 ], [ -96.707243772544714, 40.822228130843669 ], [ -96.707242928948205, 40.822229304182841 ], [ -96.707242085653675, 40.822230477390796 ], [ -96.707241242634083, 40.822231650426744 ], [ -96.707240399862371, 40.822232823249792 ], [ -96.707239557311496, 40.822233995819097 ], [ -96.707238714954414, 40.82223516809389 ], [ -96.707237872764097, 40.822236340033257 ], [ -96.707237030713458, 40.822237511596391 ], [ -96.707236188775482, 40.822238682742444 ], [ -96.707235346923099, 40.822239853430574 ], [ -96.707234505129279, 40.822241023619952 ], [ -96.707233663366964, 40.822242193269744 ], [ -96.707232821609125, 40.822243362339087 ], [ -96.707231979828705, 40.82224453078716 ], [ -96.707231137998647, 40.822245698573127 ], [ -96.707230296091907, 40.822246865656119 ], [ -96.707229454081471, 40.822248031995322 ], [ -96.707228611940238, 40.822249197549901 ], [ -96.707227769641207, 40.822250362279007 ], [ -96.707226927157308, 40.822251526141798 ], [ -96.70722608446151, 40.822252689097446 ], [ -96.707225241526757, 40.822253851105089 ], [ -96.707224398325977, 40.822255012123911 ], [ -96.707223554832169, 40.822256172113065 ], [ -96.707222711018247, 40.822257331031707 ], [ -96.707221866857211, 40.822258488839005 ], [ -96.70722102232196, 40.822259645494114 ], [ -96.70722017738548, 40.82226080095618 ], [ -96.707219332020728, 40.822261955184388 ], [ -96.707218486200631, 40.822263108137903 ], [ -96.707217639898161, 40.822264259775871 ], [ -96.707216793086275, 40.822265410057433 ], [ -96.7072159457379, 40.822266558941777 ], [ -96.707215097826037, 40.822267706388061 ], [ -96.707214249323584, 40.822268852355442 ], [ -96.707213400203528, 40.822269996803087 ], [ -96.707212550438825, 40.82227113969013 ], [ -96.707211700002418, 40.822272280975767 ], [ -96.707210848867248, 40.82227342061914 ], [ -96.707209997006288, 40.822274558579416 ], [ -96.707209144392479, 40.822275694815737 ], [ -96.707208290998793, 40.82227682928729 ], [ -96.707207436798157, 40.822277961953219 ], [ -96.707206581763543, 40.822279092772682 ], [ -96.707205725867894, 40.822280221704858 ], [ -96.707204869084165, 40.822281348708898 ], [ -96.707204011385315, 40.822282473743961 ], [ -96.707203152744299, 40.822283596769196 ], [ -96.70720229313406, 40.822284717743791 ], [ -96.707201432527555, 40.822285836626882 ], [ -96.707200570897726, 40.822286953377628 ], [ -96.707199708217573, 40.822288067955206 ], [ -96.707198844459981, 40.822289180318776 ], [ -96.70719797959795, 40.822290290427496 ], [ -96.707197113604423, 40.822291398240509 ], [ -96.707196246452355, 40.822292503717001 ], [ -96.707195378114704, 40.82229360681611 ], [ -96.707194508564399, 40.822294707497022 ], [ -96.707193637774395, 40.822295805718866 ], [ -96.707192765717679, 40.822296901440829 ], [ -96.707191892367192, 40.822297994622062 ], [ -96.707191017695862, 40.822299085221729 ], [ -96.707190141676662, 40.822300173198983 ], [ -96.707189264282547, 40.822301258512979 ], [ -96.707188385486475, 40.822302341122914 ], [ -96.707187505261373, 40.8223034209879 ], [ -96.707186623580213, 40.822304498067133 ], [ -96.707185740415966, 40.822305572319735 ], [ -96.707184855741559, 40.822306643704906 ], [ -96.70718396952995, 40.822307712181811 ], [ -96.707183081754096, 40.82230877770958 ], [ -96.707182192386952, 40.822309840247357 ], [ -96.707181301401462, 40.822310899754356 ], [ -96.707180408770597, 40.822311956189722 ], [ -96.707179514467285, 40.822313009512591 ], [ -96.707178618464511, 40.822314059682121 ], [ -96.707177720735189, 40.822315106657506 ], [ -96.707176821252304, 40.822316150397889 ], [ -96.707175919988799, 40.822317190862435 ], [ -96.707175016917645, 40.822318228010289 ], [ -96.707174112011757, 40.822319261800644 ], [ -96.707173205244118, 40.822320292192636 ], [ -96.707172296587657, 40.822321319145402 ], [ -96.707171386015361, 40.822322342618158 ], [ -96.707170473500156, 40.822323362570039 ], [ -96.707169559015, 40.82232437896019 ], [ -96.707168642532864, 40.822325391747768 ], [ -96.707167724026689, 40.822326400891974 ], [ -96.70716680346942, 40.822327406351945 ], [ -96.707165880834026, 40.82232840808684 ], [ -96.707164956093436, 40.8223294060558 ], [ -96.707164029220635, 40.822330400218029 ], [ -96.707163100188552, 40.822331390532646 ], [ -96.707162168970143, 40.822332376958862 ], [ -96.707161235538379, 40.822333359455769 ], [ -96.707160299866203, 40.822334337982575 ], [ -96.707159361926557, 40.822335312498438 ], [ -96.707158421692412, 40.822336282962503 ], [ -96.707157479136711, 40.822337249333941 ], [ -96.707156534232411, 40.822338211571896 ], [ -96.707155586952467, 40.822339169635555 ], [ -96.707154637269809, 40.822340123484068 ], [ -96.707153685157436, 40.822341073076586 ], [ -96.707152730588277, 40.822342018372268 ], [ -96.707151773535259, 40.822342959330278 ], [ -96.707150813971381, 40.822343895909789 ], [ -96.707149851869559, 40.82234482806998 ], [ -96.707148887202791, 40.822345755769952 ], [ -96.707147919943992, 40.822346678968898 ], [ -96.707146950066118, 40.822347597625992 ] ] } },
{ "type": "Feature", "properties": { "point_a": 181, "point_b": 182, "trip": 2, "route": "roundabout", "status": "conflict", "mode": "reviewed_spatial_assumption" }, "geometry": { "type": "LineString", "coordinates": [ [ -96.707471832633004, 40.822052529858901 ], [ -96.70747032842219, 40.822052856290107 ], [ -96.707468829286157, 40.822053190417975 ], [ -96.707467335203575, 40.82205353220656 ], [ -96.707465846153212, 40.822053881619873 ], [ -96.707464362113726, 40.822054238621938 ], [ -96.707462883063855, 40.822054603176809 ], [ -96.707461408982269, 40.822054975248513 ], [ -96.707459939847737, 40.822055354801108 ], [ -96.707458475638916, 40.822055741798579 ], [ -96.707457016334544, 40.822056136205006 ], [ -96.707455561913306, 40.822056537984373 ], [ -96.707454112353915, 40.822056947100748 ], [ -96.70745266763511, 40.822057363518141 ], [ -96.707451227735561, 40.822057787200613 ], [ -96.707449792633994, 40.822058218112169 ], [ -96.707448362309123, 40.822058656216868 ], [ -96.707446936739643, 40.822059101478722 ], [ -96.707445515904283, 40.822059553861756 ], [ -96.707444099781711, 40.822060013330038 ], [ -96.707442688350667, 40.822060479847558 ], [ -96.707441281589865, 40.822060953378376 ], [ -96.707439879478002, 40.822061433886539 ], [ -96.707438481993776, 40.822061921336044 ], [ -96.707437089115913, 40.822062415690951 ], [ -96.707435700823112, 40.822062916915264 ], [ -96.707434317094084, 40.822063424973045 ], [ -96.707432937907541, 40.822063939828311 ], [ -96.707431563242167, 40.822064461445102 ], [ -96.707430193076718, 40.822064989787442 ], [ -96.707428827389876, 40.822065524819372 ], [ -96.707427466160325, 40.822066066504917 ], [ -96.707426109366821, 40.822066614808115 ], [ -96.707424756988033, 40.822067169693007 ], [ -96.707423409002701, 40.822067731123617 ], [ -96.707422065389522, 40.822068299063993 ], [ -96.707420726127197, 40.822068873478123 ], [ -96.707419391194421, 40.822069454330077 ], [ -96.707418060569935, 40.822070041583885 ], [ -96.707416734232424, 40.822070635203588 ], [ -96.707415412160614, 40.822071235153189 ], [ -96.707414094333203, 40.822071841396728 ], [ -96.707412780728902, 40.822072453898272 ], [ -96.707411471326424, 40.822073072621798 ], [ -96.707410166104452, 40.822073697531415 ], [ -96.707408865041742, 40.822074328591071 ], [ -96.707407568116963, 40.822074965764855 ], [ -96.707406275308841, 40.822075609016785 ], [ -96.707404986596075, 40.822076258310886 ], [ -96.707403701957375, 40.822076913611177 ], [ -96.707402421371455, 40.822077574881739 ], [ -96.707401144817027, 40.82207824208659 ], [ -96.707399872272788, 40.822078915189707 ], [ -96.707398603717465, 40.822079594155184 ], [ -96.707397339129756, 40.822080278947034 ], [ -96.707396078488358, 40.822080969529281 ], [ -96.70739482177197, 40.822081665865973 ], [ -96.707393568959347, 40.822082367921134 ], [ -96.707392320029172, 40.822083075658817 ], [ -96.707391074960142, 40.822083789043006 ], [ -96.707389833730986, 40.82208450803779 ], [ -96.707388596320399, 40.822085232607158 ], [ -96.707387362707095, 40.822085962715164 ], [ -96.707386132869786, 40.822086698325862 ], [ -96.707384906787155, 40.822087439403219 ], [ -96.707383684437957, 40.822088185911348 ], [ -96.707382465800862, 40.822088937814222 ], [ -96.707381250854596, 40.822089695075881 ], [ -96.70738003957787, 40.822090457660408 ], [ -96.70737883194937, 40.822091225531757 ], [ -96.707377627947821, 40.822091998654031 ], [ -96.707376427551949, 40.822092776991227 ], [ -96.707375230740439, 40.822093560507383 ], [ -96.707374037492016, 40.822094349166541 ], [ -96.707372847785365, 40.822095142932724 ], [ -96.707371661599197, 40.822095941769973 ], [ -96.707370478912253, 40.822096745642291 ], [ -96.707369299703217, 40.822097554513753 ], [ -96.707368123950801, 40.822098368348342 ], [ -96.707366951633716, 40.822099187110162 ], [ -96.707365782730662, 40.822100010763208 ], [ -96.707364617220364, 40.822100839271471 ], [ -96.70736345508152, 40.82210167259904 ], [ -96.707362296292828, 40.822102510709946 ], [ -96.707361140833029, 40.822103353568203 ], [ -96.707359988680793, 40.82210420113784 ], [ -96.707358839814859, 40.822105053382877 ], [ -96.707357694213911, 40.822105910267403 ], [ -96.707356551856691, 40.822106771755386 ], [ -96.707355412721881, 40.822107637810895 ], [ -96.707354276788195, 40.822108508397967 ], [ -96.707353144034343, 40.822109383480594 ], [ -96.707352014439024, 40.822110263022864 ], [ -96.707350887980965, 40.822111146988753 ], [ -96.707349764638877, 40.82211203534235 ], [ -96.707348644391431, 40.822112928047659 ], [ -96.707347527217394, 40.822113825068719 ], [ -96.707346413095422, 40.822114726369541 ], [ -96.707345302004256, 40.822115631914151 ], [ -96.707344193922594, 40.822116541666659 ], [ -96.707343088829134, 40.822117455591005 ], [ -96.707341986702616, 40.822118373651286 ], [ -96.70734088752171, 40.82211929581149 ], [ -96.707339791265156, 40.822120222035679 ], [ -96.707338697911624, 40.822121152287885 ], [ -96.707337607439882, 40.822122086532097 ], [ -96.707336519828587, 40.822123024732427 ], [ -96.707335435056464, 40.822123966852836 ], [ -96.707334353102254, 40.822124912857383 ], [ -96.707333273944599, 40.822125862710109 ], [ -96.707332197562266, 40.822126816375039 ], [ -96.70733112393394, 40.822127773816213 ], [ -96.707330053038319, 40.822128734997641 ], [ -96.707328984854129, 40.822129699883384 ], [ -96.707327919360097, 40.822130668437431 ], [ -96.707326856534891, 40.82213164062388 ], [ -96.707325796357239, 40.822132616406712 ], [ -96.707324738805866, 40.822133595749982 ], [ -96.707323683859443, 40.822134578617721 ], [ -96.707322631496709, 40.822135564973941 ], [ -96.707321581696363, 40.822136554782716 ], [ -96.707320534437116, 40.822137548008037 ], [ -96.707319489697682, 40.822138544613956 ], [ -96.707318447456757, 40.8221395445645 ], [ -96.70731740769304, 40.822140547823693 ], [ -96.707316370385271, 40.822141554355596 ], [ -96.707315335512149, 40.822142564124235 ], [ -96.707314303052371, 40.822143577093613 ], [ -96.707313272984649, 40.822144593227797 ], [ -96.70731224528771, 40.822145612490793 ], [ -96.707311219940237, 40.822146634846661 ], [ -96.707310196920957, 40.822147660259397 ], [ -96.707309176208568, 40.82214868869309 ], [ -96.707308157781782, 40.82214972011171 ], [ -96.707307141619296, 40.82215075447931 ], [ -96.707306127699837, 40.822151791759957 ], [ -96.707305116002132, 40.822152831917641 ], [ -96.70730410650485, 40.822153874916403 ], [ -96.707303099186703, 40.82215492072028 ], [ -96.707302094026431, 40.822155969293327 ], [ -96.707301091002705, 40.822157020599562 ], [ -96.707300090094279, 40.822158074602989 ], [ -96.707299091279822, 40.822159131267675 ], [ -96.707298094538046, 40.822160190557639 ], [ -96.707297099847693, 40.822161252436921 ], [ -96.707296107187432, 40.822162316869559 ], [ -96.707295116536002, 40.822163383819557 ], [ -96.707294127872089, 40.822164453250984 ], [ -96.707293141174432, 40.822165525127836 ], [ -96.707292156421701, 40.822166599414182 ], [ -96.707291173592623, 40.822167676074031 ], [ -96.707290192665923, 40.822168755071409 ], [ -96.707289213620285, 40.822169836370392 ], [ -96.707288236434437, 40.822170919934955 ], [ -96.70728726108706, 40.822172005729193 ], [ -96.707286287556897, 40.822173093717062 ], [ -96.707285315822631, 40.82217418386265 ], [ -96.707284345862988, 40.82217527612999 ], [ -96.707283377656665, 40.822176370483078 ], [ -96.707282411182376, 40.822177466885982 ], [ -96.707281446418847, 40.822178565302707 ], [ -96.707280483344761, 40.82217966569732 ], [ -96.70727952193883, 40.822180768033839 ], [ -96.707278562179766, 40.822181872276268 ], [ -96.707277604046268, 40.822182978388675 ], [ -96.707276647517091, 40.822184086335085 ], [ -96.707275692570889, 40.822185196079523 ], [ -96.707274739186389, 40.822186307586023 ], [ -96.707273787342316, 40.822187420818622 ], [ -96.707272837017356, 40.822188535741347 ], [ -96.70727188819022, 40.822189652318237 ], [ -96.707270940839649, 40.82219077051333 ], [ -96.707269994944312, 40.82219189029064 ], [ -96.707269050482921, 40.82219301161421 ], [ -96.707268107434217, 40.822194134448075 ], [ -96.707267165776884, 40.82219525875626 ], [ -96.707266225489647, 40.82219638450281 ], [ -96.707265286551191, 40.822197511651758 ], [ -96.707264348940228, 40.822198640167109 ], [ -96.707263412635484, 40.822199770012908 ], [ -96.707262477615672, 40.822200901153224 ], [ -96.707261543859474, 40.822202033552045 ], [ -96.707260611345617, 40.822203167173413 ], [ -96.707259680052829, 40.82220430198138 ], [ -96.707258749959763, 40.822205437939957 ], [ -96.707257821045189, 40.82220657501319 ], [ -96.707256893287763, 40.822207713165106 ], [ -96.707255966666239, 40.822208852359736 ], [ -96.7072550411593, 40.822209992561127 ], [ -96.707254116745659, 40.822211133733283 ], [ -96.707253193404043, 40.822212275840251 ], [ -96.707252271113134, 40.822213418846076 ], [ -96.707251349851646, 40.822214562714784 ], [ -96.707250429598304, 40.822215707410408 ], [ -96.707249510331806, 40.82221685289695 ], [ -96.707248592030865, 40.822217999138488 ], [ -96.707247674674178, 40.822219146099044 ], [ -96.707246758240473, 40.822220293742625 ], [ -96.707245842708446, 40.822221442033282 ], [ -96.707244928056809, 40.822222590935056 ], [ -96.707244014264262, 40.822223740411971 ], [ -96.70724310130953, 40.82222489042806 ], [ -96.707242189171296, 40.822226040947335 ], [ -96.707241277828317, 40.82222719193387 ], [ -96.707240367259246, 40.822228343351668 ], [ -96.707239457442839, 40.822229495164756 ], [ -96.707238548357779, 40.822230647337186 ], [ -96.707237639982765, 40.822231799832991 ], [ -96.707236732296536, 40.82223295261619 ], [ -96.707235825277778, 40.822234105650821 ], [ -96.707234918905215, 40.822235258900932 ], [ -96.70723401315756, 40.822236412330533 ], [ -96.707233108013483, 40.822237565903663 ], [ -96.707232203451738, 40.822238719584355 ], [ -96.70723129945101, 40.822239873336642 ], [ -96.70723039599001, 40.822241027124569 ], [ -96.707229493047464, 40.822242180912156 ], [ -96.707228590602071, 40.822243334663419 ], [ -96.707227688632528, 40.822244488342427 ], [ -96.707226787117534, 40.822245641913184 ], [ -96.707225886035843, 40.822246795339758 ], [ -96.707224985366139, 40.822247948586124 ], [ -96.70722408508712, 40.822249101616357 ], [ -96.707223185177511, 40.82225025439449 ], [ -96.707222285615998, 40.82225140688454 ], [ -96.70722138638132, 40.822252559050526 ], [ -96.707220487452162, 40.822253710856508 ], [ -96.707219588807263, 40.822254862266533 ], [ -96.707218690425307, 40.822256013244591 ], [ -96.707217792284993, 40.822257163754735 ], [ -96.707216894365061, 40.82225831376099 ], [ -96.707215996644194, 40.822259463227418 ], [ -96.707215099101106, 40.822260612118008 ], [ -96.707214201714521, 40.822261760396813 ], [ -96.707213304463139, 40.822262908027874 ], [ -96.70721240732567, 40.822264054975214 ], [ -96.7072115102808, 40.82226520120286 ], [ -96.707210613307282, 40.822266346674866 ], [ -96.707209716383801, 40.822267491355241 ], [ -96.707208819489054, 40.82226863520804 ], [ -96.707207922601768, 40.82226977819726 ], [ -96.707207025700654, 40.822270920286968 ], [ -96.707206128764398, 40.822272061441183 ], [ -96.707205231771738, 40.822273201623936 ], [ -96.707204334701359, 40.822274340799275 ], [ -96.707203437531987, 40.822275478931196 ], [ -96.707202540242321, 40.822276615983768 ], [ -96.707201642811071, 40.822277751921014 ], [ -96.707200745216952, 40.822278886706961 ], [ -96.707199847438659, 40.822280020305648 ], [ -96.70719894945492, 40.8222811526811 ], [ -96.707198051244433, 40.822282283797357 ], [ -96.707197152785909, 40.822283413618436 ], [ -96.707196254058061, 40.822284542108392 ], [ -96.707195355039588, 40.82228566923127 ], [ -96.707194455709214, 40.822286794951047 ], [ -96.707193556045624, 40.822287919231798 ], [ -96.707192656027544, 40.822289042037532 ], [ -96.707191755633687, 40.822290163332326 ], [ -96.70719085484275, 40.822291283080162 ], [ -96.70718995363346, 40.822292401245086 ], [ -96.7071890519845, 40.822293517791152 ], [ -96.707188149874597, 40.822294632682372 ], [ -96.707187247282448, 40.822295745882776 ], [ -96.707186344186781, 40.82229685735642 ], [ -96.707185440566292, 40.822297967067321 ], [ -96.70718453639968, 40.822299074979512 ], [ -96.707183631665671, 40.82230018105701 ], [ -96.707182726342978, 40.822301285263869 ], [ -96.70718182041027, 40.822302387564115 ], [ -96.707180913846315, 40.822303487921793 ], [ -96.707180006629784, 40.822304586300909 ], [ -96.707179098739402, 40.822305682665515 ], [ -96.707178190153869, 40.82230677697963 ], [ -96.70717728085188, 40.822307869207307 ], [ -96.707176370812178, 40.822308959312558 ], [ -96.707175460013431, 40.822310047259428 ], [ -96.707174548434395, 40.822311133011965 ], [ -96.707173636053739, 40.822312216534158 ], [ -96.707172722850189, 40.822313297790075 ], [ -96.707171808802457, 40.822314376743741 ], [ -96.707170893889256, 40.822315453359167 ], [ -96.707169978089269, 40.822316527600414 ], [ -96.707169061381222, 40.8223175994315 ], [ -96.707168143743829, 40.822318668816472 ], [ -96.7071672251558, 40.822319735719347 ], [ -96.707166305595834, 40.822320800104166 ], [ -96.707165385042657, 40.822321861934945 ], [ -96.707164463474953, 40.822322921175726 ], [ -96.707163540871449, 40.822323977790568 ], [ -96.707162617210841, 40.822325031743482 ], [ -96.707161692471843, 40.82232608299848 ], [ -96.707160766633166, 40.822327131519629 ], [ -96.707159839673523, 40.822328177270947 ], [ -96.707158911571625, 40.822329220216446 ], [ -96.707157982306171, 40.822330260320193 ], [ -96.707157051855873, 40.822331297546199 ], [ -96.707156120199443, 40.822332331858526 ], [ -96.707155187315578, 40.822333363221155 ], [ -96.707154253183006, 40.822334391598169 ], [ -96.707153317780424, 40.822335416953564 ], [ -96.707152381086544, 40.822336439251401 ], [ -96.707151443080065, 40.822337458455692 ], [ -96.707150503739726, 40.822338474530476 ], [ -96.707149563044212, 40.822339487439791 ], [ -96.70714862097222, 40.822340497147636 ], [ -96.707147677502491, 40.822341503618105 ], [ -96.707146732613708, 40.82234250681519 ], [ -96.707145786284585, 40.822343506702943 ], [ -96.707144838493846, 40.822344503245361 ], [ -96.707143889220191, 40.82234549640652 ], [ -96.707142938442331, 40.82234648615043 ], [ -96.707141986138964, 40.822347472441116 ], [ -96.707141032288803, 40.822348455242626 ], [ -96.707140076870573, 40.822349434518991 ], [ -96.707139119862973, 40.822350410234243 ], [ -96.707138161244686, 40.822351382352402 ], [ -96.707137200994467, 40.822352350837519 ], [ -96.707136239091, 40.822353315653615 ], [ -96.707135275512982, 40.822354276764727 ], [ -96.707134310239155, 40.822355234134861 ], [ -96.707133343248202, 40.822356187728104 ], [ -96.707132374518835, 40.822357137508455 ], [ -96.707131404029766, 40.822358083439937 ], [ -96.707130431759722, 40.822359025486605 ], [ -96.707129457687387, 40.822359963612492 ], [ -96.707128481791472, 40.822360897781614 ], [ -96.707127504050703, 40.822361827957998 ] ] } },
{ "type": "Feature", "properties": { "point_a": 312, "point_b": 313, "trip": 3, "route": "roundabout", "status": "conflict", "mode": "reviewed_spatial_assumption" }, "geometry": { "type": "LineString", "coordinates": [ [ -96.707459762692508, 40.822053539571201 ], [ -96.707458270604519, 40.822053867361078 ], [ -96.707456784053193, 40.822054203018517 ], [ -96.707455303014541, 40.822054546506706 ], [ -96.707453827464519, 40.82205489778886 ], [ -96.707452357379154, 40.822055256828072 ], [ -96.707450892734414, 40.822055623587609 ], [ -96.707449433506326, 40.822055998030635 ], [ -96.707447979670846, 40.822056380120273 ], [ -96.707446531203999, 40.822056769819767 ], [ -96.707445088081755, 40.822057167092289 ], [ -96.70744365028014, 40.82205757190097 ], [ -96.70744221777511, 40.822057984209046 ], [ -96.707440790542691, 40.822058403979653 ], [ -96.707439368558852, 40.822058831176001 ], [ -96.707437951799605, 40.822059265761261 ], [ -96.707436540240948, 40.822059707698614 ], [ -96.707435133858851, 40.822060156951231 ], [ -96.707433732629312, 40.8220606134823 ], [ -96.707432336528356, 40.822061077255015 ], [ -96.707430945531954, 40.822061548232526 ], [ -96.707429559616102, 40.822062026378021 ], [ -96.707428178756786, 40.822062511654721 ], [ -96.70742680293003, 40.822063004025736 ], [ -96.707425432111805, 40.822063503454274 ], [ -96.707424066278094, 40.822064009903549 ], [ -96.707422705404923, 40.822064523336721 ], [ -96.707421349468248, 40.82206504371694 ], [ -96.707419998444095, 40.822065571007428 ], [ -96.707418652308448, 40.822066105171324 ], [ -96.707417311037318, 40.822066646171834 ], [ -96.707415974606661, 40.822067193972138 ], [ -96.707414642992489, 40.822067748535432 ], [ -96.707413316170815, 40.82206830982485 ], [ -96.707411994117621, 40.822068877803595 ], [ -96.707410676808891, 40.82206945243486 ], [ -96.707409364220638, 40.822070033681833 ], [ -96.707408056328831, 40.822070621507649 ], [ -96.707406753109481, 40.822071215875496 ], [ -96.707405454538588, 40.822071816748597 ], [ -96.70740416059212, 40.822072424090102 ], [ -96.707402871246103, 40.822073037863198 ], [ -96.707401586476536, 40.822073658031037 ], [ -96.707400306259373, 40.822074284556841 ], [ -96.707399030570656, 40.822074917403782 ], [ -96.707397759386325, 40.822075556535012 ], [ -96.707396492682406, 40.82207620191376 ], [ -96.707395230434912, 40.822076853503141 ], [ -96.707393972619798, 40.822077511266386 ], [ -96.707392719213104, 40.822078175166645 ], [ -96.707391470190771, 40.822078845167134 ], [ -96.707390225528826, 40.822079521230989 ], [ -96.707388985203266, 40.82208020332142 ], [ -96.707387749190062, 40.82208089140159 ], [ -96.707386517465238, 40.822081585434681 ], [ -96.70738529000478, 40.822082285383878 ], [ -96.707384066784655, 40.822082991212376 ], [ -96.707382847780892, 40.822083702883312 ], [ -96.707381632969472, 40.822084420359921 ], [ -96.707380422326381, 40.822085143605342 ], [ -96.707379215827629, 40.822085872582768 ], [ -96.707378013449201, 40.822086607255379 ], [ -96.707376815167095, 40.822087347586368 ], [ -96.707375620957308, 40.822088093538888 ], [ -96.707374430795809, 40.822088845076138 ], [ -96.70737324465864, 40.822089602161263 ], [ -96.707372062521756, 40.822090364757514 ], [ -96.707370884361183, 40.822091132828007 ], [ -96.707369710152875, 40.82209190633592 ], [ -96.707368539872874, 40.822092685244499 ], [ -96.707367373497121, 40.822093469516865 ], [ -96.70736621100167, 40.822094259116213 ], [ -96.707365052362462, 40.822095054005729 ], [ -96.707363897555524, 40.822095854148557 ], [ -96.707362746556839, 40.822096659507942 ], [ -96.707361599342406, 40.822097470047005 ], [ -96.707360455888207, 40.822098285728984 ], [ -96.707359316170255, 40.822099106516987 ], [ -96.707358180164533, 40.822099932374236 ], [ -96.70735704784704, 40.822100763263926 ], [ -96.707355919193759, 40.8221015991492 ], [ -96.707354794180716, 40.822102439993259 ], [ -96.707353672783867, 40.822103285759276 ], [ -96.707352554979238, 40.822104136410424 ], [ -96.707351440742798, 40.822104991909917 ], [ -96.707350330050545, 40.822105852220908 ], [ -96.707349222878491, 40.822106717306546 ], [ -96.707348119202621, 40.82210758713007 ], [ -96.707347018998931, 40.822108461654629 ], [ -96.707345922243405, 40.822109340843404 ], [ -96.707344828912056, 40.822110224659582 ], [ -96.707343738980867, 40.82211111306632 ], [ -96.707342652425837, 40.822112006026828 ], [ -96.707341569222947, 40.822112903504298 ], [ -96.707340489348212, 40.822113805461846 ], [ -96.7073394127776, 40.822114711862724 ], [ -96.707338339487151, 40.82211562267004 ], [ -96.707337269452808, 40.822116537847052 ], [ -96.707336202650609, 40.822117457356889 ], [ -96.707335139056511, 40.82211838116271 ], [ -96.707334078646525, 40.82211930922778 ], [ -96.707333021396664, 40.822120241515201 ], [ -96.707331967282897, 40.822121177988173 ], [ -96.707330916281222, 40.82212211860989 ], [ -96.707329868367637, 40.822123063343504 ], [ -96.707328823518139, 40.82212401215223 ], [ -96.707327781708713, 40.822124964999226 ], [ -96.707326742915384, 40.822125921847707 ], [ -96.707325707114123, 40.82212688266079 ], [ -96.707324674280912, 40.822127847401681 ], [ -96.707323644391764, 40.822128816033576 ], [ -96.707322617422676, 40.822129788519646 ], [ -96.707321593349619, 40.822130764823065 ], [ -96.707320572148618, 40.822131744907033 ], [ -96.707319553795656, 40.822132728734672 ], [ -96.707318538266719, 40.822133716269249 ], [ -96.707317525537817, 40.822134707473886 ], [ -96.707316515584935, 40.822135702311755 ], [ -96.707315508384056, 40.822136700746093 ], [ -96.707314503911192, 40.822137702740022 ], [ -96.707313502142341, 40.82213870825673 ], [ -96.707312503053487, 40.822139717259432 ], [ -96.707311506620627, 40.822140729711251 ], [ -96.707310512819745, 40.822141745575436 ], [ -96.707309521626868, 40.822142764815126 ], [ -96.707308533017951, 40.822143787393479 ], [ -96.707307546969005, 40.822144813273738 ], [ -96.707306563456044, 40.822145842419033 ], [ -96.707305582455035, 40.822146874792558 ], [ -96.707304603941978, 40.822147910357479 ], [ -96.707303627892898, 40.822148949076997 ], [ -96.707302654283737, 40.822149990914291 ], [ -96.70730168309052, 40.822151035832519 ], [ -96.707300714289232, 40.822152083794883 ], [ -96.707299747855885, 40.822153134764562 ], [ -96.707298783766461, 40.822154188704715 ], [ -96.70729782199696, 40.822155245578557 ], [ -96.707296862523364, 40.822156305349218 ], [ -96.707295905321672, 40.822157367979912 ], [ -96.707294950367896, 40.822158433433835 ], [ -96.707293997638018, 40.822159501674108 ], [ -96.707293047108024, 40.822160572663982 ], [ -96.707292098753925, 40.822161646366574 ], [ -96.707291152551704, 40.822162722745105 ], [ -96.70729020847736, 40.822163801762755 ], [ -96.707289266506876, 40.822164883382655 ], [ -96.707288326616279, 40.822165967568054 ], [ -96.707287388781523, 40.822167054282083 ], [ -96.707286452978622, 40.822168143487914 ], [ -96.707285519183586, 40.822169235148785 ], [ -96.707284587372385, 40.822170329227816 ], [ -96.707283657521032, 40.822171425688232 ], [ -96.707282729605495, 40.822172524493176 ], [ -96.707281803601802, 40.822173625605821 ], [ -96.707280879485921, 40.82217472898941 ], [ -96.707279957233865, 40.822175834607052 ], [ -96.707279036821618, 40.82217694242194 ], [ -96.707278118225176, 40.822178052397319 ], [ -96.707277201420538, 40.822179164496305 ], [ -96.707276286383689, 40.822180278682069 ], [ -96.707275373090638, 40.822181394917827 ], [ -96.707274461517372, 40.822182513166737 ], [ -96.707273551639886, 40.822183633392001 ], [ -96.70727264343418, 40.822184755556776 ], [ -96.707271736876237, 40.822185879624243 ], [ -96.707270831942054, 40.822187005557609 ], [ -96.707269928607644, 40.822188133320026 ], [ -96.707269026848991, 40.822189262874673 ], [ -96.707268126642063, 40.822190394184737 ], [ -96.707267227962902, 40.82219152721342 ], [ -96.707266330787462, 40.822192661923857 ], [ -96.70726543509177, 40.822193798279265 ], [ -96.707264540851781, 40.822194936242795 ], [ -96.707263648043536, 40.822196075777647 ], [ -96.70726275664299, 40.822197216847002 ], [ -96.707261866626183, 40.822198359414024 ], [ -96.707260977969042, 40.822199503441915 ], [ -96.707260090647637, 40.822200648893826 ], [ -96.707259204637907, 40.822201795732973 ], [ -96.70725831991588, 40.822202943922498 ], [ -96.70725743645751, 40.822204093425604 ], [ -96.707256554238839, 40.82220524420547 ], [ -96.707255673235849, 40.822206396225262 ], [ -96.707254793424525, 40.82220754944818 ], [ -96.70725391478085, 40.822208703837362 ], [ -96.70725303728085, 40.82220985935605 ], [ -96.707252160900495, 40.822211015967369 ], [ -96.707251285615783, 40.822212173634533 ], [ -96.707250411402725, 40.8222133323207 ], [ -96.707249538237292, 40.822214491989058 ], [ -96.707248666095495, 40.8222156526028 ], [ -96.707247794953332, 40.822216814125085 ], [ -96.707246924786773, 40.822217976519099 ], [ -96.707246055571844, 40.822219139748036 ], [ -96.707245187284499, 40.822220303775026 ], [ -96.707244319900795, 40.822221468563335 ], [ -96.707243453396671, 40.82222263407607 ], [ -96.707242587748141, 40.822223800276433 ], [ -96.707241722931201, 40.822224967127603 ], [ -96.70724085892185, 40.822226134592761 ], [ -96.707239995696085, 40.822227302635099 ], [ -96.707239133229876, 40.822228471217784 ], [ -96.70723827149925, 40.822229640303988 ], [ -96.707237410480161, 40.822230809856912 ], [ -96.70723655014865, 40.822231979839714 ], [ -96.707235690480687, 40.822233150215574 ], [ -96.707234831452269, 40.822234320947686 ], [ -96.707233973039394, 40.822235491999237 ], [ -96.707233115218045, 40.822236663333385 ], [ -96.707232257964236, 40.822237834913324 ], [ -96.707231401253964, 40.822239006702205 ], [ -96.707230545063197, 40.82224017866325 ], [ -96.707229689367949, 40.822241350759626 ], [ -96.707228834144203, 40.822242522954504 ], [ -96.707227979367971, 40.82224369521105 ], [ -96.707227125015237, 40.822244867492479 ], [ -96.707226271061984, 40.822246039761936 ], [ -96.707225417484239, 40.822247211982621 ], [ -96.707224564257956, 40.822248384117707 ], [ -96.707223711359177, 40.82224955613038 ], [ -96.707222858763842, 40.822250727983814 ], [ -96.707222006447992, 40.822251899641181 ], [ -96.707221154387597, 40.822253071065681 ], [ -96.707220302558653, 40.822254242220481 ], [ -96.707219450937174, 40.822255413068753 ], [ -96.707218599499129, 40.82225658357369 ], [ -96.707217748220529, 40.822257753698473 ], [ -96.707216897077373, 40.82225892340626 ], [ -96.70721604604563, 40.822260092660258 ], [ -96.707215195101327, 40.822261261423641 ], [ -96.707214344220432, 40.822262429659567 ], [ -96.707213493378958, 40.822263597331236 ], [ -96.707212642552889, 40.822264764401829 ], [ -96.707211791718223, 40.822265930834519 ], [ -96.707210940850956, 40.822267096592476 ], [ -96.707210089927074, 40.822268261638897 ], [ -96.707209238922587, 40.822269425936945 ], [ -96.707208387813495, 40.822270589449822 ], [ -96.707207536575766, 40.822271752140701 ], [ -96.707206685185412, 40.822272913972739 ], [ -96.707205833618431, 40.822274074909146 ], [ -96.707204981850794, 40.822275234913079 ], [ -96.707204129858525, 40.82227639394771 ], [ -96.707203277617609, 40.822277551976271 ], [ -96.707202425104029, 40.822278708961875 ], [ -96.707201572293798, 40.82227986486776 ], [ -96.707200719162884, 40.822281019657069 ], [ -96.707199865687329, 40.822282173292969 ], [ -96.707199011843073, 40.822283325738667 ], [ -96.707198157606143, 40.822284476957357 ], [ -96.707197302952522, 40.822285626912191 ], [ -96.707196447858223, 40.822286775566347 ], [ -96.707195592299215, 40.822287922883028 ], [ -96.707194736251509, 40.822289068825398 ], [ -96.707193879691104, 40.822290213356624 ], [ -96.707193022593984, 40.822291356439898 ], [ -96.707192164936146, 40.822292498038422 ], [ -96.707191306693574, 40.82229363811534 ], [ -96.707190447842279, 40.822294776633868 ], [ -96.707189588358247, 40.82229591355712 ], [ -96.707188728217474, 40.822297048848363 ], [ -96.707187867395959, 40.822298182470725 ], [ -96.707187005869699, 40.822299314387372 ], [ -96.707186143614678, 40.822300444561535 ], [ -96.707185280606893, 40.822301572956356 ], [ -96.707184416822358, 40.822302699535008 ], [ -96.707183552237026, 40.822303824260707 ], [ -96.70718268682694, 40.822304947096612 ], [ -96.707181820568067, 40.822306068005886 ], [ -96.707180953436406, 40.822307186951733 ], [ -96.707180085407956, 40.822308303897323 ], [ -96.707179216458712, 40.822309418805837 ], [ -96.707178346564646, 40.822310531640454 ], [ -96.707177475701798, 40.822311642364355 ], [ -96.707176603846122, 40.822312750940718 ], [ -96.707175730973631, 40.822313857332716 ], [ -96.707174857060309, 40.822314961503558 ], [ -96.707173982082182, 40.82231606341638 ], [ -96.70717310601519, 40.822317163034398 ], [ -96.707172228835375, 40.822318260320763 ], [ -96.70717135051872, 40.822319355238683 ], [ -96.707170471041195, 40.822320447751316 ], [ -96.70716959037884, 40.822321537821864 ], [ -96.707168708507595, 40.822322625413477 ], [ -96.707167825403516, 40.822323710489336 ], [ -96.707166941042544, 40.82232479301264 ], [ -96.707166055400705, 40.822325872946578 ], [ -96.707165168453983, 40.822326950254308 ], [ -96.707164280178361, 40.822328024899008 ], [ -96.707163390549866, 40.82232909684388 ], [ -96.707162499544467, 40.82233016605209 ], [ -96.707161607138161, 40.82233123248681 ], [ -96.707160713306948, 40.82233229611122 ], [ -96.707159818026838, 40.8223333568885 ], [ -96.707158921273788, 40.822334414781849 ], [ -96.707158023023823, 40.822335469754435 ], [ -96.707157123252927, 40.822336521769437 ], [ -96.707156221937097, 40.822337570790012 ], [ -96.707155319052333, 40.822338616779376 ], [ -96.707154414574617, 40.822339659700695 ], [ -96.707153508479948, 40.822340699517163 ], [ -96.707152600744337, 40.822341736191916 ], [ -96.707151691343753, 40.822342769688163 ], [ -96.70715078025421, 40.822343799969104 ], [ -96.707149867451704, 40.822344826997885 ], [ -96.707148952912206, 40.822345850737683 ], [ -96.707148036611727, 40.822346871151716 ], [ -96.707147118526265, 40.822347888203119 ], [ -96.707146198631818, 40.822348901855108 ], [ -96.70714527690437, 40.822349912070834 ], [ -96.707144353319919, 40.822350918813498 ], [ -96.707143427854447, 40.822351922046266 ], [ -96.707142500483997, 40.822352921732325 ], [ -96.707141571184494, 40.822353917834839 ], [ -96.707140639931978, 40.822354910317017 ], [ -96.707139706702449, 40.822355899142025 ], [ -96.707138771471861, 40.822356884273027 ], [ -96.707137834216255, 40.822357865673212 ], [ -96.707136894911585, 40.822358843305793 ], [ -96.707135953533879, 40.822359817133894 ], [ -96.707135010059105, 40.822360787120729 ], [ -96.70713406446329, 40.822361753229465 ], [ -96.707133116722403, 40.822362715423274 ], [ -96.707132166812443, 40.822363673665372 ], [ -96.707131214709406, 40.822364627918887 ], [ -96.707130260389292, 40.822365578147043 ], [ -96.707129303828097, 40.822366524313004 ], [ -96.707128345001792, 40.82236746637993 ], [ -96.707127383886416, 40.822368404311042 ], [ -96.707126420457911, 40.822369338069471 ], [ -96.707125454692317, 40.822370267618432 ], [ -96.707124486565604, 40.822371192921111 ] ] } },
{ "type": "Feature", "properties": { "point_a": 83, "point_b": 84, "trip": 1, "route": "intersection_83", "status": "corrected", "mode": "reviewed_spatial_assumption" }, "geometry": { "type": "LineString", "coordinates": [ [ -96.692869551479802, 40.821162260535289 ], [ -96.692868452709519, 40.821161215016346 ], [ -96.692867356666369, 40.821160168059059 ], [ -96.692866263338246, 40.821159119669929 ], [ -96.692865172713084, 40.821158069855613 ], [ -96.69286408477879, 40.821157018622607 ], [ -96.692862999523285, 40.821155965977489 ], [ -96.692861916934476, 40.821154911926804 ], [ -96.69286083700031, 40.821153856477189 ], [ -96.692859759708682, 40.821152799635129 ], [ -96.692858685047497, 40.821151741407228 ], [ -96.692857613004719, 40.821150681800027 ], [ -96.692856543568212, 40.821149620820101 ], [ -96.692855476725939, 40.821148558474022 ], [ -96.692854412465792, 40.821147494768333 ], [ -96.692853350775707, 40.821146429709614 ], [ -96.692852291643575, 40.821145363304439 ], [ -96.692851235057347, 40.821144295559336 ], [ -96.692850181004914, 40.821143226480913 ], [ -96.692849129474212, 40.821142156075709 ], [ -96.692848080453146, 40.821141084350266 ], [ -96.692847033929638, 40.821140011311194 ], [ -96.692845989891609, 40.821138936965028 ], [ -96.692844948326979, 40.82113786131832 ], [ -96.692843909223669, 40.821136784377678 ], [ -96.692842872569571, 40.821135706149626 ], [ -96.692841838352635, 40.821134626640749 ], [ -96.692840806560767, 40.821133545857592 ], [ -96.692839777181888, 40.821132463806755 ], [ -96.692838750203919, 40.821131380494748 ], [ -96.692837725614751, 40.821130295928178 ], [ -96.692836703402335, 40.821129210113583 ], [ -96.692835683554577, 40.821128123057555 ], [ -96.692834666059397, 40.821127034766626 ], [ -96.692833650904717, 40.821125945247367 ], [ -96.692832638078443, 40.821124854506351 ], [ -96.692831627568509, 40.821123762550158 ], [ -96.692830619362809, 40.821122669385332 ], [ -96.692829613449277, 40.821121575018424 ], [ -96.692828609815834, 40.82112047945602 ], [ -96.692827608450401, 40.821119382704666 ], [ -96.692826609340869, 40.821118284770947 ], [ -96.69282561247519, 40.821117185661414 ], [ -96.692824617841268, 40.821116085382627 ], [ -96.692823625427025, 40.821114983941158 ], [ -96.692822635220367, 40.821113881343564 ], [ -96.692821647209229, 40.821112777596419 ], [ -96.692820661381504, 40.821111672706273 ], [ -96.69281967772514, 40.821110566679671 ], [ -96.692818696228045, 40.821109459523242 ], [ -96.69281771687811, 40.82110835124351 ], [ -96.6928167396633, 40.821107241847002 ], [ -96.692815764571506, 40.82110613134035 ], [ -96.692814791590649, 40.821105019730076 ], [ -96.69281382070865, 40.82110390702276 ], [ -96.692812851913402, 40.821102793224959 ], [ -96.692811885192867, 40.82110167834324 ], [ -96.692810920534953, 40.821100562384153 ], [ -96.692809957927537, 40.821099445354264 ], [ -96.692808997358583, 40.82109832726016 ], [ -96.692808038815983, 40.821097208108391 ], [ -96.692807082287686, 40.821096087905509 ], [ -96.692806127761571, 40.821094966658087 ], [ -96.692805175225573, 40.821093844372712 ], [ -96.692804224667626, 40.821092721055905 ], [ -96.692803276075622, 40.821091596714261 ], [ -96.692802329437498, 40.821090471354324 ], [ -96.692801384741159, 40.82108934498266 ], [ -96.692800441974526, 40.821088217605876 ], [ -96.692799501125506, 40.821087089230474 ], [ -96.692798562182062, 40.821085959863041 ], [ -96.692797625132059, 40.821084829510141 ], [ -96.692796689963458, 40.821083698178342 ], [ -96.69279575666414, 40.821082565874214 ], [ -96.692794825222038, 40.821081432604316 ], [ -96.692793895625073, 40.821080298375186 ], [ -96.692792967861166, 40.821079163193431 ], [ -96.69279204191821, 40.821078027065589 ], [ -96.692791117784154, 40.821076889998231 ], [ -96.692790195446904, 40.82107575199791 ], [ -96.692789274894395, 40.821074613071168 ], [ -96.692788356114519, 40.821073473224651 ], [ -96.692787439095198, 40.821072332464851 ], [ -96.692786523824367, 40.821071190798349 ], [ -96.692785610289931, 40.821070048231697 ], [ -96.692784698479798, 40.821068904771479 ], [ -96.692783788381917, 40.821067760424256 ], [ -96.692782879984179, 40.821066615196585 ], [ -96.692781973274506, 40.821065469095046 ], [ -96.692781068240834, 40.821064322126155 ], [ -96.692780164871053, 40.821063174296526 ], [ -96.692779263153099, 40.821062025612726 ], [ -96.692778363074893, 40.821060876081276 ], [ -96.692777464624356, 40.821059725708764 ], [ -96.69277656778938, 40.82105857450177 ], [ -96.6927756725579, 40.821057422466829 ], [ -96.692774778917851, 40.821056269610516 ], [ -96.692773886857111, 40.821055115939373 ], [ -96.692772996363644, 40.821053961460017 ], [ -96.692772107425327, 40.821052806178969 ], [ -96.692771220030124, 40.82105165010281 ], [ -96.6927703341659, 40.821050493238076 ], [ -96.692769449820602, 40.821049335591354 ], [ -96.692768566982153, 40.82104817716921 ], [ -96.692767685638444, 40.821047017978231 ], [ -96.692766805777438, 40.821045858024924 ], [ -96.692765927387015, 40.821044697315884 ], [ -96.692765050455108, 40.821043535857676 ], [ -96.692764174969639, 40.821042373656873 ], [ -96.6927633009185, 40.821041210719997 ], [ -96.69276242828964, 40.821040047053657 ], [ -96.692761557070966, 40.821038882664396 ], [ -96.692760687250384, 40.821037717558795 ], [ -96.692759818815844, 40.821036551743404 ], [ -96.692758951755238, 40.821035385224782 ], [ -96.692758086056472, 40.82103421800948 ], [ -96.692757221707495, 40.821033050104099 ], [ -96.692756358696229, 40.821031881515182 ], [ -96.692755497010538, 40.821030712249289 ], [ -96.692754636638412, 40.821029542312985 ], [ -96.692753777567717, 40.821028371712835 ], [ -96.692752919786386, 40.821027200455433 ], [ -96.692752063282342, 40.821026028547287 ], [ -96.692751208043504, 40.821024855994999 ], [ -96.692750354057793, 40.821023682805105 ], [ -96.692749501313102, 40.821022508984207 ], [ -96.69274864979738, 40.821021334538848 ], [ -96.692747799498534, 40.821020159475573 ], [ -96.692746950404484, 40.821018983800961 ], [ -96.692746102503122, 40.821017807521606 ], [ -96.692745255782413, 40.821016630644031 ], [ -96.692744410230247, 40.821015453174816 ], [ -96.692743565834547, 40.821014275120497 ], [ -96.692742722583233, 40.821013096487704 ], [ -96.692741880464197, 40.821011917282924 ], [ -96.692741039465403, 40.821010737512765 ], [ -96.692740199574743, 40.821009557183793 ], [ -96.692739360780152, 40.821008376302544 ], [ -96.692738523069508, 40.821007194875627 ], [ -96.692737686430775, 40.82100601290955 ], [ -96.69273685085183, 40.821004830410907 ], [ -96.692736016320623, 40.821003647386263 ], [ -96.692735182825075, 40.821002463842163 ], [ -96.692734350353078, 40.821001279785193 ], [ -96.692733518892567, 40.821000095221919 ], [ -96.692732688431477, 40.820998910158877 ], [ -96.692731858957671, 40.820997724602641 ], [ -96.692731030459115, 40.820996538559804 ], [ -96.692730202923727, 40.820995352036903 ], [ -96.692729376339386, 40.820994165040489 ], [ -96.692728550694056, 40.82099297757717 ], [ -96.692727725975629, 40.820991789653455 ], [ -96.692726902172026, 40.820990601275952 ], [ -96.692726079271168, 40.820989412451176 ], [ -96.692725257260989, 40.820988223185751 ], [ -96.692724436129367, 40.82098703348619 ], [ -96.692723615864267, 40.820985843359111 ], [ -96.69272279645358, 40.820984652811021 ], [ -96.692721977885213, 40.820983461848513 ], [ -96.692721160147116, 40.820982270478147 ], [ -96.692720343227194, 40.820981078706481 ], [ -96.69271952711334, 40.820979886540073 ], [ -96.692718711793503, 40.820978693985509 ], [ -96.692717897255605, 40.820977501049335 ], [ -96.692717083487537, 40.820976307738128 ], [ -96.692716270477234, 40.820975114058434 ], [ -96.692715458212618, 40.82097392001684 ], [ -96.692714646681594, 40.820972725619875 ], [ -96.692713835872084, 40.820971530874132 ], [ -96.692713025772022, 40.820970335786171 ], [ -96.692712216369301, 40.820969140362543 ], [ -96.692711407651871, 40.820967944609819 ], [ -96.692710599607608, 40.820966748534566 ], [ -96.692709792224463, 40.820965552143335 ], [ -96.692708985490341, 40.820964355442726 ], [ -96.692708179393151, 40.820963158439248 ], [ -96.69270737392084, 40.82096196113951 ], [ -96.692706569061301, 40.820960763550048 ], [ -96.692705764802469, 40.820959565677434 ], [ -96.692704961132236, 40.820958367528242 ], [ -96.692704158038552, 40.820957169109001 ], [ -96.692703355509309, 40.820955970426347 ], [ -96.692702553532442, 40.820954771486761 ], [ -96.692701752095857, 40.820953572296858 ], [ -96.69270095118749, 40.820952372863182 ], [ -96.692700150795247, 40.82095117319232 ], [ -96.692699350907034, 40.820949973290801 ], [ -96.692698551510802, 40.820948773165206 ], [ -96.692697752594427, 40.820947572822107 ], [ -96.692696954145859, 40.820946372268033 ], [ -96.692696156153005, 40.820945171509592 ], [ -96.6926953586038, 40.820943970553316 ], [ -96.692694561486121, 40.820942769405796 ], [ -96.692693764787919, 40.820941568073586 ], [ -96.692692968497113, 40.820940366563228 ], [ -96.69269217260161, 40.82093916488131 ], [ -96.692691377089332, 40.820937963034375 ], [ -96.692690581948199, 40.820936761029017 ], [ -96.692689787166131, 40.820935558871781 ], [ -96.692688992731021, 40.820934356569218 ], [ -96.692688198630819, 40.820933154127928 ], [ -96.69268740485343, 40.820931951554428 ], [ -96.692686611386776, 40.820930748855325 ], [ -96.692685818218763, 40.820929546037149 ], [ -96.69268502533734, 40.820928343106488 ], [ -96.692684232730386, 40.820927140069891 ], [ -96.692683440385849, 40.820925936933932 ], [ -96.692682648291637, 40.820924733705169 ], [ -96.692681856435655, 40.820923530390161 ], [ -96.692681064805825, 40.820922326995486 ], [ -96.692680273390096, 40.82092112352769 ], [ -96.692679482176345, 40.820919919993337 ], [ -96.692678691152523, 40.820918716399007 ], [ -96.692677900306521, 40.820917512751265 ], [ -96.692677109626274, 40.820916309056649 ], [ -96.692676319099689, 40.820915105321745 ], [ -96.692675528714702, 40.820913901553119 ], [ -96.692674738459218, 40.820912697757301 ], [ -96.692673948321158, 40.820911493940905 ], [ -96.692673158288414, 40.820910290110447 ], [ -96.692672368348966, 40.820909086272536 ], [ -96.692671578490675, 40.820907882433694 ], [ -96.692670788701477, 40.820906678600508 ], [ -96.692669998969308, 40.820905474779543 ], [ -96.692669209282059, 40.820904270977351 ], [ -96.692668419627651, 40.820903067200511 ], [ -96.692667629994034, 40.820901863455568 ], [ -96.6926668403691, 40.820900659749093 ], [ -96.692666050740755, 40.820899456087652 ], [ -96.692665261096948, 40.820898252477818 ], [ -96.692664471425573, 40.820897048926135 ], [ -96.692663681714549, 40.820895845439189 ], [ -96.692662891951812, 40.820894642023504 ], [ -96.692662102125269, 40.82089343868568 ], [ -96.692661312222839, 40.820892235432282 ], [ -96.69266052223243, 40.820891032269863 ], [ -96.692659732141991, 40.820889829204987 ], [ -96.692658941939399, 40.820888626244191 ], [ -96.692658151612605, 40.820887423394076 ], [ -96.692657361149514, 40.820886220661222 ], [ -96.692656570538048, 40.820885018052138 ], [ -96.692655779766113, 40.820883815573424 ], [ -96.692654988821644, 40.820882613231639 ], [ -96.692654197692562, 40.820881411033326 ], [ -96.692653406366745, 40.820880208985066 ], [ -96.69265261483217, 40.820879007093438 ], [ -96.692651823076702, 40.820877805364987 ], [ -96.692651031088289, 40.820876603806255 ], [ -96.692650238854853, 40.820875402423859 ], [ -96.6926494463643, 40.820874201224314 ], [ -96.69264865360455, 40.820873000214199 ], [ -96.692647860563525, 40.820871799400095 ], [ -96.692647067229146, 40.820870598788552 ], [ -96.692646273589304, 40.820869398386122 ], [ -96.692645479631949, 40.820868198199385 ], [ -96.692644685344987, 40.820866998234912 ], [ -96.69264389071634, 40.820865798499241 ], [ -96.692643095733928, 40.820864598998938 ], [ -96.692642300385657, 40.820863399740595 ], [ -96.692641504659449, 40.820862200730751 ], [ -96.692640708543237, 40.820861001975977 ], [ -96.69263991202493, 40.820859803482847 ], [ -96.692639115092433, 40.820858605257897 ], [ -96.692638317733682, 40.82085740730772 ], [ -96.692637519936596, 40.820856209638876 ], [ -96.69263672168907, 40.820855012257894 ], [ -96.692635922979065, 40.82085381517139 ], [ -96.692635123794446, 40.820852618385892 ], [ -96.692634324123162, 40.820851421907967 ], [ -96.69263352395312, 40.820850225744195 ], [ -96.692632723272254, 40.820849029901119 ], [ -96.692631922068486, 40.820847834385326 ], [ -96.692631120329708, 40.820846639203353 ], [ -96.692630318043854, 40.820845444361787 ], [ -96.692629515198831, 40.820844249867186 ], [ -96.692628711782575, 40.820843055726094 ], [ -96.692627907782992, 40.820841861945084 ], [ -96.692627103188016, 40.820840668530742 ], [ -96.692626297985541, 40.82083947548962 ], [ -96.692625492163501, 40.820838282828269 ], [ -96.692624685709802, 40.820837090553262 ], [ -96.692623878612366, 40.820835898671163 ], [ -96.692623070859128, 40.820834707188538 ], [ -96.692622262437993, 40.820833516111932 ], [ -96.692621453336855, 40.820832325447945 ], [ -96.692620643543677, 40.8208311352031 ], [ -96.692619833046351, 40.820829945383977 ], [ -96.692619021832812, 40.820828755997155 ], [ -96.692618209890966, 40.820827567049186 ], [ -96.692617397208721, 40.820826378546627 ], [ -96.692616583774011, 40.820825190496052 ], [ -96.692615769574743, 40.820824002904011 ], [ -96.692614954598852, 40.820822815777078 ], [ -96.69261413883423, 40.820821629121824 ], [ -96.692613322268826, 40.820820442944793 ], [ -96.692612504890548, 40.820819257252559 ], [ -96.6926116866873, 40.820818072051701 ], [ -96.692610867647019, 40.820816887348755 ], [ -96.692610047757597, 40.820815703150302 ] ] } },
{ "type": "Feature", "properties": { "point_a": 205, "point_b": 206, "trip": 2, "route": "intersection_83", "status": "corrected", "mode": "reviewed_spatial_assumption" }, "geometry": { "type": "LineString", "coordinates": [ [ -96.692875251174002, 40.82116806926809 ], [ -96.692874162556791, 40.82116701495076 ], [ -96.692873076354743, 40.821165959366958 ], [ -96.692871992557713, 40.821164902522163 ], [ -96.692870911155651, 40.821163844421882 ], [ -96.692869832138442, 40.821162785071515 ], [ -96.692868755496022, 40.821161724476561 ], [ -96.69286768121826, 40.821160662642477 ], [ -96.692866609295081, 40.821159599574735 ], [ -96.692865539716408, 40.821158535278798 ], [ -96.692864472472138, 40.821157469760131 ], [ -96.692863407552181, 40.821156403024176 ], [ -96.692862344946448, 40.821155335076426 ], [ -96.692861284644835, 40.821154265922331 ], [ -96.692860226637251, 40.821153195567355 ], [ -96.692859170913636, 40.821152124016976 ], [ -96.692858117463857, 40.821151051276615 ], [ -96.692857066277838, 40.821149977351816 ], [ -96.692856017345491, 40.821148902247984 ], [ -96.692854970656725, 40.821147825970563 ], [ -96.692853926201451, 40.821146748525095 ], [ -96.692852883969579, 40.82114566991698 ], [ -96.692851843951004, 40.821144590151718 ], [ -96.692850806135638, 40.821143509234709 ], [ -96.692849770513405, 40.821142427171509 ], [ -96.692848737074186, 40.821141343967533 ], [ -96.692847705807907, 40.821140259628223 ], [ -96.692846676704477, 40.821139174159093 ], [ -96.692845649753806, 40.8211380875656 ], [ -96.692844624945792, 40.821136999853174 ], [ -96.692843602270358, 40.821135911027284 ], [ -96.692842581717386, 40.821134821093452 ], [ -96.692841563276829, 40.821133730057063 ], [ -96.692840546938555, 40.821132637923604 ], [ -96.692839532692474, 40.821131544698595 ], [ -96.692838520528511, 40.82113045038745 ], [ -96.69283751043659, 40.821129354995627 ], [ -96.692836502406564, 40.82112825852861 ], [ -96.692835496428415, 40.821127160991871 ], [ -96.692834492491983, 40.821126062390839 ], [ -96.692833490587219, 40.821124962731012 ], [ -96.692832490704021, 40.821123862017849 ], [ -96.692831492832283, 40.821122760256813 ], [ -96.692830496961932, 40.821121657453332 ], [ -96.692829503082876, 40.821120553612921 ], [ -96.692828511185013, 40.821119448741044 ], [ -96.692827521258252, 40.821118342843121 ], [ -96.692826533292518, 40.821117235924632 ], [ -96.692825547277693, 40.821116127991075 ], [ -96.692824563203686, 40.821115019047888 ], [ -96.692823581060438, 40.821113909100553 ], [ -96.692822600837843, 40.821112798154488 ], [ -96.692821622525798, 40.82111168621519 ], [ -96.692820646114214, 40.821110573288145 ], [ -96.692819671593, 40.821109459378761 ], [ -96.692818698952067, 40.821108344492558 ], [ -96.692817728181325, 40.821107228634965 ], [ -96.692816759270684, 40.821106111811496 ], [ -96.692815792210055, 40.821104994027529 ], [ -96.692814826989334, 40.8211038752886 ], [ -96.692813863598431, 40.821102755600137 ], [ -96.692812902027271, 40.821101634967626 ], [ -96.692811942265735, 40.82110051339653 ], [ -96.692810984303762, 40.8210993908923 ], [ -96.692810028131234, 40.8210982674604 ], [ -96.69280907373809, 40.8210971431063 ], [ -96.692808121114197, 40.821096017835487 ], [ -96.692807170249509, 40.821094891653395 ], [ -96.692806221133878, 40.821093764565482 ], [ -96.692805273757273, 40.82109263657722 ], [ -96.692804328109574, 40.821091507694099 ], [ -96.692803384180678, 40.821090377921571 ], [ -96.692802441960509, 40.821089247265071 ], [ -96.692801501438979, 40.821088115730106 ], [ -96.692800562605996, 40.821086983322097 ], [ -96.692799625451443, 40.821085850046543 ], [ -96.692798689965272, 40.821084715908917 ], [ -96.692797756137338, 40.821083580914639 ], [ -96.692796823957607, 40.821082445069202 ], [ -96.692795893415934, 40.821081308378069 ], [ -96.692794964502269, 40.821080170846699 ], [ -96.692794037206511, 40.821079032480554 ], [ -96.69279311151854, 40.8210778932851 ], [ -96.692792187428296, 40.821076753265814 ], [ -96.692791264925674, 40.821075612428167 ], [ -96.692790344000585, 40.821074470777575 ], [ -96.692789424642925, 40.821073328319528 ], [ -96.692788506842646, 40.821072185059521 ], [ -96.692787590589603, 40.821071041002966 ], [ -96.69278667587372, 40.821069896155372 ], [ -96.692785762684935, 40.821068750522194 ], [ -96.692784851013116, 40.821067604108883 ], [ -96.692783940848201, 40.821066456920896 ], [ -96.692783032180074, 40.821065308963703 ], [ -96.692782124998672, 40.821064160242805 ], [ -96.692781219293877, 40.821063010763602 ], [ -96.692780315055614, 40.8210618605316 ], [ -96.692779412273779, 40.821060709552263 ], [ -96.692778510938282, 40.821059557831063 ], [ -96.692777611039048, 40.821058405373421 ], [ -96.692776712565959, 40.821057252184836 ], [ -96.692775815508952, 40.821056098270773 ], [ -96.692774919857911, 40.821054943636675 ], [ -96.692774025602759, 40.821053788288033 ], [ -96.692773132733407, 40.821052632230305 ], [ -96.692772241239737, 40.821051475468934 ], [ -96.692771351111688, 40.821050318009419 ], [ -96.692770462339155, 40.821049159857168 ], [ -96.692769574912063, 40.821048001017694 ], [ -96.692768688820294, 40.821046841496454 ], [ -96.692767804053773, 40.821045681298912 ], [ -96.692766920602395, 40.821044520430526 ], [ -96.692766038456085, 40.821043358896752 ], [ -96.69276515760474, 40.821042196703068 ], [ -96.692764278038268, 40.821041033854925 ], [ -96.692763399746596, 40.821039870357794 ], [ -96.692762522719605, 40.821038706217152 ], [ -96.692761646947218, 40.82103754143845 ], [ -96.692760772419348, 40.821036376027152 ], [ -96.692759899125889, 40.82103520998875 ], [ -96.692759027056752, 40.821034043328659 ], [ -96.692758156201862, 40.821032876052378 ], [ -96.692757286551128, 40.821031708165336 ], [ -96.692756418094433, 40.821030539673039 ], [ -96.692755550821701, 40.821029370580931 ], [ -96.692754684722843, 40.821028200894474 ], [ -96.692753819787754, 40.821027030619156 ], [ -96.692752956006345, 40.821025859760425 ], [ -96.692752093368554, 40.821024688323718 ], [ -96.692751231864264, 40.821023516314519 ], [ -96.69275037148337, 40.821022343738314 ], [ -96.692749512215798, 40.821021170600552 ], [ -96.692748654051456, 40.821019996906706 ], [ -96.692747796980257, 40.821018822662225 ], [ -96.692746940992095, 40.821017647872566 ], [ -96.692746086076895, 40.821016472543199 ], [ -96.692745232224567, 40.821015296679612 ], [ -96.692744379424994, 40.821014120287245 ], [ -96.6927435276681, 40.821012943371571 ], [ -96.692742676943809, 40.821011765938067 ], [ -96.692741827241989, 40.821010587992177 ], [ -96.692740978552592, 40.821009409539357 ], [ -96.692740130865516, 40.821008230585093 ], [ -96.692739284170642, 40.821007051134842 ], [ -96.692738438457894, 40.82100587119406 ], [ -96.692737593717212, 40.821004690768241 ], [ -96.692736749938447, 40.821003509862805 ], [ -96.692735907111555, 40.821002328483253 ], [ -96.692735065226429, 40.821001146635041 ], [ -96.692734224272954, 40.820999964323597 ], [ -96.692733384241095, 40.820998781554437 ], [ -96.692732545120691, 40.820997598333008 ], [ -96.692731706901696, 40.820996414664769 ], [ -96.692730869574007, 40.820995230555177 ], [ -96.692730033127532, 40.820994046009709 ], [ -96.692729197552183, 40.820992861033815 ], [ -96.692728362837855, 40.820991675632982 ], [ -96.692727528974473, 40.820990489812644 ], [ -96.692726695951933, 40.820989303578301 ], [ -96.69272586376016, 40.820988116935389 ], [ -96.692725032389035, 40.820986929889379 ], [ -96.692724201828511, 40.820985742445757 ], [ -96.692723372068443, 40.820984554609943 ], [ -96.692722543098782, 40.820983366387438 ], [ -96.69272171490941, 40.820982177783698 ], [ -96.692720887490239, 40.820980988804187 ], [ -96.692720060831192, 40.820979799454356 ], [ -96.692719234922166, 40.820978609739683 ], [ -96.692718409753084, 40.820977419665624 ], [ -96.692717585313829, 40.820976229237658 ], [ -96.692716761594326, 40.820975038461214 ], [ -96.692715938584485, 40.820973847341804 ], [ -96.692715116274215, 40.82097265588488 ], [ -96.692714294653399, 40.820971464095884 ], [ -96.692713473711976, 40.8209702719803 ], [ -96.692712653439841, 40.820969079543566 ], [ -96.69271183382692, 40.820967886791166 ], [ -96.692711014863093, 40.820966693728586 ], [ -96.692710196538286, 40.820965500361247 ], [ -96.692709378842409, 40.820964306694634 ], [ -96.692708561765372, 40.820963112734226 ], [ -96.692707745297056, 40.820961918485452 ], [ -96.692706929427402, 40.820960723953803 ], [ -96.692706114146304, 40.820959529144744 ], [ -96.692705299443674, 40.820958334063718 ], [ -96.69270448530942, 40.82095713871621 ], [ -96.692703671733454, 40.820955943107684 ], [ -96.692702858705687, 40.82095474724359 ], [ -96.692702046215999, 40.820953551129399 ], [ -96.692701234254343, 40.820952354770576 ], [ -96.692700422810589, 40.820951158172591 ], [ -96.692699611874659, 40.820949961340894 ], [ -96.692698801436478, 40.820948764280942 ], [ -96.692697991485943, 40.82094756699825 ], [ -96.692697182012949, 40.820946369498223 ], [ -96.692696373007408, 40.820945171786356 ], [ -96.692695564459257, 40.820943973868111 ], [ -96.692694756358378, 40.820942775748932 ], [ -96.692693948694668, 40.820941577434297 ], [ -96.692693141458079, 40.820940378929699 ], [ -96.692692334638465, 40.820939180240565 ], [ -96.69269152822578, 40.82093798137236 ], [ -96.692690722209903, 40.820936782330563 ], [ -96.692689916580761, 40.82093558312063 ], [ -96.692689111328249, 40.820934383748032 ], [ -96.692688306442278, 40.820933184218227 ], [ -96.692687501912772, 40.820931984536678 ], [ -96.692686697729627, 40.820930784708857 ], [ -96.692685893882754, 40.820929584740206 ], [ -96.692685090362048, 40.82092838463624 ], [ -96.692684287157434, 40.820927184402372 ], [ -96.692683484258822, 40.820925984044088 ], [ -96.692682681656109, 40.820924783566852 ], [ -96.692681879339204, 40.820923582976121 ], [ -96.692681077298019, 40.820922382277352 ], [ -96.692680275522477, 40.820921181476045 ], [ -96.692679474002446, 40.820919980577614 ], [ -96.692678672727894, 40.820918779587572 ], [ -96.692677871688673, 40.820917578511349 ], [ -96.692677070874737, 40.820916377354415 ], [ -96.692676270275953, 40.820915176122256 ], [ -96.692675469882261, 40.820913974820307 ], [ -96.692674669683541, 40.820912773454054 ], [ -96.692673869669747, 40.820911572028933 ], [ -96.692673069830732, 40.820910370550457 ], [ -96.692672270156436, 40.820909169024041 ], [ -96.692671470636768, 40.820907967455163 ], [ -96.692670671261624, 40.820906765849308 ], [ -96.692669872020929, 40.820905564211927 ], [ -96.692669072904579, 40.820904362548461 ], [ -96.692668273902484, 40.820903160864418 ], [ -96.692667475004541, 40.820901959165234 ], [ -96.692666676200687, 40.820900757456371 ], [ -96.69266587748082, 40.820899555743324 ], [ -96.692665078834835, 40.820898354031513 ], [ -96.692664280252643, 40.820897152326431 ], [ -96.692663481724168, 40.820895950633528 ], [ -96.692662683239305, 40.820894748958295 ], [ -96.692661884787967, 40.820893547306163 ], [ -96.692661086360062, 40.820892345682594 ], [ -96.6926602879455, 40.820891144093089 ], [ -96.692659489534179, 40.820889942543097 ], [ -96.692658691116009, 40.820888741038061 ], [ -96.692657892680927, 40.82088753958346 ], [ -96.692657094218802, 40.820886338184756 ], [ -96.692656295719573, 40.82088513684743 ], [ -96.692655497173149, 40.820883935576937 ], [ -96.692654698569399, 40.820882734378721 ], [ -96.692653899898261, 40.820881533258273 ], [ -96.692653101149645, 40.82088033222103 ], [ -96.692652302313462, 40.820879131272498 ], [ -96.692651503379594, 40.820877930418085 ], [ -96.692650704337993, 40.820876729663318 ], [ -96.692649905178527, 40.82087552901362 ], [ -96.692649105891135, 40.820874328474439 ], [ -96.692648306465699, 40.820873128051282 ], [ -96.692647506892129, 40.8208719277496 ], [ -96.692646707160364, 40.820870727574842 ], [ -96.692645907260285, 40.820869527532487 ], [ -96.692645107181804, 40.820868327627991 ], [ -96.692644306914843, 40.820867127866833 ], [ -96.692643506449315, 40.820865928254456 ], [ -96.692642705775086, 40.820864728796344 ], [ -96.692641904882109, 40.820863529497942 ], [ -96.692641103760266, 40.820862330364747 ], [ -96.692640302399482, 40.820861131402182 ], [ -96.692639500789667, 40.820859932615726 ], [ -96.692638698920703, 40.820858734010841 ], [ -96.692637896782529, 40.820857535593028 ], [ -96.69263709436504, 40.820856337367701 ], [ -96.692636291658161, 40.820855139340338 ], [ -96.69263548865176, 40.820853941516411 ], [ -96.69263468533579, 40.820852743901384 ], [ -96.692633881700132, 40.820851546500712 ], [ -96.692633077734712, 40.820850349319869 ], [ -96.692632273429425, 40.820849152364325 ], [ -96.692631468774181, 40.820847955639529 ], [ -96.692630663758891, 40.820846759150974 ], [ -96.692629858373465, 40.820845562904076 ], [ -96.692629052607813, 40.820844366904318 ], [ -96.692628246451861, 40.820843171157193 ], [ -96.69262743989546, 40.820841975668138 ], [ -96.692626632928594, 40.820840780442623 ], [ -96.692625825541114, 40.820839585486112 ], [ -96.692625017722946, 40.820838390804056 ], [ -96.692624209464, 40.820837196401946 ], [ -96.692623400754201, 40.820836002285226 ], [ -96.692622591583429, 40.820834808459367 ], [ -96.692621781941611, 40.820833614929846 ], [ -96.692620971818641, 40.820832421702121 ], [ -96.692620161204431, 40.820831228781628 ], [ -96.692619350088904, 40.820830036173859 ], [ -96.692618538461971, 40.820828843884271 ], [ -96.692617726313529, 40.820827651918322 ], [ -96.692616913633472, 40.820826460281509 ], [ -96.692616100411712, 40.820825268979249 ], [ -96.692615286638187, 40.820824078017026 ], [ -96.692614472302793, 40.820822887400304 ], [ -96.692613657395412, 40.820821697134562 ], [ -96.692612841905998, 40.820820507225243 ], [ -96.692612025824417, 40.820819317677838 ], [ -96.692611209140594, 40.820818128497784 ], [ -96.69261039184444, 40.820816939690545 ], [ -96.692609573925864, 40.820815751261598 ], [ -96.692608755374778, 40.820814563216388 ], [ -96.692607936181076, 40.820813375560412 ], [ -96.692607116334671, 40.820812188299115 ], [ -96.692606295825499, 40.82081100143796 ], [ -96.692605474643429, 40.820809814982425 ], [ -96.692604652778371, 40.820808628937954 ], [ -96.692603830220264, 40.820807443310024 ], [ -96.692603006959004, 40.820806258104099 ] ] } },
{ "type": "Feature", "properties": { "point_a": 336, "point_b": 337, "trip": 3, "route": "intersection_83", "status": "corrected", "mode": "reviewed_spatial_assumption" }, "geometry": { "type": "LineString", "coordinates": [ [ -96.692872568965001, 40.82116502013919 ], [ -96.692871531514399, 40.821163929800832 ], [ -96.69287049583761, 40.821162838570253 ], [ -96.692869461927515, 40.821161746451217 ], [ -96.692868429776922, 40.821160653447443 ], [ -96.692867399378699, 40.821159559562695 ], [ -96.692866370725653, 40.821158464800703 ], [ -96.692865343810666, 40.821157369165192 ], [ -96.692864318626548, 40.821156272659927 ], [ -96.692863295166148, 40.821155175288617 ], [ -96.692862273422321, 40.821154077055041 ], [ -96.692861253387889, 40.821152977962932 ], [ -96.692860235055704, 40.821151878016003 ], [ -96.692859218418604, 40.821150777218023 ], [ -96.692858203469413, 40.82114967557272 ], [ -96.692857190201011, 40.821148573083832 ], [ -96.692856178606206, 40.821147469755118 ], [ -96.692855168677866, 40.82114636559028 ], [ -96.692854160408814, 40.82114526059312 ], [ -96.692853153791873, 40.821144154767325 ], [ -96.692852148819924, 40.821143048116667 ], [ -96.69285114548579, 40.821141940644871 ], [ -96.692850143782323, 40.821140832355681 ], [ -96.692849143702333, 40.821139723252827 ], [ -96.692848145238685, 40.821138613340075 ], [ -96.692847148384217, 40.821137502621141 ], [ -96.692846153131768, 40.821136391099785 ], [ -96.692845159474189, 40.821135278779742 ], [ -96.692844167404303, 40.821134165664752 ], [ -96.692843176914963, 40.821133051758551 ], [ -96.69284218799902, 40.82113193706487 ], [ -96.692841200649283, 40.821130821587488 ], [ -96.692840214858634, 40.821129705330101 ], [ -96.692839230619896, 40.821128588296475 ], [ -96.692838247925877, 40.821127470490339 ], [ -96.692837266769487, 40.821126351915467 ], [ -96.692836287143507, 40.821125232575547 ], [ -96.692835309040802, 40.821124112474351 ], [ -96.692834332454211, 40.821122991615624 ], [ -96.692833357376585, 40.821121870003104 ], [ -96.692832383800749, 40.821120747640514 ], [ -96.692831411719553, 40.821119624531583 ], [ -96.692830441125835, 40.821118500680122 ], [ -96.692829472012434, 40.821117376089802 ], [ -96.692828504372201, 40.821116250764376 ], [ -96.69282753819796, 40.82111512470761 ], [ -96.692826573482577, 40.82111399792322 ], [ -96.69282561021889, 40.821112870414964 ], [ -96.692824648399707, 40.821111742186567 ], [ -96.692823688017896, 40.821110613241792 ], [ -96.692822729066293, 40.821109483584365 ], [ -96.692821771537751, 40.82110835321803 ], [ -96.69282081542508, 40.82110722214653 ], [ -96.692819860721158, 40.82110609037359 ], [ -96.692818907418797, 40.821104957902975 ], [ -96.692817955510876, 40.821103824738394 ], [ -96.692817004990189, 40.82110269088362 ], [ -96.69281605584959, 40.82110155634237 ], [ -96.692815108081959, 40.821100421118402 ], [ -96.69281416168009, 40.821099285215467 ], [ -96.692813216636836, 40.821098148637262 ], [ -96.692812272945034, 40.821097011387586 ], [ -96.692811330597564, 40.821095873470128 ], [ -96.692810389587237, 40.821094734888668 ], [ -96.692809449906861, 40.821093595646914 ], [ -96.692808511549345, 40.821092455748627 ], [ -96.692807574507484, 40.821091315197542 ], [ -96.69280663877413, 40.821090173997391 ], [ -96.692805704342135, 40.821089032151967 ], [ -96.692804771204337, 40.821087889664909 ], [ -96.692803839353545, 40.821086746540061 ], [ -96.692802908782653, 40.821085602781089 ], [ -96.692801979484457, 40.821084458391795 ], [ -96.692801051451823, 40.821083313375873 ], [ -96.692800124677589, 40.821082167737046 ], [ -96.692799199154592, 40.821081021479138 ], [ -96.69279827487567, 40.821079874605822 ], [ -96.692797351833676, 40.82107872712087 ], [ -96.692796430021446, 40.821077579027992 ], [ -96.692795509431804, 40.821076430330955 ], [ -96.692794590057616, 40.821075281033522 ], [ -96.692793671891707, 40.821074131139348 ], [ -96.692792754926941, 40.821072980652254 ], [ -96.692791839156129, 40.821071829575978 ], [ -96.692790924572122, 40.821070677914214 ], [ -96.692790011167773, 40.821069525670744 ], [ -96.692789098935918, 40.821068372849268 ], [ -96.692788187869397, 40.821067219453589 ], [ -96.692787277961045, 40.821066065487379 ], [ -96.692786369203702, 40.821064910954419 ], [ -96.692785461590219, 40.821063755858439 ], [ -96.692784555113434, 40.821062600203184 ], [ -96.692783649766199, 40.821061443992399 ], [ -96.692782745541322, 40.821060287229798 ], [ -96.692781842431685, 40.821059129919185 ], [ -96.692780940430097, 40.821057972064203 ], [ -96.69278003952941, 40.821056813668676 ], [ -96.692779139722475, 40.821055654736313 ], [ -96.692778241002131, 40.821054495270864 ], [ -96.692777343361215, 40.821053335276069 ], [ -96.69277644679255, 40.821052174755657 ], [ -96.692775551289003, 40.821051013713372 ], [ -96.692774656843412, 40.821049852152974 ], [ -96.692773763448599, 40.821048690078179 ], [ -96.692772871097432, 40.821047527492716 ], [ -96.692771979782734, 40.821046364400367 ], [ -96.692771089497356, 40.821045200804868 ], [ -96.692770200234122, 40.821044036709921 ], [ -96.692769311985899, 40.8210428721193 ], [ -96.692768424745509, 40.821041707036748 ], [ -96.692767538505791, 40.821040541465969 ], [ -96.692766653259596, 40.821039375410749 ], [ -96.692765768999777, 40.821038208874789 ], [ -96.692764885719143, 40.821037041861878 ], [ -96.692764003410559, 40.821035874375703 ], [ -96.692763122066879, 40.821034706420043 ], [ -96.69276224168091, 40.821033537998616 ], [ -96.69276136224552, 40.821032369115173 ], [ -96.692760483753531, 40.821031199773465 ], [ -96.692759606197782, 40.821030029977209 ], [ -96.692758729571139, 40.821028859730177 ], [ -96.692757853866425, 40.821027689036079 ], [ -96.692756979076478, 40.821026517898673 ], [ -96.692756105194164, 40.821025346321697 ], [ -96.692755232212292, 40.821024174308874 ], [ -96.692754360123715, 40.821023001863992 ], [ -96.692753488921284, 40.82102182899073 ], [ -96.692752618597837, 40.821020655692877 ], [ -96.692751749146197, 40.821019481974162 ], [ -96.692750880559231, 40.821018307838315 ], [ -96.692750012829777, 40.821017133289075 ], [ -96.692749145950657, 40.821015958330179 ], [ -96.692748279914724, 40.821014782965413 ], [ -96.692747414714816, 40.821013607198459 ], [ -96.69274655034377, 40.821012431033076 ], [ -96.692745686794453, 40.821011254473035 ], [ -96.692744824059673, 40.821010077522033 ], [ -96.692743962132297, 40.821008900183841 ], [ -96.692743101005135, 40.821007722462177 ], [ -96.692742240671066, 40.82100654436082 ], [ -96.6927413811229, 40.821005365883458 ], [ -96.692740522353503, 40.821004187033857 ], [ -96.692739664355699, 40.82100300781579 ], [ -96.692738807122325, 40.821001828232923 ], [ -96.692737950646247, 40.8210006482891 ], [ -96.692737094920275, 40.820999467987946 ], [ -96.692736239937275, 40.820998287333282 ], [ -96.692735385690085, 40.820997106328825 ], [ -96.692734532171528, 40.820995924978313 ], [ -96.69273367937447, 40.820994743285503 ], [ -96.692732827291735, 40.82099356125412 ], [ -96.692731975916161, 40.820992378887894 ], [ -96.692731125240599, 40.820991196190612 ], [ -96.692730275257901, 40.82099001316594 ], [ -96.692729425960877, 40.820988829817679 ], [ -96.692728577342393, 40.820987646149561 ], [ -96.692727729395287, 40.820986462165308 ], [ -96.69272688211241, 40.820985277868658 ], [ -96.692726035486572, 40.820984093263398 ], [ -96.692725189510625, 40.820982908353216 ], [ -96.692724344177449, 40.820981723141848 ], [ -96.69272349947984, 40.820980537633098 ], [ -96.692722655410648, 40.820979351830644 ], [ -96.692721811962713, 40.820978165738254 ], [ -96.692720969128899, 40.820976979359678 ], [ -96.692720126902017, 40.820975792698619 ], [ -96.692719285274933, 40.820974605758863 ], [ -96.692718444240469, 40.820973418544121 ], [ -96.692717603791465, 40.820972231058143 ], [ -96.692716763920799, 40.820971043304674 ], [ -96.692715924621268, 40.820969855287451 ], [ -96.692715085885723, 40.82096866701022 ], [ -96.69271424770703, 40.820967478476696 ], [ -96.692713410077999, 40.820966289690652 ], [ -96.692712572991496, 40.820965100655819 ], [ -96.69271173644033, 40.820963911375955 ], [ -96.692710900417396, 40.820962721854755 ], [ -96.692710064915474, 40.820961532095986 ], [ -96.692709229927459, 40.820960342103405 ], [ -96.692708395446132, 40.820959151880722 ], [ -96.692707561464388, 40.820957961431695 ], [ -96.69270672797505, 40.820956770760077 ], [ -96.69270589497097, 40.820955579869569 ], [ -96.692705062444958, 40.820954388763958 ], [ -96.692704230389893, 40.820953197446954 ], [ -96.692703398798585, 40.820952005922301 ], [ -96.692702567663886, 40.82095081419375 ], [ -96.692701736978648, 40.820949622265054 ], [ -96.692700906735695, 40.820948430139929 ], [ -96.692700076927892, 40.820947237822139 ], [ -96.692699247548049, 40.820946045315388 ], [ -96.692698418589032, 40.820944852623434 ], [ -96.692697590043679, 40.820943659750043 ], [ -96.692696761904813, 40.820942466698916 ], [ -96.6926959341653, 40.820941273473821 ], [ -96.692695106817965, 40.820940080078515 ], [ -96.692694279855644, 40.820938886516693 ], [ -96.69269345327119, 40.820937692792114 ], [ -96.692692627057454, 40.820936498908523 ], [ -96.692691801207246, 40.820935304869671 ], [ -96.692690975713447, 40.820934110679289 ], [ -96.692690150568865, 40.8209329163411 ], [ -96.692689325766366, 40.820931721858862 ], [ -96.692688501298761, 40.820930527236349 ], [ -96.692687677158929, 40.820929332477228 ], [ -96.69268685333968, 40.820928137585319 ], [ -96.692686029833851, 40.820926942564284 ], [ -96.692685206634323, 40.820925747417924 ], [ -96.692684383733919, 40.820924552149954 ], [ -96.692683561125449, 40.820923356764141 ], [ -96.692682738801793, 40.820922161264164 ], [ -96.692681916755788, 40.820920965653841 ], [ -96.692681094980244, 40.820919769936857 ], [ -96.692680273468042, 40.820918574116988 ], [ -96.692679452212005, 40.820917378197947 ], [ -96.69267863120497, 40.820916182183495 ], [ -96.692677810439775, 40.820914986077355 ], [ -96.692676989909287, 40.820913789883278 ], [ -96.692676169606315, 40.820912593605001 ], [ -96.692675349523725, 40.820911397246292 ], [ -96.692674529654326, 40.820910200810857 ], [ -96.692673709990999, 40.820909004302436 ], [ -96.692672890526566, 40.820907807724794 ], [ -96.692672071253867, 40.820906611081654 ], [ -96.692671252165752, 40.820905414376753 ], [ -96.692670433255046, 40.820904217613858 ], [ -96.692669614514614, 40.820903020796678 ], [ -96.69266879593728, 40.820901823928978 ], [ -96.692667977515882, 40.820900627014474 ], [ -96.692667159243257, 40.82089943005694 ], [ -96.692666341112272, 40.820898233060085 ], [ -96.692665523115764, 40.820897036027667 ], [ -96.692664705246543, 40.820895838963423 ], [ -96.692663887497474, 40.820894641871099 ], [ -96.69266306986141, 40.820893444754425 ], [ -96.692662252331161, 40.820892247617145 ], [ -96.692661434899591, 40.820891050463018 ], [ -96.692660617559525, 40.820889853295746 ], [ -96.692659800303829, 40.820888656119102 ], [ -96.692658983125327, 40.820887458936824 ], [ -96.692658166016855, 40.820886261752641 ], [ -96.692657348971267, 40.820885064570305 ], [ -96.692656531981399, 40.82088386739354 ], [ -96.69265571504009, 40.820882670226112 ], [ -96.692654898140191, 40.820881473071744 ], [ -96.692654081274526, 40.820880275934172 ], [ -96.692653264435947, 40.820879078817143 ], [ -96.692652447617292, 40.8208778817244 ], [ -96.692651630811412, 40.82087668465968 ], [ -96.692650814011131, 40.820875487626736 ], [ -96.692649997209301, 40.82087429062932 ], [ -96.692649180398774, 40.820873093671125 ], [ -96.69264836357236, 40.820871896755932 ], [ -96.692647546722938, 40.820870699887458 ], [ -96.692646729843332, 40.82086950306946 ], [ -96.692645912926366, 40.820868306305677 ], [ -96.692645095964906, 40.820867109599845 ], [ -96.692644278951789, 40.820865912955711 ], [ -96.69264346187984, 40.820864716376995 ], [ -96.692642644741923, 40.820863519867466 ], [ -96.692641827530863, 40.820862323430859 ], [ -96.692641010239498, 40.820861127070899 ], [ -96.692640192860708, 40.820859930791336 ], [ -96.692639375387273, 40.820858734595902 ], [ -96.692638557812074, 40.820857538488376 ], [ -96.69263774012795, 40.820856342472453 ], [ -96.692636922327722, 40.820855146551878 ], [ -96.692636104404258, 40.820853950730417 ], [ -96.692635286350381, 40.820852755011799 ], [ -96.692634468158943, 40.820851559399763 ], [ -96.692633649822767, 40.82085036389806 ], [ -96.69263283133472, 40.820849168510392 ], [ -96.692632012687625, 40.820847973240539 ], [ -96.69263119387432, 40.820846778092253 ], [ -96.692630374887671, 40.820845583069222 ], [ -96.692629555720501, 40.820844388175246 ], [ -96.692628736365648, 40.820843193414028 ], [ -96.692627916815951, 40.820841998789327 ], [ -96.692627097064261, 40.820840804304851 ], [ -96.692626277103429, 40.820839609964388 ], [ -96.69262545692628, 40.820838415771632 ], [ -96.69262463652565, 40.820837221730386 ], [ -96.692623815894393, 40.820836027844322 ], [ -96.692622995025346, 40.820834834117221 ], [ -96.69262217391136, 40.82083364055282 ], [ -96.69262135254526, 40.820832447154835 ], [ -96.692620530919896, 40.820831253927047 ], [ -96.692619709028108, 40.820830060873178 ], [ -96.692618886862732, 40.820828867996937 ], [ -96.692618064416621, 40.82082767530212 ], [ -96.692617241682612, 40.820826482792427 ], [ -96.692616418653543, 40.820825290471618 ], [ -96.692615595322252, 40.820824098343437 ], [ -96.69261477168159, 40.820822906411621 ], [ -96.692613947724382, 40.82082171467988 ], [ -96.692613123443493, 40.820820523152008 ], [ -96.692612298831733, 40.820819331831707 ], [ -96.692611473881982, 40.820818140722729 ], [ -96.692610648587049, 40.820816949828817 ], [ -96.692609822939801, 40.82081575915371 ], [ -96.692608996933046, 40.820814568701152 ], [ -96.692608170559652, 40.820813378474881 ], [ -96.692607343812455, 40.820812188478634 ], [ -96.692606516684293, 40.820810998716169 ], [ -96.692605689168005, 40.820809809191203 ] ] } },
{ "type": "Feature", "properties": { "point_a": 120, "point_b": 121, "trip": 1, "route": "parking_end", "status": "corrected", "mode": "reviewed_spatial_assumption" }, "geometry": { "type": "LineString", "coordinates": [ [ -96.689672358334093, 40.810207168799103 ], [ -96.689670892949891, 40.810207175862651 ], [ -96.689669419634257, 40.810207188990098 ], [ -96.689667938542598, 40.81020720817682 ], [ -96.689666449830341, 40.810207233418218 ], [ -96.689664953652937, 40.810207264709675 ], [ -96.689663450165781, 40.810207302046557 ], [ -96.689661939524314, 40.81020734542426 ], [ -96.689660421883957, 40.810207394838187 ], [ -96.689658897400136, 40.810207450283691 ], [ -96.689657366228275, 40.81020751175619 ], [ -96.689655828523797, 40.810207579251035 ], [ -96.689654284442128, 40.81020765276363 ], [ -96.689652734138718, 40.810207732289342 ], [ -96.689651177768951, 40.810207817823553 ], [ -96.689649615488278, 40.810207909361687 ], [ -96.68964804745211, 40.810208006899089 ], [ -96.689646473815884, 40.810208110431155 ], [ -96.689644894735025, 40.810208219953253 ], [ -96.689643310364957, 40.810208335460821 ], [ -96.689641720861104, 40.810208456949198 ], [ -96.68964012637889, 40.810208584413758 ], [ -96.68963852707374, 40.810208717849918 ], [ -96.689636923101077, 40.810208857253038 ], [ -96.689635314616339, 40.810209002618521 ], [ -96.689633701774937, 40.81020915394172 ], [ -96.68963208473231, 40.810209311218067 ], [ -96.68963046364388, 40.810209474442914 ], [ -96.689628838665044, 40.810209643611671 ], [ -96.689627209951269, 40.810209818719663 ], [ -96.689625577657964, 40.810209999762343 ], [ -96.689623941940539, 40.81021018673507 ], [ -96.689622302954447, 40.810210379633219 ], [ -96.689620660855098, 40.810210578452164 ], [ -96.689619015797902, 40.810210783187323 ], [ -96.689617367938325, 40.810210993834069 ], [ -96.689615717431749, 40.810211210387791 ], [ -96.689614064433627, 40.810211432843836 ], [ -96.689612409099382, 40.810211661197627 ], [ -96.689610751584439, 40.810211895444546 ], [ -96.689609092044194, 40.810212135579974 ], [ -96.689607430634112, 40.810212381599271 ], [ -96.689605767509605, 40.810212633497848 ], [ -96.689604102826095, 40.810212891271085 ], [ -96.689602436739008, 40.810213154914372 ], [ -96.689600769403754, 40.810213424423054 ], [ -96.689599100975798, 40.81021369979257 ], [ -96.689597431610537, 40.810213981018293 ], [ -96.68959576146338, 40.810214268095585 ], [ -96.689594090689809, 40.810214561019826 ], [ -96.689592419445177, 40.810214859786434 ], [ -96.689590747884964, 40.810215164390769 ], [ -96.689589076164566, 40.810215474828233 ], [ -96.68958740443945, 40.810215791094166 ], [ -96.689585732864984, 40.810216113184026 ], [ -96.689584061596634, 40.810216441093125 ], [ -96.689582390789809, 40.810216774816908 ], [ -96.68958072059992, 40.810217114350714 ], [ -96.689579051182434, 40.810217459689937 ], [ -96.689577382692747, 40.81021781082999 ], [ -96.689575715286281, 40.810218167766237 ], [ -96.689574049118477, 40.810218530494062 ], [ -96.689572384344757, 40.810218899008831 ], [ -96.689570721120532, 40.810219273305968 ], [ -96.68956905960124, 40.810219653380827 ], [ -96.689567399942305, 40.81022003922881 ], [ -96.689565742299166, 40.810220430845298 ], [ -96.689564086827218, 40.810220828225646 ], [ -96.689562433681914, 40.810221231365297 ], [ -96.689560783018663, 40.810221640259584 ], [ -96.689559134992891, 40.810222054903932 ], [ -96.689557489760034, 40.810222475293706 ], [ -96.689555847475518, 40.810222901424282 ], [ -96.689554208294751, 40.810223333291063 ], [ -96.689552572373174, 40.81022377088938 ], [ -96.689550939866223, 40.810224214214713 ], [ -96.689549310929294, 40.810224663262353 ], [ -96.689547685717827, 40.810225118027759 ], [ -96.689546064387258, 40.810225578506284 ], [ -96.689544447092985, 40.810226044693287 ], [ -96.689542833990458, 40.810226516584201 ], [ -96.689541225235104, 40.810226994174386 ], [ -96.689539620982316, 40.810227477459229 ], [ -96.689538021387577, 40.810227966434084 ], [ -96.689536426606267, 40.810228461094411 ], [ -96.689534836793811, 40.810228961435527 ], [ -96.689533252105647, 40.810229467452849 ], [ -96.689531672697214, 40.810229979141752 ], [ -96.689530098723921, 40.81023049649761 ], [ -96.689528530341192, 40.81023101951584 ], [ -96.689526967704467, 40.81023154819178 ], [ -96.689525410969154, 40.810232082520869 ], [ -96.689523860290677, 40.810232622498447 ], [ -96.68952231582449, 40.810233168119922 ], [ -96.689520777725988, 40.810233719380662 ], [ -96.689519246150624, 40.81023427627607 ], [ -96.689517721253779, 40.810234838801549 ], [ -96.689516203190934, 40.81023540695243 ], [ -96.68951469211747, 40.81023598072413 ], [ -96.68951318818884, 40.810236560112031 ], [ -96.689511691560469, 40.810237145111522 ], [ -96.689510202387751, 40.810237735717976 ], [ -96.689508720826154, 40.810238331926797 ], [ -96.689507247031088, 40.810238933733359 ], [ -96.689505781157962, 40.810239541133029 ], [ -96.689504323362215, 40.810240154121217 ], [ -96.68950287379927, 40.810240772693312 ], [ -96.689501432624567, 40.810241396844674 ], [ -96.689499999993529, 40.810242026570698 ], [ -96.689498576061553, 40.810242661866788 ], [ -96.689497160984089, 40.810243302728303 ], [ -96.689495754916564, 40.810243949150646 ], [ -96.6894943580144, 40.810244601129178 ], [ -96.689492970433008, 40.810245258659307 ], [ -96.68949159232784, 40.810245921736431 ], [ -96.689490223854307, 40.810246590355902 ], [ -96.689488865167846, 40.810247264513116 ], [ -96.689487516423867, 40.810247944203446 ], [ -96.689486177777781, 40.810248629422311 ], [ -96.689484849385053, 40.810249320165084 ], [ -96.689483531401095, 40.810250016427133 ], [ -96.689482223981315, 40.810250718203832 ], [ -96.689480927281167, 40.81025142549062 ], [ -96.68947964145606, 40.810252138282827 ], [ -96.689478366661419, 40.810252856575879 ], [ -96.689477103052681, 40.810253580365099 ], [ -96.689475850785243, 40.810254309645963 ], [ -96.689474610014571, 40.810255044413793 ], [ -96.689473380896075, 40.810255784663994 ], [ -96.689472163585165, 40.810256530391932 ], [ -96.689470958237294, 40.810257281593017 ], [ -96.689469765007871, 40.810258038262617 ], [ -96.689468584052321, 40.810258800396127 ], [ -96.689467415526067, 40.810259567988915 ], [ -96.689466259584563, 40.810260341036411 ], [ -96.689465116383204, 40.810261119533941 ], [ -96.689463986077428, 40.810261903476921 ], [ -96.689462868822645, 40.810262692860768 ], [ -96.689461764774322, 40.810263487680778 ], [ -96.68946067408784, 40.810264287932419 ], [ -96.689459596918638, 40.810265093611058 ], [ -96.689458533422169, 40.810265904712047 ], [ -96.689457483753841, 40.810266721230803 ], [ -96.689456448069052, 40.810267543162709 ], [ -96.689455426523267, 40.810268370503138 ], [ -96.689454419271911, 40.810269203247472 ], [ -96.689453426470379, 40.810270041391114 ], [ -96.689452448274125, 40.810270884929423 ], [ -96.689451484838571, 40.81027173385781 ], [ -96.689450536319129, 40.810272588171664 ], [ -96.68944960287125, 40.810273447866351 ], [ -96.68944868465033, 40.810274312937253 ], [ -96.689447781811822, 40.81027518337978 ], [ -96.689446894511136, 40.81027605918927 ], [ -96.689446022903709, 40.810276940361156 ], [ -96.689445167144953, 40.810277826890832 ], [ -96.689444327390319, 40.810278718773624 ], [ -96.689443503795189, 40.810279616004962 ], [ -96.68944269651503, 40.810280518580221 ], [ -96.68944190570528, 40.810281426494775 ], [ -96.68944113152132, 40.81028233974402 ], [ -96.689440374118604, 40.810283258323345 ], [ -96.68943963365254, 40.810284182228131 ], [ -96.689438910278582, 40.810285111453766 ], [ -96.68943820415214, 40.810286045995625 ], [ -96.689437515428651, 40.810286985849103 ], [ -96.689436844263525, 40.810287931009576 ], [ -96.689436190812188, 40.810288881472438 ], [ -96.689435555230091, 40.810289837233064 ], [ -96.68943493767263, 40.810290798286864 ], [ -96.689434338295257, 40.810291764629184 ], [ -96.689433757253383, 40.810292736255448 ], [ -96.689433194702445, 40.810293713161009 ], [ -96.689432650797855, 40.81029469534127 ], [ -96.689432125695049, 40.810295682791612 ], [ -96.689431619549467, 40.810296675507423 ], [ -96.689431132516503, 40.810297673484094 ], [ -96.689430664751612, 40.810298676716982 ], [ -96.689430216410216, 40.810299685201514 ], [ -96.68942978764774, 40.81030069893302 ], [ -96.689429378619607, 40.810301717906945 ], [ -96.689428989481243, 40.810302742118644 ], [ -96.689428620388071, 40.81030377156349 ], [ -96.689428271495544, 40.810304806236893 ], [ -96.689427942959043, 40.810305846134234 ], [ -96.689427634934049, 40.81030689125086 ], [ -96.689427347575929, 40.810307941582217 ], [ -96.689427081040165, 40.810308997123641 ], [ -96.689426835482166, 40.810310057870545 ], [ -96.689426611057328, 40.810311123818309 ], [ -96.689426407921118, 40.8103121949623 ], [ -96.689426226228946, 40.81031327129795 ], [ -96.689426066136249, 40.810314352820583 ], [ -96.689425927798439, 40.81031543952561 ], [ -96.689425811370953, 40.810316531408418 ], [ -96.689425717009215, 40.810317628464411 ], [ -96.689425644868663, 40.810318730688941 ], [ -96.689425595104694, 40.810319838077397 ] ] } },
{ "type": "Feature", "properties": { "point_a": 246, "point_b": 247, "trip": 2, "route": "parking_end", "status": "corrected", "mode": "reviewed_spatial_assumption" }, "geometry": { "type": "LineString", "coordinates": [ [ -96.689565405249596, 40.81021400833859 ], [ -96.689564757819809, 40.81021390330941 ], [ -96.689564110390009, 40.810213798280209 ], [ -96.689563462960237, 40.810213693251008 ], [ -96.689562815530437, 40.810213588221814 ], [ -96.689562168100665, 40.810213483192634 ], [ -96.689561520670878, 40.810213378163411 ], [ -96.689560873241106, 40.810213273134195 ], [ -96.68956022581132, 40.810213168104987 ], [ -96.689559578381548, 40.810213063075786 ], [ -96.689558930951776, 40.810212958046556 ], [ -96.68955828352199, 40.810212853017326 ], [ -96.689557636092232, 40.810212747988103 ], [ -96.68955698866246, 40.810212642958881 ], [ -96.689556341232702, 40.810212537929651 ], [ -96.689555693802944, 40.810212432900393 ], [ -96.689555046373187, 40.810212327871163 ], [ -96.689554398943415, 40.810212222841933 ], [ -96.689553751513671, 40.810212117812668 ], [ -96.689553104083913, 40.810212012783424 ], [ -96.68955245665417, 40.810211907754159 ], [ -96.689551809224412, 40.810211802724901 ], [ -96.689551161794668, 40.810211697695642 ], [ -96.689550514364925, 40.810211592666377 ], [ -96.689549866935195, 40.810211487637098 ], [ -96.689549219505452, 40.810211382607832 ], [ -96.689548572075708, 40.810211277578553 ], [ -96.689547924645979, 40.810211172549288 ], [ -96.689547277216235, 40.810211067519994 ], [ -96.689546629786506, 40.8102109624907 ] ] } },
{ "type": "Feature", "properties": { "point_a": 248, "point_b": 249, "trip": 2, "route": "parking_end", "status": "corrected", "mode": "reviewed_spatial_assumption" }, "geometry": { "type": "LineString", "coordinates": [ [ -96.689546629786506, 40.8102109624907 ], [ -96.689545178405751, 40.810210981849067 ], [ -96.689543737885188, 40.810211031639199 ], [ -96.689542308265032, 40.810211111481387 ], [ -96.689540889585544, 40.810211220995846 ], [ -96.689539481886925, 40.810211359802835 ], [ -96.689538085209435, 40.810211527522554 ], [ -96.68953669959329, 40.810211723775268 ], [ -96.689535325078737, 40.810211948181234 ], [ -96.689533961706019, 40.810212200360652 ], [ -96.689532609515354, 40.810212479933753 ], [ -96.689531268546972, 40.8102127865208 ], [ -96.689529938841119, 40.810213119742059 ], [ -96.68952862043804, 40.810213479217708 ], [ -96.689527313377951, 40.810213864567999 ], [ -96.689526017701084, 40.810214275413209 ], [ -96.689524733447684, 40.81021471137354 ], [ -96.689523460657995, 40.810215172069249 ], [ -96.68952219937222, 40.81021565712053 ], [ -96.689520949630648, 40.810216166147676 ], [ -96.689519711473451, 40.810216698770901 ], [ -96.689518484940905, 40.810217254610436 ], [ -96.689517270073239, 40.810217833286544 ], [ -96.689516066910684, 40.810218434419426 ], [ -96.689514875493472, 40.810219057629347 ], [ -96.689513695861834, 40.810219702536557 ], [ -96.689512528056014, 40.810220368761243 ], [ -96.689511372116243, 40.810221055923684 ], [ -96.689510228082781, 40.810221763644115 ], [ -96.689509095995817, 40.810222491542767 ], [ -96.689507975895623, 40.810223239239868 ], [ -96.689506867822416, 40.810224006355661 ], [ -96.689505771816442, 40.810224792510404 ], [ -96.689504687917932, 40.810225597324312 ], [ -96.68950361616713, 40.810226420417614 ], [ -96.689502556604253, 40.810227261410574 ], [ -96.689501509269547, 40.810228119923423 ], [ -96.689500474203243, 40.810228995576388 ], [ -96.689499451445599, 40.810229887989699 ], [ -96.689498441036832, 40.810230796783628 ], [ -96.689497443017174, 40.810231721578404 ], [ -96.68949645742687, 40.81023266199422 ], [ -96.68949548430615, 40.810233617651363 ], [ -96.689494523695259, 40.810234588170047 ], [ -96.68949357563443, 40.81023557317053 ], [ -96.689492640163891, 40.810236572273041 ], [ -96.689491717323889, 40.810237585097802 ], [ -96.689490807154655, 40.810238611265056 ], [ -96.689489909696434, 40.810239650395062 ], [ -96.689489024989427, 40.810240702108047 ], [ -96.68948815307391, 40.810241766024227 ], [ -96.689487293990126, 40.810242841763845 ], [ -96.689486447778279, 40.810243928947173 ], [ -96.689485614478613, 40.810245027194441 ], [ -96.689484794131374, 40.810246136125834 ], [ -96.689483986776807, 40.810247255361645 ], [ -96.689483192455114, 40.810248384522097 ], [ -96.689482411206583, 40.810249523227419 ], [ -96.689481643071403, 40.810250671097869 ], [ -96.689480888089832, 40.81025182775366 ], [ -96.689480146302103, 40.810252992815045 ], [ -96.689479417748458, 40.810254165902251 ], [ -96.689478702469131, 40.810255346635543 ], [ -96.689478000504351, 40.810256534635094 ], [ -96.689477311894365, 40.810257729521211 ], [ -96.689476636679402, 40.810258930914109 ], [ -96.689475974899707, 40.810260138434025 ], [ -96.689475326595513, 40.810261351701179 ], [ -96.689474691807064, 40.81026257033583 ], [ -96.68947407057459, 40.810263793958221 ], [ -96.689473462938309, 40.810265022188581 ], [ -96.689472868938495, 40.810266254647118 ], [ -96.689472288615363, 40.810267490954118 ], [ -96.689471722009159, 40.810268730729774 ], [ -96.689471169160115, 40.810269973594366 ], [ -96.68947063010846, 40.810271219168108 ], [ -96.68947010489444, 40.810272467071243 ], [ -96.6894695935583, 40.810273716924009 ], [ -96.689469096140272, 40.810274968346633 ], [ -96.689468612680571, 40.810276220959381 ], [ -96.689468143219472, 40.810277474382445 ], [ -96.68946768779719, 40.810278728236121 ], [ -96.689467246453958, 40.810279982140592 ], [ -96.689466819230034, 40.810281235716126 ], [ -96.689466406165636, 40.810282488582942 ], [ -96.689466007301021, 40.810283740361307 ], [ -96.689465622676394, 40.810284990671441 ], [ -96.689465252332013, 40.810286239133568 ], [ -96.689464896308124, 40.81028748536793 ], [ -96.689464554644942, 40.810288728994777 ], [ -96.689464227382729, 40.810289969634368 ], [ -96.689463914561699, 40.810291206906889 ], [ -96.689463616222099, 40.810292440432598 ], [ -96.689463332404188, 40.810293669831758 ], [ -96.689463063148168, 40.810294894724578 ], [ -96.689462808494298, 40.810296114731315 ], [ -96.689462568482796, 40.810297329472199 ], [ -96.689462343153906, 40.810298538567444 ], [ -96.689462132547902, 40.810299741637309 ], [ -96.689461936704959, 40.810300938302042 ], [ -96.689461755665363, 40.810302128181874 ], [ -96.689461589469332, 40.810303310897012 ], [ -96.68946143815711, 40.810304486067743 ], [ -96.68946130176893, 40.810305653314266 ], [ -96.689461180345035, 40.81030681225684 ], [ -96.689461073925642, 40.810307962515715 ], [ -96.689460982550997, 40.810309103711091 ], [ -96.68946090626136, 40.810310235463213 ], [ -96.68946084509696, 40.810311357392344 ], [ -96.689460799098015, 40.810312469118699 ] ] } },
{ "type": "Feature", "properties": { "point_a": 371, "point_b": 372, "trip": 3, "route": "parking_end", "status": "corrected", "mode": "reviewed_spatial_assumption" }, "geometry": { "type": "LineString", "coordinates": [ [ -96.689527183771105, 40.810207408944002 ], [ -96.689525762150566, 40.810207426659794 ], [ -96.689524355476351, 40.810207471732014 ], [ -96.689522963680687, 40.810207543865843 ], [ -96.689521586695804, 40.810207642766464 ], [ -96.689520224453929, 40.810207768139065 ], [ -96.689518876887291, 40.810207919688835 ], [ -96.689517543928105, 40.810208097120935 ], [ -96.689516225508612, 40.810208300140587 ], [ -96.689514921561042, 40.810208528452939 ], [ -96.689513632017622, 40.810208781763201 ], [ -96.689512356810582, 40.810209059776547 ], [ -96.689511095872135, 40.810209362198172 ], [ -96.689509849134524, 40.810209688733259 ], [ -96.689508616529977, 40.810210039086982 ], [ -96.68950739799071, 40.810210412964544 ], [ -96.689506193448963, 40.810210810071119 ], [ -96.689505002836967, 40.810211230111896 ], [ -96.689503826086948, 40.810211672792043 ], [ -96.689502663131137, 40.810212137816769 ], [ -96.689501513901746, 40.810212624891264 ], [ -96.689500378331019, 40.810213133720666 ], [ -96.689499256351198, 40.810213664010206 ], [ -96.689498147894483, 40.810214215465059 ], [ -96.689497052893117, 40.810214787790393 ], [ -96.689495971279328, 40.810215380691432 ], [ -96.689494902985345, 40.810215993873314 ], [ -96.689493847943396, 40.810216627041257 ], [ -96.68949280608571, 40.810217279900421 ], [ -96.689491777344529, 40.810217952156016 ], [ -96.689490761652053, 40.810218643513217 ], [ -96.689489758940539, 40.810219353677184 ], [ -96.689488769142201, 40.810220082353162 ], [ -96.689487792189283, 40.810220829246262 ], [ -96.689486828013997, 40.810221594061723 ], [ -96.689485876548574, 40.810222376504704 ], [ -96.689484937725254, 40.810223176280402 ], [ -96.689484011476267, 40.810223993094006 ], [ -96.689483097733842, 40.810224826650689 ], [ -96.689482196430177, 40.810225676655641 ], [ -96.689481307497559, 40.810226542814036 ], [ -96.689480430868173, 40.810227424831062 ], [ -96.689479566474262, 40.810228322411938 ], [ -96.689478714248054, 40.810229235261808 ], [ -96.689477874121792, 40.810230163085862 ], [ -96.68947704602769, 40.810231105589288 ], [ -96.689476229897963, 40.810232062477283 ], [ -96.689475425664881, 40.810233033455042 ], [ -96.689474633260645, 40.81023401822771 ], [ -96.689473852617496, 40.810235016500513 ], [ -96.68947308366765, 40.810236027978625 ], [ -96.689472326343363, 40.810237052367206 ], [ -96.689471580576836, 40.810238089371445 ], [ -96.68947084630031, 40.810239138696559 ], [ -96.689470123446029, 40.810240200047716 ], [ -96.689469411946192, 40.810241273130089 ], [ -96.689468711733056, 40.810242357648882 ], [ -96.689468022738851, 40.810243453309262 ], [ -96.689467344895789, 40.810244559816439 ], [ -96.6894666781361, 40.810245676875553 ], [ -96.68946602239204, 40.810246804191834 ], [ -96.689465377595823, 40.810247941470458 ], [ -96.689464743679665, 40.810249088416583 ], [ -96.689464120575821, 40.810250244735414 ], [ -96.689463508216505, 40.810251410132153 ], [ -96.689462906533933, 40.810252584311947 ], [ -96.689462315460375, 40.810253766979997 ], [ -96.689461734928031, 40.810254957841494 ], [ -96.689461164869144, 40.810256156601632 ], [ -96.689460605215956, 40.810257362965572 ], [ -96.689460055900653, 40.81025857663851 ], [ -96.689459516855507, 40.810259797325628 ], [ -96.689458988012731, 40.810261024732121 ], [ -96.689458469304554, 40.810262258563164 ], [ -96.689457960663233, 40.810263498523938 ], [ -96.689457462020954, 40.810264744319639 ], [ -96.689456973309973, 40.810265995655442 ], [ -96.689456494462519, 40.810267252236528 ], [ -96.68945602541082, 40.810268513768108 ], [ -96.689455566087105, 40.810269779955334 ], [ -96.689455116423602, 40.810271050503403 ], [ -96.689454676352554, 40.810272325117509 ], [ -96.689454245806175, 40.810273603502829 ], [ -96.689453824716693, 40.810274885364542 ], [ -96.689453413016366, 40.810276170407846 ], [ -96.689453010637408, 40.810277458337914 ], [ -96.689452617512032, 40.810278748859936 ], [ -96.689452233572496, 40.8102800416791 ], [ -96.689451858750999, 40.810281336500587 ], [ -96.689451492979799, 40.810282633029566 ], [ -96.689451136191124, 40.810283930971252 ], [ -96.689450788317203, 40.810285230030807 ], [ -96.689450449290248, 40.810286529913427 ], [ -96.689450119042505, 40.810287830324292 ], [ -96.689449797506214, 40.810289130968592 ], [ -96.689449484613576, 40.810290431551515 ], [ -96.689449180296847, 40.810291731778214 ], [ -96.689448884488243, 40.810293031353915 ], [ -96.689448597120006, 40.810294329983797 ], [ -96.689448318124363, 40.810295627373023 ], [ -96.689448047433544, 40.810296923226772 ], [ -96.689447784979762, 40.810298217250256 ], [ -96.689447530695276, 40.810299509148649 ], [ -96.689447284512298, 40.810300798627132 ], [ -96.689447046363071, 40.810302085390894 ], [ -96.68944681617981, 40.810303369145117 ], [ -96.689446593894743, 40.81030464959499 ], [ -96.689446379440142, 40.8103059264457 ], [ -96.689446172748177, 40.810307199402416 ], [ -96.689445973751106, 40.810308468170327 ], [ -96.689445782381171, 40.810309732454648 ], [ -96.689445598570586, 40.810310991960513 ], [ -96.689445422251595, 40.810312246393153 ], [ -96.689445253356425, 40.810313495457713 ], [ -96.689445091817291, 40.810314738859425 ], [ -96.689444937566435, 40.810315976303407 ], [ -96.689444790536086, 40.810317207494919 ], [ -96.689444650658487, 40.810318432139077 ], [ -96.689444517865837, 40.810319649941121 ], [ -96.689444392090394, 40.810320860606204 ], [ -96.689444273264371, 40.810322063839521 ], [ -96.689444161320012, 40.810323259346241 ], [ -96.689444056189558, 40.810324446831579 ], [ -96.689443957805196, 40.810325626000711 ], [ -96.689443866099197, 40.81032679655879 ], [ -96.689443781003774, 40.810327958211033 ], [ -96.689443702451172, 40.810329110662622 ], [ -96.689443630373603, 40.810330253618737 ], [ -96.689443564703296, 40.810331386784547 ], [ -96.689443505372495, 40.810332509865255 ], [ -96.689443452313441, 40.810333622566041 ], [ -96.68944340545832, 40.810334724592096 ], [ -96.689443364739404, 40.8103358156486 ] ] } }
]
}
